{
    "testproblem": "quadratic_deep",
    "batch_size": 32,
    "num_epochs": 100,
    "random_seed": 43,
    "weight_decay": null,
    "optimizer_name": "SGD",
    "optimizer_hyperparams": {
        "lr": 1e-11
    },
    "training_params": {},
    "train_losses": [
        264.12988773469004,
        264.10021874212447,
        263.8032994424143,
        263.6966838221396,
        264.07237834315146,
        263.776373094128,
        264.0748581424836,
        264.16907033612654,
        263.73313903808594,
        263.81885651619206,
        263.7897456999748,
        263.815429195281,
        263.862553258096,
        263.54557504961565,
        263.42548247306576,
        264.00312116069176,
        263.8500814130229,
        264.24923066169987,
        263.7618147327054,
        264.16509960543726,
        263.7984880016696,
        263.91301899571573,
        263.88358725270916,
        263.78842212307836,
        263.69139542118194,
        263.56488430884576,
        263.75415334393904,
        263.74246708039317,
        263.9842293031754,
        264.2839562200731,
        263.7042260939075,
        263.54130258867815,
        263.94788582094253,
        263.72676627866684,
        263.60345705093874,
        263.79785057806197,
        263.8046663345829,
        264.02506231492566,
        263.92108154296875,
        263.9817888813634,
        264.2163642144972,
        264.0156476420741,
        263.7387985721711,
        263.46241612588204,
        263.9641900831653,
        264.09437413369454,
        263.7566833496094,
        263.6283308459866,
        263.7227724136845,
        264.17614204652847,
        264.10221124464465,
        263.90135537424396,
        264.12117595057333,
        263.2287312169229,
        263.8095393027029,
        263.8020241029801,
        264.1619395594443,
        263.55465058357487,
        263.7431138561618,
        263.62212740990424,
        263.80143245573964,
        263.66561594317034,
        264.10300765498994,
        263.5713038290701,
        263.76063340710056,
        263.54046187862275,
        263.42042196950604,
        263.5296109107233,
        263.9963167252079,
        263.8210951282132,
        263.9353898571384,
        263.67066807900704,
        263.5094245172316,
        263.95928708968626,
        264.04063661636843,
        263.78917324927545,
        263.9939668716923,
        263.94879101168726,
        264.0242427702873,
        264.1399171890751,
        263.7669677734375,
        263.88589428317164,
        263.94249553065146,
        263.70548519011464,
        264.1653348861202,
        263.8740421418221,
        263.8206457322644,
        263.2713160361013,
        263.9974596577306,
        263.921392625378,
        263.4866470829133,
        263.9413826234879,
        263.8435782155683,
        264.04390298166584,
        263.85847965363536,
        263.7129669189453,
        263.80372619628906,
        263.5551221293788,
        264.0555725097656,
        264.1183442146547,
        264.0120106358682
    ],
    "valid_losses": [
        261.704602149225,
        261.704602149225,
        261.704602149225,
        261.704602149225,
        261.704602149225,
        261.704602149225,
        261.704602149225,
        261.704602149225,
        261.704602149225,
        261.704602149225,
        261.704602149225,
        261.704602149225,
        261.704602149225,
        261.704602149225,
        261.704602149225,
        261.704602149225,
        261.704602149225,
        261.704602149225,
        261.704602149225,
        261.704602149225,
        261.704602149225,
        261.704602149225,
        261.704602149225,
        261.704602149225,
        261.704602149225,
        261.704602149225,
        261.704602149225,
        261.704602149225,
        261.704602149225,
        261.704602149225,
        261.704602149225,
        261.704602149225,
        261.704602149225,
        261.704602149225,
        261.704602149225,
        261.704602149225,
        261.704602149225,
        261.704602149225,
        261.704602149225,
        261.704602149225,
        261.704602149225,
        261.704602149225,
        261.704602149225,
        261.704602149225,
        261.704602149225,
        261.704602149225,
        261.704602149225,
        261.704602149225,
        261.704602149225,
        261.704602149225,
        261.704602149225,
        261.704602149225,
        261.704602149225,
        261.704602149225,
        261.704602149225,
        261.704602149225,
        261.704602149225,
        261.704602149225,
        261.704602149225,
        261.704602149225,
        261.704602149225,
        261.704602149225,
        261.704602149225,
        261.704602149225,
        261.704602149225,
        261.704602149225,
        261.704602149225,
        261.704602149225,
        261.704602149225,
        261.704602149225,
        261.704602149225,
        261.704602149225,
        261.704602149225,
        261.704602149225,
        261.704602149225,
        261.704602149225,
        261.704602149225,
        261.704602149225,
        261.704602149225,
        261.704602149225,
        261.704602149225,
        261.704602149225,
        261.704602149225,
        261.704602149225,
        261.704602149225,
        261.704602149225,
        261.704602149225,
        261.704602149225,
        261.704602149225,
        261.704602149225,
        261.704602149225,
        261.704602149225,
        261.704602149225,
        261.704602149225,
        261.704602149225,
        261.704602149225,
        261.704602149225,
        261.704602149225,
        261.704602149225,
        261.704602149225,
        261.704602149225
    ],