{
    "testproblem": "quadratic_deep",
    "batch_size": 32,
    "num_epochs": 100,
    "random_seed": 48,
    "weight_decay": null,
    "optimizer_name": "SGD",
    "optimizer_hyperparams": {
        "lr": 1e-05
    },
    "training_params": {},
    "train_losses": [
        321.81847258537044,
        316.53311649445567,
        310.4756233461442,
        305.9616157777848,
        300.20682944020916,
        295.34711087134576,
        290.6297144736013,
        285.89537885112145,
        281.30428486485636,
        276.5905471309539,
        272.39688897901965,
        268.2925483949723,
        263.71166106193294,
        259.7606530958606,
        255.95928069083922,
        251.77164779170866,
        248.49328071840347,
        244.87965196178806,
        241.50086482878655,
        237.68780714465726,
        234.69441813807333,
        231.18512750441027,
        228.11472492833292,
        224.7904973183909,
        221.5965605705015,
        218.81932560090095,
        216.37490893948464,
        213.21599997243572,
        210.67054797757058,
        207.87676952731223,
        205.73649006505167,
        203.2596666889806,
        200.59940559633316,
        197.93538788826234,
        195.93204965899068,
        193.70372255386846,
        191.6642815374559,
        189.34380414409023,
        186.82829924552672,
        185.10681595340853,
        183.1297868297946,
        181.30412833921372,
        179.52266619282383,
        177.2298583984375,
        175.64262833133822,
        174.27726499495967,
        172.28515772665702,
        170.59542945123488,
        168.8778356736706,
        167.52311017436367,
        165.95035774477066,
        164.31160563807333,
        163.21908569335938,
        161.83203617219002,
        160.32640272571194,
        159.07828841670866,
        157.93392255229335,
        156.3003963347404,
        154.84496479649698,
        153.9719051238029,
        152.74884820753527,
        151.71596059491557,
        150.6761228499874,
        149.49490799442415,
        148.61556711504537,
        147.23429476830268,
        146.0628475066154,
        145.3113285187752,
        144.2433575045678,
        143.23800954511088,
        142.5713875063004,
        141.42257370487337,
        140.80677598522556,
        139.7422859438004,
        138.81796240037488,
        138.36161730366368,
        137.13526375063003,
        136.70817270586568,
        136.1469965288716,
        135.47482373637538,
        134.45843727357925,
        133.74825852917087,
        133.02681707566785,
        132.43484570903163,
        131.84503469159526,
        131.21705799718058,
        130.6036416330645,
        130.02857995802356,
        129.53627284880608,
        128.70227592222153,
        128.18567706692605,
        127.80870105374244,
        127.14015443863407,
        126.54764310775265,
        125.98534860918599,
        125.69355946202433,
        125.14536703786543,
        124.64238812846523,
        124.15562315910093,
        123.7359131843813,
        123.20291309971964
    ],
    "valid_losses": [
        320.9173308341734,
        315.3250811176915,
        309.8891906738281,
        304.59281379945816,
        299.43863210370466,
        294.42022114415323,
        289.53919146137855,
        284.79113277312246,
        280.1714093608241,
        275.6714822092364,
        271.2957059798702,
        267.031497586158,
        262.87975139002646,
        258.8379959598664,
        254.9049766294418,
        251.07613545079386,
        247.35011045394404,
        243.72208872149068,
        240.1868916173135,
        236.7467523390247,
        233.3943378079322,
        230.1302253969254,
        226.9515380859375,
        223.8547860422442,
        220.84364515735257,
        217.90928453014743,
        215.0542956936744,
        212.27249342395413,
        209.56180892452116,
        206.92181051931072,
        204.35521919496597,
        201.8487258418914,
        199.4106706188571,
        197.03634249779486,
        194.72140601373488,
        192.47018629504788,
        190.27594141806327,
        188.13770614131803,
        186.0534938689201,
        184.02523705267137,
        182.04756607547884,
        180.1196786203692,
        178.2418710031817,
        176.41127703266758,
        174.62935416929184,
        172.89424674741684,
        171.20364773658014,
        169.55389650406377,
        167.94520371960056,
        166.37727552844632,
        164.8498308735509,
        163.36385222404235,
        161.91329414613784,
        160.49915732106854,
        159.1219733453566,
        157.77482014317667,
        156.4652109453755,
        155.19019440681703,
        153.94630038353705,
        152.73168157762098,
        151.54759117864793,
        150.39619839575982,
        149.27148486721902,
        148.1755558136971,
        147.10679380355342,
        146.06471646216607,
        145.04928268924837,
        144.0599822998047,
        143.09279140349358,
        142.1505368140436,
        141.2315942087481,
        140.33306392546623,
        139.45618118778353,
        138.60220361525012,
        137.77048049434538,
        136.95946404241747,
        136.1678196076424,
        135.3971166303081,
        134.64454650878906,
        133.91098834622292,
        133.19402657785724,
        132.49520455637287,
        131.81096944501323,
        131.1448246125252,
        130.49621951195502,
        129.86132221837198,
        129.24434957196635,
        128.6405245873236,
        128.05154394334363,
        127.47666758875692,
        126.9164335189327,
        126.36899689705142,
        125.83509654383505,
        125.31456092096144,
        124.80574552474484,
        124.30812737249559,
        123.82311568721649,
        123.34988329487462,
        122.88753657187185,
        122.43799443398753,
        121.99875837756741
    ],