{
    "testproblem": "quadratic_deep",
    "batch_size": 32,
    "num_epochs": 100,
    "random_seed": 50,
    "weight_decay": null,
    "optimizer_name": "SGD",
    "optimizer_hyperparams": {
        "lr": 1e-05
    },
    "training_params": {},
    "train_losses": [
        276.979494156376,
        271.68274811775456,
        267.5752681609123,
        263.1587081416961,
        259.09139866982736,
        255.19981433499245,
        250.72756761120212,
        246.83070373535156,
        243.3828617219002,
        239.22962410219253,
        236.04605299426663,
        232.72257011167466,
        229.37835693359375,
        225.90599060058594,
        222.8188186153289,
        219.84459661668348,
        216.6661145610194,
        213.7767826203377,
        210.90087644515498,
        208.1581027123236,
        205.38428521925402,
        203.10303226594002,
        200.43189559444303,
        197.79419486753403,
        195.28221967143398,
        193.11242823446952,
        190.9433844781691,
        188.71827500866306,
        186.37889197564894,
        184.31169866746473,
        182.32948450888358,
        180.38184085969002,
        178.22484268680697,
        176.5962391514932,
        174.82713514758694,
        173.0614752000378,
        171.08347492833292,
        169.5068162487399,
        167.88518598002773,
        166.5838130827873,
        164.57551623928933,
        163.45913942398565,
        161.5807618171938,
        160.61924349877143,
        159.2171158329133,
        157.8949511128087,
        156.71109501008064,
        155.40103297079764,
        154.1112803797568,
        152.61656336630546,
        151.76470159715223,
        150.4645511258033,
        149.54822515672254,
        148.30264872889364,
        147.21475761167466,
        146.2950948899792,
        145.1022466844128,
        144.5386736469884,
        143.3712394468246,
        142.27252418764175,
        141.64734551214403,
        140.86775675127583,
        139.7969692599389,
        139.07852837347215,
        138.34395008702433,
        137.3607687181042,
        136.74261966828377,
        135.97940260364163,
        135.2054199710969,
        134.69937281454764,
        134.17906656572896,
        133.15542405651462,
        132.2860543035692,
        131.9178225609564,
        131.25779970230596,
        130.8648223876953,
        129.95167935279107,
        129.56818143783076,
        128.97878511490362,
        128.4508290444651,
        127.89459474625126,
        127.51305241738596,
        126.88495463709677,
        126.49949326053742,
        126.008058609501,
        125.66832216324345,
        124.94237321422946,
        124.52504631780809,
        124.26448945076235,
        123.95953442973476,
        123.42513275146484,
        122.80633766420426,
        122.81042652745401,
        122.15610750259891,
        121.75173654863912,
        121.41880060011341,
        121.1988040554908,
        120.83856619558027,
        120.50068566106981,
        120.22681697722405,
        119.85251149823588
    ],
    "valid_losses": [
        277.65099359327746,
        273.0441382623488,
        268.5713574809413,
        264.221680179719,
        259.9952476255355,
        255.88898098853326,
        251.89619593466483,
        248.02100249259703,
        244.25304585118448,
        240.59119390672254,
        237.0309600830078,
        233.5729453794418,
        230.2074456983997,
        226.9404080298639,
        223.76090708086568,
        220.66966395224296,
        217.66736676616054,
        214.7449257143082,
        211.90711876653856,
        209.15502978909402,
        206.4727039952432,
        203.86488145397556,
        201.33108520507812,
        198.86409193469632,
        196.46934017058342,
        194.13887565366684,
        191.8735833937122,
        189.67303762128276,
        187.52774047851562,
        185.44307634907383,
        183.4165304860761,
        181.4441907328944,
        179.52583362210183,
        177.6625695997669,
        175.84583208637852,
        174.08128701486896,
        172.36397577101184,
        170.69478877898186,
        169.07018796859248,
        167.49025652485508,
        165.95563728578628,
        164.46117622621597,
        163.00411002866684,
        161.58860286589592,
        160.21185647287678,
        158.87300503638482,
        157.56908835134197,
        156.2983132639239,
        155.06338599420363,
        153.8592795095136,
        152.68901898784023,
        151.55035154281123,
        150.44510133804815,
        149.36658945391255,
        148.3185350971837,
        147.29866716938633,
        146.30291600381173,
        145.3374257241526,
        144.3943171347341,
        143.4744639242849,
        142.5822217387538,
        141.71263860887098,
        140.86568130985384,
        140.04049042732484,
        139.23672583795363,
        138.45437942012663,
        137.69606387230658,
        136.95489526564074,
        136.23281761907762,
        135.52864862257434,
        134.84400398500503,
        134.17755889892578,
        133.53136050316596,
        132.89888566540134,
        132.2833010765814,
        131.68236763246597,
        131.0958719561177,
        130.5258284538023,
        129.9711697486139,
        129.42969389884703,
        128.9034869286322,
        128.38995582826675,
        127.88827391593686,
        127.4000002953314,
        126.92465702179939,
        126.46000253000567,
        126.00845730689264,
        125.56861163723853,
        125.14001637120401,
        124.72085128291961,
        124.31298828125,
        123.9155977310673,
        123.52730806412235,
        123.15106644168976,
        122.78176092332409,
        122.42242874637726,
        122.07193633048765,
        121.73091863816784,
        121.39647059286794,
        121.07027016916582,
        120.75332444713962
    ],