{
    "testproblem": "quadratic_deep",
    "batch_size": 32,
    "num_epochs": 100,
    "random_seed": 43,
    "weight_decay": null,
    "optimizer_name": "SGD",
    "optimizer_hyperparams": {
        "lr": 1e-05
    },
    "training_params": {},
    "train_losses": [
        225.04178693217617,
        221.62865866384197,
        218.00567577731223,
        214.98122135285408,
        211.55053021830898,
        208.40484274587322,
        205.55951370731478,
        202.16381885159402,
        199.45614722467238,
        197.0774191579511,
        194.51980640042214,
        191.6455378378591,
        189.18593326691658,
        186.85513010332662,
        184.17367553710938,
        182.01575396137852,
        179.3746795654297,
        177.5790292063067,
        175.55271862399192,
        173.38839820123488,
        171.42972983083416,
        169.41456800891507,
        167.58265489147556,
        165.94830469931327,
        164.42945468041205,
        162.37916171166205,
        160.89517802576864,
        159.10199319162678,
        157.64688651792466,
        156.25690140262728,
        154.63126053348665,
        152.8242935672883,
        152.09610920567667,
        150.35494256788684,
        149.09224922426284,
        148.11393393239666,
        146.7908726353799,
        145.6262901060043,
        144.43111665787237,
        143.30855338804184,
        142.48936757733745,
        141.06367812618132,
        140.14829795591294,
        139.27459692185926,
        138.14580855831022,
        137.35506340765184,
        136.4586686165102,
        135.6883050241778,
        134.73551301033265,
        134.10594398744644,
        133.12404091127456,
        132.35643866754347,
        131.60477693619268,
        130.78157929451234,
        130.09690906155495,
        129.49388565555697,
        128.875852769421,
        127.9865230437248,
        127.3400418681483,
        126.83627122448337,
        126.48219791535408,
        125.61504536290323,
        125.03957120833859,
        124.49155573691091,
        124.15236343876008,
        123.43226426647556,
        122.92657003095073,
        122.71038793748424,
        122.22359983382687,
        121.68180478003717,
        121.29523000409526,
        120.76034324399886,
        120.33733835527974,
        119.73307308073967,
        119.5942153930664,
        119.34407141900832,
        118.82306917252079,
        118.35035090292654,
        118.1289522724767,
        117.74584173387096,
        117.44578576857045,
        117.09454788700226,
        116.70554474861392,
        116.44387915826613,
        116.3221674273091,
        115.85028986777029,
        115.53108978271484,
        115.36564144011467,
        115.09771802348476,
        114.97669638356855,
        114.50978014546055,
        114.58388273177609,
        114.21504925143334,
        113.97291712607107,
        113.79308343702748,
        113.49272032706968,
        113.33346040787235,
        113.02654881631175,
        112.95012837071573,
        112.6770750476468,
        112.53894535187752
    ],
    "valid_losses": [
        230.73556174001385,
        227.16222258537047,
        223.6933849703881,
        220.32760521673387,
        217.06197824785787,
        213.89619544244582,
        210.82546800182712,
        207.84920230988533,
        204.9618933893019,
        202.16168606665826,
        199.44393034904235,
        196.80738535235005,
        194.25504869030368,
        191.7771478468372,
        189.37206292921496,
        187.03541466497606,
        184.76949384135585,
        182.56983455534905,
        180.4399620794481,
        178.37069505260837,
        176.35889459425402,
        174.41352204353578,
        172.52498355988533,
        170.69158443327873,
        168.91523201234878,
        167.19115669496597,
        165.5189189295615,
        163.89842519452495,
        162.32284841229838,
        160.79137494487148,
        159.30765508836316,
        157.8647731657951,
        156.46913196194558,
        155.11206103909402,
        153.79365982547884,
        152.51757271059097,
        151.27460701234878,
        150.069583031439,
        148.90142920709425,
        147.76775729271674,
        146.66550519389492,
        145.59510852444558,
        144.55545437720514,
        143.5500685168851,
        142.5731708157447,
        141.6251749838552,
        140.70681959582913,
        139.813960905998,
        138.9455317835654,
        138.101319343813,
        137.28448190996724,
        136.49014823667466,
        135.71770821848224,
        134.96892892160724,
        134.24057818997292,
        133.53221278036796,
        132.84730259064705,
        132.18235926474296,
        131.53521950014175,
        130.90480213780558,
        130.291506859564,
        129.69800469183153,
        129.1243192611202,
        128.5638427734375,
        128.01861080046623,
        127.48952139577558,
        126.9761446060673,
        126.47752158872542,
        125.99320442445817,
        125.52105392948273,
        125.06575725924584,
        124.62125273673765,
        124.19030441776398,
        123.77216535998929,
        123.36431244880923,
        122.96727038967994,
        122.58179843041205,
        122.20686660274383,
        121.84266441099105,
        121.48836000504032,
        121.14730662684286,
        120.81392079014933,
        120.48960211969191,
        120.17390589560232,
        119.86725271901777,
        119.56913092828566,
        119.2787325459142,
        118.99597537133002,
        118.7222422938193,
        118.4555147232548,
        118.19561816800025,
        117.94369703723538,
        117.69849444973853,
        117.46119763774257,
        117.22916264687815,
        117.00366186326549,
        116.78431209441155,
        116.57141876220703,
        116.36425461307648,
        116.16318610406691,
        115.96611072171119
    ],