{
    "testproblem": "quadratic_deep",
    "batch_size": 32,
    "num_epochs": 100,
    "random_seed": 46,
    "weight_decay": null,
    "optimizer_name": "SGD",
    "optimizer_hyperparams": {
        "lr": 1e-05
    },
    "training_params": {},
    "train_losses": [
        430.7108646515877,
        420.6554939516129,
        410.6718917354461,
        401.37386297410535,
        392.4695237682712,
        383.15980972782256,
        375.55112974105344,
        366.41036593529486,
        358.56165239887855,
        350.0609386813256,
        343.45919209141886,
        335.61128776304184,
        328.8595206968246,
        322.1173351657006,
        315.62044795866933,
        308.36588508852066,
        302.1660609091482,
        296.56347164030996,
        290.1315194406817,
        284.81840367471017,
        279.34485601609754,
        273.77603690854966,
        268.6520257765247,
        263.69876197076616,
        258.8123700541835,
        254.1702644594254,
        249.87764715379285,
        245.2942125874181,
        241.1302480389995,
        236.69325010238154,
        232.96983485068046,
        228.80822015577746,
        224.99047113233996,
        221.40258542952998,
        218.13703967678933,
        213.9546129780431,
        211.0235349593624,
        207.76819093765752,
        204.74566502724923,
        201.98616667716735,
        198.37681333480342,
        195.839353499874,
        193.28697401477444,
        190.56341503512473,
        188.13868418047505,
        185.42088219427293,
        183.04241746471774,
        180.5304895216419,
        178.2461902249244,
        176.35437553159653,
        173.99104998188633,
        171.94325010238154,
        169.72806967458416,
        167.668943343624,
        165.93085061350178,
        164.25541342458416,
        162.2317125874181,
        160.36570690524192,
        159.08592371786796,
        157.2481458110194,
        155.61926761750252,
        154.17462355090726,
        152.4584744361139,
        151.49033626433342,
        149.61607311617942,
        148.2202365013861,
        146.93759007607736,
        145.87182666409402,
        144.78336506505167,
        143.40655271468623,
        142.22159010364163,
        141.26851850940335,
        140.037965097735,
        139.1597363871913,
        138.10969715733683,
        137.00168880339592,
        136.0998800954511,
        135.28042381040513,
        134.29375556207472,
        133.23773636356478,
        132.59136298394972,
        131.65618748818673,
        130.8846735800466,
        129.90092320596017,
        129.29935922930318,
        128.80375277611518,
        127.81324546567855,
        127.19142027824155,
        126.42471215032762,
        125.90318790558845,
        125.38936442713583,
        124.64817736225743,
        124.08805158061367,
        123.52904018279045,
        122.92903407927483,
        122.53753908218876,
        121.84262946344191,
        121.26888767365486,
        120.73583196824596,
        120.45363518499559,
        120.06734048166582
    ],
    "valid_losses": [
        431.91732591198337,
        421.84789546843496,
        412.09419988816785,
        402.63377921811997,
        393.4695670835433,
        384.58694654895413,
        375.9713823872228,
        367.6259145429057,
        359.5472559775076,
        351.71538912865424,
        344.12520771641886,
        336.77696178805445,
        329.65309192288305,
        322.751703077747,
        316.0712309806578,
        309.5906027517011,
        303.3072273500504,
        297.21812586630546,
        291.30945710212956,
        285.59458677230344,
        280.05684046591483,
        274.69183349609375,
        269.4832507717994,
        264.4417926419166,
        259.5533211000504,
        254.82338099325858,
        250.22994502898186,
        245.78402168520034,
        241.47035709504158,
        237.29203402611518,
        233.23657768003403,
        229.3100827124811,
        225.5075983847341,
        221.8125457763672,
        218.23282254126764,
        214.7706505560106,
        211.41491108555948,
        208.16148917905747,
        205.0050806845388,
        201.94281793409777,
        198.9738533266129,
        196.10006910754788,
        193.31419224892892,
        190.6157964891003,
        187.9984170236895,
        185.46053388041835,
        183.00631516979587,
        180.62379750897807,
        178.31720216812627,
        176.07889827605217,
        173.90831584315146,
        171.80365384009576,
        169.76359213552166,
        167.78325333133822,
        165.86899099042338,
        164.00906076738912,
        162.20867969143777,
        160.46387457078504,
        158.77266422394783,
        157.12723221317415,
        155.53596693469632,
        153.99494392641128,
        152.4990500173261,
        151.0451443579889,
        149.63540354082662,
        148.27313921528477,
        146.94639735068046,
        145.66464036510837,
        144.4202649516444,
        143.21016717726184,
        142.0403092907321,
        140.9093485186177,
        139.80625989360195,
        138.73462947722405,
        137.7004175493794,
        136.69853850333922,
        135.72428475656818,
        134.77723373905306,
        133.86185504544167,
        132.97579390002835,
        132.11525061822707,
        131.28036080637287,
        130.469605230516,
        129.68573145712577,
        128.9252722955519,
        128.18859051119895,
        127.47144809845955,
        126.77681412235383,
        126.10182780604208,
        125.44784767396989,
        124.81408519129599,
        124.1964820123488,
        123.5982909664031,
        123.0158922749181,
        122.4530275406376,
        121.90759966450352,
        121.38062852428806,
        120.8673826648343,
        120.3702631304341,
        119.88829163582095,
        119.42144430837324
    ],