{
    "testproblem": "quadratic_deep",
    "batch_size": 32,
    "num_epochs": 100,
    "random_seed": 45,
    "weight_decay": null,
    "optimizer_name": "SGD",
    "optimizer_hyperparams": {
        "lr": 1e-05
    },
    "training_params": {},
    "train_losses": [
        264.0180019255607,
        259.18340424568424,
        255.19316839402723,
        250.27503376622354,
        246.79516749228202,
        242.8036582700668,
        238.92920167984502,
        235.33364868164062,
        231.83057920394404,
        227.7177547331779,
        224.68966970136088,
        221.39450910014492,
        217.90509476200228,
        215.45089426348287,
        212.32245020712577,
        209.238279281124,
        206.25870686192667,
        203.30765262726814,
        200.81879252772177,
        198.48885862288935,
        195.68701122653098,
        192.54779446509576,
        190.73823891916584,
        188.70609849499118,
        186.01162719726562,
        184.25660459456904,
        182.10831525248867,
        179.85289542905747,
        177.7876463859312,
        176.32630034415953,
        174.23582064720893,
        172.38727446525328,
        170.42447243967365,
        168.65089810279107,
        167.05284955424648,
        165.50986948320943,
        163.55130152548514,
        162.1271465670678,
        161.08375352428806,
        159.41455028903098,
        158.01049361690397,
        156.42554646153604,
        155.63362958354335,
        153.83253528225808,
        152.69861381284653,
        151.49749854303175,
        150.56971248503655,
        149.15496481618572,
        148.2293201569588,
        147.08792114257812,
        145.9330562468498,
        145.05062816989036,
        144.08349166377897,
        142.74657120243197,
        142.43640087496848,
        140.97282015892768,
        140.4568151658581,
        139.60828448880105,
        138.7596661967616,
        137.9140115553333,
        137.03910138530117,
        136.34027813326927,
        135.5056144960465,
        134.8186539680727,
        134.1473915346207,
        133.57274750740297,
        132.68360556325604,
        131.97740099506993,
        131.00416811050908,
        130.90982892436367,
        130.4062037314138,
        129.72279259466356,
        129.2035428939327,
        128.3532946186681,
        128.16581676852317,
        127.72444964993385,
        127.129637195218,
        126.69611210976878,
        126.34229426230154,
        125.6874027867471,
        125.26439765191847,
        125.04668648012223,
        124.44171364076676,
        124.00036030430948,
        123.71783053490424,
        123.31098051994077,
        122.83721160888672,
        122.63424264231035,
        121.9426011116274,
        121.62667256016886,
        121.55648754489037,
        121.11191755725491,
        120.73532301379788,
        120.43725659770351,
        120.02660665204448,
        119.81275226223853,
        119.6249731740644,
        119.4365975164598,
        119.00924091954386,
        118.87323244156376,
        118.72048704085812
    ],
    "valid_losses": [
        261.704602149225,
        257.2694013041835,
        252.96441158171623,
        248.78609195832283,
        244.7335933562248,
        240.79927998204386,
        236.98748188634073,
        233.28124950778098,
        229.68024075415826,
        226.18846278036796,
        222.7984909549836,
        219.50826091151083,
        216.32323480421496,
        213.22718023484754,
        210.22219750189012,
        207.3029539046749,
        204.46766022712953,
        201.71552399666078,
        199.04447149461316,
        196.45069245369203,
        193.93297847624748,
        191.4897209905809,
        189.11877293740548,
        186.8198704873362,
        184.58548219742315,
        182.4156238186744,
        180.30769741919732,
        178.26154647334928,
        176.27281779627646,
        174.34548851751512,
        172.47801946824598,
        170.66156005859375,
        168.8993106965096,
        167.1854518767326,
        165.52811161164314,
        163.91225900957662,
        162.34375984438003,
        160.82786658502394,
        159.3520734233241,
        157.91744502898186,
        156.52618014427924,
        155.1715097735005,
        153.85647976783014,
        152.5813908730784,
        151.34398872621597,
        150.14071507607736,
        148.9738085346837,
        147.83855758174772,
        146.73599981492566,
        145.66721614714592,
        144.62751819241433,
        143.6189668716923,
        142.63990389916205,
        141.68875909620715,
        140.76482071415072,
        139.86788718931138,
        138.99498724168348,
        138.14625795425908,
        137.32242215064264,
        136.52474311090285,
        135.7484566473192,
        134.99409755583733,
        134.26129396500127,
        133.54918276879096,
        132.85682259836506,
        132.1855466288905,
        131.53173237462198,
        130.89772181357108,
        130.28072578676284,
        129.68167606476814,
        129.09991184357673,
        128.5349162932365,
        127.98575272098664,
        127.45348136655745,
        126.93635805191532,
        126.43240282612462,
        125.94111165692729,
        125.46580086984942,
        125.00142497401083,
        124.55216413928616,
        124.11439440327305,
        123.6895269578503,
        123.2763917984501,
        122.87547056136593,
        122.48527108469317,
        122.10604809176537,
        121.73622845065209,
        121.37813420449534,
        121.02950902138987,
        120.69029826502646,
        120.36013498613912,
        120.04134639616936,
        119.73109559089907,
        119.42984697895665,
        119.13587213331654,
        118.85067675190587,
        118.57231238580519,
        118.30125230358493,
        118.03835961126512,
        117.78240056191721,
        117.53287136939264
    ],