{
    "testproblem": "quadratic_deep",
    "batch_size": 32,
    "num_epochs": 100,
    "random_seed": 49,
    "weight_decay": null,
    "optimizer_name": "SGD",
    "optimizer_hyperparams": {
        "lr": 1e-05
    },
    "training_params": {},
    "train_losses": [
        325.6100089780746,
        319.6018538936492,
        314.01603551064767,
        308.94543555475053,
        303.7063441122732,
        298.3507739651588,
        293.5186354114163,
        288.6742445422757,
        283.8575478830645,
        279.20112757528983,
        274.7450433546497,
        270.18548633206274,
        266.1758245652722,
        261.66534177718626,
        257.75492268223917,
        254.09954883206277,
        250.3606203140751,
        246.46582966466104,
        242.833744172127,
        238.8080572312878,
        235.75507133237778,
        232.43297847624748,
        229.10913627378403,
        226.10282848727317,
        223.06217168992566,
        220.16605352586316,
        216.84837538196194,
        213.79464229460686,
        210.94042378087198,
        208.5241433420489,
        205.8907953077747,
        203.3254133655179,
        201.20323624149447,
        198.48565427718623,
        195.99187592537172,
        193.97808148784023,
        191.81462540165072,
        189.17877492597026,
        187.08813919559603,
        185.1625730452999,
        182.9144257576235,
        180.7668230610509,
        179.29173820249497,
        177.2134980232485,
        175.51810283045614,
        173.415286156439,
        171.54603970435357,
        170.3001502252394,
        168.19195851972026,
        166.6941173922631,
        165.33453516806327,
        163.79272608603202,
        162.1942158360635,
        160.6487800844254,
        159.39884850286668,
        158.0194288684476,
        156.88501961000503,
        155.34527883222026,
        154.13797636955016,
        152.85306524461316,
        151.67967864005797,
        150.50848339449973,
        149.2518556656376,
        147.94981679608745,
        146.9203067902596,
        145.7250016735446,
        144.71992738785283,
        144.01156025548136,
        142.6182145149477,
        141.9031738773469,
        140.74196329424458,
        140.21038203085624,
        139.2350569694273,
        138.137210969002,
        137.15965147941344,
        136.54032405730217,
        135.69388088103264,
        134.9179251886183,
        134.2248293968939,
        133.3348644625756,
        132.49512284801853,
        132.10040578534526,
        131.40518557640814,
        130.71968152446132,
        129.7627912952054,
        129.22424439461,
        128.5739753477035,
        128.01276619203628,
        127.26429256316155,
        126.80198620211694,
        126.1416495538527,
        125.49958038330078,
        124.9656728929089,
        124.4646490773847,
        123.82638722081339,
        123.53830866659841,
        123.0083982406124,
        122.46708236202117,
        121.92095430435673,
        121.42221241612589,
        121.08756477602067
    ],
    "valid_losses": [
        328.8100812358241,
        323.06412727602066,
        317.46604476436494,
        312.01107394310736,
        306.7049826345136,
        301.5326301820817,
        296.5000679262223,
        291.59386025705646,
        286.8114574801537,
        282.1559891239289,
        277.6231856807586,
        273.20440870715726,
        268.89896368211316,
        264.708018149099,
        260.6208786502961,
        256.63702392578125,
        252.762942406439,
        248.9805160030242,
        245.30011478547127,
        241.71807319887222,
        238.2278791858304,
        234.82719962827622,
        231.51351928710938,
        228.28208726452243,
        225.1298124251827,
        222.06098298103578,
        219.07029674899192,
        216.15867910077495,
        213.3195603893649,
        210.55187545284147,
        207.85408512238533,
        205.22690852995842,
        202.66750803301412,
        200.17267731697328,
        197.74051493983114,
        195.369629890688,
        193.05806215347783,
        190.8060051702684,
        188.61072860225553,
        186.47076317571825,
        184.3853498889554,
        182.3521959858556,
        180.37092787219632,
        178.43961457283265,
        176.55965694304436,
        174.72540873865927,
        172.93778548702116,
        171.19330916866178,
        169.48726973995085,
        167.82824362477947,
        166.21270899618827,
        164.6400638703377,
        163.10282061176915,
        161.60514043992566,
        160.14399916125882,
        158.7221221923828,
        157.33375696982108,
        155.97728507749497,
        154.6581539030998,
        153.37103320706277,
        152.11439563382058,
        150.890867171749,
        149.6955315374559,
        148.53345907888104,
        147.39903013167842,
        146.28982740832913,
        145.20869593466483,
        144.1534674859816,
        143.12573808239353,
        142.125486312374,
        141.14871018932712,
        140.19642171552104,
        139.26587996944303,
        138.35663457070626,
        137.47241580101752,
        136.60975376252205,
        135.7663086921938,
        134.94329563263923,
        134.14159393310547,
        133.35830614643712,
        132.5943820091986,
        131.84862641365297,
        131.12255908596902,
        130.41205350814326,
        129.7195104783581,
        129.04341420819682,
        128.38512297599547,
        127.74257216915008,
        127.1141817646642,
        126.50186083393712,
        125.90469508017263,
        125.32064376338836,
        124.7511473624937,
        124.1966316469254,
        123.65381203928301,
        123.12267574187248,
        122.60704114360195,
        122.10248048843876,
        121.60989945934665,
        121.12927639868951,
        120.66102723152407
    ],