{
    "testproblem": "quadratic_deep",
    "batch_size": 32,
    "num_epochs": 100,
    "random_seed": 44,
    "weight_decay": null,
    "optimizer_name": "SGD",
    "optimizer_hyperparams": {
        "lr": 1e-05
    },
    "training_params": {},
    "train_losses": [
        224.8783210016066,
        221.62066650390625,
        217.96166401524698,
        214.54797609390752,
        211.71448196903353,
        208.8629637687437,
        205.67145070722026,
        202.75616602743827,
        199.45076382544732,
        197.22376866494454,
        193.86920215237527,
        191.37548237462198,
        189.02822580645162,
        186.58028584141886,
        184.5690184562437,
        182.14018987840223,
        179.46336758521295,
        177.2081535093246,
        175.50817083543348,
        173.34754746960056,
        171.06688271799396,
        169.52855559318297,
        167.62015607280117,
        165.7676022437311,
        164.195309546686,
        162.3334202920237,
        160.6836429719002,
        159.1562273579259,
        157.25340566327495,
        156.148192374937,
        154.66551405383694,
        153.0661414361769,
        151.76068902784777,
        150.56830227759576,
        149.41636805380546,
        147.9877223353232,
        146.90020308956022,
        145.6112569993542,
        144.4020560479933,
        143.14754043086882,
        142.21460699266004,
        141.29785746912802,
        140.14558976696384,
        139.08616687405495,
        138.28870514900453,
        137.33056788290702,
        136.71710451187627,
        135.5324972829511,
        134.70326429797757,
        134.00755211614793,
        132.9606704711914,
        132.2394534695533,
        131.5879144976216,
        130.88977419945502,
        130.18072066768522,
        129.11795142389113,
        128.90317781509893,
        128.06815854964717,
        127.57309796733242,
        126.7508037936303,
        126.23167345600743,
        125.64694115423387,
        125.05928827101185,
        124.50139962473223,
        124.01844172323904,
        123.61402573124055,
        123.03348885813067,
        122.68829173426474,
        122.05369961646295,
        121.78552590647051,
        121.11083565988848,
        120.94336183609501,
        120.45004395515689,
        119.92067177064958,
        119.52261229484311,
        119.02830185428742,
        118.82559228712513,
        118.41910134592364,
        117.94000342584425,
        117.9310780186807,
        117.44969201857045,
        117.06389937862274,
        116.44752354775706,
        116.49429075179562,
        116.35556817823841,
        115.87453017696258,
        115.6743643976027,
        115.30228817847467,
        115.00764514553931,
        114.88177514845326,
        114.76926619006741,
        114.34957664243636,
        114.18256427395728,
        113.73163137128276,
        113.49759181853264,
        113.38292940201298,
        113.30399568619266,
        113.06227727090159,
        112.89514873873803,
        112.58282741423577,
        112.3355230516003
    ],
    "valid_losses": [
        230.73556174001385,
        227.15916984311997,
        223.686283234627,
        220.3203602452432,
        217.055907218687,
        213.89137071178806,
        210.82161983366936,
        207.8426813925466,
        204.9579551450668,
        202.15079621345765,
        199.43409729003906,
        196.80070200274068,
        194.2419724002961,
        191.76066047914566,
        189.35106437436997,
        187.01654741840977,
        184.74933550434727,
        182.55266792543472,
        180.41895220356602,
        178.35471959267892,
        176.34615941201486,
        174.39911577778477,
        172.51012002268146,
        170.6800994873047,
        168.9048584968813,
        167.18082649477066,
        165.50670008505546,
        163.88333868211316,
        162.30992126464844,
        160.77960401965726,
        159.29588268649192,
        157.85457291141634,
        156.4561477168914,
        155.09871452085434,
        153.78319574171496,
        152.50640426143522,
        151.2655487060547,
        150.0617469049269,
        148.89198450888358,
        147.7573532596711,
        146.65428801505797,
        145.58421916346396,
        144.54824632213962,
        143.5415526359312,
        142.5656241140058,
        141.61605662684286,
        140.69603507749497,
        139.8001960016066,
        138.93147523941533,
        138.08638837260585,
        137.26857191516507,
        136.4722152217742,
        135.6990769909274,
        134.95111699258126,
        134.2231184436429,
        133.5150363060736,
        132.8315946517452,
        132.16522093742125,
        131.51853967482043,
        130.88895440870715,
        130.28018656084615,
        129.68820042763986,
        129.11304769208354,
        128.55411209598665,
        128.0127233689831,
        127.48506312216482,
        126.97205845002205,
        126.47395447761782,
        125.98899422922442,
        125.51809495495212,
        125.06228686917213,
        124.61874660368889,
        124.18630440004411,
        123.76735170425907,
        123.3592290570659,
        122.9634515085528,
        122.57833493140436,
        122.20514752787929,
        121.84181754819808,
        121.48848675143334,
        121.14470918716923,
        120.80918244392642,
        120.48370410550025,
        120.1676510226342,
        119.86145856303554,
        119.56282880229335,
        119.27295881702054,
        118.9911629461473,
        118.71804317351311,
        118.45129960583103,
        118.19305985973728,
        117.94132035778415,
        117.69592580487651,
        117.45836073352444,
        117.22727695588142,
        117.00113259592364,
        116.78176929104713,
        116.56855921591482,
        116.36124247889364,
        116.15889764601185,
        115.96167115242251
    ],