{
    "testproblem": "quadratic_deep",
    "batch_size": 32,
    "num_epochs": 100,
    "random_seed": 51,
    "weight_decay": null,
    "optimizer_name": "SGD",
    "optimizer_hyperparams": {
        "lr": 1e-05
    },
    "training_params": {},
    "train_losses": [
        328.65960299584174,
        322.5092192619078,
        316.6918019940776,
        311.19066299930694,
        305.0917506064138,
        300.1610402753276,
        294.92227960401965,
        289.86039389333416,
        284.82052513860884,
        279.47332960559476,
        275.30587374779486,
        270.8976494573778,
        266.5379097230973,
        261.98416876023816,
        257.5701702487084,
        253.88026477444558,
        249.57281887915826,
        246.0167694091797,
        242.14341883505546,
        237.93687783518146,
        234.87859615202873,
        231.31789324360508,
        228.25113653367566,
        224.90812535439767,
        221.72646159510458,
        218.5590067217427,
        215.66182487241684,
        212.78954635127897,
        209.7681367935673,
        206.99161012711065,
        204.5024950581212,
        201.85450400075604,
        199.1719783659904,
        196.8763654155116,
        194.46078392767137,
        192.24725391018777,
        189.55242772256173,
        187.39478031281502,
        185.30152499291205,
        183.35891428301412,
        181.5967737013294,
        178.87660020397556,
        177.5422122093939,
        175.41255630985384,
        173.61705164755546,
        171.79551450667842,
        170.22333206668978,
        168.6650671189831,
        166.90979742234754,
        165.1189693327873,
        163.88304433514995,
        162.44296067760837,
        160.74634330503403,
        159.42117900233114,
        158.07031791440903,
        156.73566756709928,
        155.22396063035535,
        154.153444105579,
        152.73324486517137,
        151.32428519956528,
        150.6152801513672,
        149.3525671189831,
        148.1438763526178,
        146.95805260442918,
        146.10780112974106,
        144.79593732280117,
        143.90496186287172,
        142.74067934097783,
        141.99085506316155,
        141.0142305435673,
        139.81624627882434,
        139.47456532139933,
        138.01760938090663,
        137.74224164409023,
        136.93654091127456,
        136.18802544378465,
        135.41197967529297,
        134.41099597561745,
        133.81102801907448,
        132.89893980949157,
        132.1710928640058,
        131.8712168047505,
        131.04706401209677,
        130.20013649232925,
        129.4961195914976,
        129.25426015546245,
        128.67268543858683,
        128.0346153013168,
        127.45912293464907,
        126.9458738757718,
        126.34603709559286,
        125.98969194965977,
        125.4837402835969,
        124.82979140743133,
        124.22062584661668,
        123.88505086591167,
        123.51705760340536,
        123.09485453944052,
        122.74507214946132,
        122.20586198376071,
        121.6313968781502
    ],
    "valid_losses": [
        323.6920933877268,
        317.7040621849798,
        311.88577368951616,
        306.23109189925657,
        300.73498042937246,
        295.39071458385837,
        290.1904090143019,
        285.1364002843057,
        280.22123226042714,
        275.4414761450983,
        270.79249228200604,
        266.27901877126385,
        261.8912063106414,
        257.6200950376449,
        253.4750262844947,
        249.44701410108996,
        245.5273914952432,
        241.71803086803806,
        238.01035579558342,
        234.40857721144152,
        230.8990188106414,
        227.49759747905117,
        224.18419917937248,
        220.9640143609816,
        217.83145240045363,
        214.78416935090095,
        211.82589032573085,
        208.9463117045741,
        206.14662564185357,
        203.42347028178554,
        200.77819479665447,
        198.20342820690524,
        195.6979749125819,
        193.26277406754033,
        190.89830460086947,
        188.59546489100302,
        186.35256761120212,
        184.16976141160535,
        182.04656785534274,
        179.98773242581277,
        177.9823244156376,
        176.0304919827369,
        174.13717651367188,
        172.2951172859438,
        170.4974882064327,
        168.74839388939643,
        167.04832507717995,
        165.39607386435233,
        163.78623913180442,
        162.22432388797884,
        160.70556148405998,
        159.22574492423766,
        157.7859137750441,
        156.38572938980596,
        155.02538127283896,
        153.69834703014743,
        152.40604523689515,
        151.15188893964213,
        149.9324980705015,
        148.74370648784023,
        147.58701496739542,
        146.46088089481478,
        145.3643552718624,
        144.29798643050654,
        143.2596622590096,
        142.24826886576992,
        141.26454137986707,
        140.3082056353169,
        139.378419937626,
        138.47295453471523,
        137.59193568075858,
        136.7361760293284,
        135.90100762151903,
        135.08812492124497,
        134.29437551190776,
        133.52569850798577,
        132.7766839304278,
        132.04624766688192,
        131.33616170575542,
        130.64347224081718,
        129.97115325927734,
        129.3171150453629,
        128.67712353121848,
        128.0554661904612,
        127.45067227271295,
        126.86345057333669,
        126.29039985902848,
        125.7327388640373,
        125.18887107603011,
        124.65852774343183,
        124.14190870715726,
        123.64024205361643,
        123.15143560594127,
        122.67671228224232,
        122.2127916889806,
        121.76200522145918,
        121.32217284171811,
        120.89481993644468,
        120.47850455007246,
        120.07163804577243,
        119.67529641428301
    ],