{
    "testproblem": "quadratic_deep",
    "batch_size": 32,
    "num_epochs": 20,
    "random_seed": 42,
    "weight_decay": null,
    "optimizer_name": "SGD",
    "optimizer_hyperparams": {
        "lr": 5.994842503189409e-05
    },
    "training_params": {},
    "train_losses": [
        269.1609639813823,
        244.32993931924142,
        223.57974341607863,
        205.1453837733115,
        190.55726623535156,
        177.9972652312248,
        167.2349656628024,
        158.02896511939264,
        151.03070019137473,
        144.43192758867818,
        139.0580867644279,
        134.24025430986958,
        130.4362605925529,
        127.30144451510522,
        124.50648449313256,
        122.03259720340851,
        120.07681422079763,
        118.28436599239227,
        116.81166371991557,
        115.74726867675781,
        114.74877905076549
    ],
    "valid_losses": [
        266.2394507623488,
        241.3458995203818,
        220.4626007080078,
        202.86931585496473,
        188.0686985138924,
        175.61051448698967,
        165.09276605421496,
        156.2206844206779,
        148.73538995558215,
        142.40972482004474,
        137.07890024492818,
        132.55975661739225,
        128.7413797686177,
        125.50264395436933,
        122.76589621267011,
        120.43028776107296,
        118.44528173631237,
        116.74957324612525,
        115.31068715741557,
        114.07785920173892,
        113.0243380146642
    ],
    "test_losses": [
        266.0717512561429,
        241.41390745101435,
        220.7475113407258,
        203.3532453967679,
        188.73587676017516,
        176.44506048387098,
        166.08150211457283,
        157.3504422095514,
        149.99619957708543,
        143.79134664227885,
        138.57088076683783,
        134.15469951014364,
        130.43020605271863,
        127.27798265026462,
        124.62156209638042,
        122.35965950258317,
        120.44231217907321,
        118.80955997590095,
        117.4274193548387,
        116.24855558333859,
        115.24405128725114
    ],
    "minibatch_train_losses": [
        264.1123046875,
        250.36990356445312,
        251.60659790039062,
        258.71099853515625,
        265.57012939453125,
        229.83071899414062,
        222.7435302734375,
        207.45510864257812,
        215.69973754882812,
        214.30271911621094,
        225.03221130371094,
        212.8290557861328,
        202.53314208984375,
        206.69735717773438,
        191.20755004882812,
        169.9530792236328,
        193.31948852539062,
        174.6590576171875,
        175.27987670898438,
        167.8292236328125,
        175.64785766601562,
        164.33921813964844,
        164.689208984375,
        186.18338012695312,
        186.56263732910156,
        182.78485107421875,
        173.02362060546875,
        171.87232971191406,
        158.06454467773438,
        155.01962280273438,
        153.27565002441406,
        128.11590576171875,
        155.5452117919922,
        163.16253662109375,
        131.97024536132812,
        147.3334503173828,
        125.88973999023438,
        153.72879028320312,
        140.52110290527344,
        130.22300720214844,
        131.84939575195312,
        128.07814025878906,
        131.04566955566406,
        134.35809326171875,
        139.20726013183594,
        131.55960083007812,
        135.4562530517578,
        138.05230712890625,
        123.0063247680664,
        128.08868408203125,
        137.3299560546875,
        135.77366638183594,
        122.80282592773438,
        118.32899475097656,
        121.427490234375,
        121.29922485351562,
        126.8906478881836,
        124.63908386230469,
        123.32281494140625,
        127.01165008544922,
        116.88985443115234,
        121.93988037109375,
        111.28285217285156,
        114.30571746826172,
        120.82146453857422,
        106.70464324951172,
        129.58348083496094,
        119.3614273071289,
        125.2878646850586,
        120.20263671875,
        131.48268127441406,
        116.78373718261719,
        116.2505874633789,
        110.75148010253906,
        108.15081787109375,
        118.99079132080078,
        130.67431640625,
        124.05962371826172,
        111.6390609741211,
        118.11166381835938
    ]
}