{
    "testproblem": "quadratic_deep",
    "batch_size": 32,
    "num_epochs": 100,
    "random_seed": 51,
    "weight_decay": null,
    "optimizer_name": "Preconditioner",
    "optimizer_hyperparams": {
        "lr": 0.03162277660168379
    },
    "training_params": {},
    "train_losses": [
        286.6458238170993,
        105.16323507985761,
        99.0934546685988,
        95.08544355823147,
        94.6510497062437,
        92.19139837449596,
        92.75020673198085,
        93.07070627520162,
        89.85703622141192,
        90.17453101373488,
        89.71110214725617,
        91.43583211591167,
        90.83475002165764,
        89.35321807861328,
        89.68179616620463,
        90.25062314925655,
        89.3036612233808,
        90.01257570328251,
        91.24587840418661,
        89.12108735115298,
        89.00409230878276,
        90.85766847672001,
        89.35784198391822,
        90.49017481650075,
        89.72742412936303,
        88.68277838922316,
        89.94881956038937,
        89.21379999960622,
        90.21385783533896,
        89.61473551104146,
        90.50606093868133,
        88.62666616132182,
        89.65281751078945,
        89.30118585401966,
        88.83982430734942,
        90.04098289243636,
        89.57773983863092,
        90.03834607524257,
        88.40344262892201,
        88.92889453518775,
        89.76272386120212,
        88.56933199974799,
        88.32664686633694,
        91.62285417126071,
        89.02996949226626,
        89.08340380268712,
        89.0785899008474,
        90.97197895665323,
        89.23026374078566,
        88.77233591387349,
        90.14521272720829,
        88.2953126968876,
        89.49806065713206,
        89.1149159093057,
        88.73705587079448,
        90.33804001346711,
        88.0716781616211,
        89.11829720774004,
        89.07937818957913,
        90.29196659211189,
        89.49410173969883,
        87.97154777280745,
        90.89921348325667,
        88.43860330889302,
        92.80469832881805,
        90.0621096703314,
        88.3282955538842,
        88.34566153249433,
        89.14000923402848,
        89.08008083220452,
        88.53579219695061,
        89.45463463567918,
        89.04494919315461,
        90.11002202187815,
        89.13394952589466,
        90.01067746070123,
        88.41015649610951,
        90.2257321265436,
        90.16999841505482,
        89.52759601223853,
        88.6843507828251,
        89.86912216678742,
        89.45718925229964,
        90.49128846199282,
        87.73856845978767,
        88.96273582212386,
        90.05584470687374,
        89.2325929211032,
        88.69714847687752,
        87.97078975554436,
        90.23679548694241,
        89.2675522835024,
        89.47890201691658,
        88.22445137270036,
        88.19479345506237,
        88.54871466852003,
        89.78190342072517,
        88.38637124338457,
        89.86388520271548,
        88.39680800899383,
        88.9127182499055
    ],
    "valid_losses": [
        285.4851842080393,
        102.8506371282762,
        96.21590005197832,
        92.26385596490675,
        91.85708765829763,
        89.15619117982926,
        89.72659597089213,
        89.41432165330455,
        86.6575462587418,
        86.83964390908518,
        86.37008642381237,
        88.44008562641758,
        87.33011922528667,
        86.38888402138987,
        86.3198724562122,
        87.19802585724861,
        86.23297439082977,
        86.9222658218876,
        88.1030514624811,
        85.90688299363659,
        85.67378776304183,
        87.26916380851499,
        86.3216060515373,
        87.34340052450857,
        86.18858681955645,
        85.1415269913212,
        86.73957923150832,
        85.69850134080455,
        87.02774909234816,
        86.1446779312626,
        87.73448648760396,
        85.8217308290543,
        86.71000720608619,
        86.47733725270918,
        85.94006741431451,
        86.49285076510522,
        86.75745121125252,
        86.62279633552798,
        85.08259902461883,
        85.70815818540511,
        86.72082642586001,
        85.72291392664755,
        85.09168809460056,
        88.35845651934224,
        86.02975906864289,
        85.80147035660282,
        86.00044890372983,
        88.04882640223349,
        86.17279914117628,
        85.66906295284149,
        87.22580915881741,
        85.18208657541582,
        86.26751044488722,
        85.85723212457472,
        85.59945038826235,
        86.72247142176474,
        84.95906239171183,
        85.56343743108934,
        86.1753906742219,
        86.79610492337135,
        86.27336268271169,
        84.99993650374874,
        87.5174080633348,
        85.13954851704258,
        89.69517492478893,
        86.94146777737525,
        85.28483064713016,
        84.98747081141317,
        86.04804008237777,
        85.76671821840348,
        85.72036890829763,
        86.03392299529045,
        86.19309333062941,
        87.10031472482989,
        86.26280335457095,
        86.65557639829574,
        85.22689130229335,
        87.02021371164629,
        86.88499918291646,
        86.59461384434854,
        85.3730714859501,
        86.78136074927545,
        86.25830102735951,
        87.77568989415323,
        84.79869054978893,
        86.04326703471523,
        87.43442830731792,
        86.08071825581212,
        85.23696924025013,
        84.79681568761026,
        86.25733430923954,
        86.49366021925404,
        86.43618700581212,
        84.98737187539378,
        84.77690026067918,
        85.40273112635458,
        87.06193493258569,
        85.33775452644595,
        86.82226070280998,
        85.52146320958292,
        85.68667356429562
    ],