{
    "testproblem": "quadratic_deep",
    "batch_size": 32,
    "num_epochs": 100,
    "random_seed": 45,
    "weight_decay": null,
    "optimizer_name": "Preconditioner",
    "optimizer_hyperparams": {
        "lr": 0.03162277660168379
    },
    "training_params": {},
    "train_losses": [
        226.35123960433467,
        106.42000161447832,
        98.34299813547442,
        95.96009654383505,
        95.20279915102067,
        91.80623798985636,
        92.72919168779927,
        90.4841786046182,
        89.51324733611077,
        90.35906539424774,
        89.82425345143965,
        89.0362797398721,
        90.97489289314517,
        88.1732672414472,
        89.90930938720703,
        90.11586343088457,
        88.69769705495527,
        89.10531443934286,
        91.66645345380229,
        88.93948807254914,
        88.93575754473287,
        89.67224957866054,
        89.1289306148406,
        88.11060899303806,
        88.19298479633946,
        87.91333032423451,
        88.9780509702621,
        88.50323461717174,
        88.61134707543158,
        89.33953340591923,
        88.55467101066343,
        89.22338571856099,
        88.6905030281313,
        88.17071237871724,
        87.9994629890688,
        88.73945199289629,
        87.43243137482673,
        88.75662379111013,
        88.42846458188949,
        87.483154789094,
        88.13345386135963,
        88.38909764443675,
        88.20898658998551,
        88.75169618668095,
        91.59502583165323,
        87.73193900815902,
        88.84405148413873,
        88.13431327573714,
        87.9930917063067,
        88.82408117478893,
        88.08248335315335,
        89.49361616565335,
        89.37177621164629,
        87.47092117801789,
        89.09009478169102,
        88.87801779470136,
        88.48273123464277,
        90.18866975845829,
        88.0657730102539,
        88.31575578258884,
        89.49513736847908,
        88.91367660030242,
        88.29189251315209,
        87.45682771744266,
        88.40063082787299,
        89.00509938886088,
        90.55033160794166,
        88.78308720742503,
        88.85360004055885,
        89.56844329833984,
        87.75541440902218,
        88.20585410825667,
        90.5073485835906,
        88.14236204085812,
        87.42751238423008,
        88.6081774311681,
        91.27820537936303,
        88.59818981539819,
        92.21194334953061,
        87.51149651312059,
        89.79115664574408,
        90.76798962008569,
        87.9830799718057,
        90.0159427273658,
        87.73726530997983,
        88.54439323179183,
        88.0583267211914,
        88.15557319887223,
        87.79208866242439,
        89.56422178206905,
        88.75993273335118,
        87.8542241742534,
        88.37692014632687,
        90.07836840229649,
        88.86844315067414,
        89.66466571438697,
        89.2659405123803,
        87.85181328558153,
        89.02455606768208,
        88.14557672316029,
        87.5026390321793
    ],
    "valid_losses": [
        225.87939797678303,
        104.70784808743385,
        96.53397984658518,
        94.32964398784023,
        93.77187248968309,
        90.1093046126827,
        90.61878278178554,
        88.59808448053175,
        87.74654117707283,
        88.35826012396043,
        88.62986730760143,
        87.63670792118195,
        88.29367163873488,
        86.03001871416646,
        88.182861820344,
        89.13902996432397,
        87.1607675860005,
        87.33775846419796,
        90.15355805427798,
        87.43136055238786,
        86.89271003969255,
        88.01866396011845,
        87.2592261529738,
        86.4879873952558,
        86.93637946344191,
        85.72592163085938,
        86.71436531313005,
        86.25615790582472,
        86.76975644019342,
        88.01012445265248,
        86.57279919039819,
        87.18243949644027,
        86.77734793386152,
        86.79478110036543,
        85.98043774020287,
        86.32091177663496,
        85.6488782821163,
        87.14998577487084,
        86.83678534723097,
        85.64410203503024,
        86.34278082078502,
        86.53857175765499,
        86.16946238856161,
        87.0639173446163,
        89.84680421890751,
        85.9891089162519,
        86.76624519594255,
        86.32980002126386,
        86.17941628732989,
        87.04285455519154,
        86.14916746077999,
        87.00912721695438,
        87.88316000661543,
        85.80865749236077,
        87.90772050426853,
        87.17100647957095,
        86.5594984485257,
        87.98321533203125,
        86.60894233949723,
        86.64658454156691,
        87.14602636521862,
        86.7864018101846,
        86.91435241699219,
        85.60480031659526,
        86.45855269893524,
        87.04555339197958,
        88.27459323021674,
        87.01865436184791,
        86.76853426041141,
        87.84035172001008,
        85.90907853649509,
        86.46012509253717,
        88.24730263986895,
        86.30191999866116,
        85.5569364486202,
        86.48277799544796,
        89.44811445666897,
        86.8908442835654,
        89.22542104413432,
        85.66136095600743,
        87.82726484729397,
        89.62153010214529,
        86.23292763002458,
        88.59932044244582,
        86.0220715922694,
        87.20184793779927,
        86.50700230752268,
        86.26398049631426,
        85.63973949801537,
        87.79229736328125,
        86.4026371125252,
        85.7314214398784,
        86.29891352499685,
        87.64678536691973,
        86.87359102310673,
        87.89936927057082,
        88.08227563673451,
        85.86367502520162,
        87.26349049229776,
        86.0492440500567,
        85.74476648146107
    ],