{
    "testproblem": "quadratic_deep",
    "batch_size": 32,
    "num_epochs": 100,
    "random_seed": 47,
    "weight_decay": null,
    "optimizer_name": "Preconditioner",
    "optimizer_hyperparams": {
        "lr": 0.03162277660168379
    },
    "training_params": {},
    "train_losses": [
        169.23146647791708,
        98.39441902406755,
        94.5697257749496,
        92.10304358697707,
        92.23297020696825,
        90.28053603633758,
        88.16598313854587,
        87.59737125519783,
        88.83054868636593,
        87.93053337835497,
        88.54200301631805,
        86.72872924804688,
        86.77404194493448,
        86.50784154092112,
        86.52502466017201,
        86.76676522531817,
        86.91454487462198,
        86.11738684869582,
        85.68286920362904,
        86.39060678789693,
        86.32267072123867,
        85.57510474420363,
        87.20553195091986,
        85.78044276083669,
        85.26460758332283,
        86.60290601176601,
        85.38077717442667,
        86.60021111272997,
        85.962646976594,
        85.42981129307901,
        85.72303082866054,
        86.05824599727508,
        86.1971912999307,
        85.94395471388295,
        86.04317474365234,
        85.67144430837324,
        87.48475154753655,
        85.87489441902407,
        86.08636203888923,
        86.32358797134891,
        86.45021573958859,
        86.83204724711757,
        85.6277118805916,
        87.2634048461914,
        86.0194566788212,
        87.42379120857485,
        85.09779037967805,
        85.19331261419481,
        86.29882098782447,
        85.60362120597593,
        85.61639896515877,
        86.1084213256836,
        85.69585738643524,
        85.34314210953251,
        87.65063304285849,
        84.92360047371157,
        85.51773711173765,
        86.03415359989289,
        86.42101632395098,
        86.38966984902659,
        85.53955004292149,
        89.53552787534652,
        85.09278500464654,
        86.89648954329952,
        86.37876153761341,
        87.7601788428522,
        86.71700262254284,
        85.6658689437374,
        86.44157458889869,
        86.05289631505167,
        86.64272923623362,
        86.30054596931704,
        87.21292286534464,
        85.74971229799333,
        86.6310050718246,
        86.78783342915196,
        86.23750526674333,
        87.46650892688382,
        85.92728990124118,
        86.95435727027154,
        85.53901918472782,
        87.65221651138798,
        84.74817263695502,
        86.83566161124936,
        85.64288699242377,
        86.60191615935295,
        86.73800905289188,
        85.79010969592679,
        85.92730540613974,
        86.51792243219191,
        85.54065630512852,
        86.5945562547253,
        85.55575684578189,
        85.97009695729902,
        85.80613708496094,
        85.67638569493448,
        86.0904029107863,
        87.83980068083733,
        85.24012214906755,
        87.15611710086945,
        85.95159444501323
    ],
    "valid_losses": [
        169.1651404596144,
        100.12068127047631,
        96.34232650264617,
        93.62623866911858,
        94.16641973680065,
        92.0249264624811,
        89.48886428340789,
        88.84695459181263,
        89.50400887766192,
        89.43314386183216,
        89.2896258446478,
        87.67984870172316,
        87.58569877378402,
        88.09807660502773,
        87.99740354476437,
        87.39916081582346,
        87.78004160235005,
        86.95338070777154,
        87.07044072305003,
        87.36110539590159,
        87.26856354744204,
        86.71780469340663,
        87.68272301458543,
        86.65797325872606,
        86.54339353499874,
        88.10493567682082,
        86.68701294929751,
        88.04902821202433,
        87.37425576486895,
        86.60613447620022,
        87.1491216844128,
        87.09703408518145,
        87.43223620999244,
        87.71631622314453,
        86.91564572241998,
        86.21175901351437,
        88.5580560007403,
        87.08838013679751,
        87.38701949581024,
        87.47267052435106,
        87.9207268991778,
        87.92824234501008,
        86.50809380315965,
        89.11108939878402,
        86.61691308790638,
        88.7925528249433,
        85.87706633537046,
        86.2507553100586,
        86.52482235816217,
        86.50252877512285,
        87.40804438437185,
        87.57457659321446,
        86.49606667795489,
        86.62908861714024,
        88.13671899610951,
        86.11952037196005,
        86.06498029155117,
        87.04387689405873,
        87.44849100420552,
        87.68139919157952,
        86.89420441658267,
        91.4781747633411,
        86.1364285868983,
        88.10408487627583,
        87.88104149603075,
        88.82318312121976,
        87.45626658778036,
        86.31735524823588,
        87.06918777958039,
        87.17113667149698,
        87.63429555585307,
        87.80231377386278,
        88.04626095679498,
        87.48163727791079,
        88.00636094616306,
        88.38233898532006,
        87.01124818863407,
        89.45249643633443,
        86.98627028926727,
        88.2979468068769,
        86.26057286416331,
        89.07125362273186,
        85.67279643397177,
        88.09377165763608,
        86.57048871440273,
        87.41282284644342,
        88.70759434853831,
        86.94561496857673,
        86.56436969387916,
        87.97672813169417,
        87.13856998566658,
        87.71703707787299,
        86.42494816933909,
        86.83640313917591,
        87.27148708220452,
        87.16761435231855,
        87.9019034601027,
        89.00479273642263,
        86.21102043890184,
        88.48824064193234,
        86.5613523913968
    ],