{
    "testproblem": "quadratic_deep",
    "batch_size": 32,
    "num_epochs": 100,
    "random_seed": 44,
    "weight_decay": null,
    "optimizer_name": "Preconditioner",
    "optimizer_hyperparams": {
        "lr": 0.03162277660168379
    },
    "training_params": {},
    "train_losses": [
        297.1948547363281,
        107.01004963536417,
        97.41871618455455,
        95.13558689240486,
        93.67821404241747,
        91.39120926395539,
        92.3731431038149,
        90.28936373802924,
        91.67964443083733,
        91.83158456125567,
        90.1947260210591,
        89.32097478066721,
        88.80626407746345,
        89.59485453944052,
        88.69058768979964,
        89.90300750732422,
        88.25966472010458,
        88.0213632891255,
        88.38616967970326,
        89.43526434129284,
        87.67665469261908,
        89.54192844513923,
        88.71444702148438,
        89.08535668157762,
        88.6075946438697,
        90.18008521295363,
        87.48978916291267,
        88.98005823935232,
        91.21440001456968,
        88.59156627039755,
        88.2300757131269,
        87.87855948171308,
        91.20108844387916,
        87.99110314153856,
        87.87429932625064,
        89.15386667559224,
        87.79690477924962,
        90.57678665653351,
        87.74632312405494,
        88.54054063366306,
        87.86261478547127,
        87.57689100696194,
        88.10926695792905,
        89.5427991805538,
        88.61243537164503,
        88.5195565992786,
        89.46384109989289,
        87.27893041795299,
        89.33271912605532,
        87.68723346341041,
        87.3365247172694,
        88.28808962914252,
        90.49422971663937,
        90.97864704747354,
        88.79276029525265,
        88.96858338386782,
        89.85960634293095,
        87.72692575762349,
        89.48848748976185,
        87.47916879961568,
        88.2573510446856,
        90.43892669677734,
        88.7345947757844,
        87.96992074289629,
        87.98301401445943,
        89.01975471742692,
        88.38062803206905,
        88.20665593301096,
        87.88292743313697,
        88.21226821407195,
        90.01072791314894,
        88.81741234564012,
        87.90574030722341,
        90.4310785108997,
        88.01588833716607,
        89.26761307254914,
        88.1913799162834,
        88.55739913448211,
        88.36155897571194,
        88.39421869093373,
        88.08050414054624,
        87.74986291700795,
        88.77125204763105,
        88.7249275945848,
        89.20162151705834,
        87.85251100601688,
        89.45167443060106,
        88.91488918181389,
        88.43746603688886,
        89.1045160601216,
        88.2107174781061,
        87.75577422111265,
        88.47152931459489,
        88.10239705731792,
        88.41114167244204,
        88.54268104799333,
        88.86665295016381,
        88.37721203219506,
        88.29415918165638,
        89.11716928789693,
        89.36261601601878
    ],
    "valid_losses": [
        303.3343791346396,
        107.8499243951613,
        97.73022165606099,
        96.06168143979964,
        94.57233158234627,
        92.65068571029171,
        92.56786297213647,
        90.65797842702558,
        92.39655230122227,
        91.63318191036102,
        90.57425566642515,
        90.31725163613596,
        89.26964126094695,
        90.23352862942603,
        89.01078894830519,
        90.24214713804183,
        88.78530022405809,
        88.37830278950352,
        88.93854030486077,
        89.03938859508884,
        87.89667437153477,
        90.54283437421245,
        89.23998605051348,
        89.74178068099484,
        89.79808462819746,
        90.99656234248992,
        87.81117223924205,
        89.6408457602224,
        92.71838083574849,
        88.76139290102067,
        88.95657373243763,
        88.36196948635963,
        91.97883679789882,
        88.69945009293095,
        88.52614199730658,
        89.61326746786794,
        88.06090422599546,
        91.4528062881962,
        88.45166975452054,
        89.88682974538496,
        88.81547177222467,
        88.28728189776021,
        88.66581036967617,
        90.26767755323841,
        88.84065911077684,
        88.46429098806074,
        89.904542492282,
        87.6207984185988,
        89.91090786841607,
        88.73733200565461,
        88.13102426836568,
        89.41795644452495,
        91.10933266916582,
        91.08168472782258,
        89.71647693264869,
        89.225340812437,
        90.60879590434413,
        88.18799935617754,
        89.6296630367156,
        88.07365835866621,
        88.77742668890184,
        90.6349354405557,
        89.58892896098476,
        88.81848809026903,
        88.43459246235508,
        90.00066375732422,
        88.98036292291457,
        88.55644693682271,
        87.96888462189705,
        88.16253883607926,
        90.71134874897618,
        90.00997506418535,
        87.98670836417905,
        90.39429941485005,
        88.80301050986013,
        90.12759079471711,
        89.27207306892642,
        89.41927854476437,
        89.54366376323085,
        89.53732496692288,
        89.15672597577495,
        88.74174401067918,
        88.92993557837701,
        88.47526082684917,
        90.12995098483178,
        88.06322134694746,
        89.85975917693108,
        88.9822272023847,
        88.94769902383128,
        89.35663161739227,
        89.05020879930065,
        88.72935535061744,
        89.50975996448147,
        89.06115550379599,
        88.72267126267955,
        89.42427653651083,
        89.8446768483808,
        88.96159165905368,
        89.39137514175907,
        88.98323871243385,
        90.1099368679908
    ],