{
    "testproblem": "quadratic_deep",
    "batch_size": 32,
    "num_epochs": 100,
    "random_seed": 48,
    "weight_decay": null,
    "optimizer_name": "Preconditioner",
    "optimizer_hyperparams": {
        "lr": 0.03162277660168379
    },
    "training_params": {},
    "train_losses": [
        326.6348689909904,
        107.42542512955204,
        96.49708311019405,
        96.6626705046623,
        93.44278126378214,
        92.17424675726122,
        93.75985151721585,
        91.63942078621157,
        92.3302725515058,
        90.16370293401903,
        89.12206514420048,
        89.87686181837513,
        89.21688202888735,
        89.83656434089907,
        88.78003889514554,
        89.12701908234627,
        90.42174456196446,
        89.30508644350114,
        88.39590207992062,
        90.1708250968687,
        89.7853538759293,
        88.77217668102634,
        89.95399499708607,
        88.60366550568611,
        89.26351116549584,
        90.54834919591104,
        89.1072515672253,
        90.30098429033833,
        90.10833469513923,
        90.15331809751449,
        88.75632673694241,
        88.23841685633505,
        88.84627779068485,
        89.4244621030746,
        89.10326656218498,
        89.13813830960181,
        87.6792481945407,
        88.43724552277595,
        88.35108357091104,
        89.36827161235195,
        90.185060070407,
        87.81739634852255,
        88.5703599991337,
        90.72518010293284,
        89.10676845427483,
        90.63237910116872,
        88.0390140164283,
        89.06484837685862,
        88.74571375693044,
        88.87327280352193,
        88.12381129111013,
        89.42734896752143,
        89.29542246172505,
        92.11628206314579,
        87.75557684129284,
        88.82047763947517,
        87.96878273256364,
        87.66169123495779,
        89.11940420827558,
        89.49283427576864,
        90.76350575108683,
        90.40704099593624,
        88.72083750078755,
        88.83546324699155,
        88.96637553553427,
        89.92949725735572,
        88.75373200447329,
        88.19690335181451,
        88.83002373480028,
        89.66356388215095,
        90.1665302399666,
        88.06331560688633,
        88.65571692682082,
        90.23904492778163,
        88.62474798387096,
        88.1975826140373,
        88.62801730248236,
        90.29339082779423,
        88.31148504441784,
        88.70109410439768,
        89.18591751590851,
        88.05333881993448,
        88.30268884474232,
        89.02299401067918,
        88.77175066548008,
        88.32444074076992,
        88.9318611391129,
        89.02403087000692,
        89.48573007891255,
        89.23445277060232,
        88.02324898012223,
        88.3069556451613,
        88.76542712796119,
        89.12667551348287,
        91.40608929049584,
        89.56675301828692,
        88.09730652839907,
        88.74863839918568,
        89.59852821596208,
        88.1510748094128,
        87.79053078928301
    ],
    "valid_losses": [
        320.7276758993826,
        104.65699349680254,
        92.6140611710087,
        93.3276856945407,
        89.64916081582346,
        88.78765475365424,
        89.92210215906942,
        87.41960906982422,
        88.15232726066343,
        86.7659892420615,
        85.17480936358052,
        85.95513842182774,
        85.44571341237715,
        86.29522729689076,
        84.8975364931168,
        85.55177134852255,
        86.39149278210056,
        85.35038437381867,
        84.68617445422757,
        86.30139037101499,
        86.27206814673639,
        84.68813102476058,
        86.12857227940714,
        85.09881148799774,
        86.2615243234942,
        87.21299276044292,
        86.24797008883569,
        86.30559441351122,
        86.34706681774509,
        86.93652885190902,
        85.03116435389364,
        84.5976328695974,
        85.48154129520539,
        85.84580870597593,
        85.41359095419607,
        84.76529693603516,
        84.11533404934791,
        84.48461028068296,
        84.36928213796308,
        85.66579117313508,
        86.83870647799584,
        83.96961335212954,
        84.50384939870527,
        87.43946296938005,
        85.90577205534905,
        86.50344971687564,
        84.20621515089466,
        85.03940262333039,
        85.0063968781502,
        85.27872319375315,
        84.65392426521548,
        85.76368959488407,
        85.7077388148154,
        88.5555181195659,
        84.57062136742377,
        85.49765826809791,
        84.28152121267011,
        84.23998235887096,
        85.20782618368825,
        85.56492417858493,
        87.38222872826361,
        86.2839847687752,
        85.10273644231981,
        85.17134463402533,
        85.32723482193485,
        85.4035395960654,
        85.04798667661605,
        84.36202166157383,
        85.09249213434035,
        85.6349632509293,
        86.03108756772933,
        84.3267339891003,
        84.99928012970955,
        86.94946067563949,
        84.84781572895665,
        84.78410290133569,
        84.9874028851909,
        85.92650751913747,
        84.32011167464718,
        84.60498612926853,
        85.54861720915764,
        84.2232909664031,
        84.61394549954322,
        85.79339870329827,
        85.1224628571541,
        84.72743397374308,
        85.11400874968498,
        84.89494200675718,
        85.40856392152848,
        85.42988586425781,
        84.14211642357611,
        84.42815054616621,
        84.82503214190083,
        84.73407819194179,
        87.99428066130608,
        86.16998709401777,
        84.31708502000377,
        84.99365258985951,
        86.54454335858745,
        84.74731888309601,
        83.85781761907762
    ],