{
    "testproblem": "quadratic_deep",
    "batch_size": 32,
    "num_epochs": 100,
    "random_seed": 52,
    "weight_decay": null,
    "optimizer_name": "Preconditioner",
    "optimizer_hyperparams": {
        "lr": 0.03162277660168379
    },
    "training_params": {},
    "train_losses": [
        376.9097614903604,
        101.63975894066596,
        95.38390768727949,
        93.08980166527533,
        90.80430898358745,
        91.70861791795299,
        89.68713452739101,
        89.04197520594442,
        88.15275992116621,
        88.04380699896043,
        88.10793722829511,
        88.09079791653541,
        87.07328673331968,
        87.75422003961378,
        87.62262405887726,
        86.92396151634955,
        88.5425547938193,
        86.80279147240424,
        86.03181482130482,
        87.02458707747921,
        86.38680611887285,
        90.88650192752961,
        86.78208898728893,
        86.48800683790638,
        88.00466623613912,
        86.69287970758253,
        87.39365829959992,
        86.78498864942982,
        86.599853515625,
        88.68468376897997,
        86.64016994353264,
        86.81900098246913,
        85.9524629654423,
        85.62994409376576,
        86.34559089906755,
        89.3404545937815,
        87.42365191059727,
        86.15629085417717,
        89.0544197328629,
        86.06615349554247,
        87.38322005733367,
        87.67816998881679,
        86.70065504504788,
        87.14153265183971,
        85.83700512301537,
        87.85182755993259,
        85.43161921347341,
        85.32196635584677,
        86.62319946289062,
        86.02906405541205,
        85.96943861438382,
        86.22661246022871,
        87.10924062421245,
        85.91465537778792,
        86.57467109926286,
        86.62920182751071,
        88.41140402517011,
        87.30657663652974,
        86.3378180226972,
        86.43124143538937,
        86.65258075344947,
        86.98113989060924,
        86.22814473798198,
        87.05367525162235,
        87.71015265680128,
        87.54278170677924,
        86.18041401524698,
        85.82293725782826,
        88.0231178037582,
        85.86163133190524,
        86.52389797087639,
        88.18097563712827,
        86.83604554207095,
        86.84697009671119,
        87.32249992124495,
        85.52993725192162,
        89.92432723506805,
        86.29174312468498,
        87.28356195265248,
        87.06802392775013,
        87.09665802986392,
        86.8620376586914,
        86.21702231130293,
        87.44890397594821,
        88.05138667937248,
        87.6983878843246,
        86.15360038511214,
        86.57830662881175,
        87.16953794417843,
        87.36559517152848,
        86.31813196982107,
        87.58394721246535,
        86.74072585567352,
        86.31819669661984,
        86.73398762364542,
        86.9421640211536,
        86.6899906281502,
        85.67782617384388,
        87.3988755749118,
        86.79832876882246,
        86.70996364470452
    ],
    "valid_losses": [
        386.9133999732233,
        101.87398135277533,
        95.16321194556451,
        92.84575579243321,
        90.67020293205015,
        92.48128804852885,
        89.45513423796623,
        88.81983627811555,
        88.02476083078692,
        88.04505994243007,
        87.78551040157195,
        87.66696413101688,
        87.26153441398374,
        87.83812049127394,
        87.274903820407,
        87.21027620377079,
        88.3371094734438,
        86.90907804427609,
        86.32486749464466,
        87.35293357603011,
        86.54390322777533,
        91.9632314866589,
        87.02426590458039,
        86.84920673985636,
        88.09545307774698,
        87.17094839772871,
        87.8760240616337,
        87.06858161187941,
        86.91516950053554,
        88.77453785557901,
        87.05848939957157,
        86.75069550544985,
        86.48928390010711,
        86.16104642806515,
        86.23412667551348,
        88.9459482008411,
        87.08562764813823,
        85.87887524020287,
        88.78137748472152,
        85.88919756489415,
        87.63857786117062,
        87.41831797938192,
        86.93980063161543,
        87.38582414196384,
        86.33847833448841,
        87.69628389420048,
        85.71594681278351,
        85.58809095813382,
        86.57316097136467,
        86.38956476026966,
        86.72007849908644,
        86.4717035601216,
        86.74383495699975,
        86.15197212465348,
        86.89134019420993,
        87.18347389467301,
        88.39253087197581,
        87.86982111777029,
        86.45073921449723,
        86.09581042874244,
        87.03781152540638,
        87.53728805049774,
        86.40140115061114,
        87.03297522760207,
        86.93542135915449,
        87.98311934932586,
        86.12029143302671,
        86.07614455684539,
        88.00363503732989,
        86.58669084118259,
        86.53522589898878,
        88.19686298985636,
        87.22060246621409,
        87.03561032202936,
        86.70100427442982,
        85.59574619416267,
        89.30243584417528,
        86.36964022728705,
        88.0767118392452,
        87.03253690658077,
        86.96071034093058,
        87.15747513309601,
        86.51029082267515,
        88.31261247204196,
        88.32446732059601,
        87.81477848176033,
        86.24090846892327,
        86.87660611060357,
        87.56365203857422,
        87.26710485642955,
        86.6271020212481,
        87.5442613170993,
        86.52120848624936,
        86.58217842348161,
        87.24532588835686,
        87.02717787219632,
        86.87463157407699,
        86.34871205975932,
        87.79315997708228,
        86.97887371432397,
        86.75592877787929
    ],