{
    "testproblem": "quadratic_deep",
    "batch_size": 32,
    "num_epochs": 100,
    "random_seed": 49,
    "weight_decay": null,
    "optimizer_name": "Preconditioner",
    "optimizer_hyperparams": {
        "lr": 0.03162277660168379
    },
    "training_params": {},
    "train_losses": [
        281.1722175844254,
        100.54608105074975,
        94.95536484256867,
        93.9561514085339,
        94.54296407391948,
        91.19003123621786,
        91.03716967182774,
        88.73113890617124,
        89.35627795803931,
        88.92331867833292,
        88.80395483201549,
        88.48306668189264,
        88.36317123905305,
        87.53567578715663,
        88.36210238549018,
        88.38795372747606,
        88.70878748739919,
        87.44603556971396,
        88.16614163306451,
        87.42168426513672,
        90.7761483961536,
        87.39215555498677,
        87.60891945131364,
        87.16063394854146,
        88.62314654934791,
        87.4056642593876,
        86.33006262010143,
        86.25175156131867,
        86.6662137431483,
        87.6381358485068,
        86.62016960882372,
        87.98197469403667,
        86.27757189350743,
        86.58187201715285,
        87.57555438626197,
        89.07889433830015,
        86.94005929270098,
        89.78506765057963,
        88.3434795256584,
        87.44226197273501,
        85.78133195446384,
        87.53083235217679,
        86.05724605437248,
        87.8409908663842,
        86.40635705763295,
        86.57421382780998,
        87.85697026406565,
        87.04258924914944,
        88.54261213733304,
        88.95611252323273,
        87.46667086693549,
        89.21214811263546,
        88.70197591473979,
        86.8658427576865,
        88.01354291362148,
        86.62541764782321,
        86.47903614659464,
        89.7459731563445,
        87.04282772925592,
        86.15304122432586,
        88.03757649083292,
        86.2081284061555,
        86.39562200730846,
        86.51228504796183,
        87.5357675860005,
        90.01995554277974,
        86.96899537117251,
        87.02733562838647,
        87.72525811964466,
        87.35791015625,
        88.17042861446258,
        87.76473432971585,
        87.48758476011214,
        88.3244872554656,
        87.50419370589718,
        86.6484136273784,
        87.98032502205142,
        86.02742373558783,
        87.08569508214151,
        87.041994156376,
        87.81621305404171,
        86.60244775587513,
        86.61354803269909,
        88.7217294016192,
        85.93700630434098,
        85.91894752748551,
        88.9430414015247,
        86.33313874275454,
        88.54839989446825,
        86.37818637970955,
        86.2821049844065,
        90.26819881316155,
        86.92667339694115,
        85.89702680034023,
        86.30997122487715,
        87.312987296812,
        87.6532713367093,
        87.51026202786353,
        89.56810071391445,
        86.17475989557082,
        87.08181418142011
    ],
    "valid_losses": [
        284.34092860068046,
        101.09646631056263,
        95.33893412928427,
        94.52680206298828,
        95.47953107280117,
        92.30092005575857,
        91.54024431782383,
        89.4759277835969,
        89.21562047158518,
        89.30269548969883,
        88.87100268948463,
        88.72862612816596,
        88.94911513790008,
        88.31306826683783,
        89.6982653217931,
        88.86597541070753,
        88.75749994093373,
        87.79161883938697,
        88.73573204778856,
        87.78568489320817,
        92.30239006780809,
        88.09214831936744,
        88.22925838347405,
        87.61490409604964,
        89.25001452046055,
        88.19113109957787,
        86.74413717946699,
        86.5328127953314,
        87.05857701455393,
        88.25552368164062,
        87.05559884348223,
        88.88037601594002,
        87.07705762309413,
        87.21358785321635,
        88.28960763254473,
        89.90360776839718,
        87.54567497007308,
        90.51743513537991,
        88.44454390002835,
        87.71222883655179,
        86.50006300403226,
        87.48399106917843,
        86.55707057829827,
        88.84174002370527,
        86.90436135568926,
        87.26562229279548,
        87.70799206149194,
        87.51886035550025,
        88.52439191264492,
        89.35828916488155,
        88.6408189342868,
        89.70505892845893,
        88.6649635068832,
        87.07294464111328,
        88.1270995601531,
        86.63052392775013,
        87.0802991313319,
        90.20260324785787,
        87.56238949683404,
        86.74044159919985,
        89.11705287810295,
        86.66443560200352,
        87.0223373905305,
        87.0417239281439,
        87.93860724664503,
        91.40655689854776,
        87.20691090245401,
        87.27956710323211,
        88.64204628236833,
        87.48560160975302,
        89.0077640164283,
        87.9958976007277,
        88.16361015073714,
        89.52648236674648,
        88.3453598022461,
        87.41969791535408,
        88.38526473506805,
        86.60956130489227,
        87.4630830826298,
        87.52039189492503,
        88.56333874117944,
        87.56209170433783,
        87.41081163960118,
        89.0258560180664,
        86.84332742998677,
        86.3909437118038,
        89.76277209866431,
        87.14022334929436,
        89.14474167362336,
        86.61041112099925,
        87.40604991297567,
        91.45517878378591,
        87.58988903414819,
        86.62695804719002,
        86.70494301088395,
        88.18025305963332,
        88.33295194564327,
        88.07639042023689,
        90.0089357437626,
        86.53925938760081,
        87.73103849349484
    ],