{
    "testproblem": "quadratic_deep",
    "batch_size": 32,
    "num_epochs": 100,
    "random_seed": 46,
    "weight_decay": null,
    "optimizer_name": "Preconditioner",
    "optimizer_hyperparams": {
        "lr": 0.03162277660168379
    },
    "training_params": {},
    "train_losses": [
        356.81251279769407,
        107.35352128551853,
        96.09588450770224,
        92.654784171812,
        91.53054317351311,
        90.08985876267955,
        90.7329330444336,
        88.86861542732485,
        88.84596400107107,
        88.25417229437059,
        88.65388784100932,
        87.74177846600932,
        87.83332184822329,
        87.96884229106288,
        88.02831391365298,
        87.43025207519531,
        87.91941907328945,
        88.30059371456024,
        87.8178235946163,
        90.76672018727949,
        87.68167163479713,
        89.38760351365612,
        88.26463416314894,
        89.95150929112589,
        86.49148805679813,
        86.87683745353452,
        86.77019771452873,
        86.87413467899445,
        87.14414805750692,
        86.35408143074282,
        88.05988336378529,
        87.25927045268398,
        86.84560960338962,
        86.83715229649698,
        87.63892586000505,
        86.6803692233178,
        88.09938713812059,
        87.88739530501827,
        89.84623127598917,
        88.92361794748614,
        87.72186722293976,
        86.88113058767011,
        87.98568405643586,
        86.52014480098602,
        87.27615602554813,
        86.90440983926096,
        86.04903756418535,
        87.62542306223223,
        88.45864917385963,
        86.7099112233808,
        87.71431215347782,
        87.12284260411417,
        88.01656932215536,
        86.93629381733555,
        86.70342500748173,
        86.42235515963647,
        88.17159566571635,
        86.64699997440461,
        86.31457150366998,
        86.58345647012034,
        88.87330898161858,
        90.35527875346523,
        89.16119335543725,
        87.2191890593498,
        87.99022231563445,
        86.55822040188697,
        87.55898014191658,
        86.37220591883505,
        87.61401957850302,
        86.24753841277092,
        87.52487207228138,
        87.58995548371345,
        89.29962551978326,
        86.29162523823399,
        86.36060923914755,
        87.06847824588898,
        87.84408052505985,
        86.20635223388672,
        87.38836792976626,
        87.00278152958039,
        86.24106327179939,
        87.32822615100491,
        86.49027793638167,
        87.2967039538968,
        86.69442429081086,
        86.26125901745212,
        87.17067029399257,
        86.85545816729146,
        87.85840065248551,
        87.03857397264049,
        87.40250249062815,
        86.2100084366337,
        86.30044826384514,
        89.53393431632749,
        88.3212383639428,
        87.36874143538937,
        87.15492962252709,
        86.25158051521548,
        86.82553272862589,
        86.29575421733242,
        87.36882757371471
    ],
    "valid_losses": [
        352.3200220907888,
        107.02802202778477,
        95.37743279241747,
        92.26449166574785,
        90.74362231839088,
        89.66986797701928,
        90.07037722679877,
        87.93385930215159,
        88.15957444713962,
        87.65043541692918,
        88.14287444083921,
        86.96292483422064,
        87.36328297276651,
        87.09932044244582,
        87.18694526918473,
        86.85517883300781,
        86.93410984162361,
        87.62741433420489,
        87.25781003890499,
        89.59337345246345,
        86.8623290523406,
        88.79941583448841,
        87.6674536428144,
        89.30237554734752,
        85.86796323714718,
        85.92291604318926,
        86.14625426261655,
        86.03116927608367,
        86.53203336654171,
        85.69469427293346,
        87.01914978027344,
        86.65369735225555,
        86.2262191772461,
        86.04062332645539,
        87.21113438760081,
        86.00185320454258,
        87.3710201632592,
        86.78917743313697,
        89.05662733508694,
        88.5492440500567,
        87.01438829975743,
        86.0742421304026,
        87.41751836961315,
        85.92639430876702,
        86.30001240391886,
        86.13685017247354,
        85.3263648248488,
        87.13772386120212,
        88.05445492652154,
        86.15473273492628,
        86.68695880520728,
        86.53736360611454,
        86.77638859902659,
        86.03681527414629,
        86.12910510647681,
        85.55274323494204,
        87.47113849270728,
        85.64999537314138,
        85.64231995613345,
        85.55670215237525,
        88.42576451455393,
        89.84021168370401,
        88.54709133025139,
        86.26369919315461,
        87.03908021988407,
        85.69700179561492,
        86.97820405037173,
        85.77056761710874,
        87.14519673009073,
        85.84317065823463,
        86.92051376834992,
        86.99525131717805,
        88.67251906856414,
        85.8917991884293,
        85.58497250464654,
        86.53510481311429,
        87.29618737005418,
        85.58303709953061,
        86.71159412014869,
        86.48855812318864,
        85.56129455566406,
        86.59795478082472,
        86.20998850176412,
        86.8317637289724,
        85.74447311893586,
        85.51640245991368,
        86.35418996503276,
        85.84642840969947,
        87.26685505528604,
        86.50367835260207,
        86.76161021571005,
        85.2684791318832,
        85.97664962276336,
        89.03570408974925,
        87.58638025099232,
        86.68395356209048,
        86.53542844710812,
        85.63153396114227,
        86.296142085906,
        85.58066238895539,
        86.70791084535661
    ],