{
    "testproblem": "quadratic_deep",
    "batch_size": 32,
    "num_epochs": 100,
    "random_seed": 43,
    "weight_decay": null,
    "optimizer_name": "SGD",
    "optimizer_hyperparams": {
        "lr": 1e-20
    },
    "training_params": {},
    "train_losses": [
        225.04178693217617,
        225.16319028792842,
        224.95817516696067,
        225.2758523264239,
        225.07100603657383,
        225.04918203046245,
        225.23469986454134,
        224.7473873015373,
        224.91903784967238,
        225.3346912014869,
        225.49691477129537,
        225.165036109186,
        225.21114718529486,
        225.42304352791078,
        224.9889865998299,
        225.17527524886592,
        224.6588405486076,
        225.0850539668914,
        225.20735857563633,
        225.09598762758316,
        225.05005325809603,
        224.95521053191155,
        224.99947627898186,
        225.20711345057333,
        225.53759027296496,
        225.0767315280053,
        225.26566486973917,
        224.96770157352572,
        225.1246584000126,
        225.2673802529612,
        225.05392111501385,
        224.5818584811303,
        225.4150887766192,
        224.85581281108242,
        224.9191417078818,
        225.31488233996976,
        225.18262998519404,
        225.17809320265246,
        225.09483583511846,
        225.02515829763104,
        225.4492448376071,
        225.01237930790072,
        225.0831564626386,
        225.19336528162802,
        224.93906771752143,
        225.04639607091104,
        225.08438307239163,
        225.25872950400077,
        225.20748212260585,
        225.47077400453628,
        225.14380424253403,
        225.16152757213962,
        225.20167147728705,
        225.05221213063885,
        225.16373812767768,
        225.31226570375503,
        225.3321050828503,
        224.98909734910535,
        224.9402849751134,
        225.0423283730784,
        225.4166796284337,
        224.92386701030117,
        224.96302204747354,
        224.9566881733556,
        225.18458360241306,
        225.01516969742315,
        224.85496717883694,
        225.18343968545236,
        225.1311571674962,
        225.2993636592742,
        225.3410880796371,
        225.09334195044732,
        225.13648543819303,
        224.70037644909274,
        225.15421024445564,
        225.51949728688885,
        225.1358160203503,
        225.0115228468372,
        225.27069682459677,
        224.92474365234375,
        225.36911207629788,
        225.34428848758822,
        224.98289588189894,
        224.76746343797254,
        225.31810735887098,
        224.76952485115297,
        224.8128868841356,
        224.91220289661038,
        225.0728966497606,
        225.4800498716293,
        225.02242845104587,
        225.65989488170993,
        225.23767139065652,
        225.28168315272177,
        225.38761458858366,
        225.12705845986642,
        225.26363298969883,
        225.16341473979335,
        225.33167389900453,
        225.2293927592616,
        225.26370682254915
    ],
    "valid_losses": [
        230.73556174001385,
        230.73556174001385,
        230.73556174001385,
        230.73556174001385,
        230.73556174001385,
        230.73556174001385,
        230.73556174001385,
        230.73556174001385,
        230.73556174001385,
        230.73556174001385,
        230.73556174001385,
        230.73556174001385,
        230.73556174001385,
        230.73556174001385,
        230.73556174001385,
        230.73556174001385,
        230.73556174001385,
        230.73556174001385,
        230.73556174001385,
        230.73556174001385,
        230.73556174001385,
        230.73556174001385,
        230.73556174001385,
        230.73556174001385,
        230.73556174001385,
        230.73556174001385,
        230.73556174001385,
        230.73556174001385,
        230.73556174001385,
        230.73556174001385,
        230.73556174001385,
        230.73556174001385,
        230.73556174001385,
        230.73556174001385,
        230.73556174001385,
        230.73556174001385,
        230.73556174001385,
        230.73556174001385,
        230.73556174001385,
        230.73556174001385,
        230.73556174001385,
        230.73556174001385,
        230.73556174001385,
        230.73556174001385,
        230.73556174001385,
        230.73556174001385,
        230.73556174001385,
        230.73556174001385,
        230.73556174001385,
        230.73556174001385,
        230.73556174001385,
        230.73556174001385,
        230.73556174001385,
        230.73556174001385,
        230.73556174001385,
        230.73556174001385,
        230.73556174001385,
        230.73556174001385,
        230.73556174001385,
        230.73556174001385,
        230.73556174001385,
        230.73556174001385,
        230.73556174001385,
        230.73556174001385,
        230.73556174001385,
        230.73556174001385,
        230.73556174001385,
        230.73556174001385,
        230.73556174001385,
        230.73556174001385,
        230.73556174001385,
        230.73556174001385,
        230.73556174001385,
        230.73556174001385,
        230.73556174001385,
        230.73556174001385,
        230.73556174001385,
        230.73556174001385,
        230.73556174001385,
        230.73556174001385,
        230.73556174001385,
        230.73556174001385,
        230.73556174001385,
        230.73556174001385,
        230.73556174001385,
        230.73556174001385,
        230.73556174001385,
        230.73556174001385,
        230.73556174001385,
        230.73556174001385,
        230.73556174001385,
        230.73556174001385,
        230.73556174001385,
        230.73556174001385,
        230.73556174001385,
        230.73556174001385,
        230.73556174001385,
        230.73556174001385,
        230.73556174001385,
        230.73556174001385,
        230.73556174001385
    ],