{
    "testproblem": "quadratic_deep",
    "batch_size": 32,
    "num_epochs": 100,
    "random_seed": 43,
    "weight_decay": null,
    "optimizer_name": "Preconditioner",
    "optimizer_hyperparams": {
        "lr": 3.1622776601683795e-10
    },
    "training_params": {},
    "train_losses": [
        378.8187629945817,
        378.6674184491557,
        106.49565789007372,
        97.21280497889364,
        97.11532346663937,
        93.49645602318549,
        93.32670125653667,
        90.75142005182082,
        90.18156260828817,
        90.72001180341167,
        90.13013285975302,
        91.62379873952558,
        89.3236320249496,
        88.86188310192478,
        88.33836709299395,
        88.05929073210686,
        89.15052918464907,
        88.32932576825542,
        87.83623160085371,
        90.16035633702433,
        89.28587144420993,
        87.70278044669858,
        89.96297208724484,
        89.17326453424269,
        88.13088078652659,
        87.69773470970893,
        90.63668454077936,
        87.23420075447329,
        90.83312496062248,
        88.00112668929562,
        87.38133707354146,
        87.7292960382277,
        87.94182734335622,
        87.13375928325038,
        87.67051524500692,
        87.7157725672568,
        88.66619183940273,
        88.00066548009073,
        88.26322272516066,
        88.7114988757718,
        87.34217416086504,
        88.53958695934665,
        89.30997122487715,
        90.12987173757246,
        87.25857420890561,
        87.07603503811744,
        88.8774893976027,
        87.51482366746471,
        88.48774620794481,
        90.75798674552671,
        88.3764380178144,
        88.10580887333039,
        88.13900166173136,
        90.4965059834142,
        89.6445066390499,
        88.55267703148627,
        88.1156958303144,
        88.26438239312941,
        87.6195555656187,
        87.58179818430254,
        87.74663346813571,
        87.88420572588521,
        88.35264710457095,
        88.08892551545173,
        87.65008249590474,
        88.27877979893839,
        87.74723102200416,
        87.33297581826487,
        91.54870925411102,
        88.34829687303112,
        89.01635988297001,
        89.78193713772681,
        88.66600012010143,
        88.28261886104461,
        89.10811836488786,
        88.45657890073714,
        88.26878381544545,
        88.04275266585812,
        87.5048330983808,
        86.95596338087513,
        88.10961126512096,
        87.74442734256867,
        88.23038950274068,
        88.32007229712701,
        89.03836920953566,
        90.10659888482863,
        88.82344965780935,
        89.4451407155683,
        88.06463204660723,
        89.1427491711032,
        87.94374748968309,
        87.91227722167969,
        88.9166279454385,
        86.94422420378655,
        87.58789554719002,
        90.48878232894405,
        87.36394254622921,
        89.01356752457157,
        87.76354439027848,
        87.77897422544417,
        87.77446894491872
    ],
    "valid_losses": [
        375.7962105043473,
        375.7962105043473,
        104.52974257930633,
        96.09251157699093,
        95.42883473057901,
        91.31222804900139,
        91.20097080353767,
        89.16034157045426,
        88.06994308963898,
        88.33970543646043,
        88.54850202991116,
        90.34244857295867,
        88.1761230960969,
        87.38801476263231,
        86.53568710819367,
        86.0746829125189,
        87.13172223491054,
        87.05888219033518,
        86.49291475357548,
        88.68450755457724,
        87.62977796985257,
        86.41521724577873,
        87.6235609977476,
        87.69437629945817,
        86.45383896366242,
        86.28181039133379,
        89.1552217545048,
        85.68938322990171,
        90.34136667559224,
        86.21654510498047,
        85.84229869227255,
        86.21979424261278,
        86.92401393767327,
        85.47316298946258,
        85.90199107508505,
        85.97494752945438,
        87.12952398484752,
        86.90772591867754,
        86.46078663487589,
        86.51827461488786,
        85.2980223624937,
        86.6858380225397,
        87.78769314673639,
        88.67460017050466,
        85.48157575053554,
        85.27832277359501,
        87.61512953235257,
        85.99347268381426,
        86.78607251567226,
        89.71641343639743,
        86.96791027438256,
        86.75524336291897,
        86.12594259938886,
        89.07344744282383,
        86.97778024981099,
        86.36070448352444,
        86.1862281060988,
        86.62811525406376,
        85.83287294449345,
        85.58233371857673,
        85.89015419252458,
        86.52681609122983,
        87.03406426214403,
        86.65042827975365,
        86.65247935633505,
        87.04529153147051,
        85.86650872999623,
        85.94517910865045,
        88.94424290810862,
        87.06054269113848,
        86.7258047288464,
        87.93276879095262,
        86.64022261096585,
        86.12880411455708,
        86.98713216473979,
        87.74280671150454,
        86.66167892948273,
        86.74171152422505,
        85.9370850593813,
        85.67327930081275,
        86.21474013790008,
        86.21950161841607,
        86.94610841812626,
        87.11543889199534,
        87.12564086914062,
        89.20748163038685,
        86.57815797867313,
        88.16564227688697,
        86.19668308381111,
        87.68274147279801,
        86.18743355043473,
        86.54784540976247,
        86.74955257292717,
        85.52543320194367,
        86.27112480901903,
        89.58216537967805,
        85.54193681286228,
        87.25186329503214,
        86.2619875015751,
        85.80581960370463,
        86.22383019231981
    ],