{
    "weight_decay": null,
    "valid_accuracies": [
        0.09705528846153846,
        0.19731570512820512,
        0.3217147435897436,
        0.37189503205128205,
        0.3971354166666667,
        0.4035456730769231
    ],
    "batch_size": 128,
    "minibatch_train_losses": [
        2.6589659605270777,
        2.659585475921631,
        2.6657605171203613,
        2.651625394821167,
        2.633901834487915,
        2.5612056255340576,
        2.5968587398529053,
        2.5968101024627686,
        2.617980480194092,
        2.4687530994415283,
        2.600846767425537,
        2.5865139961242676,
        2.5541603565216064,
        2.5835249423980713,
        2.5369725227355957,
        2.4617886543273926,
        2.5842056274414062,
        2.57905912399292,
        2.5523359775543213,
        2.5302810668945312,
        2.456723213195801,
        2.6060383319854736,
        2.424823522567749,
        2.666994094848633,
        2.541045665740967,
        2.4440271854400635,
        2.4854884147644043,
        2.468050241470337,
        2.46161150932312,
        2.4312326908111572,
        2.405276298522949,
        2.516505479812622,
        2.3266549110412598,
        2.3016589299226418,
        2.389037847518921,
        2.353285551071167,
        2.3030731678009033,
        2.260141611099243,
        2.2541518211364746,
        2.1441118717193604,
        2.1873152256011963,
        2.1717302799224854,
        2.170666217803955,
        2.173335075378418,
        2.128587007522583,
        2.0572285652160645,
        2.246457099914551,
        2.1884381771087646,
        2.1049015522003174,
        2.077197313308716,
        2.2480359077453613,
        2.1412477493286133,
        2.1463465690612793,
        2.0993728637695312,
        2.1908702850341797,
        2.093031167984009,
        2.097684144973755,
        2.184817314147949,
        2.227567672729492,
        2.145657777786255,
        2.074841022491455,
        2.166741371154785,
        2.1873836517333984,
        2.0142297744750977,
        2.094478130340576,
        2.0650906562805176,
        2.057942966620127,
        2.072479248046875,
        2.021526575088501,
        2.0562267303466797,
        1.977027177810669,
        1.991614818572998,
        1.995957851409912,
        1.9937081336975098,
        1.8901293277740479,
        1.9157735109329224,
        1.97962486743927,
        1.9539387226104736,
        2.0521187782287598,
        1.9487648010253906,
        2.006833791732788,
        2.03672456741333,
        2.075523614883423,
        1.9395464658737183,
        1.9842416048049927,
        2.075895309448242,
        2.0198142528533936,
        1.9332575798034668,
        1.9360185861587524,
        2.101055383682251,
        1.896775245666504,
        1.879675269126892,
        1.9901899099349976,
        1.8928608894348145,
        1.9191417694091797,
        1.9339189529418945,
        2.026008129119873,
        2.055356025695801,
        2.018522262573242,
        1.9613593465242631,
        1.8861185312271118,
        1.9989643096923828,
        2.0662524700164795,
        1.975757360458374,
        1.9239927530288696,
        2.007101058959961,
        1.8911983966827393,
        1.872075080871582,
        2.0189783573150635,
        1.8738173246383667,
        1.883919358253479,
        1.898762822151184,
        1.8928508758544922,
        1.8851851224899292,
        1.8799030780792236,
        1.8951189517974854,
        1.9172987937927246,
        1.8408653736114502,
        1.9335062503814697,
        1.9558197259902954,
        1.9339174032211304,
        1.9157171249389648,
        1.9460108280181885,
        1.9641257524490356,
        1.815587043762207,
        1.762341856956482,
        1.840241551399231,
        1.9619089365005493,
        1.8297959566116333,
        1.9402960538864136,
        1.9208719730377197,
        2.0879993438720703,
        1.9337951174149146,
        1.8679229021072388,
        1.888578176498413,
        1.927567720413208,
        1.9076128005981445,
        1.8907084465026855,
        1.7794963121414185,
        2.022975206375122,
        1.977665901184082,
        1.826832890510559,
        1.925074815750122,
        1.9458810091018677,
        1.9061195850372314,
        1.9334454536437988,
        1.9282572269439697,
        1.813664436340332,
        2.0062975883483887,
        1.8656474351882935,
        1.9306288957595825,
        1.8821196556091309,
        1.9916982650756836,
        1.9165189266204834,
        1.8855392932891846,
        1.977217197418213,
        1.8540074825286865,
        2.0009446144104004,
        1.8895667791366577,
        1.7469929456710815,
        1.8456898927688599,
        1.8595560789108276,
        1.8892195224761963,
        1.8930034637451172,
        1.8297443389892578,
        1.878336530465346
    ],
    "optimizer_name": "PreconditionedSGD_noinit",
    "num_epochs": 5,
    "random_seed": 50,
    "train_losses": [
        2.6589659605270777,
        2.3016589299226418,
        2.057942966620127,
        1.9613593465242631,
        1.9337951174149146,
        1.878336530465346
    ],
    "valid_losses": [
        2.65896715873327,
        2.2711617121329675,
        2.0181330427145348,
        1.876884625508235,
        1.8386259078979492,
        1.8082327002134078
    ],
    "test_accuracies": [
        0.09595352564102565,
        0.1985176282051282,
        0.32502003205128205,
        0.37560096153846156,
        0.39733573717948717,
        0.40544871794871795
    ],
    "train_accuracies": [
        0.09475160256410256,
        0.19200721153846154,
        0.3094951923076923,
        0.3496594551282051,
        0.36217948717948717,
        0.3831129807692308
    ],
    "testproblem": "cifar10_3c3d",
    "test_losses": [
        2.65926032494276,
        2.275069521023677,
        2.020044493369567,
        1.8751685206706707,
        1.8341521727733123,
        1.803504411990826
    ],
    "optimizer_hyperparams": {
        "lr": null
    },
    "training_params": {}
}