{
    "testproblem": "cifar10_3c3d",
    "optimizer_hyperparams": {
        "lr": null
    },
    "batch_size": 128,
    "minibatch_train_losses": [
        2.658828020095825,
        2.6589109897613525,
        2.6614232063293457,
        2.6524274349212646,
        2.6088051795959473,
        2.5445950031280518,
        2.571237564086914,
        2.5718894004821777,
        2.6062841415405273,
        2.539440393447876,
        2.5759902000427246,
        2.471791982650757,
        2.5924477577209473,
        2.562436103820801,
        2.5574803352355957,
        2.5530312061309814,
        2.5441181659698486,
        2.5272984504699707,
        2.43634033203125,
        2.556084632873535,
        2.544175386428833,
        2.481954574584961,
        2.502180814743042,
        2.51716685295105,
        2.5030581951141357,
        2.4836723804473877,
        2.457409143447876,
        2.471104621887207,
        2.556063413619995,
        2.553506851196289,
        2.533521890640259,
        2.5423333644866943,
        2.5216760635375977,
        2.523002865986946,
        2.509878635406494,
        2.5162734985351562,
        2.5071840286254883,
        2.5266764163970947,
        2.5089480876922607,
        2.508458137512207,
        2.4845798015594482,
        2.4262614250183105,
        2.4569973945617676,
        2.4281327724456787,
        2.4516191482543945,
        2.4121651649475098,
        2.299772262573242,
        2.30763840675354,
        2.2823739051818848,
        2.29874849319458,
        2.347167730331421,
        2.2031795978546143,
        2.2272753715515137,
        2.162748336791992,
        2.3134045600891113,
        2.253077507019043,
        2.191863536834717,
        2.232211112976074,
        2.5985851287841797,
        2.2342417240142822,
        2.1863269805908203,
        2.23330020904541,
        2.27632474899292,
        2.2607641220092773,
        2.1839826107025146,
        2.1963694095611572,
        2.1966486130005274,
        2.225093364715576,
        2.2565345764160156,
        2.1016576290130615,
        2.287606954574585,
        2.0346732139587402,
        2.19903302192688,
        2.1411051750183105,
        2.0629286766052246,
        2.1992361545562744,
        2.0178353786468506,
        1.9863628149032593,
        1.9628633260726929,
        2.096559762954712,
        2.0995430946350098,
        2.019066333770752,
        2.096221685409546,
        2.0109498500823975,
        2.0572099685668945,
        2.070847988128662,
        2.0396714210510254,
        2.1104776859283447,
        2.0542023181915283,
        2.0871338844299316,
        2.0828521251678467,
        1.9942889213562012,
        1.891908049583435,
        2.146953582763672,
        1.913956642150879,
        1.9923484325408936,
        1.9651784896850586,
        1.9780917167663574,
        1.8964691162109375,
        1.9898031124701867,
        1.8942455053329468,
        2.1586925983428955,
        1.9497487545013428,
        2.016409397125244,
        2.002382278442383,
        1.9658832550048828,
        1.8903690576553345,
        2.1010849475860596,
        1.9127588272094727,
        2.2084972858428955,
        1.9062962532043457,
        1.8617435693740845,
        1.9657155275344849,
        1.8464694023132324,
        2.0574874877929688,
        1.870581030845642,
        1.9061541557312012,
        2.008878707885742,
        1.8174813985824585,
        1.9022574424743652,
        1.9728699922561646,
        2.009819507598877,
        1.9953715801239014,
        1.838634967803955,
        2.1098554134368896,
        2.0131185054779053,
        2.0448715686798096,
        2.013493537902832,
        1.9885649681091309,
        1.8345776796340942,
        1.8773654699325562,
        1.9573345184326172,
        1.9465890756020179,
        1.8511662483215332,
        1.9031795263290405,
        1.9322922229766846,
        2.0229198932647705,
        2.0138657093048096,
        1.8275861740112305,
        2.030757188796997,
        1.8143151998519897,
        1.9221222400665283,
        1.8768222332000732,
        1.851394534111023,
        1.827315092086792,
        1.8385734558105469,
        1.934203028678894,
        1.8684061765670776,
        1.9925652742385864,
        1.9002065658569336,
        1.7721959352493286,
        1.795074224472046,
        1.905898928642273,
        1.951546549797058,
        1.9269970655441284,
        1.8602945804595947,
        1.8296891450881958,
        1.994938850402832,
        1.912778377532959,
        1.9070913791656494,
        1.9548695087432861,
        1.9203579425811768,
        1.7915078401565552,
        2.0042271614074707,
        1.9264620542526245,
        1.9077522647686493
    ],
    "valid_accuracies": [
        0.09965945512820513,
        0.14322916666666666,
        0.26612580128205127,
        0.34354967948717946,
        0.3798076923076923,
        0.39833733974358976
    ],
    "valid_losses": [
        2.65814759181096,
        2.517864893644284,
        2.153650788160471,
        1.9279131232163844,
        1.8597409572356787,
        1.818372021882962
    ],
    "train_accuracies": [
        0.09505208333333333,
        0.12720352564102563,
        0.2562099358974359,
        0.3343349358974359,
        0.34845753205128205,
        0.3737980769230769
    ],
    "training_params": {},
    "random_seed": 45,
    "num_epochs": 5,
    "weight_decay": null,
    "test_accuracies": [
        0.10016025641025642,
        0.1424278846153846,
        0.27193509615384615,
        0.3449519230769231,
        0.375400641025641,
        0.39513221153846156
    ],
    "test_losses": [
        2.658218026161194,
        2.5166328900899644,
        2.152362270232959,
        1.92389764999732,
        1.8597206289951618,
        1.8200520613254645
    ],
    "optimizer_name": "PreconditionedSGD_noinit",
    "train_losses": [
        2.658828020095825,
        2.523002865986946,
        2.1966486130005274,
        1.9898031124701867,
        1.9465890756020179,
        1.9077522647686493
    ]
}