{
    "valid_accuracies": [
        0.09094551282051282,
        0.28756009615384615,
        0.4545272435897436,
        0.4974959935897436,
        0.5534855769230769,
        0.5642027243589743
    ],
    "num_epochs": 5,
    "test_losses": [
        2.65878819502317,
        2.1242150587913318,
        1.75259919044299,
        1.6362806069545257,
        1.5291059827193236,
        1.465693513552348
    ],
    "train_losses": [
        2.6587606271107993,
        2.2018053195415397,
        1.8701221621953523,
        1.7348249845015697,
        1.6247828572224348,
        1.5326601664225261
    ],
    "testproblem": "cifar10_3c3d",
    "optimizer_hyperparams": {
        "lr": null
    },
    "random_seed": 48,
    "optimizer_name": "PreconditionedSGD_noinit",
    "test_accuracies": [
        0.09364983974358974,
        0.2926682692307692,
        0.4524238782051282,
        0.49589342948717946,
        0.5431690705128205,
        0.5662059294871795
    ],
    "train_accuracies": [
        0.09194711538461539,
        0.27493990384615385,
        0.41877003205128205,
        0.4664463141025641,
        0.5172275641025641,
        0.5419671474358975
    ],
    "batch_size": 128,
    "weight_decay": null,
    "training_params": {},
    "minibatch_train_losses": [
        2.6587606271107993,
        2.6602892875671387,
        2.6542131900787354,
        2.6488912105560303,
        2.624433994293213,
        2.5384907722473145,
        2.5733449459075928,
        2.5645666122436523,
        2.477754592895508,
        2.4481568336486816,
        2.4662046432495117,
        2.652111291885376,
        2.3825008869171143,
        2.450007200241089,
        2.3881471157073975,
        2.329603672027588,
        2.2678589820861816,
        2.4077582359313965,
        2.431567907333374,
        2.2578535079956055,
        2.3267204761505127,
        2.3003365993499756,
        2.3709681034088135,
        2.4738945960998535,
        2.518918991088867,
        2.3316967487335205,
        2.1381757259368896,
        2.3147506713867188,
        2.1656057834625244,
        2.2392444610595703,
        2.1513376235961914,
        2.3630530834198,
        2.060209274291992,
        2.2018053195415397,
        2.1703507900238037,
        2.1387691497802734,
        2.0266635417938232,
        2.199427366256714,
        2.0414624214172363,
        2.0307531356811523,
        1.9892959594726562,
        1.9133449792861938,
        1.9814388751983643,
        2.0801494121551514,
        1.8273816108703613,
        1.972848653793335,
        1.9121243953704834,
        2.0054097175598145,
        1.9146500825881958,
        1.9535893201828003,
        1.8569920063018799,
        1.8516548871994019,
        1.8985249996185303,
        1.953230381011963,
        1.9777414798736572,
        1.8702898025512695,
        1.8506847620010376,
        2.0113580226898193,
        1.8087732791900635,
        1.8536049127578735,
        1.8040122985839844,
        1.7140122652053833,
        1.8412469625473022,
        1.8543102741241455,
        1.7761833667755127,
        1.8536689281463623,
        1.8701221621953523,
        1.7365436553955078,
        1.8466784954071045,
        1.8638502359390259,
        1.6474220752716064,
        1.916102409362793,
        1.6885408163070679,
        1.767071008682251,
        1.8009393215179443,
        1.6183257102966309,
        1.815568208694458,
        1.7716752290725708,
        1.6448700428009033,
        1.6350836753845215,
        1.7775863409042358,
        1.8273932933807373,
        1.8245222568511963,
        1.8567485809326172,
        1.8893065452575684,
        1.8098359107971191,
        1.6302999258041382,
        1.860409140586853,
        1.7207632064819336,
        1.8148820400238037,
        1.8295345306396484,
        1.7417253255844116,
        1.5408523082733154,
        1.7990612983703613,
        1.8595681190490723,
        1.656674861907959,
        1.6181862354278564,
        1.5608839988708496,
        1.7035773992538452,
        1.7348249845015697,
        1.6992876529693604,
        1.533064365386963,
        1.766919732093811,
        1.6995618343353271,
        1.6569184064865112,
        1.5818867683410645,
        1.6595609188079834,
        1.707037329673767,
        1.635131597518921,
        1.5227699279785156,
        1.6705081462860107,
        1.4385274648666382,
        1.6082279682159424,
        1.637424111366272,
        1.6144658327102661,
        1.6579272747039795,
        1.560921549797058,
        1.7028398513793945,
        1.506683588027954,
        1.741094708442688,
        1.625901699066162,
        1.6680983304977417,
        1.5098636150360107,
        1.5622906684875488,
        1.5602189302444458,
        1.61182701587677,
        1.7164369821548462,
        1.7045302391052246,
        1.5845729112625122,
        1.6775847673416138,
        1.5701167583465576,
        1.7089649438858032,
        1.6247828572224348,
        1.737802267074585,
        1.5671201944351196,
        1.556947946548462,
        1.760034203529358,
        1.5287861824035645,
        1.5759754180908203,
        1.6040061712265015,
        1.7355258464813232,
        1.9235485792160034,
        1.625185251235962,
        1.518449306488037,
        1.589785099029541,
        1.6249313354492188,
        1.6081703901290894,
        1.7145612239837646,
        1.5011650323867798,
        1.486493468284607,
        1.5474038124084473,
        1.5424541234970093,
        1.5015716552734375,
        1.5663790702819824,
        1.4839744567871094,
        1.5435230731964111,
        1.6192216873168945,
        1.589005708694458,
        1.4926786422729492,
        1.4347364902496338,
        1.45844566822052,
        1.5196423530578613,
        1.5889441967010498,
        1.535272240638733,
        1.5890374183654785,
        1.5326601664225261
    ],
    "valid_losses": [
        2.6589441849635196,
        2.131555337172288,
        1.7565275568228502,
        1.636724829673767,
        1.5221918515669994,
        1.4544234627332442
    ]
}