{
    "testproblem": "quadratic_deep",
    "batch_size": 32,
    "num_epochs": 100,
    "random_seed": 43,
    "weight_decay": null,
    "optimizer_name": "Preconditioner",
    "optimizer_hyperparams": {
        "lr": 1e-08
    },
    "training_params": {},
    "train_losses": [
        582.5528131300404,
        581.8424584173387,
        107.7415020850397,
        99.20999686948714,
        95.21917921496976,
        92.87057372062436,
        92.11131729618195,
        91.11025877921811,
        89.44846860824093,
        89.77503991896107,
        88.71204671552104,
        89.72350409723097,
        88.17073723577684,
        88.68397841915008,
        89.03285931002709,
        87.88020964591733,
        87.98793349727508,
        87.63333228326613,
        87.68077407344695,
        89.63845603696761,
        88.27258965276903,
        86.98297266806325,
        88.23490659652218,
        86.97713790401336,
        89.16341523201235,
        87.58845520019531,
        87.37426487092048,
        87.31597358949723,
        88.35383556735131,
        87.73548766105405,
        88.67249298095703,
        88.12921117967174,
        87.97849741289693,
        87.50941910282258,
        86.97724176222279,
        88.02071995888987,
        87.85517735635081,
        86.92286436019405,
        89.46005027524886,
        87.62230337819746,
        87.88170796055948,
        86.86881600656817,
        87.9158470399918,
        90.0445071804908,
        87.73550513482863,
        87.73471093946888,
        88.87423607610887,
        88.47413758308657,
        88.28583280501827,
        87.2901591639365,
        87.622315437563,
        88.17747940555695,
        86.93679612682712,
        87.23818846671811,
        88.85983104090536,
        87.59383736887285,
        87.08413819343814,
        88.1790527835969,
        87.73888889435798,
        87.99452923190209,
        86.72877674718058,
        88.78930147232548,
        87.72831356909967,
        87.95758401193926,
        87.5277333413401,
        87.89845891152659,
        88.66385675245716,
        87.16926057877079,
        88.20873654273248,
        87.67952137608683,
        87.7942374444777,
        88.41548919677734,
        86.92126538676601,
        88.30752760364163,
        86.81602773358745,
        89.84783837103075,
        87.2567899150233,
        86.52786304104713,
        87.15295336323399,
        86.9969487344065,
        87.13148990754158,
        87.85450547741306,
        87.83346188452936,
        87.45303763112715,
        87.5412363852224,
        88.84199597758632,
        87.5336416921308,
        87.74464613391507,
        88.26918029785156,
        86.44834161573841,
        88.2190411475397,
        87.91504743022304,
        88.01026005898753,
        87.78910138530117,
        87.27013618715348,
        88.33686361005229,
        86.74485828030494,
        87.79331847160093,
        86.85055541992188,
        87.19068834858555,
        87.06920476113596
    ],
    "valid_losses": [
        578.1544701360887,
        578.1535329511089,
        104.77972362887475,
        96.55882780013546,
        93.20919086087135,
        91.08631749306956,
        90.56038542716733,
        88.74792825022051,
        87.08461367699408,
        87.5655042586788,
        86.44007701258505,
        87.87789867770287,
        85.72606511269846,
        86.19519461354902,
        87.27578341576361,
        85.70992918937436,
        85.81004801104146,
        85.61871362501576,
        85.47891702959615,
        86.77959639026272,
        85.63276057089529,
        84.83014039070376,
        86.1028570359753,
        84.91621448147681,
        87.22902457944808,
        85.15750712733114,
        85.67043575163811,
        85.03723366029801,
        86.31441547024635,
        85.61863142444241,
        86.54160087339339,
        85.65064485611454,
        85.49485261978641,
        85.09558450022051,
        85.36041407431325,
        85.8205074187248,
        85.76244477302798,
        84.70570250480405,
        87.20557698895854,
        85.79929819414693,
        86.41178721766317,
        84.5953615250126,
        86.07871344781691,
        88.17912710866621,
        85.68501921622983,
        85.40878492786038,
        86.41024337276336,
        86.15386101507372,
        86.23387145996094,
        85.00603755827873,
        85.81563248172883,
        86.52694209929436,
        84.68217320596018,
        85.07667418449155,
        86.53217561783329,
        84.80601624519595,
        85.04038927631993,
        85.65583161384829,
        85.77809881394909,
        85.8257323234312,
        84.28917103428995,
        86.12269493841356,
        85.2717750303207,
        85.46238831550845,
        85.22867264286164,
        85.37819105579007,
        85.85524651312059,
        85.38299954322076,
        86.26217232981035,
        85.58260566957536,
        85.29196339268839,
        85.7137687436996,
        84.46923458960748,
        85.70285969395792,
        84.66725503244707,
        87.79513106807586,
        84.97612417897871,
        84.52960648075226,
        84.90303580991683,
        84.98401715678554,
        84.80351011214718,
        85.80821031139743,
        85.18808106453189,
        84.59031603413243,
        85.34111933554372,
        86.46364027454007,
        85.60502033848917,
        85.97699294551727,
        86.4374015561996,
        84.34962980208859,
        86.58693522791708,
        85.35940059538811,
        85.28823040377709,
        86.26409198391822,
        85.20849240210748,
        86.12912331857989,
        84.95146006922567,
        85.82874888758505,
        84.44164226901147,
        84.49346899217174,
        85.21072092363912
    ],