{
    "testproblem": "quadratic_deep",
    "batch_size": 32,
    "num_epochs": 100,
    "random_seed": 43,
    "weight_decay": null,
    "optimizer_name": "Preconditioner",
    "optimizer_hyperparams": {
        "lr": 1e-90
    },
    "training_params": {},
    "train_losses": [
        161.2472863966419,
        161.62564529911165,
        104.54444860642955,
        98.68861561436808,
        95.03597357965285,
        92.89078841670867,
        93.2222659203314,
        91.13695747621598,
        89.8917950045678,
        90.14498113816784,
        88.77240236343876,
        88.27361420662173,
        88.02096459173387,
        88.32313734485257,
        88.4976572836599,
        87.34516931349232,
        87.58810178695187,
        86.80497298702117,
        87.41534300773374,
        86.98720402871409,
        86.61882117486769,
        86.94371426490045,
        87.73366275910408,
        86.97799904115739,
        86.98025611139113,
        86.91550814720893,
        86.84033941453502,
        86.45301080519154,
        87.10977788125315,
        87.61529122629473,
        87.10585021972656,
        86.1502190866778,
        87.73080345892137,
        87.97977865895918,
        88.49578069871471,
        86.9559791318832,
        87.04920590308404,
        86.43096136277721,
        86.29817790369833,
        86.35652923583984,
        86.58456224010837,
        87.66817498976185,
        89.62003301805065,
        87.87208901682207,
        86.27549965150895,
        87.86451105917654,
        86.26936438775832,
        87.1145277946226,
        87.31697328629032,
        86.47852079329952,
        87.09903840095767,
        86.32127823368195,
        86.47793603712513,
        88.29413949289629,
        86.3997059483682,
        86.09094681278351,
        86.28119068761026,
        86.57425911195817,
        87.31700971049648,
        86.4946020803144,
        86.73984650642642,
        87.46178387057397,
        86.20471659014302,
        86.3975111438382,
        87.19182562058971,
        85.93556705597908,
        87.75367638372606,
        86.43325608776462,
        86.5876959523847,
        86.83841114659464,
        88.7500986899099,
        86.0624731740644,
        87.69678891089654,
        87.62696715324155,
        86.85515988257623,
        87.3618639053837,
        88.69547173284715,
        86.21339588780558,
        86.86655499858242,
        86.05285373810798,
        88.24064020956716,
        86.61610215710056,
        86.24241121353641,
        86.76986497448337,
        86.64056076542023,
        86.22614386773878,
        87.1250236265121,
        88.25450897216797,
        88.6169928273847,
        86.51241917763987,
        89.42105077928112,
        87.20007693383002,
        87.30185231854838,
        86.93055848152407,
        87.52132071218183,
        86.56170678907826,
        86.90815045756679,
        86.5752442882907,
        85.98417503603044,
        87.26663478728264,
        86.07937818957913
    ],
    "valid_losses": [
        161.85835758332283,
        161.85835758332283,
        103.4144518452306,
        97.617919429656,
        93.4840329077936,
        91.92643245573967,
        92.00438124133694,
        90.18924639301915,
        89.12572454637096,
        88.58364056002709,
        87.27378131497291,
        87.14589666551159,
        86.88275564870527,
        87.33245997275075,
        87.49110141877205,
        86.47942056963521,
        86.30828758978075,
        85.33302257907006,
        85.97510380898753,
        86.08745279619771,
        85.45660400390625,
        85.48826869841545,
        86.31490645870086,
        85.39301004717427,
        85.63376715875441,
        85.7946046398532,
        85.71214909707346,
        84.78116927608367,
        85.75821095128214,
        86.73376071068549,
        86.25669540897492,
        85.34129973380796,
        86.22859487225932,
        86.98119009694746,
        87.15930471112651,
        85.8544456728043,
        85.94188001078945,
        84.98609087544102,
        84.96373773390248,
        85.26567717521421,
        85.68072115990424,
        86.3738745412519,
        88.11337034163937,
        86.86481032832977,
        84.89596656060988,
        86.95679203156502,
        85.08495109311995,
        85.55945710212954,
        86.05413424584174,
        84.99291573801348,
        85.32970354633946,
        84.75670303836945,
        85.05721627512285,
        86.99656898744645,
        85.13122140207598,
        84.67568822060862,
        85.32406247046686,
        85.32273864746094,
        86.2155284266318,
        85.46670802947014,
        85.71169084118259,
        86.16643474948022,
        84.96968423166582,
        84.86023515270603,
        86.09700529036984,
        84.76551326628655,
        86.49429247456212,
        85.28234567949849,
        85.94343000842679,
        85.85163042622227,
        87.52818889002646,
        84.7276596561555,
        86.25518995715726,
        86.65550822596396,
        85.6375250047253,
        86.34855553411668,
        87.37560370660597,
        84.80082456527218,
        85.62957000732422,
        84.89292292441091,
        86.95183932396674,
        85.01266011884135,
        84.96895402477634,
        85.6771259923135,
        85.36423763152092,
        85.09319748417023,
        86.19656667401713,
        87.21413200132308,
        86.84368231988722,
        85.03276111233619,
        87.93030031265751,
        86.40079842844317,
        86.132326187626,
        85.39282398839151,
        86.32159030052924,
        85.18035765617124,
        85.41106857792023,
        85.3324712937878,
        84.77285495881111,
        86.14666009718373,
        84.7559076124622
    ],