{
    "testproblem": "quadratic_deep",
    "batch_size": 32,
    "num_epochs": 100,
    "random_seed": 43,
    "weight_decay": null,
    "optimizer_name": "Preconditioner",
    "optimizer_hyperparams": {
        "lr": 1e-06
    },
    "training_params": {},
    "train_losses": [
        298.940667921497,
        299.1289830361643,
        104.32442351310483,
        99.05880220474735,
        94.95821429837135,
        93.29630279541016,
        91.98839126094695,
        90.60341348955708,
        89.45341368644468,
        89.89813970750377,
        88.96207920197517,
        88.47052764892578,
        88.61551666259766,
        89.3725834508096,
        88.44252530990109,
        88.44288462977255,
        88.7626212335402,
        88.48084135978452,
        87.85528441398374,
        88.99069287700038,
        88.26446483981225,
        88.36290790188697,
        89.74092003606981,
        88.09624481201172,
        88.75830939508253,
        90.21763143231792,
        88.10537695115612,
        88.48045029178742,
        89.3521487328314,
        87.62586876653856,
        90.1061280773532,
        86.95718285345262,
        88.30131530761719,
        88.23280039141255,
        88.75848979334677,
        87.49261548442226,
        88.37301069690335,
        87.19937626008064,
        88.10584702030305,
        90.20961121589907,
        88.51790840395036,
        87.5089586319462,
        89.19713789416897,
        87.47264492896295,
        87.64150681034211,
        88.71587248771421,
        88.3847885131836,
        87.965821789157,
        88.71469608429939,
        87.84640379874936,
        86.74928775910408,
        87.72867535006615,
        88.24298661754978,
        88.11959912700038,
        89.23399106917843,
        88.54574068130985,
        89.09674859816029,
        89.50941614950857,
        87.78687827817855,
        88.04303446123677,
        88.49762922717679,
        87.82740685247606,
        87.02926168134135,
        89.03399855090726,
        87.79847815728957,
        87.81682389782321,
        87.14817293228641,
        87.76538824266002,
        87.1685045303837,
        88.47835442327684,
        87.69517074092742,
        87.27385367116621,
        89.21317340481666,
        88.05269425915134,
        88.67308315154045,
        87.73701993880734,
        87.08898679671749,
        88.58848153391192,
        88.30368583433089,
        88.52812170213268,
        88.97140207598287,
        87.93980875322896,
        87.8624262655935,
        89.33004022413685,
        88.3480460874496,
        88.78189136135963,
        89.59572970482611,
        88.08594365273753,
        89.28404432727444,
        88.47059582125756,
        87.5963651595577,
        87.88113747873614,
        88.48595576132497,
        88.58441088276524,
        89.12773058491368,
        89.01154155115927,
        87.64805849136845,
        91.0856665334394,
        87.90600512104649,
        87.21075537896925,
        88.74975019885647
    ],
    "valid_losses": [
        294.685304703251,
        294.64393664944555,
        104.06731931624874,
        98.53509767593876,
        94.64494791338521,
        92.82393646240234,
        91.41610791606288,
        89.66082369896674,
        88.84489367085118,
        89.44476170693675,
        88.75604740265877,
        88.27964438161543,
        88.11102122645224,
        88.82163410802042,
        87.77242426718435,
        87.98097179782006,
        87.62999996062248,
        88.25948013797883,
        88.23818723617062,
        88.3403566422001,
        87.88060538999495,
        88.1851786951865,
        89.25884911321825,
        87.26144655289188,
        87.80997860816217,
        89.89742795882687,
        87.71701222081339,
        87.64148638325352,
        88.4634544618668,
        87.51936561830583,
        90.111572757844,
        86.79320747621598,
        88.35281175182712,
        87.53831506544545,
        88.16062656525642,
        86.69782306301978,
        88.78960615588772,
        86.49280769594255,
        87.53035514585433,
        90.53367811633694,
        88.04507790842364,
        87.13812920355028,
        88.96966823454827,
        86.80138692548198,
        87.17704920614919,
        87.42006535683909,
        87.88883406116116,
        87.4320585189327,
        87.74477952526462,
        87.77315373574534,
        86.44939693327873,
        87.18062493108934,
        87.27447829707977,
        88.04620755103326,
        89.02715793732673,
        87.31314062303112,
        88.58750964749244,
        89.79773539881552,
        87.37124633789062,
        87.66216893349925,
        88.1969732469128,
        87.38360989478326,
        86.55495231382308,
        88.58578761931389,
        87.85825520177042,
        87.02994709630167,
        86.31680593182963,
        87.08435403147051,
        86.43999407368321,
        88.29382594939202,
        87.41649701518398,
        87.12816890593498,
        87.92912194036668,
        87.4361801147461,
        88.10481902091733,
        87.32100751323085,
        86.87405395507812,
        88.5095473258726,
        87.7603769610005,
        89.03038320233745,
        88.26836419874623,
        87.74319925615865,
        86.9420397358556,
        88.00724472538117,
        88.38977173836001,
        88.70437892790764,
        89.03636809318296,
        87.94623762561429,
        88.71966035904423,
        87.82884511639995,
        86.67196212276336,
        87.25294445407006,
        88.49709640010711,
        88.95634189728767,
        88.80419848042149,
        88.82874642649004,
        87.1564449187248,
        91.04058567170173,
        87.71668366462954,
        86.94261218655494,
        88.24147279800907
    ],