{
    "testproblem": "quadratic_deep",
    "batch_size": 32,
    "num_epochs": 100,
    "random_seed": 43,
    "weight_decay": null,
    "optimizer_name": "Preconditioner",
    "optimizer_hyperparams": {
        "lr": 3.162277660168379e-06
    },
    "training_params": {},
    "train_losses": [
        325.0758539015247,
        325.30967072517643,
        103.97986996558404,
        98.75600704070061,
        95.49581540015436,
        93.60186595301474,
        90.56619287306263,
        89.66579658754411,
        88.84269000637916,
        89.09674687539378,
        88.89637608681956,
        87.59939230642011,
        89.72322919291835,
        87.99076523319367,
        87.10838096372542,
        89.82545717300907,
        88.18153135238155,
        88.39877393168788,
        87.13485643940587,
        88.89888812649635,
        88.07063195013231,
        87.15999406383884,
        86.72003715269027,
        87.69431329542591,
        88.1266381048387,
        87.68690835275957,
        87.13455224806263,
        88.6628649311681,
        88.35024064587009,
        89.33641372188445,
        86.88086454329952,
        86.5418184341923,
        86.39666846490675,
        86.90689652965915,
        86.80284832369897,
        87.14726971041772,
        86.48270637758317,
        87.01272952172064,
        86.86287147768083,
        87.62483166110131,
        86.63140475365424,
        86.78939622448337,
        85.98157009001702,
        88.14651513868763,
        88.87729693997291,
        86.73867945517263,
        89.45485071982107,
        86.53537799466041,
        87.37068594655683,
        87.17255647720829,
        86.9857642881332,
        86.64832084409652,
        88.88433468726373,
        87.0318357406124,
        87.08018518263295,
        86.35756117297757,
        86.52473474317982,
        87.48355939311367,
        87.16754322667276,
        87.108397945281,
        87.33156142696258,
        87.31792696060673,
        86.2844976609753,
        87.32208571895477,
        87.52848372920867,
        86.16532381119266,
        86.50919194375315,
        87.23141208771736,
        85.87036305089151,
        87.84010561050907,
        87.9418184834142,
        87.29154919039819,
        86.81192828762916,
        86.4114239600397,
        87.15963056010585,
        86.47742609823904,
        88.14721261301348,
        87.2572011639995,
        87.51682552214592,
        88.2430183656754,
        89.3285640593498,
        86.29701602074408,
        87.57059577203566,
        86.25361214914629,
        88.62991972892515,
        86.52254830637285,
        86.40257410849294,
        87.81813566146359,
        86.94634837488974,
        87.24067835653982,
        88.07017123314643,
        86.64598280383694,
        86.73113742951423,
        87.90023606823337,
        86.48386727609942,
        88.42308118266445,
        87.20350893082157,
        86.7687752016129,
        86.3236325171686,
        87.47009892617503,
        86.25254624889743
    ],
    "valid_losses": [
        326.2157927482359,
        326.08192000850556,
        103.08561558877268,
        97.14979750110257,
        94.39021744266633,
        92.68417087677986,
        89.53582886726626,
        88.9493144865959,
        87.31612543905935,
        88.17193677348476,
        88.0342783774099,
        86.8317359185988,
        88.52787682317918,
        87.14637953235257,
        85.88993540117818,
        88.5200899185673,
        87.10790105019846,
        86.98684790826613,
        86.1416269117786,
        88.30684415755734,
        87.4241689866589,
        86.80518857894405,
        85.8320561070596,
        86.59559114517704,
        87.54991149902344,
        87.2977536109186,
        86.07778807609311,
        87.26936832551033,
        87.72959776847593,
        88.00500069895098,
        86.37725559357673,
        85.57828349451864,
        85.70572908463016,
        85.78953847577495,
        85.84960100727696,
        86.60486479728452,
        85.58296302057082,
        85.76826673938382,
        86.23746318201864,
        87.1793232579385,
        85.38250535534274,
        85.80370699974799,
        85.23062749062815,
        87.42720597790134,
        88.95497303624308,
        86.18187984343498,
        88.94166195777154,
        85.29785673079952,
        86.91212611044607,
        86.1062491632277,
        86.14869271555254,
        85.80265242053616,
        87.92598330590033,
        85.8433847735005,
        85.80117970128214,
        85.7508065008348,
        85.45155679025957,
        86.08944456038937,
        86.18245573966733,
        85.71250546363092,
        86.41361531903667,
        86.86686583488218,
        85.052734375,
        86.96673264042023,
        86.35057560090095,
        84.81378223050025,
        85.39255942067793,
        86.60101810578377,
        85.11324064193234,
        86.58158136183216,
        86.83150728287235,
        85.90305968253843,
        85.6481702250819,
        85.83645703715663,
        85.94596518239668,
        85.48388056601247,
        87.90883070422757,
        86.69009694745463,
        86.51580539826423,
        87.80186733122795,
        88.14212454518965,
        85.42155924151021,
        86.56376574116368,
        84.99382806593373,
        86.75475114391696,
        85.40094387915826,
        85.31783147012034,
        86.97407876291582,
        85.95244598388672,
        86.66469303254158,
        86.78006252165764,
        85.44435267294607,
        85.56558153706212,
        87.46184687460622,
        85.503173335906,
        86.68602334299395,
        86.23080272059286,
        85.82963217458418,
        85.2282466273154,
        85.81729052143712,
        85.08765460598853
    ],