{
    "testproblem": "quadratic_deep",
    "batch_size": 32,
    "num_epochs": 100,
    "random_seed": 43,
    "weight_decay": null,
    "optimizer_name": "SGD",
    "optimizer_hyperparams": {
        "lr": 1e-07
    },
    "training_params": {},
    "train_losses": [
        210.00240202872985,
        209.81807930238784,
        210.29798200053554,
        210.12398307554184,
        210.1288368471207,
        209.9558868408203,
        210.03854222451486,
        209.77098969490297,
        210.01109018633443,
        209.66080844017768,
        209.60486184397053,
        209.82950222876764,
        209.74193991384197,
        209.86215505292338,
        209.49167805333292,
        209.1995623188634,
        209.93702254756803,
        209.65496383174772,
        209.42690843151462,
        209.62797300277217,
        209.58166060909147,
        209.7541297174269,
        209.44610005040323,
        209.46480289582283,
        209.44065758489793,
        208.93114889821697,
        209.38658240533644,
        209.49884131646925,
        209.5065455282888,
        209.69911193847656,
        208.87162140877015,
        209.36741785849296,
        209.0935289936681,
        209.01806689846902,
        209.61686165102066,
        208.95936584472656,
        209.22466844128024,
        209.0587458456716,
        209.04176330566406,
        208.6245378063571,
        209.05550359910535,
        209.02697064799648,
        209.04146698982484,
        208.69790747857863,
        208.80731299615675,
        209.33441358996976,
        209.1348133702432,
        208.69181528399068,
        208.9428223640688,
        208.73438632103705,
        208.58321700557585,
        208.86393590127267,
        208.9301009639617,
        208.81833820958292,
        208.8161143641318,
        208.73982730988533,
        208.49925576486896,
        208.51134614021547,
        208.38147661762852,
        208.14445298717868,
        208.74056760726435,
        208.64701154155117,
        208.72167131977696,
        208.39862552765877,
        207.9894059704196,
        208.45035922142768,
        208.39970250283517,
        208.23290326518398,
        208.19725725727696,
        208.42827827699722,
        208.26261360414566,
        208.1613552954889,
        207.94023673765122,
        208.03746869487148,
        207.97533835134197,
        207.92957970403856,
        208.24191382623488,
        208.0476561515562,
        208.1878908218876,
        207.96569036668348,
        207.97848264632685,
        207.76382692398565,
        207.72918307396674,
        207.56769094159526,
        207.5958552206716,
        207.54287867392264,
        207.9803186232044,
        207.41308839859502,
        208.03335768176663,
        207.7759315736832,
        207.6757561468309,
        207.21234524634576,
        207.67523636356478,
        207.63566195580268,
        207.44202693816155,
        207.59660782352572,
        207.66414125504033,
        207.3202637703188,
        207.46107335244454,
        207.50897266018777,
        207.4096463111139
    ],
    "valid_losses": [
        205.0477324455015,
        205.02039214103453,
        204.9930410077495,
        204.96570808656753,
        204.93838205645162,
        204.91105405745967,
        204.88372655068673,
        204.85637344852572,
        204.82911485241306,
        204.80179915889616,
        204.7744864186933,
        204.74720271941155,
        204.7199416622039,
        204.69271161479335,
        204.66553177372103,
        204.63829729633946,
        204.6111071186681,
        204.58384507702243,
        204.5566150296119,
        204.5294445407006,
        204.50225140971523,
        204.47508485855596,
        204.44787056215347,
        204.42070745652723,
        204.3935320454259,
        204.36638321415072,
        204.3392314295615,
        204.31201959425402,
        204.28486091859878,
        204.25773029942667,
        204.23060115691155,
        204.2034931798135,
        204.1763945548765,
        204.14930577431954,
        204.12223422142768,
        204.09517349735384,
        204.0680906234249,
        204.04102300828504,
        204.0139637608682,
        203.98689466907132,
        203.95982508505546,
        203.93282244282383,
        203.9057882985761,
        203.8787595687374,
        203.8517062279486,
        203.8246853736139,
        203.79768617691533,
        203.77072241998488,
        203.74376899965347,
        203.71677570958292,
        203.68980998377646,
        203.66288412770916,
        203.63593119959677,
        203.60900386687248,
        203.58211394279235,
        203.55516003024192,
        203.52822039204258,
        203.50130339591735,
        203.4743849231351,
        203.44752403997606,
        203.42061984154486,
        203.3937481295678,
        203.36685968214465,
        203.33999338457662,
        203.3131403769216,
        203.28629376811367,
        203.2594742313508,
        203.23264780352193,
        203.20582432900704,
        203.17899740895916,
        203.15215670677924,
        203.12536670315652,
        203.09854125976562,
        203.07173944288684,
        203.0449499314831,
        203.01818503102947,
        202.99141520838583,
        202.96468377882434,
        202.93794447375882,
        202.91123716292842,
        202.88447816910283,
        202.85775363060736,
        202.831053703062,
        202.8043700187437,
        202.77768781108242,
        202.7510065878591,
        202.72430813697076,
        202.69763675812752,
        202.6709442138672,
        202.64426594395792,
        202.61760982390373,
        202.59097486926663,
        202.56436895555066,
        202.5377443375126,
        202.51114482264364,
        202.48452463457662,
        202.45794136293472,
        202.43129114950858,
        202.4046591481855,
        202.37803453014743,
        202.35146996282762
    ],