{
    "testproblem": "quadratic_deep",
    "batch_size": 32,
    "num_epochs": 100,
    "random_seed": 44,
    "weight_decay": null,
    "optimizer_name": "SGD",
    "optimizer_hyperparams": {
        "lr": 0.03162277660168379
    },
    "training_params": {},
    "train_losses": [
        295.2083986343876,
        108.56677541425151,
        94.74392577140561,
        89.1703636415543,
        92.88524529241747,
        93.13479909589213,
        89.45673493416079,
        87.37337986115486,
        90.14115339709866,
        96.65883095033708,
        112.02914428710938,
        88.63760400587513,
        91.49178855649886,
        87.78929359682145,
        102.16086209204889,
        96.06775542228452,
        99.74052576864919,
        89.0325172178207,
        92.37942504882812,
        90.26048992526147,
        88.00044152044481,
        97.7390375444966,
        91.51628777288622,
        93.63124379804057,
        96.19634320659023,
        100.20447146508002,
        91.40103838520665,
        94.03269835441343,
        88.55154689665764,
        95.49145384757749,
        93.24557372062436,
        94.27810570501512,
        95.64307871172505,
        93.23761330881426,
        94.16581553797567,
        101.75703430175781,
        92.02208709716797,
        87.53053652855658,
        86.3702641148721,
        93.427977038968,
        88.42004099199849,
        89.44170970301474,
        88.0833745156565,
        90.49544057538432,
        93.38381908785912,
        94.63156472482989,
        90.21562145602319,
        89.15151952928112,
        88.08075763333228,
        92.14904022216797,
        93.87782164542905,
        100.81090939429498,
        88.60939444265058,
        88.7421148976972,
        96.47350508166897,
        93.86112803797567,
        91.5330335555538,
        96.2054923272902,
        100.83282938311177,
        94.15232479956842,
        92.05694629300025,
        94.62141320013231,
        87.14472543039629,
        101.06983184814453,
        87.7846219462733,
        95.50223762758317,
        90.83709938295426,
        92.4512681038149,
        88.1377942485194,
        90.23353995046308,
        94.32654891475555,
        91.93740007954258,
        86.41686470277848,
        94.25292894917149,
        91.27664775233114,
        89.15365551364037,
        89.93443593671245,
        88.55744515695879,
        92.73224073840726,
        93.39729407525832,
        91.942628429782,
        89.19214802403604,
        87.83206102924962,
        91.90506325998614,
        86.4461423812374,
        92.15999209496283,
        91.0034898327243,
        92.19350187240109,
        92.2753197454637,
        91.74822333551222,
        88.21596404044858,
        91.3573477960402,
        91.52203664472026,
        94.73736203101373,
        92.85488670103011,
        88.87306164157006,
        94.4494875015751,
        97.70739155430948,
        89.91971268192414,
        93.23389360981602,
        98.05108421079574
    ],
    "valid_losses": [
        302.0359142672631,
        107.77672503071446,
        95.06165436775454,
        89.38186670118763,
        93.88768522201046,
        93.09216136317099,
        90.24637579148815,
        87.59512476767263,
        90.40313548426474,
        95.41498245731476,
        111.23629736131237,
        88.74722314650013,
        92.24936823691091,
        87.68854251984627,
        101.32669362714213,
        95.03881515995148,
        101.09456634521484,
        89.54786829794607,
        91.76597915157195,
        89.34602257513231,
        87.84014129638672,
        98.58628426828692,
        91.5027830062374,
        95.0066890101279,
        95.67554350822202,
        99.80311732138357,
        90.77578489242062,
        93.88408956220073,
        88.79513032974735,
        96.55530769594255,
        92.66144463323778,
        95.0701185657132,
        96.07633873724168,
        94.38358405328566,
        94.8374267085906,
        102.54337556900516,
        91.25145672213647,
        87.0721676734186,
        86.46609866234564,
        93.10486578172252,
        88.07710979830834,
        88.99670114824849,
        88.96394914196384,
        90.60491106587071,
        93.24830307499055,
        94.24404685728011,
        89.32900828699911,
        89.52274273287865,
        87.87369881906817,
        92.14571872834236,
        95.04516970726752,
        101.0306886242282,
        87.86584964875252,
        89.10841049686555,
        96.78539448399698,
        93.25180127543788,
        92.52713824856666,
        97.51279474073841,
        101.54080864690965,
        95.03121062247983,
        92.16592358004662,
        94.65903595955142,
        87.35647681451613,
        99.40594162479523,
        87.79605717812815,
        96.3949452061807,
        90.71726595970893,
        92.91962580527029,
        88.64189787833921,
        90.61288009151336,
        95.11456791047127,
        91.62452993085307,
        86.53607423843876,
        93.65140213504914,
        90.60038585047567,
        89.50051092332409,
        89.95413798670614,
        88.5601314421623,
        93.09425058672505,
        93.34131080873551,
        91.34753393357799,
        89.52249243951613,
        88.23875328802293,
        92.39917066020351,
        87.01637957173008,
        92.93201052758002,
        90.45086940642327,
        93.09484223396548,
        92.84138661046183,
        90.86980364399571,
        88.66170304821384,
        91.48535033195249,
        90.79681790259576,
        93.88930019255608,
        93.72780190744707,
        88.7845190725019,
        94.57669707267515,
        97.03118059712071,
        90.06757650067729,
        93.78796829715851,
        96.74427721577305
    ],