{
    "testproblem": "quadratic_deep",
    "batch_size": 32,
    "num_epochs": 100,
    "random_seed": 46,
    "weight_decay": null,
    "optimizer_name": "SGD",
    "optimizer_hyperparams": {
        "lr": 0.03162277660168379
    },
    "training_params": {},
    "train_losses": [
        254.16578871204007,
        110.81084245251071,
        96.62639593308971,
        94.0037366805538,
        96.38476808609501,
        95.40083731374433,
        94.06630411455708,
        90.44393576345136,
        92.76093095348728,
        96.42435824486518,
        95.40655296079574,
        89.84149711362777,
        89.79227152178365,
        91.75976267168599,
        94.6120374125819,
        99.76270048079952,
        95.5839612407069,
        100.43702303978705,
        97.37363113895539,
        89.74169035880796,
        89.69851463071761,
        97.5663082984186,
        93.00280687885899,
        91.13476144113848,
        92.03683520901588,
        91.57204338812059,
        96.4811758225964,
        94.12441081385458,
        91.43428777879284,
        95.33791843537361,
        90.33795904344127,
        102.89737676805065,
        89.7701932845577,
        91.91787867392263,
        93.53343348349294,
        93.08665663196194,
        91.3960435928837,
        91.69991523988786,
        94.9956322946856,
        92.00907454952117,
        90.96637701219127,
        100.12710571289062,
        95.66773051600302,
        91.67830756402785,
        89.65675501669607,
        95.5444567280431,
        93.95069048481602,
        99.25154359879032,
        94.06141244211504,
        96.31299443398753,
        96.85353555986958,
        96.03968589536605,
        95.41947395570817,
        94.31731710126323,
        97.09536767775013,
        93.9295400804089,
        105.94530930057648,
        90.82521475515058,
        94.7659912109375,
        93.7409431703629,
        96.68851101783014,
        95.71375520767704,
        95.35818259946761,
        89.75178872385332,
        89.87959757158833,
        94.75567922284526,
        93.28109962709489,
        92.07551623928931,
        97.1362799367597,
        99.76316808885143,
        92.38551330566406,
        95.68185400193737,
        95.82417961858934,
        95.06446469214654,
        92.01458863289126,
        102.95760665401336,
        91.53591426726311,
        95.27976276028541,
        91.83806831605973,
        91.08111227712324,
        93.91570601924774,
        96.18104011781755,
        93.65178680419922,
        98.0417721656061,
        101.06654308688256,
        94.72454440209174,
        90.89686461417905,
        95.40797596593058,
        92.87732302758002,
        90.28527905864101,
        97.58090751401839,
        94.64838753977129,
        90.44623762561429,
        104.19357496692288,
        92.28293634230091,
        91.6296856787897,
        106.70291236139113,
        97.896974625126,
        90.65760261781755,
        96.39402131111392,
        94.36595916748047
    ],
    "valid_losses": [
        252.97232646326864,
        108.72000122070312,
        96.8837167063067,
        93.67549650130734,
        96.31494657454952,
        94.63990857524257,
        93.18478639664188,
        90.4818115234375,
        93.82331380536479,
        97.09434509277344,
        96.22600801529423,
        89.03043291645665,
        90.35736551592427,
        91.44564548615486,
        94.46865697060862,
        100.33475912770918,
        96.48372305593183,
        101.07409544913999,
        97.65082550048828,
        89.7091295796056,
        90.4994627429593,
        95.79553788708103,
        93.33207210417717,
        91.02939974877143,
        92.21990006969821,
        91.71119985272807,
        95.25716154036984,
        95.54000903714088,
        92.31705770184917,
        96.93322261687248,
        90.08161163330078,
        102.23329827093309,
        90.1671629874937,
        91.44497188445061,
        94.38779670961442,
        93.6686275851342,
        91.27422480429372,
        90.88262619510773,
        95.19824735579952,
        91.53741208968624,
        91.83749168149886,
        101.14717102050781,
        97.01304995629096,
        90.52840423583984,
        89.32513895342427,
        96.16490247172695,
        94.04685506513042,
        100.31378813712827,
        93.1116441295993,
        97.3206792031565,
        95.98646151634955,
        95.26843187885899,
        95.91263284990865,
        92.9059551608178,
        96.53814426545173,
        93.4623287570092,
        105.84112228885773,
        90.8761483469317,
        94.43206491777974,
        93.4413358626827,
        97.995848132718,
        94.9515887844947,
        95.61087356075164,
        90.81144566689768,
        89.93995125063005,
        94.62438177293346,
        93.47935978058845,
        92.09490351523122,
        97.2593519149288,
        100.31200531990298,
        92.22203777682397,
        95.74722536148563,
        94.52320566485005,
        94.71259455527029,
        91.57808562247983,
        104.90833356303554,
        92.04253855059224,
        96.0093514227098,
        91.1786649150233,
        91.72880480366368,
        94.16675050797001,
        95.22361755371094,
        94.73592696651336,
        98.97643575360698,
        100.48168477704448,
        93.11634802049205,
        90.74774932861328,
        96.47561300954511,
        94.18365552348476,
        89.84412753197455,
        98.4150629351216,
        94.26174680648312,
        89.55798684397051,
        103.94677192934098,
        92.2756113852224,
        91.59318099483367,
        105.71715397988596,
        97.27207405336442,
        91.08365434215915,
        97.68362205259261,
        93.81551656415385
    ],