{
    "testproblem": "quadratic_deep",
    "batch_size": 32,
    "num_epochs": 100,
    "random_seed": 52,
    "weight_decay": null,
    "optimizer_name": "SGD",
    "optimizer_hyperparams": {
        "lr": 0.03162277660168379
    },
    "training_params": {},
    "train_losses": [
        257.66199714906753,
        97.3482675860005,
        95.9453609835717,
        89.56815510411417,
        89.4180671938004,
        88.56278794811618,
        86.99858511647871,
        96.38889804963142,
        89.2367671843498,
        87.99667013845136,
        92.55785763648248,
        102.83772696218183,
        93.61108742990801,
        91.37547966741747,
        92.71934706164944,
        88.29702365013861,
        96.06420406218498,
        89.50452078542402,
        96.26402282714844,
        86.9420424430601,
        91.01669360745338,
        92.45851159864857,
        90.76678417574975,
        97.7705548194147,
        89.96924738730154,
        91.70932991273942,
        87.08160105059224,
        88.63140696863974,
        89.78704267932522,
        89.57640518680695,
        94.10289346018145,
        90.91657232469127,
        89.27022060271233,
        86.95985830983808,
        92.25317998086253,
        91.51449461906186,
        91.66194423552483,
        97.63915105019846,
        91.38205989714592,
        90.76454507150957,
        102.59142746463898,
        92.00921163251323,
        91.75741724814138,
        101.64430359871157,
        89.69757129300025,
        96.06286178096649,
        93.10553273847026,
        91.53581213182018,
        92.02247890349358,
        92.44346151044292,
        89.23978448683216,
        92.60807554183468,
        97.79445254418158,
        96.66966026060042,
        89.05223895657447,
        89.15764814807522,
        91.18147450108683,
        89.67092895507812,
        95.48498116770098,
        97.74413841001449,
        88.2753414030998,
        94.57452786353326,
        88.32218933105469,
        89.28708279517389,
        93.00752529021233,
        92.12872806672127,
        89.4468504382718,
        90.80013791976437,
        93.84149145310924,
        85.91121550529233,
        93.61647698187059,
        91.2445563039472,
        87.10602397303427,
        93.4475338843561,
        90.54337556900516,
        87.94378022224673,
        94.59680421890751,
        90.94160830590033,
        91.00409821541079,
        101.08140588575795,
        97.68493996897051,
        91.65650841497606,
        92.83961757536858,
        91.84756371282762,
        95.43821544031942,
        93.32576825541835,
        89.47400419173702,
        93.83954571139428,
        91.09627754457536,
        90.36240411573841,
        92.45779566611013,
        89.9455810054656,
        90.63181427986392,
        94.8185082712481,
        92.18336486816406,
        94.58815346994707,
        90.74385193855532,
        94.38039767357611,
        114.28827101184476,
        100.29721192390689,
        87.61417733469317
    ],
    "valid_losses": [
        258.8835670717301,
        98.2666015625,
        97.74473374889743,
        89.30622223884829,
        89.86891691146359,
        88.91228189776021,
        87.48138280068675,
        97.91088202691847,
        89.28593543268019,
        88.18829936365927,
        93.86929124401462,
        104.05436558877268,
        93.74491586992818,
        91.19665773453251,
        93.72444595829133,
        89.08832648492628,
        96.58845052411479,
        89.21738729169292,
        97.34234791417276,
        87.44974690098917,
        91.77383398240612,
        93.16481657951108,
        92.35142640144595,
        98.52728492982926,
        91.64834594726562,
        92.43365650792276,
        87.7227534632529,
        89.48072125834804,
        88.54344349522745,
        88.53911246022871,
        93.58951174828314,
        90.97033346852949,
        90.53312584661668,
        86.99214615360383,
        92.66021285518524,
        91.45924525107107,
        92.97789222963395,
        97.05042709842805,
        91.56680667015814,
        90.81914864816973,
        104.11417364305065,
        92.48982140325731,
        92.22457368912235,
        102.96548363470262,
        90.08335778021043,
        95.20044019145351,
        93.89031416370022,
        91.4867455267137,
        93.11916228263608,
        92.29381708944997,
        89.4306175478043,
        93.07185388380482,
        97.18346798804498,
        97.86460654966292,
        88.99989589568108,
        89.72037383048765,
        92.07884536250945,
        90.84886120211694,
        93.96567264679939,
        96.32337065665952,
        87.39524521366242,
        94.00693019743889,
        87.98934985745338,
        90.89546449722782,
        92.27186166086504,
        91.82952019476122,
        88.76910326557774,
        90.4188478531376,
        95.97068638955393,
        86.1451893468057,
        93.1488526867282,
        91.41580126362462,
        88.11491098711568,
        92.84509621897051,
        90.67767604704827,
        87.94373567642704,
        92.76441537180254,
        90.48821381599673,
        89.78195338095388,
        101.94473438878214,
        97.33700881465789,
        92.02641025666267,
        91.49327604232296,
        91.86834962906376,
        95.61994171142578,
        94.51310729980469,
        89.37869139640561,
        95.02495550340221,
        92.16615098522556,
        89.78541121944305,
        94.41604737312564,
        90.97998686759702,
        90.34136864446825,
        93.91304040724232,
        92.93189337945753,
        96.84185791015625,
        90.16815062492124,
        95.03558743384576,
        114.60569713961694,
        101.17103035219255,
        87.14882586079258
    ],