{
    "testproblem": "quadratic_deep",
    "batch_size": 32,
    "num_epochs": 100,
    "random_seed": 51,
    "weight_decay": null,
    "optimizer_name": "SGD",
    "optimizer_hyperparams": {
        "lr": 0.03162277660168379
    },
    "training_params": {},
    "train_losses": [
        432.71182546307966,
        96.44543776973602,
        97.24522006127143,
        93.8039819040606,
        97.1173363962481,
        97.24534286991242,
        90.88364927230343,
        97.50274362871724,
        94.00780856224799,
        97.1420147803522,
        91.58664383426789,
        96.62322899603075,
        94.68486982776272,
        88.2275875460717,
        106.74589415519468,
        87.28287136939264,
        94.38457784345073,
        89.44566665157195,
        101.88674705259261,
        93.08777470742503,
        91.10140055994833,
        92.2229232788086,
        92.65127514254662,
        90.2057645243983,
        88.72254599294355,
        91.10310880599484,
        88.04932526619204,
        94.71905591410976,
        90.11081769389492,
        91.51672240226499,
        95.8977776804278,
        95.32195331204322,
        93.43393953384891,
        87.58287171394595,
        93.00223639703566,
        93.36264111918788,
        94.86136922528667,
        91.583494124874,
        91.75839356453189,
        96.22091994747039,
        86.92734158423639,
        87.17140493085307,
        88.81817823840726,
        91.48931121826172,
        86.98561711465159,
        90.12859541370022,
        90.14645213465536,
        99.65648232736895,
        93.63252381355532,
        97.6212655344317,
        88.25175279186618,
        97.60697247905117,
        92.96687341505482,
        89.05692881922567,
        92.9249277422505,
        87.68697726341986,
        90.60200771208733,
        88.34685836299774,
        98.98158067272556,
        96.3697509765625,
        88.10801401445943,
        87.79686835504347,
        90.21886025705645,
        90.34220443233367,
        87.22248372723979,
        89.71607651249055,
        96.45741247361705,
        89.54988934916835,
        91.45189445249495,
        95.13944022886214,
        92.86316705519154,
        95.29970082929057,
        101.08852337252709,
        89.06399314634261,
        93.03360576014364,
        88.22447696808845,
        90.73828248054751,
        90.11349511915638,
        97.65445635395665,
        88.82222698580834,
        94.4369149977161,
        91.66634664227885,
        89.44050819643083,
        94.58444755308089,
        88.67452781431136,
        92.5493405249811,
        89.9014877811555,
        90.64390317855343,
        91.61538622456212,
        91.15161600420552,
        92.00446122692478,
        92.92848254788306,
        89.46065275130734,
        92.33641446021295,
        89.06939475767074,
        92.18085282848728,
        93.4904049288842,
        93.42140640751008,
        95.81414105815273,
        89.91869600357548,
        94.53633856004284
    ],
    "valid_losses": [
        435.3328325825353,
        96.77112825455204,
        96.22706874724358,
        94.02591754544166,
        98.9108406805223,
        96.81007754418158,
        91.16452936972341,
        96.67614204652848,
        93.75700107697517,
        97.2176508749685,
        91.08249221309539,
        95.27720445202243,
        95.09998321533203,
        88.46712247786984,
        105.15881372267201,
        86.72682460661858,
        94.91324664700416,
        90.24693667504096,
        101.68611932569935,
        93.21446031139743,
        90.73450076195502,
        92.00064160746913,
        92.30241221766317,
        90.4099861883348,
        88.70208149571573,
        92.19026504024383,
        88.10287032588836,
        94.28009869975429,
        90.35519606067288,
        92.3435287475586,
        96.2196276264806,
        95.4567627445344,
        93.69386217671055,
        87.85660651422316,
        92.79123097081339,
        93.0694818804341,
        93.88555662093624,
        91.08440620668473,
        92.18687488186744,
        96.03897217781314,
        87.26113620881111,
        86.77281041299143,
        88.06278130315965,
        90.92928781817037,
        86.97387276926348,
        91.26871539700416,
        90.79883624661353,
        99.17772379229146,
        92.8604032454952,
        97.89335090883317,
        88.16265918362525,
        96.94330129315776,
        91.86138571462324,
        88.66127235658708,
        91.96235090686429,
        87.6701901343561,
        90.43386348601311,
        88.41146924418788,
        99.12370152627268,
        96.91266041417276,
        88.12110556325605,
        87.50657063145792,
        89.36037075904107,
        90.31832122802734,
        86.8302964241274,
        89.62510016656691,
        96.43742149106917,
        88.96880192910471,
        92.22984166299143,
        94.87266442083543,
        92.43592071533203,
        95.81252018097908,
        99.9915020850397,
        88.5529268326298,
        93.17383846159905,
        88.33069832094255,
        90.09596498550907,
        91.10272413684476,
        97.22517591907132,
        89.15320070328251,
        95.26825148059476,
        91.99607996786794,
        89.27529759560862,
        94.56871081936744,
        88.55880245085686,
        92.17626879292149,
        89.81797224475491,
        90.0387718446793,
        91.33528506371283,
        91.4619389195596,
        91.97063249157321,
        93.0079355547505,
        89.57199416622039,
        92.21672008883569,
        89.40078563074911,
        91.64920979161417,
        93.3761736962103,
        94.82558170441658,
        95.21925206338206,
        89.92931021413496,
        95.08872272122291
    ],