{
    "testproblem": "quadratic_deep",
    "batch_size": 32,
    "num_epochs": 100,
    "random_seed": 49,
    "weight_decay": null,
    "optimizer_name": "SGD",
    "optimizer_hyperparams": {
        "lr": 0.03162277660168379
    },
    "training_params": {},
    "train_losses": [
        374.1626931467364,
        96.05812466529107,
        94.40796636766002,
        98.35349445958292,
        114.3131844305223,
        92.80916595458984,
        105.28515501945249,
        99.39283875496157,
        93.66119360154674,
        97.45369277461883,
        97.00632009198588,
        93.28077943863407,
        96.36804568383002,
        92.96737031013735,
        101.58707329534715,
        95.27520259734123,
        102.09152024792087,
        96.78713940035912,
        104.28747829314202,
        93.8534442532447,
        94.31082276375064,
        97.24929957236013,
        93.28623839347593,
        93.13559206070438,
        94.07547317012664,
        95.33094369211504,
        94.81632921772618,
        89.35987509450605,
        89.65248304797757,
        93.57865339709866,
        93.56729765861265,
        94.57356705204133,
        94.03263116651966,
        92.56859367124495,
        94.54995555262411,
        104.42775504819808,
        93.92304008237777,
        95.35333916448778,
        98.99425998810798,
        93.48117016207787,
        93.41393452305948,
        90.3621075537897,
        96.62977452431956,
        96.4006844797442,
        93.82115419449345,
        88.82907916653541,
        94.30516569076046,
        102.81338181034211,
        96.69652852704448,
        91.883299304593,
        97.08375918480658,
        96.3291256812311,
        97.94986011135963,
        92.06022028769216,
        97.60076289023122,
        98.66223809026903,
        94.16903588079637,
        91.70045102027154,
        95.86124469387916,
        92.47937996156755,
        92.02288892192226,
        96.21141913629347,
        97.13367634434854,
        107.49464761057207,
        96.41243300899383,
        92.34036968600365,
        97.33477881646925,
        89.50646012829196,
        91.76247381394909,
        93.30856766239289,
        95.00305544945502,
        95.70600325061429,
        91.68848591466104,
        90.1676771102413,
        92.24925478043095,
        101.15645820863786,
        95.10286835701235,
        91.05905151367188,
        98.38271085677609,
        95.74910293086883,
        92.49960819367439,
        95.67169361729776,
        94.96817311932963,
        91.31376303395918,
        89.18549445367628,
        92.13475971837198,
        97.72030713481288,
        94.56015556089339,
        96.64435872723979,
        94.22225287652785,
        92.64111352735951,
        93.78173532793599,
        95.19847894483998,
        91.54319492463142,
        96.80019255607358,
        99.75416491108555,
        91.61888073336694,
        98.57010133804813,
        96.29139044977003,
        97.68256673505229,
        98.6962388561618
    ],
    "valid_losses": [
        373.379148421749,
        94.07993415094191,
        91.82423474711757,
        96.29630082653415,
        111.52815911077684,
        90.59186627787929,
        103.13535825667843,
        96.47957340363533,
        91.36995573966733,
        95.56507627425655,
        95.13167744298136,
        91.20726333125945,
        94.24951664094002,
        90.54754983225176,
        100.31578334685295,
        93.04294635403541,
        99.29367188484439,
        94.41258855019846,
        102.64986296622983,
        91.42381385064894,
        92.7333246046497,
        95.00753021240234,
        90.79294610792591,
        90.8655772055349,
        92.04279056672127,
        93.0597898421749,
        92.22462586433657,
        87.40886688232422,
        87.31397247314453,
        91.44465809483683,
        91.87178187216482,
        92.86165594285534,
        92.14214694115424,
        90.53233928065146,
        91.61995254024383,
        102.27672306183845,
        91.59481270082536,
        92.41935385427168,
        97.08443303262034,
        91.5030032742408,
        91.26392635222405,
        88.65886023736769,
        95.25342313704952,
        94.74703733382687,
        91.46063552364227,
        86.59278402020854,
        92.34408027895036,
        100.83508571501702,
        93.93013591151083,
        89.48980417559224,
        95.35277434318296,
        93.8451163999496,
        95.79463441910282,
        89.70180929860761,
        96.02788888254473,
        95.87714312153477,
        92.15574399886593,
        89.87179147043535,
        93.13096175655242,
        90.33069339875252,
        90.03997507402974,
        94.11612504528415,
        95.60633751653856,
        105.96575115573022,
        94.49670188657699,
        90.27384776453817,
        95.39677010813067,
        87.27431241927609,
        89.48866911857358,
        90.83126240391886,
        92.59049470963016,
        93.13455101751512,
        89.24132365565146,
        88.12484839654738,
        89.46742617699408,
        99.21504925143334,
        93.02422603484123,
        88.93087276335686,
        95.96015364123929,
        93.59737297796434,
        89.97996914771295,
        92.9226563976657,
        92.74646906698904,
        89.16704608548072,
        87.09334441154233,
        90.58624685964277,
        95.17916033344883,
        92.72974494195753,
        94.2060030045048,
        91.77365087693737,
        91.05431415188697,
        91.67830879457536,
        92.95017562373992,
        89.50801209480532,
        94.52398115588772,
        97.68185523248488,
        89.81061504733178,
        95.66055593182963,
        93.75291319816343,
        95.5310292397776,
        96.84612618723223
    ],