{
    "testproblem": "quadratic_deep",
    "batch_size": 32,
    "num_epochs": 100,
    "random_seed": 47,
    "weight_decay": null,
    "optimizer_name": "SGD",
    "optimizer_hyperparams": {
        "lr": 0.03162277660168379
    },
    "training_params": {},
    "train_losses": [
        198.90799688523816,
        94.54717008529171,
        99.62689553537676,
        92.51750699935421,
        93.9546653993668,
        87.66822937996157,
        90.97691123716292,
        94.55578859390751,
        93.96729081676853,
        88.12708971577305,
        89.57520318800404,
        89.10601339032573,
        89.92522824195123,
        88.09653842064643,
        97.69461994786417,
        93.54506043464907,
        93.26695497574345,
        91.89251118321573,
        96.93038522043535,
        93.60237638411984,
        87.19134644539126,
        95.7230492868731,
        93.26894009497857,
        94.94065906155494,
        89.31947892712009,
        95.40054665842364,
        91.92821182743195,
        88.40859591576361,
        90.0932363694714,
        93.90572332566784,
        91.02178044472971,
        93.85325967111895,
        87.33531041299143,
        94.68871405816847,
        87.11598845451108,
        90.3915048414661,
        90.06410734115109,
        92.02650279383505,
        88.7892089351531,
        88.74583361225743,
        90.10417175292969,
        91.29417173324093,
        91.05875790503717,
        94.48830167708859,
        87.1584002587103,
        99.4121332476216,
        89.35741375338647,
        87.38211354901713,
        87.49077581590221,
        92.45727563673451,
        96.28716622629473,
        89.9244150961599,
        92.32996122298702,
        89.00606413810483,
        93.92936361989668,
        95.54844222530242,
        94.08575685562626,
        96.39867573399698,
        87.93914524201423,
        91.45565549788937,
        89.28078682191911,
        94.97789469072896,
        100.75480430356917,
        97.39681071619833,
        90.18059933570123,
        88.49109280493951,
        90.0177270212481,
        96.39301275437877,
        90.78665259576613,
        93.66554727861958,
        88.78858209425404,
        89.92833734327748,
        91.62497908069241,
        92.93248724168346,
        90.61010077691847,
        94.78951878701487,
        92.47198043331024,
        91.04396623180759,
        102.59885800269342,
        93.87669741722846,
        92.41982047788558,
        95.58434098766696,
        90.68571939776021,
        90.35522337882749,
        94.2533936039094,
        95.0139396421371,
        93.09014006583921,
        91.249755367156,
        92.00017449163622,
        91.12460327148438,
        92.34482033021989,
        89.51404153147051,
        93.59356221845073,
        91.93033919795867,
        87.72063815209174,
        89.68013246597782,
        93.30318869313886,
        91.96187025500882,
        87.40170411140689,
        93.22435268279045,
        88.66308889081401
    ],
    "valid_losses": [
        199.96937757922757,
        95.17262588008758,
        101.72489781533518,
        94.26153146066973,
        96.24417877197266,
        88.42773806664252,
        91.28041027438256,
        93.92494177049205,
        93.82371840938445,
        88.39005993258569,
        90.43451739895728,
        89.46236075124433,
        90.03937727405179,
        89.07856922764933,
        97.72630506946194,
        94.4532930927892,
        93.17935279107863,
        93.00380288400957,
        98.64764748850176,
        94.67699629260647,
        87.33229680215159,
        95.74868429860761,
        94.67943425332346,
        94.67877714095577,
        89.86846677718624,
        94.63389193627143,
        92.3100344750189,
        88.64568476523122,
        91.67759704589844,
        95.44059261198967,
        92.20238051875945,
        95.59886390932145,
        88.4114264211347,
        95.40781181089339,
        87.62612102877709,
        90.26200595978767,
        90.62688446044922,
        92.13492830338016,
        89.50536937098349,
        89.63495882095829,
        90.78362815610824,
        91.2320805211221,
        91.80525453629032,
        96.5156481342931,
        88.23881579983619,
        100.0182610788653,
        89.8028810562626,
        87.87891880158455,
        87.55875544394216,
        92.82769676946825,
        96.35801450667843,
        91.57850203975555,
        93.44235770933089,
        90.04591000464654,
        93.72066202471333,
        95.66663385206654,
        95.12918435373614,
        96.65271439090851,
        88.95091198336694,
        91.09325925765499,
        89.80947728310862,
        94.6293199600712,
        101.35360766995338,
        97.27379263600996,
        91.3247323805286,
        89.37597976192352,
        91.19702591434601,
        97.54830095844883,
        90.77735605547505,
        93.44428007064327,
        89.4768821962418,
        90.86270707653415,
        91.59586949502268,
        93.29719838788432,
        90.93074355586883,
        95.83235808341733,
        92.98032674481792,
        92.59426806049962,
        102.6417945123488,
        92.96318718694872,
        92.72913040653351,
        94.7197496967931,
        91.90958995203817,
        91.04887070194367,
        94.71495769869897,
        94.94813094600555,
        92.93259995983493,
        91.44610817201676,
        92.30337475192162,
        91.41095758253529,
        91.81461038897115,
        90.84677616242439,
        94.78009008592174,
        92.78440635435042,
        89.04437649634576,
        90.4979735343687,
        93.03882229712701,
        91.73631434286794,
        87.34034532116306,
        93.36730563256049,
        88.45692788400957
    ],