{
    "testproblem": "quadratic_deep",
    "batch_size": 32,
    "num_epochs": 100,
    "random_seed": 43,
    "weight_decay": null,
    "optimizer_name": "SGD",
    "optimizer_hyperparams": {
        "lr": 1e-90
    },
    "training_params": {},
    "train_losses": [
        400.1790131599672,
        400.332027312248,
        399.9441439720892,
        400.588371030746,
        400.3794112666961,
        399.75972920079386,
        400.1879646547379,
        400.2071513514365,
        400.2876222672001,
        399.83467249716483,
        400.0527068107359,
        399.6451475081905,
        400.17705905052924,
        400.11790712418093,
        399.9706243699597,
        399.7617640341482,
        400.16676182900704,
        399.58366049489666,
        400.0393834267893,
        399.41264195596017,
        399.949953140751,
        399.81774016349544,
        400.1919860839844,
        400.21008596112654,
        400.19834456905244,
        399.51088000882055,
        400.151369156376,
        399.8200043709047,
        399.93927592615927,
        399.9115571052797,
        399.52733095230593,
        400.54090339906753,
        400.27550777312246,
        399.9341666929183,
        399.4671817902596,
        399.74480610509073,
        399.92242037865424,
        399.9737095986643,
        399.89984327746976,
        399.4470933483493,
        399.7853511687248,
        400.0385535455519,
        399.37684680569555,
        399.88909912109375,
        399.6063970750378,
        400.2101509340348,
        400.4541753953503,
        400.3645620038432,
        399.9817130796371,
        400.54305045835434,
        400.2737525201613,
        400.64960307459677,
        400.40012876449094,
        400.22501397901965,
        400.0087605137979,
        400.44913211945567,
        399.7493443642893,
        399.3623795047883,
        400.59305006457913,
        400.31242026052166,
        400.3675261466734,
        400.0092517483619,
        400.3533748503654,
        399.9372814547631,
        399.98093734248994,
        400.32574462890625,
        399.5300519389491,
        400.40199525894656,
        400.18507237588204,
        400.10707338394656,
        400.64611324187246,
        400.3363765593498,
        399.99095793693294,
        399.60950691469253,
        399.5243540117818,
        399.5374775548135,
        399.8607916062878,
        400.23523933656753,
        400.4256089733493,
        400.36153977917087,
        399.47472160093247,
        400.1905743998866,
        400.43189461000503,
        399.7804516207787,
        399.4817554104713,
        399.71287881174396,
        399.546624952747,
        400.2519826581401,
        399.6185017247354,
        400.29241352696573,
        399.80413818359375,
        400.31534108807966,
        400.1987590174521,
        399.5654730027722,
        400.29439520066785,
        400.22925296906504,
        400.3128376622354,
        399.4932182065902,
        400.1199488486013,
        399.89265786447834,
        400.18469927387855
    ],
    "valid_losses": [
        400.5250391806326,
        400.5250391806326,
        400.5250391806326,
        400.5250391806326,
        400.5250391806326,
        400.5250391806326,
        400.5250391806326,
        400.5250391806326,
        400.5250391806326,
        400.5250391806326,
        400.5250391806326,
        400.5250391806326,
        400.5250391806326,
        400.5250391806326,
        400.5250391806326,
        400.5250391806326,
        400.5250391806326,
        400.5250391806326,
        400.5250391806326,
        400.5250391806326,
        400.5250391806326,
        400.5250391806326,
        400.5250391806326,
        400.5250391806326,
        400.5250391806326,
        400.5250391806326,
        400.5250391806326,
        400.5250391806326,
        400.5250391806326,
        400.5250391806326,
        400.5250391806326,
        400.5250391806326,
        400.5250391806326,
        400.5250391806326,
        400.5250391806326,
        400.5250391806326,
        400.5250391806326,
        400.5250391806326,
        400.5250391806326,
        400.5250391806326,
        400.5250391806326,
        400.5250391806326,
        400.5250391806326,
        400.5250391806326,
        400.5250391806326,
        400.5250391806326,
        400.5250391806326,
        400.5250391806326,
        400.5250391806326,
        400.5250391806326,
        400.5250391806326,
        400.5250391806326,
        400.5250391806326,
        400.5250391806326,
        400.5250391806326,
        400.5250391806326,
        400.5250391806326,
        400.5250391806326,
        400.5250391806326,
        400.5250391806326,
        400.5250391806326,
        400.5250391806326,
        400.5250391806326,
        400.5250391806326,
        400.5250391806326,
        400.5250391806326,
        400.5250391806326,
        400.5250391806326,
        400.5250391806326,
        400.5250391806326,
        400.5250391806326,
        400.5250391806326,
        400.5250391806326,
        400.5250391806326,
        400.5250391806326,
        400.5250391806326,
        400.5250391806326,
        400.5250391806326,
        400.5250391806326,
        400.5250391806326,
        400.5250391806326,
        400.5250391806326,
        400.5250391806326,
        400.5250391806326,
        400.5250391806326,
        400.5250391806326,
        400.5250391806326,
        400.5250391806326,
        400.5250391806326,
        400.5250391806326,
        400.5250391806326,
        400.5250391806326,
        400.5250391806326,
        400.5250391806326,
        400.5250391806326,
        400.5250391806326,
        400.5250391806326,
        400.5250391806326,
        400.5250391806326,
        400.5250391806326,
        400.5250391806326
    ],