{
    "testproblem": "cifar10_3c3d",
    "batch_size": 128,
    "num_epochs": 2,
    "random_seed": 43,
    "weight_decay": null,
    "optimizer_name": "PreconditionedSGDlog",
    "optimizer_hyperparams": {
        "lr": null
    },
    "training_params": {},
    "train_losses": [
        3.5788390116813855,
        2.9273503713118725,
        2.625194081893334
    ],
    "valid_losses": [
        3.573911046370482,
        2.808644099113269,
        2.523681041521904
    ],
    "test_losses": [
        3.57312339085799,
        2.795513706329541,
        2.510256583874042
    ],
    "minibatch_train_losses": [
        3.55680251121521,
        3.5486040115356445,
        3.5201711654663086,
        3.468541145324707,
        3.4504952430725098,
        3.3985352516174316,
        3.37811017036438,
        3.357177257537842,
        3.3528013229370117,
        3.105198860168457,
        3.3648014068603516,
        3.1597585678100586,
        3.1269540786743164,
        3.083723545074463,
        3.2091331481933594,
        3.1029090881347656,
        3.0923118591308594,
        3.0577940940856934,
        3.1084675788879395,
        2.9895617961883545,
        3.000948667526245,
        2.870912551879883,
        2.9807472229003906,
        2.9825382232666016,
        2.876591682434082,
        3.003547191619873,
        2.9103012084960938,
        2.8245186805725098,
        3.000154972076416,
        2.881399631500244,
        3.201132297515869,
        2.8531501293182373,
        2.945617198944092,
        2.8643555641174316,
        2.758514642715454,
        2.714423656463623,
        2.8586854934692383,
        2.800748825073242,
        2.7301523685455322,
        2.7267520427703857,
        2.582726001739502,
        2.685004949569702,
        2.5501513481140137,
        2.742384433746338,
        2.6465110778808594,
        2.623250722885132,
        2.587655544281006,
        2.6899311542510986,
        2.74240779876709,
        2.785403251647949,
        2.708014965057373,
        2.6365468502044678,
        2.57722806930542,
        2.685135841369629,
        2.774130344390869,
        2.7952756881713867,
        2.581808090209961,
        2.7471401691436768,
        2.5632190704345703,
        2.5129990577697754,
        2.6112589836120605,
        2.5069427490234375,
        2.7391300201416016,
        2.647308826446533
    ],
    "train_accuracies": [
        0.10476762820512821,
        0.37349759615384615,
        0.483974358974359
    ],
    "valid_accuracies": [
        0.10747195512820513,
        0.4108573717948718,
        0.5043068910256411
    ],
    "test_accuracies": [
        0.10556891025641026,
        0.409755608974359,
        0.51171875
    ],
    "grad_norms": [
        11.312433242797852,
        24.89044761657715,
        13.042242050170898,
        10.943450927734375,
        21.67244529724121,
        11.182103157043457,
        12.456013679504395,
        14.059045791625977,
        14.844254493713379,
        22.7857608795166,
        1.2516082525253296,
        2.6394009590148926,
        443.23809814453125,
        2195.07373046875,
        1.2499920129776,
        0.893204927444458,
        1.0183813571929932,
        1.2734146118164062,
        1.545817494392395,
        1.2271978855133057,
        0.8899590373039246,
        1.2540260553359985,
        1.219814419746399,
        1.2583047151565552,
        1.0911182165145874,
        1.221574306488037,
        1.0686428546905518,
        1.3513597249984741,
        1.4670606851577759,
        1.7873603105545044,
        1.2875381708145142,
        1.1287602186203003,
        1.2198827266693115,
        1.262656569480896,
        1.543578863143921,
        1.8397679328918457,
        1.3463099002838135,
        1.3188707828521729,
        1.4187262058258057,
        1.85689377784729,
        2.3984386920928955,
        3.1560511589050293,
        5.195399284362793,
        3.0415899753570557,
        1.8178343772888184,
        1.5881363153457642,
        1.5112498998641968,
        1.536871075630188,
        1.40206778049469,
        1.6580355167388916,
        1.5320408344268799,
        1.6555485725402832,
        1.6772160530090332,
        1.8449006080627441,
        2.5611581802368164,
        2.972318172454834,
        3.864130735397339,
        2.5275332927703857,
        1.6195068359375,
        1.3648486137390137,
        2.022854804992676,
        2.45341420173645,
        2.807405471801758,
        2.3513123989105225,
        1.861155390739441,
        1.653257966041565,
        1.6447972059249878,
        2.014530658721924,
        1.6347311735153198,
        1.9184075593948364,
        2.6367897987365723,
        3.0813519954681396,
        3.4926388263702393,
        3.769714832305908,
        2.0354936122894287,
        1.835886836051941,
        1.6914920806884766,
        2.322995901107788,
        2.8697659969329834,
        2.99114727973938,
        3.842937469482422,
        3.898986339569092,
        1.6225742101669312,
        1.8681092262268066,
        2.244330883026123,
        2.7819676399230957,
        1.9868061542510986,
        1.7241711616516113,
        2.0871729850769043,
        1.3584401607513428,
        1.492165207862854,
        2.2048966884613037,
        2.926562786102295,
        3.4662482738494873,
        3.6241321563720703,
        2.406428337097168,
        1.9825021028518677,
        1.900149941444397,
        1.6710786819458008,
        2.913996458053589,
        2.568511962890625,
        1.7870014905929565,
        2.2360033988952637,
        2.126957416534424,
        2.762371063232422,
        4.863247871398926,
        3.924603223800659,
        2.7578790187835693,
        2.6620419025421143,
        1.947432041168213,
        1.3882354497909546,
        2.673673629760742,
        2.271615982055664,
        2.155853748321533,
        2.2218337059020996,
        2.1489787101745605,
        2.425717830657959,
        1.934278130531311,
        1.6940405368804932,
        2.24774432182312,
        2.4754769802093506,
        2.6193840503692627,
        2.0435028076171875,
        2.978569269180298,
        2.4572412967681885,
        2.5977814197540283,
        3.3890063762664795,
        4.841802597045898,
        3.6440935134887695,
        2.333390712738037,
        2.3496110439300537,
        2.031036853790283,
        1.9271979331970215,
        2.292402744293213,
        2.4402761459350586,
        2.359543561935425,
        4.409276485443115,
        7.210393905639648,
        2.833207368850708,
        1.9763387441635132,
        1.6421246528625488,
        1.6718573570251465,
        2.1976418495178223,
        2.75032377243042,
        2.9065589904785156,
        2.852224349975586,
        2.526880979537964,
        3.331169605255127,
        2.2875349521636963,
        3.3084394931793213,
        2.3503637313842773,
        2.667240858078003,
        3.6558828353881836,
        3.592714309692383,
        4.414182662963867,
        2.8856935501098633,
        2.128854513168335,
        1.6911036968231201,
        1.64524507522583,
        1.9236243963241577,
        2.0424582958221436,
        2.4871790409088135,
        3.015220880508423,
        2.581714630126953,
        2.805340528488159,
        3.406329393386841,
        5.514515399932861,
        3.834444284439087,
        2.6720805168151855,
        1.7961499691009521,
        2.1191587448120117,
        1.9845942258834839,
        2.2762391567230225,
        2.398704767227173,
        2.1854124069213867,
        1.846678376197815,
        1.6067899465560913,
        1.718322515487671,
        1.8627265691757202,
        2.5959911346435547,
        3.2044754028320312,
        3.593806028366089,
        3.6233882904052734,
        2.1112663745880127,
        3.330587148666382,
        5.370467662811279,
        3.575148344039917,
        2.4817917346954346,
        2.0544650554656982,
        1.8631479740142822,
        2.041105031967163,
