{
    "testproblem": "quadratic_deep",
    "batch_size": 32,
    "num_epochs": 20,
    "random_seed": 42,
    "weight_decay": null,
    "optimizer_name": "SGD",
    "optimizer_hyperparams": {
        "lr": 16.68100537200059
    },
    "training_params": {},
    "train_losses": [
        369.08995006930445,
        369.08995006930445,
        369.08995006930445,
        369.08995006930445,
        369.08995006930445,
        369.08995006930445,
        369.08995006930445,
        369.08995006930445,
        369.08995006930445,
        369.08995006930445,
        369.08995006930445,
        369.08995006930445,
        369.08995006930445,
        369.08995006930445,
        369.08995006930445,
        369.08995006930445,
        369.08995006930445,
        369.08995006930445,
        369.08995006930445,
        369.08995006930445,
        369.08995006930445
    ],
    "valid_losses": [
        365.8639654344128,
        365.8639654344128,
        365.8639654344128,
        365.8639654344128,
        365.8639654344128,
        365.8639654344128,
        365.8639654344128,
        365.8639654344128,
        365.8639654344128,
        365.8639654344128,
        365.8639654344128,
        365.8639654344128,
        365.8639654344128,
        365.8639654344128,
        365.8639654344128,
        365.8639654344128,
        365.8639654344128,
        365.8639654344128,
        365.8639654344128,
        365.8639654344128,
        365.8639654344128
    ],
    "test_losses": [
        368.8305959393901,
        368.8305959393901,
        368.8305959393901,
        368.8305959393901,
        368.8305959393901,
        368.8305959393901,
        368.8305959393901,
        368.8305959393901,
        368.8305959393901,
        368.8305959393901,
        368.8305959393901,
        368.8305959393901,
        368.8305959393901,
        368.8305959393901,
        368.8305959393901,
        368.8305959393901,
        368.8305959393901,
        368.8305959393901,
        368.8305959393901,
        368.8305959393901,
        368.8305959393901
    ],
    "minibatch_train_losses": [
        357.4754943847656,
        NaN,
        NaN,
        NaN,
        357.4754943847656,
        357.4754943847656,
        357.4754943847656,
        357.4754943847656,
        357.4754943847656,
        357.4754943847656,
        357.4754943847656,
        357.4754943847656,
        357.4754943847656,
        357.4754943847656,
        357.4754943847656,
        357.4754943847656,
        357.4754943847656,
        357.4754943847656,
        357.4754943847656,
        357.4754943847656,
        357.4754943847656,
        357.4754943847656,
        357.4754943847656,
        357.4754943847656
    ]
}