{
    "testproblem": "quadratic_deep",
    "batch_size": 32,
    "num_epochs": 100,
    "random_seed": 50,
    "weight_decay": null,
    "optimizer_name": "SGD",
    "optimizer_hyperparams": {
        "lr": 0.03162277660168379
    },
    "training_params": {},
    "train_losses": [
        269.9104299237651,
        95.34199770035282,
        93.99817165251702,
        90.17561192666331,
        95.2950203188004,
        88.70888396232358,
        104.21995101436492,
        92.54626194123298,
        90.15335206062564,
        89.94215466899257,
        92.06571468230217,
        88.79944192209551,
        88.05093359178112,
        96.81399437689012,
        90.36255891861454,
        94.85473509757749,
        85.84105903871598,
        89.41404625677293,
        98.18726865706905,
        88.05000772783833,
        94.52625348491054,
        90.24869832684917,
        89.855226578251,
        92.65623203400642,
        87.15399465253276,
        90.74141570060483,
        92.95344715733683,
        96.35021677324849,
        89.42656092489919,
        97.75565461189517,
        92.63193782683342,
        93.45587232035976,
        96.74181292133946,
        93.07488250732422,
        91.77674422725555,
        103.14890633859942,
        89.22261785691784,
        90.29510325770224,
        91.1710707141507,
        88.84451958440965,
        88.68547205771169,
        89.61688749251827,
        96.17344074864542,
        88.4761482977098,
        88.948974609375,
        95.6480466781124,
        91.62234915456465,
        87.01851727885585,
        91.62001012986705,
        99.46189683483493,
        88.8661649150233,
        104.40522913778982,
        91.38514955582157,
        94.52469339678365,
        89.34707370881111,
        89.43541668307397,
        88.92715404879662,
        92.2218487647272,
        95.61255104311051,
        90.49565026067918,
        92.39552971624559,
        91.2065697946856,
        97.52098452660346,
        88.76009418118385,
        88.63114806144468,
        87.41188000094506,
        89.30366762222782,
        96.24772496377268,
        99.98723306963521,
        91.08445050639492,
        94.3535641085717,
        91.92810673867503,
        93.39420983099168,
        101.49278899162046,
        95.0169165826613,
        94.4044903170678,
        92.51697884836504,
        89.43284016270792,
        90.75325725924584,
        93.09272766113281,
        90.28429412841797,
        88.39842544063445,
        88.11869049072266,
        87.67698595600743,
        90.90018192414314,
        88.37062294252458,
        95.16070704306325,
        88.15156948950982,
        86.46042903777092,
        88.08254758773312,
        95.03756541590536,
        93.03517249322707,
        101.49539922898815,
        93.53743350121283,
        88.1334725656817,
        88.6846655568769,
        86.3540799540858,
        90.13366994550151,
        89.91730056270477,
        99.1347427368164,
        90.46020187870148
    ],
    "valid_losses": [
        274.28133859942034,
        97.17226779076361,
        96.38857047788558,
        92.7184076616841,
        96.69400639687815,
        90.69819025839529,
        104.84240550379599,
        95.40145135694935,
        91.95623730074975,
        91.48147386120212,
        92.73179085023942,
        90.57183148784023,
        88.85704434302545,
        99.11685205275013,
        92.59847234910534,
        96.21743380638861,
        87.32679797757056,
        91.61858343308971,
        99.91649701518398,
        90.05896168370401,
        95.71603713497039,
        91.50745490289503,
        91.75881564232611,
        95.19335814445249,
        88.60638304679624,
        92.41559207054877,
        94.8544663460024,
        97.43000079739478,
        91.5704837922127,
        100.92652302403604,
        93.62645130772745,
        95.51699829101562,
        98.34803968860257,
        94.18643680695564,
        92.75702494959677,
        105.07639903406942,
        91.33323029548892,
        91.60309379331527,
        92.90197114021548,
        90.83397896059098,
        90.78897906887916,
        90.78585716985887,
        96.8544166318832,
        89.4903584141885,
        91.07279500653667,
        97.93976469962827,
        93.51630475444179,
        89.14351826329386,
        93.63900436893586,
        101.65452108075542,
        91.32824337866998,
        106.67943006946194,
        93.55302847585371,
        96.03570015199723,
        91.11522108508694,
        91.56694990588772,
        90.99591039842174,
        95.16031769783267,
        97.07622552687123,
        93.25936495873236,
        93.68142921693864,
        92.7748531218498,
        99.90869312901651,
        90.26044390278477,
        90.29567620062059,
        89.36210189327117,
        92.02594535581527,
        99.24828141735446,
        101.47415579518965,
        93.21482381513042,
        96.52786279493763,
        93.13978552049205,
        94.64670292023689,
        103.99536354311051,
        95.71983731177545,
        95.45951474097467,
        93.56145797237274,
        91.35774280178931,
        93.00659770350302,
        94.43162905785346,
        92.0377207110005,
        90.05363882741621,
        90.07522336898312,
        89.58008378551853,
        92.62150278399068,
        89.95624566847279,
        96.30547948037425,
        89.56497020106161,
        88.80517504292149,
        89.65326100011026,
        96.25085006221649,
        94.56089118219191,
        104.35999150430003,
        95.79958146618259,
        90.23193334764049,
        90.52897324100617,
        87.87256671536353,
        92.39043500346523,
        91.14022359540385,
        100.82337877827305,
        91.82347919094947
    ],