{
    "testproblem": "quadratic_deep",
    "batch_size": 32,
    "num_epochs": 100,
    "random_seed": 48,
    "weight_decay": null,
    "optimizer_name": "SGD",
    "optimizer_hyperparams": {
        "lr": 0.03162277660168379
    },
    "training_params": {},
    "train_losses": [
        248.42786727413053,
        98.04813852617818,
        97.36439169606855,
        90.85745460756364,
        102.36892749417213,
        98.56538834110383,
        91.62963325746598,
        88.97898889357045,
        90.67430336244645,
        99.06677319926601,
        96.53822080550655,
        92.16195654099987,
        97.15828926332536,
        94.72132430538055,
        93.0207273421749,
        93.97615592710433,
        90.15936968403477,
        100.70321729106288,
        96.18521684215915,
        92.40354501047442,
        96.21657070036858,
        95.96356028895224,
        94.3732179211032,
        96.60035410235005,
        95.37019643475932,
        107.48641426332536,
        91.40771262876449,
        98.92710876464844,
        93.4499019499748,
        90.95646322927168,
        97.91816809869582,
        92.82274258521295,
        93.51344717702558,
        97.51470331991872,
        95.2277101086032,
        93.5494879445722,
        92.60125584756175,
        106.00429264191658,
        88.76812867195376,
        96.08934882379347,
        96.4905028804656,
        90.77892721852949,
        94.04851433538622,
        91.66878411077684,
        92.59093623007497,
        92.7328122046686,
        96.21696324502268,
        91.79746394003591,
        93.2625267274918,
        94.87167530675089,
        91.06117666921308,
        95.46266592702558,
        92.35480597711378,
        96.87658199187248,
        94.33372842111895,
        100.75570038826235,
        97.1511737454322,
        101.62860894972279,
        100.72713568902785,
        97.52354874149445,
        95.13300200431577,
        90.89155923166582,
        99.44674805671939,
        92.04832532328945,
        89.15880215552545,
        97.11966631489415,
        92.46675429805633,
        89.81526085638231,
        97.99753816666141,
        92.46261030627835,
        91.34762819351688,
        90.8492943548387,
        92.29784811696699,
        95.65394420008505,
        90.84144764561808,
        93.68973196706465,
        95.6346201742849,
        92.90280422087639,
        91.45009465371409,
        88.14830140144595,
        88.61662390924269,
        94.35875578849546,
        93.10065484816029,
        92.91761902839907,
        93.35193240258002,
        94.57406862320438,
        92.1491945328251,
        90.6490244711599,
        96.39871018932712,
        93.84642717915196,
        88.99239644696635,
        93.17733420095136,
        91.89487924883443,
        96.96521709811303,
        111.92770508796939,
        92.08058511057207,
        99.58208637852823,
        91.04676646571005,
        96.25349992321384,
        96.5092064642137,
        95.230711906187
    ],
    "valid_losses": [
        245.92569018948464,
        97.2729233772524,
        98.12236441335371,
        90.0844261415543,
        102.54068731492565,
        96.53362348002773,
        90.71596404044858,
        89.02576495755103,
        90.27389674032888,
        98.82313660652407,
        95.83221730878276,
        91.96665462370842,
        97.26960040676978,
        94.60462090276903,
        91.57989821895477,
        93.32048797607422,
        89.07633750669417,
        99.67855687295237,
        95.95760665401336,
        91.14708488218245,
        95.89802846600932,
        94.74715669693485,
        93.66436742967174,
        96.15542061098161,
        96.01245584795552,
        106.0248755178144,
        91.50209168464907,
        98.51383627614668,
        93.77917923465851,
        89.295409664031,
        96.88710612635458,
        91.88649011427357,
        93.92702164188508,
        96.35733967442667,
        95.56458036361202,
        91.87081047796434,
        92.24883590206024,
        105.71330999558971,
        88.71026808215726,
        95.8795185704385,
        95.52050289030998,
        89.8063204365392,
        92.05692340481666,
        90.17938133978075,
        92.52910860123173,
        92.74227093112084,
        96.33158800678868,
        91.65404141333795,
        93.03381642987651,
        93.664304671749,
        91.56732916062877,
        93.56708329723728,
        91.12992391278667,
        96.53482720159715,
        92.71165441697643,
        101.13982046804121,
        95.9942890290291,
        100.90109449817288,
        101.64112164897304,
        96.68957642586001,
        93.4986572265625,
        89.4059790334394,
        97.27110536636845,
        90.94696143365675,
        88.92113667149698,
        96.99839192052042,
        92.29194591891381,
        89.38717774421939,
        98.28502778084048,
        91.81036426175025,
        90.12187120991368,
        90.80393489714592,
        92.10993342245779,
        94.91406668386152,
        90.45177902713898,
        93.2227027646957,
        95.09907900902533,
        92.62408791818926,
        90.8534415460402,
        87.68073100428427,
        87.66898050615865,
        93.30462769539126,
        92.23284198391822,
        92.50916314894154,
        92.6260971561555,
        94.40419006347656,
        90.80796592466292,
        89.06766239289314,
        95.07130161408455,
        92.83487406084615,
        88.2487556703629,
        91.63046584590789,
        91.49937069800592,
        95.78221794866747,
        111.47090271980532,
        92.03188225530809,
        100.24947824785787,
        91.21061460433468,
        95.65735576998803,
        94.9756595242408,
        93.76085589008946
    ],