{
    "testproblem": "quadratic_deep",
    "batch_size": 32,
    "num_epochs": 100,
    "random_seed": 45,
    "weight_decay": null,
    "optimizer_name": "SGD",
    "optimizer_hyperparams": {
        "lr": 0.03162277660168379
    },
    "training_params": {},
    "train_losses": [
        223.81400077573716,
        98.92962055821573,
        91.83136601601878,
        96.52767649004537,
        92.42117580290764,
        99.19751444170552,
        89.38378241754347,
        100.38794486753402,
        92.0329821186681,
        90.83754164172757,
        92.66506121235508,
        97.58109898721018,
        94.86751630229335,
        93.65211634482107,
        93.75503244707662,
        92.34673604657573,
        95.3851072249874,
        95.12623473136655,
        111.90157465780935,
        94.90938740391886,
        92.31776674332157,
        93.44397760206654,
        94.50753710346837,
        92.58928926529423,
        92.6404057164346,
        97.18821027201992,
        95.74480290566721,
        99.4665025280368,
        95.88753214190083,
        92.63274531210622,
        95.96352952526462,
        94.71299029934791,
        88.06981905045048,
        91.9248563704952,
        96.83306884765625,
        90.33824329991495,
        88.24827871014995,
        91.05229876118321,
        90.6460704188193,
        93.3379388624622,
        92.09706041889805,
        90.98027924568423,
        88.70729458716607,
        91.55941280241936,
        90.53334537629158,
        92.14342424946446,
        98.42119696832472,
        99.4937490647839,
        88.17391180223034,
        90.60241945328251,
        96.63961865825038,
        90.16407308270854,
        90.60800146287487,
        95.66026626094695,
        94.03668975830078,
        91.42307576825542,
        94.26434719947076,
        87.41565433625252,
        89.98274870841733,
        96.59991356634325,
        94.42967937838647,
        97.32928885183027,
        96.0294669366652,
        93.07445009293095,
        92.07213518696446,
        96.73864573817099,
        99.71619686003655,
        93.35347477082283,
        89.40120943130985,
        96.20506434286794,
        92.75999327628843,
        94.19119287306263,
        93.72792225499308,
        92.19679850916708,
        90.4109371554467,
        92.0122333649666,
        96.33885857366747,
        93.71170043945312,
        97.19126449092742,
        89.64131582936933,
        97.57425837362966,
        90.37591774232926,
        90.71513932751071,
        95.3961641865392,
        91.26666899650327,
        92.35743467269405,
        96.43220544630482,
        92.60540377709174,
        89.93063354492188,
        99.15819672615298,
        89.68048612533077,
        95.77283108618951,
        92.98832456527218,
        92.11527744416267,
        92.16553275815902,
        106.46560939665764,
        89.43558502197266,
        94.46930448470577,
        91.18147597774383,
        100.94781641806325,
        91.41698677309098
    ],
    "valid_losses": [
        226.6551257717994,
        98.61165889616936,
        90.14157399823588,
        95.30856421685988,
        91.1616954188193,
        98.26765958724484,
        88.07225135064894,
        99.82633972167969,
        90.90614294236705,
        90.41556795181766,
        91.10683933381111,
        96.91631366360572,
        93.86896342615927,
        92.65965418661794,
        93.05062989265689,
        91.96420041976437,
        93.09221624558971,
        93.77355341757497,
        109.4733411727413,
        93.97312779580393,
        90.60453501055318,
        92.99705972979146,
        92.18124094317037,
        90.72825499503843,
        90.7078365202873,
        95.17374838552168,
        94.80234749086442,
        99.29670739942982,
        95.48091642318234,
        91.68988824659779,
        93.72083627024004,
        92.91035412203881,
        86.91268157958984,
        90.78048829109439,
        95.69671089418473,
        89.06249089394846,
        87.5443353960591,
        89.30500325848979,
        89.83116937452748,
        91.09732277162614,
        90.84910534274194,
        89.95149698565083,
        87.07650953723538,
        90.47191619873047,
        89.16486653973979,
        91.60528146066973,
        97.84701291976437,
        98.69262104649698,
        87.41820599955898,
        89.0958741711032,
        94.30151859406502,
        90.05742669874623,
        90.24891785652407,
        95.61634235997354,
        94.0058116297568,
        91.11288402926537,
        94.13058914676789,
        86.25597406202748,
        89.70084947155368,
        96.88985049340033,
        93.44053920622795,
        96.70965600782826,
        95.93750295331401,
        92.91557213567918,
        91.85147193170363,
        95.95879167126071,
        98.16018701368763,
        92.97688564177483,
        88.48117926812941,
        96.37913833125945,
        90.6255365187122,
        93.57584848711568,
        92.89507908974925,
        91.43052624117944,
        88.73913598829701,
        92.02632214946132,
        95.38252701297883,
        92.96214515932145,
        96.1376227101972,
        89.27938867384388,
        94.94581727058657,
        89.99501628260458,
        90.90833553191155,
        93.30346802742251,
        89.93960817398563,
        92.44481535880796,
        95.31494780509702,
        91.53661715599799,
        89.99628276209677,
        98.69215540732107,
        88.78369165235951,
        95.16611923709992,
        92.54635201731035,
        90.83939730736518,
        91.02112037904801,
        103.53121357579386,
        88.51698549332157,
        93.08398757442352,
        90.1561983170048,
        99.00450035833543,
        90.88419883481917
    ],