{
    "testproblem": "mnist_2c2d",
    "batch_size": 128,
    "num_epochs": 1,
    "random_seed": 42,
    "weight_decay": null,
    "optimizer_name": "Preconditioner",
    "optimizer_hyperparams": {
        "est_rank": 2,
        "num_observations": 5,
        "prior_iterations": 10,
        "set_lr": true
    },
    "training_params": {},
    "train_losses": [
        2.381906650005243,
        2.3537002221131935
    ],
    "test_losses": [
        2.389372183726384,
        2.3574487551664696
    ],
    "minibatch_train_losses": [
        2.3841288089752197,
        2.4170210361480713,
        2.1391232013702393,
        1.3468183279037476,
        0.48121127486228943,
        0.25822681188583374,
        0.4473140239715576,
        0.3082398474216461,
        0.34862762689590454,
        0.24893347918987274,
        0.4987146854400635,
        0.5087453126907349,
        0.5961830019950867,
        1.6333750486373901,
        0.4155596196651459,
        0.9874464869499207,
        1.468763828277588,
        1.6715084314346313,
        1.590014100074768,
        1.0252366065979004,
        2.1225459575653076,
        2.6094517707824707,
        1.6706678867340088,
        4.08472204208374,
        2.8361923694610596,
        3.3029472827911377,
        4.390266418457031,
        4.778905868530273,
        4.836334228515625,
        2.130235433578491,
        1.7312203645706177,
        1.9815765619277954,
        1.2556133270263672,
        1.1688891649246216,
        2.6812644004821777,
        2.2669827938079834,
        1.3557476997375488,
        3.647847890853882,
        2.162593126296997,
        2.684088945388794,
        2.2740583419799805,
        2.375764846801758,
        2.41726016998291,
        2.3998823165893555,
        2.306640386581421,
        2.375152111053467,
        2.3379857540130615
    ],
    "train_accuracies": [
        0.061197916666666664,
        0.10106169871794872
    ],
    "test_accuracies": [
        0.056790865384615384,
        0.10096153846153846
    ]
}