{
    "testproblem": "quadratic_deep",
    "batch_size": 32,
    "num_epochs": 20,
    "random_seed": 42,
    "weight_decay": null,
    "optimizer_name": "SGD",
    "optimizer_hyperparams": {
        "lr": 0.4641588833612782
    },
    "training_params": {},
    "train_losses": [
        191.6980723719443,
        191.6980723719443,
        191.6980723719443,
        191.6980723719443,
        191.6980723719443,
        191.6980723719443,
        191.6980723719443,
        191.6980723719443,
        191.6980723719443,
        191.6980723719443,
        191.6980723719443,
        191.6980723719443,
        191.6980723719443,
        191.6980723719443,
        191.6980723719443,
        191.6980723719443,
        191.6980723719443,
        191.6980723719443,
        191.6980723719443,
        191.6980723719443,
        191.6980723719443
    ],
    "valid_losses": [
        189.9158704203944,
        189.9158704203944,
        189.9158704203944,
        189.9158704203944,
        189.9158704203944,
        189.9158704203944,
        189.9158704203944,
        189.9158704203944,
        189.9158704203944,
        189.9158704203944,
        189.9158704203944,
        189.9158704203944,
        189.9158704203944,
        189.9158704203944,
        189.9158704203944,
        189.9158704203944,
        189.9158704203944,
        189.9158704203944,
        189.9158704203944,
        189.9158704203944,
        189.9158704203944
    ],
    "test_losses": [
        190.2428239391696,
        190.2428239391696,
        190.2428239391696,
        190.2428239391696,
        190.2428239391696,
        190.2428239391696,
        190.2428239391696,
        190.2428239391696,
        190.2428239391696,
        190.2428239391696,
        190.2428239391696,
        190.2428239391696,
        190.2428239391696,
        190.2428239391696,
        190.2428239391696,
        190.2428239391696,
        190.2428239391696,
        190.2428239391696,
        190.2428239391696,
        190.2428239391696,
        190.2428239391696
    ],
    "minibatch_train_losses": [
        196.3507080078125,
        1.331685814178078e+29,
        Infinity,
        NaN,
        196.3507080078125,
        196.3507080078125,
        196.3507080078125,
        196.3507080078125,
        196.3507080078125,
        196.3507080078125,
        196.3507080078125,
        196.3507080078125,
        196.3507080078125,
        196.3507080078125,
        196.3507080078125,
        196.3507080078125,
        196.3507080078125,
        196.3507080078125,
        196.3507080078125,
        196.3507080078125,
        196.3507080078125,
        196.3507080078125,
        196.3507080078125,
        196.3507080078125
    ]
}