{
    "testproblem": "quadratic_deep",
    "batch_size": 32,
    "num_epochs": 100,
    "random_seed": 43,
    "weight_decay": null,
    "optimizer_name": "SGD",
    "optimizer_hyperparams": {
        "lr": 1e-150
    },
    "training_params": {},
    "train_losses": [
        321.82662570091986,
        322.3004829652848,
        321.6393068375126,
        321.4889329479587,
        321.85079562279486,
        321.79418649981096,
        321.8094275689894,
        321.92015026461695,
        321.2893981933594,
        322.1229966686618,
        322.3724286479335,
        321.5460037723664,
        321.8636720718876,
        321.6611062326739,
        322.0634046985257,
        321.4526849562122,
        321.79413038684476,
        322.23627102759576,
        321.9559070217994,
        322.13335590977823,
        321.2425802907636,
        321.9287109375,
        321.7873800954511,
        321.61425682806197,
        322.3560938681326,
        322.30983414188506,
        321.79271378055694,
        322.20919209141886,
        322.05064736643146,
        321.98031123991933,
        321.7403318343624,
        321.66582661290323,
        322.1336187547253,
        321.4772240423387,
        321.8974461709299,
        322.07823624149444,
        321.74727802891886,
        321.8746259135585,
        322.1830808577999,
        321.83729799332156,
        322.1014660250756,
        321.9123052781628,
        322.21787975680445,
        321.79085909935736,
        322.3395464497228,
        322.1914741762223,
        321.88362859910535,
        322.1506967852193,
        321.51859308058215,
        322.15699423513104,
        322.17266845703125,
        322.04032750283517,
        322.3517347766507,
        321.3439567319808,
        322.05380052135837,
        322.14010521673384,
        321.80648705267134,
        321.6020960653982,
        321.7891373172883,
        322.01596955330143,
        322.1760500015751,
        321.9091117612777,
        322.07628114761843,
        321.95218683058215,
        322.1819221742692,
        322.31793606665826,
        321.7981498472152,
        322.33394598191785,
        321.6524864935106,
        322.1265829763105,
        321.98723971459174,
        321.81465690366684,
        321.80700191374746,
        321.588136734501,
        322.24818174300657,
        321.94390278477823,
        321.94908092867945,
        321.6868394420993,
        321.8014427923387,
        321.76194517074094,
        322.16432436050906,
        321.846437515751,
        321.9828638876638,
        321.9254544165827,
        321.9908368510585,
        321.7127390215474,
        321.7708435058594,
        321.5862338158392,
        321.8581090127268,
        321.9661865234375,
        321.3979216544859,
        322.1505146641885,
        322.34039897303427,
        322.08280403383316,
        322.17776883033014,
        322.2493423954133,
        321.9656677246094,
        321.47259324596774,
        322.05175289030996,
        321.76729362241684,
        321.75941516507055
    ],
    "valid_losses": [
        320.9173308341734,
        320.9173308341734,
        320.9173308341734,
        320.9173308341734,
        320.9173308341734,
        320.9173308341734,
        320.9173308341734,
        320.9173308341734,
        320.9173308341734,
        320.9173308341734,
        320.9173308341734,
        320.9173308341734,
        320.9173308341734,
        320.9173308341734,
        320.9173308341734,
        320.9173308341734,
        320.9173308341734,
        320.9173308341734,
        320.9173308341734,
        320.9173308341734,
        320.9173308341734,
        320.9173308341734,
        320.9173308341734,
        320.9173308341734,
        320.9173308341734,
        320.9173308341734,
        320.9173308341734,
        320.9173308341734,
        320.9173308341734,
        320.9173308341734,
        320.9173308341734,
        320.9173308341734,
        320.9173308341734,
        320.9173308341734,
        320.9173308341734,
        320.9173308341734,
        320.9173308341734,
        320.9173308341734,
        320.9173308341734,
        320.9173308341734,
        320.9173308341734,
        320.9173308341734,
        320.9173308341734,
        320.9173308341734,
        320.9173308341734,
        320.9173308341734,
        320.9173308341734,
        320.9173308341734,
        320.9173308341734,
        320.9173308341734,
        320.9173308341734,
        320.9173308341734,
        320.9173308341734,
        320.9173308341734,
        320.9173308341734,
        320.9173308341734,
        320.9173308341734,
        320.9173308341734,
        320.9173308341734,
        320.9173308341734,
        320.9173308341734,
        320.9173308341734,
        320.9173308341734,
        320.9173308341734,
        320.9173308341734,
        320.9173308341734,
        320.9173308341734,
        320.9173308341734,
        320.9173308341734,
        320.9173308341734,
        320.9173308341734,
        320.9173308341734,
        320.9173308341734,
        320.9173308341734,
        320.9173308341734,
        320.9173308341734,
        320.9173308341734,
        320.9173308341734,
        320.9173308341734,
        320.9173308341734,
        320.9173308341734,
        320.9173308341734,
        320.9173308341734,
        320.9173308341734,
        320.9173308341734,
        320.9173308341734,
        320.9173308341734,
        320.9173308341734,
        320.9173308341734,
        320.9173308341734,
        320.9173308341734,
        320.9173308341734,
        320.9173308341734,
        320.9173308341734,
        320.9173308341734,
        320.9173308341734,
        320.9173308341734,
        320.9173308341734,
        320.9173308341734,
        320.9173308341734,
        320.9173308341734
    ],