{
    "testproblem": "quadratic_deep",
    "batch_size": 32,
    "num_epochs": 20,
    "random_seed": 42,
    "weight_decay": null,
    "optimizer_name": "PreconditionedSGDlog",
    "optimizer_hyperparams": {
        "lr": null
    },
    "training_params": {},
    "train_losses": [
        225.06795723207534,
        225.44623196509576,
        224.84398823399698,
        225.1568106374433,
        225.09501204952116,
        224.9810047764932,
        225.3034855011971,
        224.9639666157384,
        225.19569593860257,
        225.10103336457283,
        225.2160851263231,
        225.27591976042717,
        225.44539568501133,
        225.46772323116178,
        225.00751175418978,
        225.58300190587198,
        224.9049756450038,
        225.01793252268146,
        225.1317901611328,
        225.10594472577495,
        224.96101674725932
    ],
    "valid_losses": [
        230.73556174001385,
        230.73556174001385,
        230.73556174001385,
        230.73556174001385,
        230.73556174001385,
        230.73556174001385,
        230.73556174001385,
        230.73556174001385,
        230.73556174001385,
        230.73556174001385,
        230.73556174001385,
        230.73556174001385,
        230.73556174001385,
        230.73556174001385,
        230.73556174001385,
        230.73556174001385,
        230.73556174001385,
        230.73556174001385,
        230.73556174001385,
        230.73556174001385,
        230.73556174001385
    ],
    "test_losses": [
        228.7590578140751,
        228.7590578140751,
        228.7590578140751,
        228.7590578140751,
        228.7590578140751,
        228.7590578140751,
        228.7590578140751,
        228.7590578140751,
        228.7590578140751,
        228.7590578140751,
        228.7590578140751,
        228.7590578140751,
        228.7590578140751,
        228.7590578140751,
        228.7590578140751,
        228.7590578140751,
        228.7590578140751,
        228.7590578140751,
        228.7590578140751,
        228.7590578140751,
        228.7590578140751
    ],
    "minibatch_train_losses": [
        228.04931640625,
        205.7845001220703,
        228.7996368408203,
        223.2911376953125,
        214.1632080078125,
        231.37167358398438,
        241.63113403320312,
        206.90167236328125,
        211.37503051757812,
        211.78883361816406,
        197.1912384033203,
        204.96963500976562,
        225.72079467773438,
        221.70565795898438,
        217.30746459960938,
        235.80271911621094,
        217.58035278320312,
        229.70986938476562,
        217.99627685546875,
        222.21890258789062,
        225.77841186523438,
        215.62612915039062,
        233.26712036132812,
        207.3961944580078,
        209.95330810546875,
        232.56222534179688,
        200.16384887695312,
        226.3741455078125,
        265.0110778808594,
        193.9761505126953,
        208.9717254638672,
        232.3932342529297,
        216.03396606445312,
        206.73135375976562,
        223.9089813232422,
        207.73194885253906,
        209.298828125,
        227.43701171875,
        221.05975341796875,
        227.11224365234375,
        210.10125732421875,
        253.43588256835938,
        217.18130493164062,
        245.81500244140625,
        211.10391235351562,
        218.2332763671875,
        239.52076721191406,
        224.50450134277344,
        256.8146057128906,
        242.9944305419922,
        235.8351593017578,
        205.3057098388672,
        242.28924560546875,
        212.65472412109375,
        248.08267211914062,
        234.90000915527344,
        244.1748046875,
        218.2032928466797,
        225.5731201171875,
        204.50021362304688,
        243.7930145263672,
        225.92813110351562,
        197.7216339111328,
        210.5016326904297,
        243.84988403320312,
        212.3890380859375,
        230.4310760498047,
        210.8735809326172,
        204.5339813232422,
        219.35000610351562,
        202.0549774169922,
        212.60983276367188,
        216.51026916503906,
        220.5996551513672,
        220.23541259765625,
        220.89779663085938,
        218.8262481689453,
        217.83143615722656,
        229.44174194335938,
        237.70570373535156
    ],