{
    "testproblem": "mnist_2c2d",
    "batch_size": 128,
    "num_epochs": 1,
    "lr": 0,
    "random_seed": 42,
    "weight_decay": null,
    "optimizer_name": "Preconditioner",
    "optimizer_hyperparams": {
        "est_rank": 2,
        "num_observations": 5,
        "prior_iterations": 5
    },
    "training_params": {},
    "train_losses": [
        2.3819066194387584,
        2.3072170385947595
    ],
    "test_losses": [
        2.389372174556439,
        2.3096126287411423
    ],
    "minibatch_train_losses": [
        2.3841288089752197,
        2.4170212745666504,
        1.483750343322754,
        2.629246711730957,
        0.28155577182769775,
        0.9316511154174805,
        0.322767436504364,
        0.31347307562828064,
        0.29369717836380005,
        0.2786448001861572,
        0.7684586644172668,
        1.0380067825317383,
        1.9492899179458618,
        2.5058109760284424,
        0.8740121126174927,
        2.6054396629333496,
        2.2108259201049805,
        1.5835692882537842,
        2.5437941551208496,
        1.994673490524292,
        2.4117133617401123,
        2.266045570373535,
        2.3449668884277344,
        2.2915053367614746,
        2.3655641078948975,
        2.301560401916504,
        2.2933313846588135,
        2.3335280418395996,
        2.338153839111328,
        2.2736446857452393,
        2.3781192302703857,
        2.307577610015869,
        2.3274004459381104,
        2.336571455001831,
        2.364938259124756,
        2.3351707458496094,
        2.316542863845825,
        2.340468645095825,
        2.3213281631469727,
        2.3277928829193115,
        2.369523763656616,
        2.314540147781372,
        2.333865165710449,
        2.3430910110473633,
        2.3106796741485596,
        2.2948224544525146,
        2.2912087440490723
    ],
    "train_accuracies": [
        0.061197916666666664,
        0.1031650641025641
    ],
    "test_accuracies": [
        0.056790865384615384,
        0.10286458333333333
    ]
}
