{
    "testproblem": "quadratic_deep",
    "batch_size": 32,
    "num_epochs": 1,
    "random_seed": 42,
    "weight_decay": null,
    "optimizer_name": "PreconditionedSGDlog",
    "optimizer_hyperparams": {
        "lr": null
    },
    "training_params": {},
    "train_losses": [
        225.06795723207534,
        105.38209238360005
    ],
    "valid_losses": [
        230.73556174001385,
        108.6654512959142
    ],
    "test_losses": [
        228.7590578140751,
        107.15869878953502
    ],
    "minibatch_train_losses": [
        228.04931640625,
        205.7845001220703,
        133.20948791503906,
        110.38980102539062
    ],
    "grad_norms": [
        5639.8603515625,
        5922.99267578125,
        5694.2177734375,
        5434.939453125,
        5817.6220703125,
        5696.3798828125,
        5544.4775390625,
        5871.49072265625,
        5636.685546875,
        5753.7802734375,
        207.00233459472656,
        206.7449493408203,
        203.97142028808594,
        218.25381469726562,
        24.53712272644043,
        21.674650192260742,
        19.6649227142334,
        22.83587646484375,
        19.150896072387695,
        22.972116470336914,
        21.27199363708496,
        18.07803726196289,
        22.054216384887695,
        21.302412033081055,
        33.08879470825195,
        20.178394317626953,
        19.362957000732422,
        16.173175811767578,
        22.230188369750977,
        18.576047897338867,
        25.645973205566406
    ]
}