{
    "testproblem": "quadratic_deep",
    "batch_size": 128,
    "num_epochs": 10,
    "random_seed": 42,
    "weight_decay": null,
    "optimizer_name": "Preconditioner",
    "optimizer_hyperparams": {
        "est_rank": 2,
        "num_observations": 5,
        "prior_iterations": 10,
        "set_lr": false
    },
    "training_params": {},
    "train_losses": [
        352.6764221191406,
        354.43758283342635,
        352.4254237583705,
        352.1881408691406,
        352.564705984933,
        353.3809029715402,
        352.55201503208707,
        351.83479963030135,
        352.92679268973217,
        354.5548575265067,
        354.4853733607701
    ],
    "test_losses": [
        353.44677298409596,
        353.44677298409596,
        353.44677298409596,
        353.44677298409596,
        353.44677298409596,
        353.44677298409596,
        353.44677298409596,
        353.44677298409596,
        353.44677298409596,
        353.44677298409596,
        353.44677298409596
    ],
    "minibatch_train_losses": [
        358.10107421875,
        334.6308288574219,
        339.0615539550781,
        346.18963623046875,
        371.16552734375,
        354.1596984863281,
        350.43304443359375,
        343.41827392578125,
        355.0834655761719,
        357.45037841796875
    ]
}