{
    "testproblem": "quadratic_deep",
    "batch_size": 32,
    "num_epochs": 100,
    "random_seed": 43,
    "weight_decay": null,
    "optimizer_name": "Preconditioner",
    "optimizer_hyperparams": {
        "lr": 1e-230
    },
    "training_params": {},
    "train_losses": [
        331.9912867392263,
        331.0145549158896,
        109.77836288944367,
        102.40906524658203,
        97.1705078617219,
        96.20006118282195,
        95.44662721695438,
        94.8190430671938,
        93.60244972475114,
        91.99756991478705,
        90.70723084480532,
        91.91464528729838,
        90.8468266148721,
        89.80872886411605,
        90.32714597640499,
        90.16525342387538,
        90.84189851822391,
        91.21803037581905,
        89.41000686153289,
        90.86551666259766,
        90.18910586449408,
        90.1142085905998,
        91.47346595025832,
        89.89936853224232,
        89.71047653690461,
        89.66168139057774,
        89.5990979594569,
        89.71693888018208,
        89.55788126299458,
        89.00606635309035,
        89.84820753528226,
        91.31935168850806,
        92.16052738312752,
        91.99013125511908,
        90.54529251590851,
        90.5025624921245,
        89.84405886742377,
        90.15424396145728,
        91.53362594112274,
        89.56514813823085,
        89.33512090867565,
        89.68338849467617,
        93.52174377441406,
        90.1025636734501,
        90.75963075699345,
        89.2559824297505,
        88.94266288511214,
        88.71740944154801,
        89.98664757513231,
        89.4495384462418,
        89.08259804018083,
        90.21736661849484,
        89.98468805128529,
        90.13048971852949,
        90.27139233004662,
        90.40394223120904,
        89.41983179892263,
        88.53178085819367,
        89.61825044693485,
        89.38486948320943,
        89.21025503835371,
        89.45733224191973,
        89.01864279470136,
        90.08851402036605,
        89.61910321635585,
        91.24388221002394,
        90.36160106043661,
        89.48818797449911,
        89.67101607784149,
        90.49681214363345,
        90.19505162392893,
        90.81512401949975,
        90.64929125385899,
        89.03061085362589,
        89.41208722514492,
        90.06366065240675,
        91.6246571694651,
        89.05752686531314,
        90.99451766475555,
        88.53136148760396,
        89.77276931270477,
        88.93445488714403,
        91.06628762522051,
        90.37944793701172,
        90.59172944099673,
        90.20270193776777,
        91.44064823273689,
        89.86431737099925,
        89.41500952935988,
        90.6325929703251,
        89.69944492463142,
        89.4451655726279,
        89.67242973081527,
        91.01447000811177,
        89.99620597593245,
        91.19643106768208,
        88.61295072494015,
        89.62380169283959,
        89.50902163597846,
        90.68223842497795,
        89.64341588174143
    ],
    "valid_losses": [
        327.4473936019405,
        327.4473936019405,
        106.69484095419607,
        100.44824095695249,
        95.52410987115675,
        95.22998735981602,
        95.02158921764743,
        93.34498399303806,
        92.81498349097467,
        91.27057770759829,
        89.55113490935295,
        90.65031285439768,
        88.88856235627205,
        88.96377022035661,
        89.24051863147366,
        89.16684156848538,
        89.00686891617313,
        89.85147340836063,
        88.38684746526903,
        89.77649048836001,
        88.53540949667654,
        88.68833406509891,
        89.31175699541646,
        88.52329327983242,
        88.68858263569493,
        88.14513052663496,
        87.53146682247039,
        88.47209635088521,
        87.82520934074155,
        87.52253723144531,
        89.04975940335181,
        90.32684744558027,
        91.89162223569808,
        90.25961697486139,
        89.43234228318737,
        88.99826172859439,
        89.19942695863786,
        88.35494847451487,
        90.0031974546371,
        88.77281779627646,
        87.8855731102728,
        88.30843771657636,
        92.60060710291708,
        89.69848140593498,
        89.77948490265877,
        88.32371250275642,
        87.85792393838206,
        87.96130248038999,
        88.16136932373047,
        87.71126679451235,
        87.69492930750692,
        88.5457532328944,
        88.52947653493574,
        88.82168677545363,
        88.63863643523186,
        89.23607807774698,
        88.54549555624685,
        87.1467518960276,
        87.93122026997227,
        88.13588640766758,
        88.57084532706968,
        88.29777453022618,
        87.67303688295426,
        88.93043616510207,
        88.6264419555664,
        89.70628873763546,
        88.54539145192793,
        88.24872638333228,
        87.61124444776966,
        88.79155952699723,
        89.02347712362966,
        89.54991765176096,
        88.66199148854902,
        88.1362774756647,
        88.72662821123677,
        88.6450707220262,
        89.97383511450982,
        88.09219951014364,
        88.82868194580078,
        86.94573334724673,
        88.50589136923513,
        88.0119382796749,
        89.16041589552357,
        89.13913086921939,
        88.88770121912802,
        89.07638894357989,
        89.82898539881552,
        88.69218370991368,
        88.33938647854713,
        89.4667732484879,
        87.7680184148973,
        87.71833702825731,
        88.70579381142893,
        90.58555873747795,
        89.4376717844317,
        89.60322693855532,
        87.59983899516445,
        88.29853353192729,
        87.8458980437248,
        88.86495725570187,
        88.40772173481602
    ],