{
    "testproblem": "quadratic_deep",
    "batch_size": 32,
    "num_epochs": 20,
    "random_seed": 49,
    "weight_decay": null,
    "optimizer_name": "PreconditionedSGD",
    "optimizer_hyperparams": {
        "lr": null
    },
    "training_params": {},
    "train_losses": [
        328.6044685609879,
        102.98898167763987,
        97.29466567500945,
        94.98210045599168,
        94.94251349664503,
        94.24576740880167,
        90.59579418551537,
        89.79921180971208,
        93.03847355996409,
        89.7358661774666,
        90.30081718198714,
        89.56182959771925,
        89.77668885261782,
        89.24404882615612,
        88.50991845900013,
        88.94142716930759,
        89.40616017003214,
        88.28750758017263,
        89.34384647492439,
        88.33233371857673,
        88.87145110099546
    ],
    "valid_losses": [
        323.6920933877268,
        101.42833635883946,
        95.83035499818864,
        93.67634582519531,
        93.87583997172695,
        93.42342967371786,
        89.49171915361958,
        88.59266834874308,
        92.11543815366683,
        88.7833977976153,
        89.12017600767074,
        88.26230153729838,
        88.15723468411353,
        87.75130684145036,
        86.92735561247795,
        87.50907848727319,
        87.69235303325038,
        87.05865847679877,
        88.3905996507214,
        87.2174832743983,
        87.54166830739668
    ],
    "test_losses": [
        325.30792039440524,
        104.02046597388482,
        98.4491212906376,
        96.27234206661102,
        96.36607237785093,
        96.8386944186303,
        92.5239737726027,
        91.55868062665385,
        94.88939445249495,
        91.66618987052671,
        92.71362993794102,
        90.96577945832283,
        91.82091645271548,
        90.94299833236202,
        89.96380615234375,
        90.65844972672001,
        89.84091112690587,
        90.04705613659274,
        91.70555631576046,
        90.16448999220326,
        90.17327856248424
    ],
    "minibatch_train_losses": [
        361.45074462890625,
        297.30963134765625,
        148.97940063476562,
        97.1227798461914,
        109.26934814453125,
        103.88838958740234,
        106.64287567138672,
        104.49656677246094,
        91.26708984375,
        86.35295867919922,
        88.3151626586914,
        83.68435668945312,
        92.77535247802734,
        91.48523712158203,
        86.74091339111328,
        87.27179718017578,
        85.53660583496094,
        88.26956176757812,
        85.84260559082031,
        93.08844757080078,
        109.50370788574219,
        98.5668716430664,
        93.88685607910156,
        94.72593688964844,
        85.55780029296875,
        88.50961303710938,
        96.8665542602539,
        90.03133392333984,
        82.73490905761719,
        84.75623321533203,
        96.88697814941406,
        86.76664733886719,
        111.83224487304688,
        88.87784576416016,
        95.30741882324219,
        84.77430725097656,
        96.20553588867188,
        90.92937469482422,
        79.77906036376953,
        90.69686889648438,
        96.51248168945312,
        87.55174255371094,
        81.03446960449219,
        89.64563751220703,
        95.4473876953125,
        93.63945770263672,
        83.98341369628906,
        85.88416290283203,
        95.56537628173828,
        91.42413330078125,
        94.0537338256836,
        92.02786254882812,
        76.90748596191406,
        81.3612060546875,
        83.1513442993164,
        91.97349548339844,
        87.93769073486328,
        90.68866729736328,
        88.21577453613281,
        93.8714828491211,
        85.49039459228516,
        86.8538818359375,
        92.38584899902344,
        92.24053955078125,
        84.30167388916016,
        94.01510620117188,
        85.37039184570312,
        89.91780853271484,
        89.43604278564453,
        96.6760482788086,
        77.28965759277344,
        90.05512237548828,
        88.12461853027344,
        87.61509704589844,
        86.13700866699219,
        90.22872924804688,
        91.02784729003906,
        87.98307037353516,
        84.17559814453125,
        83.93807983398438
    ]
}