{
    "testproblem": "quadratic_deep",
    "batch_size": 32,
    "num_epochs": 20,
    "random_seed": 44,
    "weight_decay": null,
    "optimizer_name": "PreconditionedSGD",
    "optimizer_hyperparams": {
        "lr": null
    },
    "training_params": {},
    "train_losses": [
        430.16478507749497,
        102.68294402091733,
        97.35381071029171,
        96.88660061743951,
        91.70667512955204,
        91.1309819375315,
        90.28347286101311,
        89.64857015302104,
        89.12496209913685,
        88.20969538534841,
        88.87781573880103,
        87.71034486832157,
        87.91965041622039,
        87.66532504174018,
        89.8470705093876,
        88.85953054120463,
        88.7175758115707,
        88.75743939799648,
        87.41451460315335,
        87.98804818430254,
        89.00255215552545
    ],
    "valid_losses": [
        431.91732591198337,
        101.70538305467174,
        96.53836724065965,
        96.40834463796308,
        90.70481281895792,
        89.96019375708795,
        88.96685298796623,
        88.85521131946194,
        88.31801285282258,
        87.41201486895162,
        88.24332403367565,
        86.49313674434539,
        87.08841114659464,
        86.57327787337765,
        89.72390894736013,
        87.7696296938004,
        87.52266496227634,
        88.04294856902092,
        86.41449368384576,
        86.6344985961914,
        87.90977502638295
    ],
    "test_losses": [
        434.3766331826487,
        104.63994869109123,
        99.01347769460371,
        99.26165968371976,
        93.58629066713395,
        92.63359217489919,
        91.88995361328125,
        91.53482966269216,
        91.31715860674458,
        90.0778540334394,
        90.47131421489101,
        89.46135514782321,
        89.62792894917149,
        89.30995055167905,
        92.04674136254096,
        90.10552461685673,
        90.41432214552357,
        90.35035188736454,
        89.5240707397461,
        89.43113536219442,
        91.10424410912299
    ],
    "minibatch_train_losses": [
        433.218017578125,
        425.37823486328125,
        158.83828735351562,
        111.11077880859375,
        102.67117309570312,
        105.05504608154297,
        98.53726959228516,
        90.12434387207031,
        99.4348373413086,
        93.5278091430664,
        101.82475280761719,
        91.2446060180664,
        100.40596008300781,
        97.7574462890625,
        100.39755249023438,
        92.06478118896484,
        92.03498077392578,
        95.18778991699219,
        95.63346099853516,
        81.59906005859375,
        92.52261352539062,
        92.81420135498047,
        80.91944885253906,
        99.3900146484375,
        74.79234313964844,
        88.2218017578125,
        98.07078552246094,
        98.33653259277344,
        81.3436279296875,
        94.911865234375,
        104.24012756347656,
        86.90129852294922,
        81.38137817382812,
        84.70768737792969,
        92.83955383300781,
        75.11466979980469,
        95.50453186035156,
        89.15629577636719,
        87.81790924072266,
        89.00447845458984,
        92.01647186279297,
        95.0573959350586,
        81.37540435791016,
        81.9485092163086,
        87.28112030029297,
        90.1898422241211,
        87.27127838134766,
        85.59010314941406,
        90.1895980834961,
        79.26910400390625,
        95.0110092163086,
        89.38381958007812,
        84.7336196899414,
        82.6798095703125,
        101.83137512207031,
        97.64763641357422,
        103.452392578125,
        90.32858276367188,
        88.48200988769531,
        90.32179260253906,
        93.68291473388672,
        82.22383880615234,
        92.42044830322266,
        86.16864776611328,
        84.07975006103516,
        94.03534698486328,
        96.70287322998047,
        81.48114013671875,
        78.68903350830078,
        97.25703430175781,
        95.2524642944336,
        76.46985626220703,
        96.13945007324219,
        91.14531707763672,
        87.14742279052734,
        88.23316955566406,
        84.49490356445312,
        97.43961334228516,
        89.2716064453125,
        90.06641387939453
    ]
}