{
    "testproblem": "quadratic_deep",
    "batch_size": 32,
    "num_epochs": 20,
    "random_seed": 48,
    "weight_decay": null,
    "optimizer_name": "PreconditionedSGD",
    "optimizer_hyperparams": {
        "lr": null
    },
    "training_params": {},
    "train_losses": [
        276.5860324982674,
        104.35040012482673,
        100.06026803293535,
        94.57722768475932,
        92.61201058664629,
        90.34031061972341,
        90.81793729720577,
        92.12142599782636,
        90.34257162770918,
        89.15156948950982,
        87.82153615643901,
        87.57118963426159,
        86.55109553183279,
        86.74266839796498,
        89.27136058192099,
        86.89326329385081,
        86.814695296749,
        87.42073305191532,
        89.51609359248992,
        86.984862296812,
        87.6871576616841
    ],
    "valid_losses": [
        277.65099359327746,
        105.15743600168535,
        99.59539917976626,
        95.34944325108683,
        93.87498818674395,
        91.09546292212701,
        91.66243202455583,
        93.15502314413747,
        91.18991925639492,
        90.03323954920614,
        88.74388097947643,
        88.51407672512916,
        87.27278530982232,
        87.62658248409149,
        88.97646799395162,
        87.67580832204511,
        87.84772836008379,
        88.51031838693926,
        90.84239664385396,
        87.3757085492534,
        88.21230906824911
    ],
    "test_losses": [
        280.29700593025456,
        105.89210362588206,
        100.69358308853641,
        96.06550696588332,
        94.48084578975555,
        91.97351148051601,
        92.23920243786228,
        93.74187838646674,
        91.92671794276083,
        90.73466590143019,
        89.51349886002079,
        89.18371828140751,
        88.08851008261404,
        88.48211620699975,
        90.2647938882151,
        88.32464771886026,
        88.68729228358114,
        89.21211931782383,
        91.43949668638167,
        88.17821921071699,
        88.98087679955268
    ],
    "minibatch_train_losses": [
        272.4225769042969,
        250.33895874023438,
        126.10861206054688,
        98.92155456542969,
        112.32966613769531,
        112.28314208984375,
        101.8994140625,
        99.69723510742188,
        94.25264739990234,
        92.51416778564453,
        98.15821075439453,
        93.66165924072266,
        90.15563201904297,
        87.2123794555664,
        99.72480773925781,
        99.9761962890625,
        101.84124755859375,
        80.46869659423828,
        92.19596099853516,
        82.63311767578125,
        93.02643585205078,
        94.2610092163086,
        83.00578308105469,
        84.2280502319336,
        93.07576751708984,
        83.99870300292969,
        90.522705078125,
        79.89022064208984,
        91.60370635986328,
        84.54036712646484,
        93.36186218261719,
        98.33979034423828,
        98.08911895751953,
        83.62461853027344,
        88.2544937133789,
        88.18963623046875,
        91.50372314453125,
        85.19088745117188,
        86.6612777709961,
        83.89982604980469,
        90.22721099853516,
        80.93170166015625,
        87.68342590332031,
        102.42688751220703,
        89.263916015625,
        94.59734344482422,
        72.44940185546875,
        86.45219421386719,
        77.19071960449219,
        87.78811645507812,
        95.18318176269531,
        76.01509094238281,
        98.99784088134766,
        97.16252136230469,
        83.49224853515625,
        99.48751068115234,
        87.46448516845703,
        90.61542510986328,
        86.83306121826172,
        86.45394897460938,
        94.91676330566406,
        84.5385971069336,
        84.52452087402344,
        89.83199310302734,
        79.09760284423828,
        83.62718200683594,
        88.27352905273438,
        88.24132537841797,
        81.65374755859375,
        99.52896881103516,
        78.96855926513672,
        91.4530258178711,
        91.39635467529297,
        87.37492370605469,
        91.0748291015625,
        91.81082153320312,
        91.87242889404297,
        77.6090316772461,
        83.24845886230469,
        86.85552978515625
    ]
}