{
    "testproblem": "quadratic_deep",
    "batch_size": 32,
    "num_epochs": 20,
    "random_seed": 45,
    "weight_decay": null,
    "optimizer_name": "PreconditionedSGD",
    "optimizer_hyperparams": {
        "lr": null
    },
    "training_params": {},
    "train_losses": [
        209.5342062673261,
        105.31184239541331,
        97.71674469978579,
        95.3882089430286,
        93.84043687389743,
        92.14742968159337,
        90.14032843805128,
        89.14252619589529,
        89.8666263703377,
        89.06142130205708,
        88.13861207039126,
        88.2359390258789,
        87.1860838859312,
        91.03353266562185,
        88.49343724404612,
        87.24289432648689,
        87.07308787684286,
        87.60901617234752,
        87.93373206353957,
        87.26263550789126,
        87.28302494172127
    ],
    "valid_losses": [
        205.0477324455015,
        103.00226839127079,
        95.74540070564517,
        93.23163703180128,
        92.0425301828692,
        90.27317465505293,
        88.25432857390373,
        87.35223782447076,
        87.4883769865959,
        87.50447107130482,
        86.06706853066721,
        86.26627177576864,
        84.76007769184727,
        88.65640504898563,
        86.18070073281565,
        85.34849474506993,
        85.17276788526966,
        85.9229472990959,
        85.82432457708543,
        84.7622309038716,
        85.16817966584236
    ],
    "test_losses": [
        210.882814468876,
        106.63084190122542,
        98.90911569902974,
        96.57521697013608,
        94.85962209393901,
        93.40807760915449,
        91.3693133938697,
        90.45074093726373,
        90.91983967442667,
        90.57521426293158,
        89.68730951124623,
        89.38441959504158,
        88.40199452061808,
        92.2118663172568,
        89.49036678191155,
        88.45842546032321,
        88.45377472908267,
        88.98432503977129,
        89.4097920079385,
        88.3755840178459,
        88.79434179490612
    ],
    "minibatch_train_losses": [
        210.2348175048828,
        204.34054565429688,
        121.97245788574219,
        105.92694854736328,
        108.02374267578125,
        118.22616577148438,
        90.29508972167969,
        86.97271728515625,
        90.71638488769531,
        91.051025390625,
        92.74952697753906,
        116.14433288574219,
        92.32731628417969,
        88.99214172363281,
        99.89846801757812,
        85.57605743408203,
        97.78673553466797,
        90.1387710571289,
        89.90582275390625,
        89.62763977050781,
        88.29925537109375,
        91.66783905029297,
        90.94876098632812,
        78.77689361572266,
        85.29072570800781,
        96.95657348632812,
        79.08756256103516,
        87.73960876464844,
        90.15663146972656,
        81.13261413574219,
        83.80944061279297,
        92.1549072265625,
        91.61466217041016,
        87.5738296508789,
        82.54634094238281,
        87.39766693115234,
        86.49324798583984,
        84.48868560791016,
        91.24581146240234,
        83.5967025756836,
        93.49445343017578,
        84.88876342773438,
        92.373291015625,
        91.87164306640625,
        84.79100036621094,
        97.06661224365234,
        94.74443054199219,
        89.30230712890625,
        94.36283111572266,
        85.4291763305664,
        75.5679702758789,
        84.09586334228516,
        93.91500854492188,
        102.64669799804688,
        87.21533203125,
        77.88392639160156,
        89.40066528320312,
        78.99658203125,
        84.79356384277344,
        88.7213134765625,
        77.4947509765625,
        78.29225158691406,
        94.92115020751953,
        95.05986022949219,
        83.8501968383789,
        91.95600891113281,
        90.23577880859375,
        84.07687377929688,
        94.91083526611328,
        82.21280670166016,
        101.01818084716797,
        89.321044921875,
        90.01713562011719,
        77.3577651977539,
        77.94347381591797,
        90.10147094726562,
        83.95716094970703,
        82.67098999023438,
        94.3720932006836,
        91.00718688964844
    ]
}