{
    "testproblem": "quadratic_deep",
    "batch_size": 32,
    "num_epochs": 20,
    "random_seed": 42,
    "weight_decay": null,
    "optimizer_name": "PreconditionedSGD",
    "optimizer_hyperparams": {
        "lr": null
    },
    "training_params": {},
    "train_losses": [
        225.06795723207534,
        105.38209238360005,
        98.32086206251576,
        93.06915750811177,
        92.04452465426537,
        90.10767832110005,
        89.16016781714654,
        87.73926544189453,
        88.82988911290323,
        86.55670042960874,
        87.25958399618825,
        86.4394046414283,
        86.24122275075605,
        86.44740246188256,
        85.75044841151083,
        85.87305450439453,
        85.7698472545993,
        86.7724850562311,
        85.83802844632056,
        86.81778889317667,
        85.24137558475617
    ],
    "valid_losses": [
        230.73556174001385,
        108.6654512959142,
        101.47497681648501,
        96.16010481311429,
        94.72994995117188,
        93.1233892133159,
        92.48789928805444,
        90.88817227271295,
        91.33378502630418,
        89.6947996077999,
        90.69004674111643,
        89.63252602854082,
        89.51246569233555,
        89.57359486241495,
        88.36193060105846,
        88.7905763195407,
        89.22956380536479,
        90.37050111832157,
        89.17957404352003,
        90.23764161140689,
        88.57249179963142
    ],
    "test_losses": [
        228.7590578140751,
        107.15869878953502,
        100.82560360816217,
        94.92823520783455,
        93.9611582602224,
        92.04648885419292,
        91.44368916173136,
        89.80049920851185,
        90.27715350735572,
        88.77450733800089,
        89.24938571068549,
        88.43880757977885,
        88.10260723483178,
        88.90691646452873,
        87.80277744416267,
        87.89745133922946,
        88.27821448541457,
        88.97782307286417,
        88.06990223546183,
        88.64524693642893,
        87.45257445304624
    ],
    "minibatch_train_losses": [
        228.04931640625,
        205.7845001220703,
        133.20948791503906,
        110.38980102539062,
        88.00111389160156,
        104.12139892578125,
        109.21400451660156,
        108.20867919921875,
        100.28349304199219,
        98.45991516113281,
        89.96180725097656,
        89.57000732421875,
        98.25702667236328,
        81.59355163574219,
        81.57787322998047,
        93.29191589355469,
        88.86532592773438,
        93.02435302734375,
        85.41049194335938,
        86.94021606445312,
        77.69590759277344,
        83.20220947265625,
        94.70489501953125,
        80.85436248779297,
        88.7103042602539,
        102.7696762084961,
        80.72380828857422,
        92.10324096679688,
        95.9411849975586,
        82.75021362304688,
        75.2916488647461,
        95.9384536743164,
        88.76960754394531,
        95.70233154296875,
        79.73558044433594,
        80.20221710205078,
        79.160888671875,
        92.86813354492188,
        86.46090698242188,
        78.61898803710938,
        72.26547241210938,
        97.71501159667969,
        80.27510070800781,
        101.4232177734375,
        86.3543472290039,
        94.57198333740234,
        85.20523071289062,
        83.37997436523438,
        85.3996353149414,
        81.07178497314453,
        90.67406463623047,
        85.1365737915039,
        88.80393981933594,
        81.5411605834961,
        97.09137725830078,
        91.10850524902344,
        93.59455871582031,
        81.32347106933594,
        95.45388793945312,
        80.57353210449219,
        101.22523498535156,
        86.28897857666016,
        84.48927307128906,
        78.81513977050781,
        92.82037353515625,
        83.04147338867188,
        86.01472473144531,
        78.39212799072266,
        73.80070495605469,
        95.93938446044922,
        81.5867919921875,
        79.13726043701172,
        88.33380126953125,
        79.38874816894531,
        86.04414367675781,
        87.091796875,
        84.39836120605469,
        76.07406616210938,
        84.72444915771484,
        85.65296936035156
    ]
}