{
    "testproblem": "quadratic_deep",
    "batch_size": 32,
    "num_epochs": 20,
    "random_seed": 43,
    "weight_decay": null,
    "optimizer_name": "PreconditionedSGD",
    "optimizer_hyperparams": {
        "lr": null
    },
    "training_params": {},
    "train_losses": [
        264.12988773469004,
        105.51520316831527,
        100.47542965796686,
        96.0690430671938,
        93.98441388530117,
        94.3981210031817,
        91.87557589623236,
        90.35579213788432,
        90.20021623180759,
        89.28014718332598,
        92.0155755319903,
        89.8358877858808,
        88.06123352050781,
        91.03841523201235,
        88.74777246290638,
        88.76253977129537,
        88.59486610658708,
        87.653076171875,
        88.42739375945061,
        89.9186526883033,
        89.18012852822581
    ],
    "valid_losses": [
        261.704602149225,
        104.2459948139806,
        99.7993892546623,
        95.4190937165291,
        92.87570584204889,
        93.71196894491872,
        90.36286458661479,
        89.55804960189327,
        89.22147172497165,
        88.73590506276777,
        91.16590733681956,
        88.70994075652092,
        87.30536553167528,
        90.820558609501,
        87.64879731209048,
        87.9302461685673,
        87.84877998598161,
        86.64907344695061,
        87.73304896200857,
        88.8198483374811,
        87.65777366392074
    ],
    "test_losses": [
        265.0718477310673,
        105.97661885907573,
        101.37413492510396,
        97.23087606122417,
        94.65791813019783,
        94.8959712366904,
        91.90244342434791,
        90.97837140483242,
        90.8136244743101,
        90.38783091883505,
        92.8081322946856,
        90.44764241864604,
        88.6615977133474,
        92.61737109768775,
        89.44449960031817,
        89.16374944871471,
        89.2659917031565,
        88.11522083897745,
        89.53512647075038,
        90.44442822856288,
        88.92412690193423
    ],
    "minibatch_train_losses": [
        237.95303344726562,
        243.39218139648438,
        129.63168334960938,
        101.87217712402344,
        97.39984893798828,
        114.64485931396484,
        99.4271469116211,
        103.7015151977539,
        95.73637390136719,
        92.40914154052734,
        106.9766616821289,
        90.18217468261719,
        90.69837951660156,
        100.69389343261719,
        89.09381103515625,
        102.62931060791016,
        111.99150085449219,
        96.3459243774414,
        85.51918029785156,
        106.76652526855469,
        95.89002227783203,
        96.39312744140625,
        84.41104888916016,
        79.28781127929688,
        93.25640869140625,
        99.09193420410156,
        83.0580825805664,
        84.8200454711914,
        105.80097961425781,
        88.25936889648438,
        89.72612762451172,
        94.76156616210938,
        87.10124969482422,
        92.33963775634766,
        89.89192962646484,
        92.19261169433594,
        87.513671875,
        86.34918212890625,
        94.07685089111328,
        82.98753356933594,
        105.15788269042969,
        89.23809814453125,
        92.00115966796875,
        86.97712707519531,
        87.53382110595703,
        100.83706665039062,
        86.65178680419922,
        93.05172729492188,
        87.63909149169922,
        97.51700592041016,
        86.69495391845703,
        100.78845977783203,
        86.93362426757812,
        87.36614227294922,
        92.52129364013672,
        90.95421600341797,
        87.7226791381836,
        82.17911529541016,
        81.71047973632812,
        101.73738098144531,
        90.08785247802734,
        83.40043640136719,
        88.72821807861328,
        76.94596862792969,
        91.67698669433594,
        95.22003173828125,
        86.69491577148438,
        77.23751831054688,
        82.042236328125,
        79.33251953125,
        86.31474304199219,
        99.36958312988281,
        77.79248046875,
        96.77122497558594,
        79.76502990722656,
        89.87060546875,
        89.77908325195312,
        87.39012145996094,
        87.04998016357422,
        95.00038146972656
    ]
}