{
    "testproblem": "quadratic_deep",
    "batch_size": 32,
    "num_epochs": 20,
    "random_seed": 46,
    "weight_decay": null,
    "optimizer_name": "PreconditionedSGD",
    "optimizer_hyperparams": {
        "lr": null
    },
    "training_params": {},
    "train_losses": [
        321.73191587386594,
        102.13421507804624,
        98.12371260120022,
        94.67574064193234,
        95.53384276359311,
        92.49093209543535,
        94.07775140577748,
        90.82434721915952,
        91.73948792488345,
        92.03555888514364,
        89.99451372700352,
        89.1201880670363,
        89.27550654257497,
        91.20418917748236,
        90.66277288621471,
        88.66965115454889,
        90.270021500126,
        88.2018531060988,
        89.74093480263987,
        90.0169217509608,
        88.6316653836158
    ],
    "valid_losses": [
        320.9173308341734,
        100.52857011364353,
        96.66723312870148,
        93.43739146571005,
        94.03575035833543,
        90.92946181758758,
        92.2943575459142,
        89.21901432160408,
        89.9979966686618,
        90.69820699384135,
        88.98310876661732,
        87.89632120440083,
        87.96079672536543,
        89.6814951742849,
        89.06405295095136,
        87.28521999236077,
        89.13616795693675,
        86.75814991612589,
        88.64950536912487,
        88.78833032423451,
        86.75359516759073
    ],
    "test_losses": [
        319.25831850113406,
        100.81722776351437,
        96.8384994999055,
        93.70880250007876,
        94.35833371070123,
        90.95429131292528,
        92.71028801702684,
        89.4079835953251,
        90.18841232792023,
        91.00482497676727,
        88.89813626197076,
        87.78481858776462,
        88.11136159589213,
        89.7947518133348,
        89.37845586961315,
        87.44880996211883,
        89.09720685405117,
        86.72316668110508,
        88.65586779194493,
        88.78790578534526,
        87.09095345774004
    ],
    "minibatch_train_losses": [
        344.71270751953125,
        335.0887145996094,
        149.54957580566406,
        97.0625,
        98.13299560546875,
        93.85860443115234,
        121.68894958496094,
        102.28162384033203,
        85.01991271972656,
        94.33866882324219,
        107.50965881347656,
        85.71431732177734,
        91.85260009765625,
        106.14558410644531,
        95.08257293701172,
        104.55250549316406,
        89.34196472167969,
        113.12360382080078,
        92.13859558105469,
        96.4959716796875,
        103.49568939208984,
        87.89366149902344,
        86.19927978515625,
        92.5724105834961,
        94.69036865234375,
        95.22898864746094,
        92.45968627929688,
        95.0951919555664,
        80.71017456054688,
        101.84712982177734,
        91.92182922363281,
        91.60313415527344,
        89.75862884521484,
        101.32535552978516,
        94.44982147216797,
        90.595458984375,
        91.06130981445312,
        80.73406219482422,
        93.62694549560547,
        97.27376556396484,
        89.90162658691406,
        89.55579376220703,
        81.75019836425781,
        90.07260131835938,
        76.05457305908203,
        83.9046401977539,
        82.34925079345703,
        83.8706283569336,
        94.55857849121094,
        88.04700469970703,
        86.20539855957031,
        102.40962219238281,
        99.73239135742188,
        85.27680969238281,
        86.76920318603516,
        89.7974853515625,
        106.20849609375,
        83.51686096191406,
        103.99281311035156,
        83.84564971923828,
        97.40789794921875,
        98.49244689941406,
        80.8472671508789,
        87.10768127441406,
        86.86363983154297,
        82.5327377319336,
        98.93501281738281,
        85.32725524902344,
        80.58816528320312,
        105.7999038696289,
        90.22987365722656,
        93.77562713623047,
        89.1613540649414,
        90.98815155029297,
        98.24372863769531,
        81.52146911621094,
        92.97470092773438,
        84.43045043945312,
        82.1977767944336,
        86.4129867553711
    ]
}