{
    "testproblem": "quadratic_deep",
    "batch_size": 32,
    "num_epochs": 20,
    "random_seed": 47,
    "weight_decay": null,
    "optimizer_name": "PreconditionedSGD",
    "optimizer_hyperparams": {
        "lr": null
    },
    "training_params": {},
    "train_losses": [
        325.3902292559224,
        100.53928916685042,
        96.15342146350491,
        96.69743248724168,
        92.55374096285912,
        91.0515845514113,
        90.21942606279927,
        91.3026371617471,
        91.26881753244707,
        91.72826508552798,
        90.65774659187564,
        89.74593648602885,
        88.62131180301789,
        89.36629264585433,
        88.90720884261593,
        89.38287181238974,
        88.26904223042149,
        90.98529766451928,
        88.37641439130229,
        88.60426379788306,
        91.9923597766507
    ],
    "valid_losses": [
        328.8100812358241,
        98.7264158187374,
        94.17646887994582,
        95.28390379874936,
        90.78372389270413,
        89.13875629055885,
        88.4741676084457,
        88.13890371014995,
        88.15566056774509,
        88.91046437909526,
        88.34027468773627,
        87.76621640113092,
        86.06446641491306,
        87.2422615789598,
        86.69785973333543,
        88.66033197218373,
        86.64398759411228,
        88.25308645925215,
        86.82243150280368,
        86.90332425025201,
        88.21418663763231
    ],
    "test_losses": [
        331.2925080330141,
        100.86227220104587,
        97.13719078802293,
        97.9845453077747,
        93.66057340560421,
        92.07576702487084,
        91.16874251827117,
        90.99834368305821,
        92.23239997125441,
        92.36609920378655,
        91.09949665684854,
        90.76072176041141,
        88.89711047757056,
        90.61471262285787,
        89.42051844443044,
        90.91113945745653,
        89.67179722939768,
        92.56454270885837,
        89.1234135781565,
        89.9080335555538,
        91.76239456668976
    ],
    "minibatch_train_losses": [
        311.9554138183594,
        308.22802734375,
        135.8596954345703,
        98.44954681396484,
        95.20252990722656,
        103.73432159423828,
        99.28666687011719,
        101.95667266845703,
        92.88661193847656,
        93.24015808105469,
        93.49472045898438,
        96.03132629394531,
        95.57412719726562,
        87.3077392578125,
        85.11804962158203,
        99.22908020019531,
        89.04718017578125,
        98.45620727539062,
        107.32318878173828,
        86.61234283447266,
        94.87775421142578,
        97.18049621582031,
        97.93004608154297,
        85.04598236083984,
        93.1043930053711,
        88.05001068115234,
        92.89915466308594,
        93.58087921142578,
        96.92198181152344,
        85.30550384521484,
        88.63098907470703,
        89.6496353149414,
        98.11566162109375,
        103.89661407470703,
        100.65272521972656,
        100.93975067138672,
        103.59127044677734,
        91.59326171875,
        96.50313568115234,
        82.32479095458984,
        94.58218383789062,
        91.63639068603516,
        76.53598022460938,
        94.0770492553711,
        87.30056762695312,
        83.43443298339844,
        94.75099182128906,
        76.12762451171875,
        78.27217102050781,
        95.99261474609375,
        83.32820892333984,
        88.79489135742188,
        82.91468811035156,
        97.04032135009766,
        93.3079833984375,
        90.40520477294922,
        91.58236694335938,
        82.63343048095703,
        90.50825500488281,
        95.69305419921875,
        91.98468780517578,
        82.2581787109375,
        80.15857696533203,
        91.4456787109375,
        78.83092498779297,
        87.4798583984375,
        90.58602142333984,
        91.45166778564453,
        96.77869415283203,
        86.88520812988281,
        87.25922393798828,
        88.15382385253906,
        90.01091766357422,
        81.988037109375,
        97.71430206298828,
        82.32120513916016,
        90.74279022216797,
        106.03337860107422,
        86.76361083984375,
        88.70101165771484
    ]
}