{
    "testproblem": "quadratic_deep",
    "batch_size": 32,
    "num_epochs": 20,
    "random_seed": 50,
    "weight_decay": null,
    "optimizer_name": "PreconditionedSGD",
    "optimizer_hyperparams": {
        "lr": null
    },
    "training_params": {},
    "train_losses": [
        299.8490265877016,
        101.34390406454763,
        97.00365669496598,
        93.6192646641885,
        92.31492762411794,
        90.33455042685232,
        89.90226474885017,
        89.71010269657258,
        89.79669534006426,
        89.96651827904486,
        88.51163974885017,
        88.22316397390058,
        90.29029058641002,
        90.80871188256049,
        87.68530519547001,
        87.72408466954386,
        87.64391523791897,
        89.73878725113407,
        89.45174531013735,
        88.79584453951928,
        89.12352038967994
    ],
    "valid_losses": [
        301.7827886766003,
        101.57046311901462,
        96.97819272933468,
        94.11887654950542,
        92.41373394381615,
        90.61954916677168,
        89.99811652398878,
        89.41177294331212,
        89.6205547701928,
        90.72643969135899,
        88.56771530643586,
        88.1688960905998,
        90.66613326534149,
        91.2139658774099,
        88.02657711890436,
        88.1487079743416,
        87.68250373102003,
        90.15761073943108,
        89.62448366226688,
        89.44604762907952,
        89.70420591292843
    ],
    "test_losses": [
        300.84422892908896,
        100.8604741250315,
        96.48585190311555,
        93.1967288601783,
        91.59892272949219,
        89.59349699943296,
        89.39203545355028,
        88.57055073399698,
        88.92873013404107,
        89.23270416259766,
        87.91802166354272,
        87.52015735257056,
        89.73993978192729,
        90.20582162180254,
        87.0150380288401,
        87.20928487470073,
        87.01589153658959,
        89.29557898736769,
        88.52866437358242,
        88.53095319194179,
        88.46019720262096
    ],
    "minibatch_train_losses": [
        311.78094482421875,
        331.4210205078125,
        136.15252685546875,
        103.1002197265625,
        98.93109130859375,
        108.86947631835938,
        96.45994567871094,
        88.72352600097656,
        111.65625,
        92.3757553100586,
        103.82475280761719,
        92.1943588256836,
        91.15825653076172,
        86.15904998779297,
        99.26587677001953,
        88.83296203613281,
        96.40608978271484,
        93.61469268798828,
        96.29754638671875,
        84.738525390625,
        88.94513702392578,
        92.32786560058594,
        96.46804809570312,
        84.55674743652344,
        83.8458023071289,
        89.37840270996094,
        85.0616455078125,
        78.30024719238281,
        80.37165069580078,
        90.72286224365234,
        81.81159973144531,
        92.76556396484375,
        93.00857543945312,
        85.53993225097656,
        84.84764099121094,
        95.66294860839844,
        88.59888458251953,
        76.71806335449219,
        89.6042251586914,
        84.36920166015625,
        99.56777954101562,
        84.05633544921875,
        83.76555633544922,
        95.5138168334961,
        86.1972427368164,
        81.12007904052734,
        76.89627838134766,
        81.9305419921875,
        91.98836517333984,
        86.469482421875,
        87.77598571777344,
        85.55439758300781,
        89.1561050415039,
        99.39080810546875,
        104.50357055664062,
        87.83283233642578,
        76.44866943359375,
        84.71868133544922,
        97.50048828125,
        81.49595642089844,
        86.27412414550781,
        84.78023529052734,
        95.00605010986328,
        82.1716537475586,
        90.73607635498047,
        93.64886474609375,
        84.39892578125,
        86.34402465820312,
        95.94805908203125,
        89.16259002685547,
        87.95976257324219,
        91.05511474609375,
        76.87508392333984,
        88.02525329589844,
        85.54596710205078,
        95.01444244384766,
        82.43693542480469,
        84.10083770751953,
        88.11355590820312,
        90.87301635742188
    ]
}