{
    "testproblem": "quadratic_deep",
    "batch_size": 32,
    "num_epochs": 100,
    "random_seed": 43,
    "weight_decay": null,
    "optimizer_name": "Preconditioner",
    "optimizer_hyperparams": {
        "lr": 1e-75
    },
    "training_params": {},
    "train_losses": [
        281.3801845427482,
        281.1852362848097,
        103.38276918472782,
        98.12645524547946,
        96.44681967458418,
        93.45288947320753,
        91.96600341796875,
        91.51368836433657,
        91.13946040984123,
        90.99771954936367,
        89.56178357524257,
        90.02496387112525,
        88.78662183207851,
        90.39179525067729,
        88.90167334771925,
        88.46704815280053,
        87.81433425411102,
        87.5860364360194,
        88.73825220907888,
        87.8086200837166,
        88.65093649587324,
        87.6332269483997,
        87.33721333165323,
        90.27492744691911,
        88.21839264900454,
        88.30485313169417,
        87.11529344128024,
        90.46228421118951,
        88.09008542952999,
        88.03197725357548,
        87.6125234788464,
        88.02672552293346,
        87.57517685428742,
        88.86767455070249,
        90.2240228960591,
        88.58080439413747,
        89.66942030383694,
        87.42979086599043,
        87.8192857311618,
        87.00572549143145,
        87.7384540188697,
        90.27712471254411,
        88.0561021374118,
        87.5714116250315,
        88.0285157234438,
        88.74319187287361,
        88.03078731413811,
        87.90650792275706,
        88.5067847467238,
        87.40072311893586,
        87.19434627409905,
        86.89550387474799,
        88.745361820344,
        87.31964825045678,
        86.87872855894027,
        88.00633165913243,
        88.4614996141003,
        87.9651846116589,
        88.23930211221018,
        87.59273332165134,
        87.23441265475365,
        88.42114331645351,
        87.5478761734501,
        87.08583684121409,
        88.63607763474987,
        87.6174080141129,
        89.25899161061933,
        87.32961716190461,
        87.40054025957662,
        88.80065253473097,
        90.29907940280053,
        87.77224485335812,
        88.78892713977444,
        87.3729951920048,
        90.96438795520413,
        87.59267794701361,
        88.18587124732232,
        88.10662497243574,
        91.45507541779548,
        87.67296280399445,
        87.99922992337135,
        87.88445724979523,
        90.1012706141318,
        91.64988142444241,
        88.17254540228075,
        87.64599264821699,
        88.18860773886404,
        87.5166269117786,
        87.19615616336945,
        88.59756937334615,
        87.81129775508758,
        87.54771669449345,
        86.90789007371471,
        89.6133787093624,
        87.20664805750692,
        87.88391507056451,
        87.41277534730973,
        88.45208223404423,
        87.44554335071194,
        88.52316284179688,
        89.96483021397745
    ],
    "valid_losses": [
        281.79673570202243,
        281.79673570202243,
        102.19127113588395,
        96.39111574234501,
        94.92008726058468,
        92.41698012813445,
        90.4607667000063,
        90.76664217056766,
        89.67314960110572,
        89.08423368392452,
        88.16031376008064,
        88.61900600310295,
        87.24417508033014,
        88.82216422788558,
        87.39213217458418,
        86.53643995715726,
        86.07315924859816,
        86.08672603484123,
        87.02948884041079,
        86.11205144082346,
        86.86874488092238,
        86.39391499180948,
        85.98539684664819,
        88.44090098719442,
        86.5173571186681,
        86.7296622491652,
        86.00553352602067,
        88.4019041984312,
        86.65634106051537,
        86.91698480421498,
        86.28145574754284,
        86.90772394980154,
        86.24956807782573,
        87.37865940217048,
        88.62889566729146,
        87.52562984343498,
        89.29416730326992,
        86.12062023532006,
        86.08646146712765,
        86.20101657990486,
        86.47583081645351,
        88.1099351452243,
        86.35970429451235,
        85.82186545095136,
        87.27987080235636,
        87.5921148484753,
        87.56030765656502,
        86.55309295654297,
        86.88445355815273,
        85.71756719773815,
        85.55492745676348,
        85.19169247534967,
        87.44064774051789,
        85.7909410538212,
        85.55338853405368,
        86.56576685751638,
        86.85527998401272,
        86.8571302352413,
        87.32809251354587,
        85.85213125905683,
        86.35436617943549,
        86.65354525658393,
        86.53441422985446,
        85.57984727428806,
        86.28953158470893,
        86.16816145373929,
        87.3103755827873,
        85.43740795504662,
        86.06215520058909,
        87.25774678876323,
        88.91085963095388,
        86.23469789566532,
        86.77651829873362,
        85.44004501834992,
        89.83251017908896,
        86.1598641180223,
        87.19526746196132,
        86.69511831960371,
        90.78185813657699,
        86.0075201219128,
        86.61194339875252,
        86.10831795969317,
        89.07249819847846,
        88.8671646118164,
        86.50483802057082,
        86.03083235217679,
        85.7830820391255,
        86.14331719183153,
        85.59681160219255,
        86.54889531289378,
        86.98269161101311,
        86.30746090796686,
        85.57774402249244,
        88.33389479114163,
        86.02641985493321,
        86.94650071667087,
        86.16317256804436,
        86.90093944918725,
        86.22153571344191,
        87.18538690382435,
        88.12674590080015
    ],