{
    "testproblem": "quadratic_deep",
    "batch_size": 32,
    "num_epochs": 100,
    "random_seed": 49,
    "weight_decay": null,
    "optimizer_name": "Preconditioner",
    "optimizer_hyperparams": {
        "lr": 0.0001
    },
    "training_params": {},
    "train_losses": [
        315.82714942193803,
        311.02118116809476,
        104.13145643664944,
        99.04968187885899,
        96.22326143326298,
        93.23465285762664,
        92.18199797599546,
        90.83948443012852,
        90.64738415133569,
        89.95570791921308,
        89.98926618022304,
        89.11907442154423,
        89.6167735438193,
        89.50058008009388,
        88.73181693784652,
        88.91954015916393,
        88.56182910550025,
        90.8981210031817,
        88.50907307286417,
        88.21957594348538,
        87.76399452455583,
        89.20274131528792,
        88.18370892924648,
        88.52150997038811,
        88.3472383560673,
        89.50817083543346,
        87.69288659864857,
        88.62330307499055,
        87.47971811602193,
        88.08263101885396,
        88.18442953786543,
        87.69597896452873,
        87.15720392042591,
        86.79110077888735,
        87.41954483524445,
        87.74598767680507,
        87.41429802679247,
        89.53379600278792,
        87.37466553718814,
        88.14054772161668,
        88.35139046945879,
        88.58935891428301,
        88.70357021208733,
        87.5155265561996,
        88.28874206542969,
        87.58351824360508,
        88.68352262435421,
        87.32836667952999,
        89.36059102704448,
        88.21488411195817,
        87.78375982469127,
        89.56494116014049,
        92.32734704786732,
        88.89130180112777,
        88.28738870928365,
        87.74555206298828,
        89.69952417189076,
        89.49104309082031,
        90.38441713394657,
        88.22596814555507,
        87.09021463701802,
        87.79330739667338,
        88.55705679616621,
        87.43318077825731,
        87.83094836819556,
        87.33184469899824,
        87.17682253929877,
        90.02888021161479,
        87.27466853972405,
        86.76954527824155,
        87.00802366195187,
        88.10088348388672,
        87.56461063508064,
        89.47620834842805,
        88.66060269263482,
        88.8556895102224,
        87.21302967686808,
        87.05501581007435,
        87.78040141444052,
        89.09010954826108,
        88.0759523453251,
        90.11993088260773,
        86.47747581235824,
        88.69439155824723,
        87.66189722861013,
        86.82372431601247,
        86.95022336898312,
        87.69211996755293,
        86.76545936830583,
        91.53814967986077,
        88.06809333062941,
        87.67935229885963,
        87.01245043354649,
        87.71331565610824,
        88.50667867352885,
        88.0666762321226,
        87.50650393578314,
        87.46309760309035,
        87.8607647803522,
        88.11348748976185,
        87.79247726932648
    ],
    "valid_losses": [
        311.8166651571951,
        307.36075025989163,
        103.97444718883884,
        99.95664953416393,
        97.24383864864227,
        93.9052965717931,
        92.6995111280872,
        91.41700350853705,
        90.73794014223161,
        90.85554036786479,
        90.1845934467931,
        89.83348255772745,
        90.2828881048387,
        89.98047268775201,
        89.08743187689012,
        89.46135982390373,
        89.60624202605217,
        90.66573973624936,
        88.96539331251576,
        88.2986548639113,
        87.8025657899918,
        89.55500055128529,
        88.33070078203755,
        88.88081802860383,
        88.60659740817162,
        89.50460569320187,
        88.48612976074219,
        89.84445264262538,
        88.260252921812,
        88.87850090765184,
        89.16948847616872,
        88.28199521956905,
        87.64914875645792,
        87.91035609091482,
        88.30708608319682,
        88.6417465209961,
        88.05773901170299,
        90.21871086858934,
        87.77073423324093,
        88.76605126165575,
        89.46462766585812,
        90.01329040527344,
        88.9142837524414,
        87.94567354263798,
        89.4343525055916,
        88.20874392601752,
        89.17042516892955,
        87.68807835732737,
        89.4310548843876,
        88.436281265751,
        88.20858124763735,
        89.05210581133443,
        92.84959116289693,
        89.48361747495589,
        89.17809837095199,
        88.22637496456024,
        89.97927068894909,
        90.66067701770413,
        90.72637028847971,
        88.42900749944872,
        87.8440923383159,
        87.90799540858114,
        89.22590760261782,
        88.660402359501,
        88.00389197564894,
        87.71644469230405,
        87.64633621708039,
        90.76098042149698,
        87.99189143027029,
        87.28662084764049,
        87.66331851097846,
        88.81181187783518,
        87.3801523024036,
        90.2173607118668,
        89.27555527225617,
        89.54894724199849,
        87.5426269039031,
        87.70752888341104,
        88.19170970301474,
        90.54022364462575,
        89.30052923387096,
        90.86587672079763,
        87.32073753110824,
        89.1058603102161,
        88.31428724719632,
        87.40373992919922,
        87.77238981185421,
        87.883791031376,
        87.12631520917338,
        92.7816637100712,
        88.47306183845767,
        87.88745363297001,
        87.84736485635081,
        88.36853470340851,
        89.52784458283455,
        89.20064741565335,
        88.36900403422695,
        88.25118920110887,
        88.35338001866495,
        89.4775146976594,
        88.25200776130923
    ],