{
    "testproblem": "quadratic_deep",
    "batch_size": 32,
    "num_epochs": 100,
    "random_seed": 45,
    "weight_decay": null,
    "optimizer_name": "Preconditioner",
    "optimizer_hyperparams": {
        "lr": 0.0001
    },
    "training_params": {},
    "train_losses": [
        298.2433294480847,
        294.2230268909085,
        103.09027370329827,
        97.44650662329889,
        94.9605732579385,
        92.30055852090159,
        91.30595964001071,
        90.58179252378402,
        89.31829760151524,
        87.93648529052734,
        88.0900143038842,
        88.2291742140247,
        89.27909654186618,
        88.90860994400516,
        87.07446756670552,
        87.35608525430003,
        86.99313846711189,
        87.8120848132718,
        86.6331307195848,
        87.9504148421749,
        89.56700503441596,
        86.89322539298765,
        87.99907536660471,
        87.04029083251953,
        86.08870795465285,
        88.12914153068296,
        86.7794184530935,
        87.17542340678554,
        86.65479524673954,
        87.04486305482926,
        86.30509899508569,
        86.41095315256426,
        86.07561862084174,
        87.18640751992503,
        86.49912581905242,
        86.85213052072832,
        86.36588508852067,
        85.7667475054341,
        86.26704677458733,
        88.29282822147492,
        87.17527918661794,
        86.08379536290323,
        86.60134592363912,
        86.93504358107045,
        86.3541028422694,
        86.75401527650895,
        85.84871993526336,
        87.2437025500882,
        87.13923817296183,
        86.25049664897304,
        86.45983665220199,
        86.37099899784211,
        86.22589455881426,
        85.50033077116936,
        85.88331825502458,
        87.21612893381426,
        86.55913297591671,
        89.7107425812752,
        86.43666470435357,
        87.35409668953189,
        85.77833064909905,
        87.11821919102823,
        86.94489214497227,
        86.63123469198904,
        85.94367316461378,
        87.22326143326298,
        85.94462142452117,
        86.74703511884135,
        85.17114848475302,
        85.94479567004788,
        86.38718685027092,
        86.27546002787929,
        86.98582803049395,
        87.3034188055223,
        86.69409401186051,
        86.57720479657573,
        86.55257268105784,
        86.28947153399068,
        89.39515267649004,
        87.4221900201613,
        86.54143844112274,
        86.49739173150832,
        88.10615957936933,
        85.79764089276713,
        87.0101089477539,
        86.46983165125692,
        87.17311613021359,
        89.16617067398563,
        86.55181244880923,
        86.73108230098602,
        85.83888318461757,
        85.88468096333165,
        85.41277387065273,
        86.26378163983745,
        85.89613096175655,
        85.87335057412425,
        86.37976615659652,
        89.01622230775895,
        86.05830432522681,
        86.9956322946856,
        86.20824973813949
    ],
    "valid_losses": [
        300.6128904281124,
        296.564445249496,
        103.80359871156755,
        98.03035170032132,
        95.65015829763105,
        92.90710744550151,
        91.4612045288086,
        91.01570966166835,
        89.81158791818926,
        88.32808045418032,
        88.44405340379284,
        88.64818203833795,
        89.43380343529486,
        88.94305862918976,
        87.56527980681389,
        87.8732196438697,
        87.67162372219947,
        88.2259981709142,
        87.4581542476531,
        88.7120351483745,
        89.80154418945312,
        87.02008056640625,
        88.5411372030935,
        87.63357224002961,
        86.67081451416016,
        87.9834461827432,
        87.10939173544607,
        87.90897960047567,
        87.35348092356035,
        87.66540945729902,
        86.85373835409841,
        86.58739865210748,
        86.74883737871724,
        87.86336345057333,
        87.10525266585812,
        87.75025964552357,
        86.82035433861518,
        86.3592280726279,
        86.41006740447014,
        88.53124064783896,
        87.53136665590348,
        86.60425149240801,
        86.77617989816973,
        86.85916137695312,
        86.48688384025327,
        87.08378035022366,
        86.25325405982232,
        88.29923642066217,
        87.84121211882561,
        86.54324611540764,
        87.00425621771043,
        86.86757315358808,
        86.67310087142452,
        86.26114186932963,
        86.43077062791393,
        87.11300068516886,
        86.5378915109942,
        89.33000650713521,
        87.07380725491431,
        87.84401432160408,
        85.96658546693864,
        87.92339743337324,
        87.21813472624748,
        87.03728854271674,
        86.20691607075352,
        88.15681629796183,
        86.49074283722908,
        87.45800461307648,
        85.79867824431389,
        86.47431232083228,
        87.08287442115045,
        86.94813660652407,
        87.1975333921371,
        88.4344735914661,
        87.05886447045111,
        86.6454352101972,
        87.15752312444872,
        86.75689967986077,
        88.96647570210118,
        87.49976594986454,
        86.74034020208543,
        86.88124305971208,
        88.62867219986454,
        86.3993402296497,
        87.2389888148154,
        86.9208509383663,
        87.22790994951802,
        89.46117204235446,
        87.0057833271642,
        86.87713303104523,
        86.02152104531565,
        86.31383588237148,
        86.07339797481414,
        86.48735760104272,
        86.28114368069556,
        86.40199599727508,
        86.8041020054971,
        89.87752237627583,
        86.6731446789157,
        87.8601308022776,
        86.40735921552104
    ],