{
    "testproblem": "quadratic_deep",
    "batch_size": 32,
    "num_epochs": 100,
    "random_seed": 46,
    "weight_decay": null,
    "optimizer_name": "Preconditioner",
    "optimizer_hyperparams": {
        "lr": 0.0001
    },
    "training_params": {},
    "train_losses": [
        305.0794037849672,
        300.68375224451864,
        103.09795798024824,
        96.91930143294796,
        93.82402973790323,
        91.46124144523374,
        89.83921494022492,
        88.76327096262285,
        89.42779245684224,
        89.69829313216671,
        87.57478775516633,
        87.32637343868133,
        87.20062674245527,
        86.34356615620274,
        87.20572637742565,
        87.87473986225743,
        87.14998232933783,
        86.15364714591733,
        86.91923498338268,
        86.1488549017137,
        86.31402858611077,
        87.32026007867628,
        87.61132566390499,
        86.16778958228326,
        85.23081428773942,
        86.21014576573526,
        85.64927624117944,
        85.04527922599546,
        86.82444147909841,
        86.10192846482799,
        86.17043279832409,
        88.66497999621976,
        86.41568411550215,
        85.72933073966733,
        85.94854933215726,
        86.47820281982422,
        86.87576663109564,
        85.5712425478043,
        86.12255588654548,
        85.30663644113848,
        86.41983155281314,
        85.7624750444966,
        85.5664296304026,
        85.1999004733178,
        86.13255703833795,
        88.22922023650139,
        86.14892922678301,
        86.86295663156817,
        85.95723035258632,
        85.46426859209615,
        85.60318288495463,
        85.01431052915511,
        85.30906160416141,
        86.74362010340536,
        85.35206530171055,
        86.24877708188949,
        85.44391336748677,
        85.94004797166393,
        84.79497281966671,
        85.85389758694556,
        87.1362041350334,
        85.05966408021989,
        87.28414498606035,
        86.12823658604776,
        85.93851987777218,
        86.49094169370589,
        86.26570621613533,
        85.57950616651966,
        87.16018775201613,
        85.70877296693864,
        86.38788653958228,
        85.25652879284274,
        86.62074279785156,
        85.53714579920614,
        87.33309370471585,
        87.38758579377205,
        86.12869508804813,
        86.25712683893019,
        86.59894906320879,
        85.3762935515373,
        85.6468274516444,
        85.82883034982989,
        85.3292472593246,
        86.33209277737525,
        85.55406902682397,
        86.30309935538999,
        85.19761116273942,
        85.07615267845893,
        85.49778230728641,
        86.55784754599294,
        86.43326322494015,
        86.53744088449785,
        87.43687537408644,
        86.8371079967868,
        85.47458820958292,
        85.63804774130544,
        85.39680677844632,
        84.89390244022492,
        86.96338259789252,
        85.8371102117723,
        87.70930850121283
    ],
    "valid_losses": [
        305.89009832566785,
        301.6200344947077,
        105.71138221986833,
        99.22174589095577,
        96.01378237816596,
        93.58799522153792,
        92.02223894673008,
        90.87974843671245,
        90.97213105232485,
        91.56375491234564,
        89.64012244439894,
        89.46555476034841,
        89.14303195091986,
        88.06296834638042,
        89.37776651690083,
        89.73138846120527,
        88.5569364486202,
        88.21450411888861,
        89.30477117723034,
        88.1694094750189,
        88.33446478074596,
        89.15617936657321,
        90.0845191709457,
        88.07420472175845,
        87.29774032100555,
        88.02609302151588,
        87.46807196832472,
        87.3319588938067,
        89.19898174655053,
        87.92955312421245,
        88.03507011167464,
        90.93371975806451,
        88.53621082921183,
        88.02821079377205,
        88.12260190902218,
        88.59754796181956,
        88.91262423607611,
        87.38258632536858,
        88.4473158313382,
        87.36734599451864,
        88.3843765258789,
        87.68590840985698,
        88.00833646712765,
        86.93410910329511,
        87.75445015199723,
        90.22818337717364,
        87.9863517515121,
        89.48691755725491,
        88.21990622243574,
        87.49645602318549,
        88.0595208444903,
        87.27144179805633,
        87.2124520578692,
        88.31579885175151,
        87.17800017326108,
        88.20459845758253,
        87.2083978960591,
        87.97503268334174,
        87.3173569710024,
        88.19035437799269,
        89.96205754433909,
        87.46356496503276,
        88.86021964780745,
        87.74220841930759,
        88.33781285439768,
        87.96296642672631,
        88.27627489643712,
        87.25453432144657,
        89.2557857882592,
        87.57280017483619,
        88.47730673513105,
        87.42537639987084,
        88.36004097230973,
        87.60960215906942,
        89.80377837150327,
        89.49240112304688,
        88.31247440461189,
        88.65879108059791,
        88.98141307215536,
        87.70047095514113,
        87.68222218175089,
        88.20999317784464,
        87.37913660849294,
        87.8718015609249,
        87.6147692280431,
        88.62692383796939,
        87.72744307979461,
        86.80362799859816,
        87.44861627394154,
        88.80971797820061,
        88.35858080464024,
        88.21240825037802,
        89.53476788920742,
        88.85775215395036,
        87.64702680034023,
        88.29747329219695,
        87.39347765522618,
        87.21162488383632,
        89.32305883592174,
        88.03764097152218,
        89.59848933066091
    ],