{
    "testproblem": "quadratic_deep",
    "batch_size": 32,
    "num_epochs": 100,
    "random_seed": 48,
    "weight_decay": null,
    "optimizer_name": "Preconditioner",
    "optimizer_hyperparams": {
        "lr": 0.0001
    },
    "training_params": {},
    "train_losses": [
        202.8746618455456,
        201.0805890483241,
        103.22497164818549,
        99.75328260852444,
        94.20032353555003,
        93.36217548001197,
        91.56938171386719,
        91.27579449069115,
        90.25785483083418,
        88.96087375763923,
        88.05213091450352,
        87.29593781502017,
        87.5386470671623,
        87.28159898327243,
        87.8395235615392,
        87.01556125763923,
        90.49852998795048,
        86.7774168445218,
        88.59471770255796,
        86.57269114832724,
        89.01157108429939,
        85.87964113297001,
        86.1073239234186,
        88.04608671126827,
        86.80589663597846,
        86.1467514038086,
        86.80138003441596,
        87.75134597286102,
        86.83419406029486,
        88.51124449699155,
        86.53057295276272,
        87.35199294551727,
        87.57875110257056,
        87.513427734375,
        87.29804303569179,
        88.26839865407636,
        87.75796213457662,
        85.51475229570943,
        87.80593995125064,
        86.9812986312374,
        87.14919059507308,
        86.13881461851058,
        88.33949156730405,
        86.80438823084677,
        86.07594570036858,
        86.94404503606981,
        85.86279075376449,
        86.41470853744015,
        86.82372234713647,
        86.45728720388105,
        85.87346796835622,
        89.11680012364542,
        85.95723847419985,
        87.01754834575038,
        85.96708629977319,
        86.59400152391002,
        86.76296086465159,
        87.04239580708165,
        87.01671329621345,
        86.12277443178239,
        88.66793207968435,
        86.32039051671183,
        85.64145832677042,
        86.68661942020539,
        88.91380433113345,
        85.90604179136214,
        86.96727728074596,
        85.89404813704952,
        88.69683911723476,
        86.91766529698526,
        86.24127787928427,
        87.53395449730658,
        85.98606429561492,
        87.1896502587103,
        86.10864873086253,
        86.16086110761088,
        86.02713504914314,
        89.2332529867849,
        90.30149152201992,
        87.23373486918788,
        86.59827743038055,
        86.20989719513923,
        86.09776429207095,
        87.50862958354335,
        86.29596045709425,
        85.54498857067478,
        89.96763561617944,
        86.1412597164031,
        88.04385548253214,
        85.73399008474043,
        86.32913995558216,
        85.98385127898186,
        86.62344655682963,
        86.36466266262916,
        86.92834078881049,
        86.07315777194115,
        85.60340389128655,
        86.84428110430318,
        85.65757234634891,
        85.72332566784274,
        85.64991686421055
    ],
    "valid_losses": [
        204.14760417322958,
        202.08314661825858,
        103.88965483634702,
        100.76566708472467,
        94.75120741321194,
        94.06841179632372,
        92.63251569194179,
        92.2684803624307,
        90.97342189665764,
        89.18047824982673,
        88.68588576778289,
        87.82557678222656,
        87.83184248401272,
        87.86731818414503,
        88.4713853405368,
        87.36444756292528,
        90.8503186625819,
        86.83684539794922,
        89.27059887301537,
        86.96026635939076,
        89.14842322564894,
        86.41538681522492,
        86.44026750133884,
        88.06765451738912,
        87.32945792905745,
        86.16789860879221,
        87.23990015829763,
        88.2468758859942,
        87.06785977271295,
        89.05493853169102,
        86.80211811680948,
        87.53600754276398,
        88.29067968553112,
        87.89473601310483,
        87.97578774729082,
        87.85158981815461,
        88.24580383300781,
        86.12615302301222,
        88.35853970435357,
        87.48008481917843,
        87.47504474270728,
        86.50604248046875,
        88.93194973853326,
        87.05604799332157,
        86.78213402532762,
        87.2134517546623,
        86.05731398059476,
        86.8406485280683,
        87.46275009647492,
        86.70157894011467,
        86.26068213678175,
        89.48368737005418,
        86.47575279974168,
        87.62081392349735,
        86.26472374700731,
        87.32055270287299,
        87.0258277154738,
        88.22289743731099,
        87.52781972577495,
        86.69510010750064,
        89.53285168063256,
        86.60083352365801,
        85.9689180927892,
        86.87852871802545,
        89.13563168433404,
        86.26101955290764,
        87.81054146059098,
        86.30984497070312,
        88.94036865234375,
        87.3980956539031,
        86.72713495069935,
        87.75027761151713,
        86.35597105949155,
        87.16963343466482,
        86.11497251449093,
        86.5069816343246,
        86.51966907132056,
        89.2013202790291,
        91.60851706227949,
        87.58221853933027,
        87.03225511120212,
        86.95863539172757,
        86.38621520996094,
        87.92464890018586,
        86.78835665795111,
        86.06676310877646,
        89.6836919476909,
        86.04635127898186,
        88.45026003929877,
        86.41862020184917,
        86.65810148177609,
        86.01472325478831,
        87.17280652446132,
        86.73684692382812,
        87.56125050206339,
        86.80779315579322,
        85.96276535526398,
        87.2113792665543,
        86.2886953046245,
        86.02883591190461,
        86.20961416921308
    ],