{
    "testproblem": "quadratic_deep",
    "batch_size": 32,
    "num_epochs": 100,
    "random_seed": 51,
    "weight_decay": null,
    "optimizer_name": "Preconditioner",
    "optimizer_hyperparams": {
        "lr": 0.0001
    },
    "training_params": {},
    "train_losses": [
        226.1074715891192,
        223.73352493778353,
        103.29320280013546,
        97.24230489423198,
        95.26236626409715,
        92.54679599885017,
        90.05465082968435,
        89.89559247416835,
        89.14885760891822,
        89.55108002693423,
        87.63895268594065,
        86.96560225948211,
        87.78242738785282,
        86.1798080936555,
        87.12868007536858,
        86.24849750149635,
        88.34712366903982,
        87.22200135261782,
        87.80473278414819,
        86.34224380985383,
        86.58858662266886,
        86.11750128961378,
        86.61783969017768,
        86.44422223491054,
        86.98294584212765,
        86.44053551458543,
        86.80564560428742,
        86.00820479854461,
        86.32329534715221,
        86.48642213882938,
        86.88902996432397,
        86.4875259399414,
        86.64100745416457,
        86.25354176182901,
        87.19307831794985,
        87.01045965379284,
        86.51068312121976,
        86.69574368384576,
        86.24324724751133,
        85.90483733146421,
        85.7102319040606,
        85.88760991250315,
        85.58310428742439,
        86.67708095427483,
        87.0108905915291,
        87.22328530588457,
        87.17806736115486,
        87.65108760710686,
        86.35318362328314,
        87.86254193705898,
        86.50951459330898,
        86.47639686830583,
        87.22163637222782,
        87.43555721159905,
        86.27117304648122,
        86.33131088749055,
        85.2046363584457,
        86.72366086898312,
        88.09323415448588,
        86.63656566989037,
        85.35654917070943,
        85.35017665739983,
        87.3535882273028,
        85.7830574281754,
        85.81896283549648,
        85.76064989643712,
        86.30533132245463,
        86.15217073502079,
        86.36416601365612,
        88.18050753685736,
        87.73074242376512,
        88.0397193662582,
        86.35364237139302,
        85.45376882245463,
        86.09694154800907,
        88.82446559782952,
        86.39523241596837,
        85.91588666362148,
        87.24799297701928,
        86.48959670528289,
        85.3052983437815,
        85.44016856531942,
        87.0941405757781,
        85.28310861895162,
        85.85195849018712,
        86.68874900571761,
        86.31147150839529,
        87.15212569698211,
        86.59269419024068,
        87.1912578459709,
        86.04483426001764,
        87.17266304262223,
        85.94611457086378,
        85.6166748539094,
        86.47912671489101,
        85.8278291763798,
        86.15326838339529,
        89.69197353239983,
        87.30263223955708,
        85.77411331668976,
        85.63899797008884
    ],
    "valid_losses": [
        228.11319166614163,
        225.6080839095577,
        102.55734203707787,
        97.00774703487274,
        94.96326569587954,
        92.44766333795363,
        89.28610327935988,
        89.5229223928144,
        89.18850831062564,
        89.73038605720767,
        86.8974877634356,
        86.21385488202495,
        87.75528003323463,
        85.78262353712513,
        86.34481540802986,
        85.5574456491778,
        87.36402868455455,
        87.06047722601122,
        87.50858897547567,
        85.77620377079133,
        86.08445912022745,
        85.49464736446258,
        86.43116784864857,
        86.1603775024414,
        86.13863446635585,
        85.68409753614857,
        86.68809213945943,
        85.2360357469128,
        86.30780004685924,
        86.06727723152407,
        86.6272211382466,
        86.53233017459992,
        86.11647181357107,
        85.84665852208292,
        86.36675336284023,
        87.44380827872983,
        86.24678605602634,
        86.01354094474546,
        85.8872338571856,
        85.04637662826046,
        84.92146498157132,
        85.57844764955583,
        85.24084743376702,
        86.30948294362715,
        86.35690233784337,
        86.48276765884891,
        86.60486061342301,
        87.9862040858115,
        85.73998605051348,
        87.62269469230405,
        86.10539024106917,
        85.91627231720955,
        86.5764635147587,
        87.13758087158203,
        86.15045166015625,
        86.36197293189264,
        84.87572479248047,
        86.51748312673261,
        87.61304252378402,
        86.34060472057712,
        85.24541276501071,
        85.30750939153856,
        87.54205445320376,
        85.56129504788306,
        85.4694100656817,
        85.64416233185798,
        86.31576587307838,
        85.77149914157006,
        86.07324834023753,
        88.1914537491337,
        87.76442546229208,
        87.35060587236958,
        85.61664236745527,
        84.63348437893775,
        85.79540769515499,
        88.99766294417843,
        86.3249981787897,
        85.84010733327558,
        85.79772555443549,
        85.89627419748614,
        85.14120335732737,
        84.76388279084236,
        87.29534395279423,
        85.0845450124433,
        85.73632148004347,
        85.57591419835245,
        85.29024136450982,
        86.50037014868951,
        85.82756854641822,
        86.85527727680821,
        85.274171890751,
        87.11326303789693,
        85.52457600255167,
        85.25257061373803,
        87.15065494660408,
        85.64286262758317,
        85.4151365218624,
        89.73309719947076,
        86.72583130867251,
        85.41979562082598,
        84.9315680226972
    ],