{
    "testproblem": "quadratic_deep",
    "batch_size": 32,
    "num_epochs": 100,
    "random_seed": 50,
    "weight_decay": null,
    "optimizer_name": "Preconditioner",
    "optimizer_hyperparams": {
        "lr": 0.0001
    },
    "training_params": {},
    "train_losses": [
        159.08910591371597,
        157.8295214253087,
        103.84187563004032,
        101.20728474278604,
        95.39593259749874,
        93.62857572494015,
        92.49705210039693,
        91.5455804640247,
        91.20023050615865,
        89.55272256174395,
        91.61480688279674,
        89.43219880134829,
        93.91231020035282,
        90.24255764868951,
        89.13702417189076,
        91.64908083023563,
        88.90710276942099,
        89.33607999740109,
        91.51741569272933,
        88.41518328266758,
        90.07491154824534,
        88.87867244597405,
        87.62491115447014,
        89.39291824833039,
        89.35180541007749,
        87.34129481161794,
        88.12806332495904,
        88.78072554065335,
        88.42240536597467,
        89.85753853090348,
        87.27527569186303,
        87.05858218285346,
        87.61222347136467,
        88.29203722553868,
        87.48672460740612,
        88.61823986422631,
        87.1671137655935,
        87.19121600735572,
        88.24030033234627,
        89.95418154808783,
        87.68787925474105,
        88.17445250480405,
        87.60345680482926,
        88.94713124921245,
        88.53296809042654,
        88.1253174812563,
        87.60642340875441,
        89.09339609453755,
        88.6468496014995,
        87.62340914818549,
        88.15143314484627,
        87.3005129906439,
        87.10999790314705,
        86.99574550505608,
        88.2375968194777,
        87.86612578361265,
        89.95269676946825,
        87.08117798836001,
        87.66190190469065,
        87.96670384560862,
        88.05042783675655,
        86.92609134797127,
        87.96387727798954,
        88.01098657423451,
        88.00055177750126,
        87.86421252835181,
        87.5337617935673,
        89.4284165905368,
        87.5813246696226,
        87.77458289361769,
        88.47602745794481,
        89.39510813067037,
        88.18297896846649,
        87.8431640132781,
        88.10416387742565,
        87.35717207385647,
        88.02113071564705,
        88.6103515625,
        88.4259286695911,
        89.5850839922505,
        87.75952689878402,
        88.98827583559098,
        87.67974361296623,
        88.44957880819997,
        86.90841748637538,
        87.29884043047505,
        88.36355984595514,
        89.02686211370653,
        90.7073743266444,
        87.36072417228452,
        87.68841331235824,
        90.36181049962198,
        87.29717057751071,
        88.94270447761782,
        88.06260188933342,
        88.18947133710307,
        87.04101931664252,
        87.35262372416835,
        87.53844796457598,
        88.09336410030242,
        89.17962597262475
    ],
    "valid_losses": [
        160.1760987312563,
        158.96056341355848,
        103.03240056191721,
        100.61251412668535,
        93.94701779273248,
        92.74803703061995,
        90.94623393397177,
        91.02481005268712,
        90.17804250409526,
        88.3680897374307,
        89.45111133206275,
        89.07029576455393,
        92.59152270901588,
        89.34000002953314,
        88.47735078873173,
        91.08721776162425,
        88.49154146255985,
        88.09265899658203,
        90.34090275918284,
        87.25604469545426,
        88.76151226412865,
        87.60728110036543,
        86.35123861989668,
        88.65099703881049,
        88.90219386931389,
        86.3918710524036,
        87.82564323179183,
        88.22759197604272,
        87.51510620117188,
        89.55511573053175,
        85.98649474113218,
        86.20818501134073,
        86.29310091080204,
        86.75724103373867,
        86.53641411565965,
        87.26419436547064,
        86.13036887876449,
        85.87075461110761,
        87.11183412613407,
        88.78418830133253,
        87.03272936421055,
        86.64319955149004,
        87.12011472640499,
        87.6127661428144,
        87.03712955597908,
        87.34974030525454,
        86.66741401918473,
        87.59114197761782,
        88.05404810751638,
        86.5655977802892,
        87.09292651760963,
        86.39888788038685,
        86.20076136435232,
        86.20893072312877,
        86.69911390735257,
        86.92659808743385,
        89.37128103933027,
        86.15848836591167,
        86.65457325596964,
        87.04853845411732,
        87.07279697541267,
        86.21975486509261,
        86.75097434751449,
        87.36449013986895,
        86.84686968403477,
        86.50798920662173,
        86.38609756961945,
        88.63687404509514,
        86.46248036046183,
        87.327148929719,
        87.24968867148122,
        88.48556149390436,
        87.42608642578125,
        86.40843865179247,
        87.5235349593624,
        86.51913525981288,
        86.46263540944746,
        87.38337732130482,
        86.93468795284149,
        88.60439743534211,
        86.71624337473223,
        87.90421393609816,
        86.93656970608619,
        87.20856131276777,
        85.86853987170804,
        86.89993433798513,
        87.44959775863155,
        88.31308057231288,
        89.85186890632876,
        86.61496316232989,
        86.38398595010081,
        88.94372017152848,
        86.53349082700667,
        87.72693855531755,
        86.4265380367156,
        87.37921536353326,
        86.52132391160534,
        86.41368964410597,
        86.97056481146043,
        86.94738400366998,
        88.4806420110887
    ],