{
    "testproblem": "quadratic_deep",
    "batch_size": 32,
    "num_epochs": 100,
    "random_seed": 44,
    "weight_decay": null,
    "optimizer_name": "Preconditioner",
    "optimizer_hyperparams": {
        "lr": 0.0001
    },
    "training_params": {},
    "train_losses": [
        282.06377927718626,
        278.8120963804183,
        103.84917646838772,
        96.59965564358619,
        94.78940360776839,
        93.07810580345893,
        91.42232341151083,
        90.69943212693737,
        90.29440258395287,
        91.3298571186681,
        91.0778053037582,
        88.69118007536858,
        87.68143930742818,
        88.94045528288811,
        88.8292484898721,
        89.048585461032,
        87.94821216214088,
        88.9179446312689,
        87.85350725727696,
        87.74595026816091,
        87.88833224388861,
        89.16421484178112,
        87.92324287660661,
        87.88560362785093,
        87.920652327999,
        87.22775613107989,
        88.34642914802798,
        87.3810560164913,
        87.27377663889239,
        88.6806372365644,
        87.41820107736895,
        86.31634201542023,
        87.2388177687122,
        87.32786387781942,
        87.6691648421749,
        87.3284417429278,
        86.75941344230405,
        87.0896714733493,
        88.93238362958354,
        86.8900399977161,
        86.98555386450982,
        89.32287917598602,
        86.60643497590095,
        87.78381864486202,
        87.82575471939579,
        88.23840553529801,
        86.71059737666961,
        86.9956524756647,
        89.27427008844191,
        87.2996065693517,
        86.88411515758884,
        86.88902085827243,
        87.56332077518586,
        88.51397655856225,
        87.30245085685483,
        86.87967411164314,
        87.40556064728767,
        87.58024301836568,
        87.45219126055318,
        87.48164663007182,
        87.4802484819966,
        90.60958222419985,
        87.49735260009766,
        88.91644410164126,
        87.58252568398753,
        87.38378241754347,
        87.45686832551033,
        86.10704335858745,
        88.48482070430633,
        88.1712149343183,
        86.96329645956716,
        87.33208367132372,
        87.41196638537991,
        86.45744742116621,
        87.05596259332472,
        86.73521497172695,
        88.1391333303144,
        88.14108079479587,
        86.36647009080455,
        86.56815018192414,
        87.88699266987462,
        88.07649427844632,
        87.40153503417969,
        87.5291044173702,
        86.52517527918661,
        89.19827959614415,
        87.66637002268145,
        86.31730282691217,
        88.14661604358304,
        86.67836613808909,
        87.31512721892327,
        86.95783258253529,
        89.04184009182838,
        87.15280225200038,
        87.07085517144972,
        86.5030997491652,
        87.92110221616683,
        86.4112529139365,
        86.84457471293788,
        87.84713203676286,
        89.89783403950352
    ],
    "valid_losses": [
        284.7849682223412,
        281.1086671890751,
        104.01331723120904,
        96.86219295378655,
        94.70582728232107,
        93.27340033746535,
        91.78455746558404,
        90.98077244912425,
        90.13590781919417,
        91.51622501496345,
        91.3375475483556,
        88.98235197990171,
        87.96155474262852,
        89.61810081235824,
        88.72602696572581,
        89.52746754307901,
        88.2942637781943,
        89.20656167307207,
        87.56778495542464,
        87.52438182215536,
        87.63331628614857,
        89.29619918331024,
        87.9860135970577,
        87.7041719498173,
        88.07349420362904,
        87.44148598947832,
        88.58726230744392,
        87.55513517318234,
        87.43738088300151,
        88.88855620353452,
        87.35570403068296,
        86.59630387829196,
        87.73770264656314,
        87.82186003654233,
        88.23861399004537,
        87.49725784793976,
        87.03683373235887,
        86.97651106311429,
        89.12878811743951,
        87.05074679466986,
        87.09383023169732,
        89.55183410644531,
        86.73567248928931,
        87.94048703101373,
        88.45624419181577,
        88.36028757402974,
        86.84325482768398,
        86.90753789101878,
        89.48226018105784,
        87.44622507402974,
        87.26133137364542,
        87.2833763860887,
        87.84938369258758,
        88.33063236359627,
        87.77607948549333,
        86.65389916204637,
        87.07406739265689,
        88.12334860524824,
        87.65520895681074,
        87.56497979933216,
        87.66630234256867,
        90.84306089339718,
        88.31052546347341,
        89.62507727838332,
        88.1109126921623,
        87.49968374929121,
        87.72894779328377,
        86.18196721230784,
        88.21767130205708,
        88.3950941024288,
        86.77727360879221,
        87.42278363627773,
        87.84546489100302,
        86.74328391782699,
        87.24199799568423,
        87.16976091938633,
        88.52794524162046,
        88.20387391121157,
        86.64314393074282,
        87.02960894184727,
        88.00050747779107,
        88.43900815902218,
        87.41087341308594,
        87.18457425025201,
        86.63294416858304,
        89.48695152036605,
        88.16875876149824,
        86.54914954400832,
        88.52804319320187,
        86.6035673079952,
        87.49952550088206,
        87.4443598101216,
        88.9961697978358,
        87.50422151627079,
        87.40941472207346,
        86.34204913723853,
        87.88905162196005,
        86.60196439681515,
        87.25879127748551,
        87.45143668882308,
        90.06461728003717
    ],