{
    "testproblem": "quadratic_deep",
    "batch_size": 32,
    "num_epochs": 100,
    "random_seed": 47,
    "weight_decay": null,
    "optimizer_name": "Preconditioner",
    "optimizer_hyperparams": {
        "lr": 0.0001
    },
    "training_params": {},
    "train_losses": [
        173.702392578125,
        171.87596573368197,
        101.74705628425845,
        97.86540911274571,
        96.19027365407636,
        94.35826923001197,
        92.30189194217805,
        91.8230942756899,
        90.81304070257372,
        91.4093731295678,
        89.39509853239983,
        89.59324030722341,
        88.57079339796498,
        88.30377049599925,
        89.26872130363218,
        89.36540197557018,
        88.5647691295993,
        88.52098058885143,
        90.24394841347971,
        87.65016764979208,
        87.82701824557397,
        88.30906431136593,
        88.26571975215789,
        88.62007904052734,
        89.25743669079196,
        88.07755279541016,
        87.6493148803711,
        87.16701261458859,
        87.73978768625567,
        89.92092969340663,
        89.38181698706842,
        87.46753495739353,
        89.92486424599925,
        87.9113026280557,
        88.49166033344883,
        89.75058008009388,
        87.85423623361895,
        88.24861563405683,
        87.34725656817037,
        88.49024914157006,
        89.14668495424333,
        89.25280343332598,
        89.86424993699596,
        89.70880397673577,
        88.11763837260585,
        90.60105551442793,
        88.16392492478893,
        88.09322554065335,
        88.62650003740865,
        87.26443235335812,
        91.45573474514869,
        88.20755718600365,
        87.0341309578188,
        88.06916144586378,
        87.27876946233934,
        87.89603768625567,
        88.41815259379726,
        89.46964436192667,
        89.73304674702305,
        87.73186246810421,
        87.52122005339592,
        86.93967634631741,
        88.29868931924143,
        86.88749645602319,
        88.34714040448588,
        88.15661202707598,
        88.05234945974043,
        90.37170483989101,
        90.33348206550845,
        88.66636583881993,
        87.41778219899824,
        88.59674466040826,
        87.65271783644154,
        88.40655542189076,
        87.4583988804971,
        90.00177223451676,
        87.82736009167087,
        87.3819833570911,
        87.48717351113596,
        88.48681566792149,
        89.43674911991242,
        87.56205503402218,
        87.62338084559286,
        87.74157444123298,
        88.0946997365644,
        88.55157347648374,
        87.05439758300781,
        88.00496402863533,
        87.95505154517389,
        88.17642384190714,
        88.04090290684854,
        87.04142736619518,
        88.05929688484439,
        87.32418060302734,
        89.42464717741936,
        87.8431881320092,
        88.17847024240801,
        87.82309206070438,
        87.44836696501702,
        90.25149831464213,
        87.62770769673008
    ],
    "valid_losses": [
        172.3919195359753,
        170.90508787093623,
        101.7710445773217,
        97.63026157502205,
        96.13031768798828,
        94.05076943674395,
        92.12448169339088,
        91.31709461827433,
        90.61560476979902,
        91.18253867856917,
        89.08702333511845,
        89.3579591320407,
        88.41267985682333,
        88.09122294764364,
        88.96269964402721,
        89.21035274382561,
        88.14864054033833,
        88.67647577101185,
        89.96743380638861,
        87.64855317146548,
        87.72639539164882,
        88.15095667685232,
        88.01281369116998,
        88.1732660108997,
        89.03871007119456,
        87.82531098396548,
        87.5546368014428,
        87.16200650122857,
        87.70328940114668,
        89.7223144039031,
        89.26471193375126,
        87.33575808617377,
        89.88450179561492,
        87.2453364710654,
        88.09606564429498,
        89.89450910014492,
        87.57716074297505,
        87.77725539668914,
        87.30674497542843,
        88.27211072368007,
        88.97454686318675,
        88.95608569729713,
        89.5898924796812,
        89.61665467293032,
        87.8016603531376,
        90.45679867652154,
        88.13683958976499,
        88.29552213607296,
        88.4956537062122,
        86.8265149516444,
        91.22473119920299,
        88.02215034730973,
        86.95777474680254,
        88.15790090253276,
        87.20762560444493,
        87.85572765719506,
        87.9837171493038,
        89.31645768688571,
        88.9496605165543,
        87.41048234508884,
        87.44370761994392,
        86.58447487123551,
        87.86490704936367,
        86.6419662967805,
        88.20351286857358,
        87.75542302285471,
        87.82471613730154,
        90.41637396043346,
        90.22910579558342,
        88.39813527753276,
        87.46995569044545,
        88.61550755654612,
        87.32303570162865,
        88.16587878811744,
        87.16973975396925,
        89.71314214891002,
        87.26970992549774,
        87.27446943713772,
        87.45231726861769,
        88.63558246243385,
        89.0714121172505,
        87.41382771153604,
        87.27192934097782,
        87.48369303057271,
        87.74976447320753,
        88.51492924844065,
        87.17495752150013,
        88.13290700604838,
        87.71620399721208,
        88.1676992600964,
        88.30204182286417,
        86.79164221978957,
        87.69737120597593,
        86.95897330007246,
        89.37286770728326,
        87.68884203510899,
        88.29986596876576,
        87.34153353783393,
        87.17698029548892,
        89.94202521539503,
        87.17014534242692
    ],