{
    "testproblem": "quadratic_deep",
    "batch_size": 32,
    "num_epochs": 100,
    "random_seed": 49,
    "weight_decay": null,
    "optimizer_name": "Preconditioner",
    "optimizer_hyperparams": {
        "lr": 0.001
    },
    "training_params": {},
    "train_losses": [
        248.32072891727572,
        219.3771682247039,
        101.64052483343309,
        96.55228448683216,
        94.37975065169796,
        92.47464776808216,
        90.77328318934286,
        89.38835119432018,
        88.86991094773815,
        89.49505713678175,
        87.93455899146295,
        87.82308369298136,
        87.75654946604082,
        86.31328927316973,
        86.28609958771736,
        86.62124240013861,
        86.1490225022839,
        89.2790025280368,
        86.97925272295552,
        86.03318392845893,
        87.0681912822108,
        86.480225101594,
        87.40284605949155,
        86.38535038117439,
        86.05994193784652,
        86.14072639711442,
        86.63215218820879,
        86.59664966214088,
        85.95816236926663,
        87.70006019838395,
        86.0294922859438,
        86.86072687948904,
        86.46000031502017,
        85.29132252354776,
        86.74281852476058,
        86.22949144917149,
        85.76924231744582,
        86.01000336677798,
        85.83277105516002,
        85.89298272901966,
        86.18710228704637,
        86.8098619522587,
        85.24386079849735,
        86.29058960945376,
        85.93560963292276,
        85.84838276524698,
        86.6229725499307,
        85.94538731728831,
        85.93488090269027,
        88.20227026170299,
        86.02728788314327,
        88.06573978547127,
        86.07806125763923,
        86.18865376134073,
        86.21624829692226,
        87.6976074710969,
        85.95315920922064,
        86.27866904966292,
        86.42437621085874,
        86.29483770555065,
        86.39559887301537,
        87.01346661967617,
        87.28322552096459,
        89.28497511340726,
        87.08176643617692,
        86.71829395909464,
        86.73464867376512,
        85.82046213457662,
        87.47089509041079,
        85.97313788629347,
        89.01574017924648,
        86.42770065799836,
        85.41591521232358,
        85.9921400008663,
        87.01158363588395,
        86.6938963859312,
        86.29228038172567,
        85.26854238202495,
        86.0566903391192,
        87.09620937224358,
        85.6389428415606,
        87.63350800544985,
        85.76639163109564,
        85.69051730248236,
        85.52712889640561,
        86.91027807420299,
        85.67750918480658,
        87.2646979055097,
        85.73514212331465,
        86.75203212614983,
        85.62501624322707,
        86.16837729177168,
        85.64837867982926,
        85.93068498180759,
        85.14410597278226,
        85.66265303088772,
        86.57680314587009,
        86.20461125527659,
        87.2770747523154,
        85.86065846104776,
        87.24922573950982
    ],
    "valid_losses": [
        253.68941817745085,
        224.04786829794608,
        104.70006241336945,
        99.06244191815776,
        97.07605423465851,
        95.00725456976122,
        93.06870934271043,
        91.72489018594065,
        91.40979225404801,
        91.41428793630293,
        90.59314900059854,
        90.5140137210969,
        90.20372747605846,
        89.02265093403477,
        88.63692695863786,
        88.95591292842742,
        88.57582535282258,
        91.49207822738155,
        88.8581801383726,
        88.68736980807397,
        89.75412011915638,
        88.73852760561051,
        89.65811600223664,
        88.61587475192162,
        88.62382310436618,
        88.70883154099987,
        88.79971018145162,
        89.11765855358493,
        88.4797597085276,
        89.86082040109942,
        88.91582735123173,
        89.00127484721523,
        88.60521722608998,
        87.50769362911102,
        89.2383536061933,
        88.26336399201423,
        88.25973830684539,
        88.19695232760522,
        87.94489140664378,
        88.46247150051978,
        88.41468048095703,
        89.28462120794481,
        87.58587769539126,
        88.20948003953502,
        88.20788008166897,
        88.43851643223917,
        89.50519315658077,
        88.32652873377646,
        88.24989884899509,
        90.2850834015877,
        88.57279451431766,
        90.06330256308279,
        88.33346286896736,
        88.45848329605595,
        88.59129554994645,
        90.15113929010207,
        88.0959012431483,
        88.49286725444179,
        88.86524225050404,
        88.92750426261655,
        89.2210215906943,
        89.09122024043914,
        89.65180034022177,
        91.93667553317162,
        89.05458757954258,
        88.54059379331527,
        89.22854934200164,
        88.44232768397177,
        90.47852128551853,
        88.54995875204763,
        91.64442197738155,
        88.58979034423828,
        87.90057249992124,
        88.24542064051474,
        89.57921354232296,
        88.87803428403792,
        88.61326254567793,
        87.71596502488659,
        89.08919131371283,
        89.53664201305759,
        87.70003238801033,
        90.29502401044292,
        88.37371530840474,
        88.40401631016886,
        88.16299487698463,
        89.78600655832598,
        88.37181805026147,
        89.67485760104272,
        88.37715961087135,
        89.63844988423008,
        87.85405386647871,
        88.47575279974168,
        87.84358239942982,
        88.6343012163716,
        87.50425498716292,
        88.14408702235067,
        89.33992742723034,
        88.58921198691091,
        89.36812148555633,
        88.47372436523438,
        89.70516204833984
    ],