{
    "testproblem": "quadratic_deep",
    "batch_size": 32,
    "num_epochs": 100,
    "random_seed": 45,
    "weight_decay": null,
    "optimizer_name": "Preconditioner",
    "optimizer_hyperparams": {
        "lr": 0.001
    },
    "training_params": {},
    "train_losses": [
        309.3761006016885,
        272.1028063374181,
        104.28970730689264,
        98.45051057877079,
        96.32504518570438,
        94.57930706393334,
        93.24527715867565,
        91.53497831283077,
        90.77078394736013,
        89.29457559893208,
        90.12821468230217,
        88.90643236714024,
        88.86925801923198,
        89.45064249346333,
        88.85255825904107,
        88.86887433451992,
        88.44427342568675,
        89.58972709409652,
        89.53004037180254,
        88.72652804466986,
        87.69117835260207,
        88.86021054175592,
        87.51312944965977,
        88.1979271673387,
        87.96670802947014,
        89.50299072265625,
        88.7195062944966,
        89.16339037495274,
        88.02176961591167,
        87.7440655616022,
        88.62591257402974,
        88.3197978850334,
        88.0048579554404,
        87.51014734083607,
        87.86340455086001,
        88.4165541125882,
        87.32616153840095,
        88.15472239832724,
        89.69488968387726,
        87.36702875937185,
        89.01367556664252,
        89.46276633970199,
        87.61207728232107,
        88.87765847482989,
        90.31434951290008,
        88.81971642278856,
        89.84681110997354,
        87.7809556530368,
        88.60344769877773,
        87.29009443713772,
        88.07037575014176,
        90.13359685097971,
        87.55876676497921,
        86.90155989123929,
        89.03142203054121,
        87.60323629071635,
        87.19701779273248,
        91.3893789475964,
        87.38931545134514,
        88.04644652335874,
        87.31076320525139,
        88.5229750602476,
        89.58217473183909,
        87.2505370109312,
        91.06016712803995,
        88.3104723038212,
        88.00604149603075,
        88.34326098042149,
        87.92303392964024,
        87.6507088445848,
        87.10405386647871,
        89.98744398547757,
        87.55889203471523,
        89.30431267522997,
        87.61705361643145,
        86.88323925387475,
        90.60985786684098,
        90.09522222703502,
        88.71167336740801,
        88.8305430258474,
        87.98464079826108,
        87.11568401705834,
        87.68236640191847,
        88.47792397775957,
        88.15452477239793,
        88.23532399823588,
        87.31184780982232,
        87.27967169977003,
        88.52092669087071,
        87.66732960362589,
        88.89628404186618,
        87.33144821659211,
        88.94004477224043,
        87.72222162062123,
        88.52493827573714,
        87.86430457330519,
        90.86554644184727,
        93.07318558231476,
        87.21165121755293,
        88.9608671126827,
        87.9309330601846
    ],
    "valid_losses": [
        309.4478464434224,
        271.99085457094253,
        102.61385222404233,
        97.08954521917528,
        95.17881725680444,
        94.46515286353326,
        92.92982138356855,
        89.95563285581527,
        88.76599539479902,
        88.58570000433153,
        88.87345886230469,
        88.15928305349043,
        88.29084974719632,
        87.85971463111139,
        87.1450945946478,
        88.86054845010081,
        87.49364520657447,
        87.65328487273186,
        87.97347653296686,
        87.88072942918346,
        87.15822330597908,
        87.58209893011278,
        86.8739491124307,
        87.54043406824911,
        87.98048622377458,
        88.27683897941343,
        87.38681300993889,
        87.5669659030053,
        87.82412375173261,
        87.1324945265247,
        87.83839859501008,
        87.34620814169607,
        86.77318942162299,
        86.16565261348602,
        86.66060687649635,
        87.6931649484942,
        86.79600869455645,
        88.03960984753024,
        88.49402495353452,
        86.46014921126827,
        87.78029337236958,
        88.42925360894972,
        86.64257049560547,
        88.01896815146169,
        88.77062176119897,
        88.73626610540575,
        89.07232567571825,
        87.10198556223223,
        87.86556711504537,
        86.56917005969632,
        86.41197672197896,
        89.24100272886214,
        86.93673804498488,
        85.87685886506111,
        88.36975835984752,
        86.04171900595388,
        86.39451377622542,
        89.1548826156124,
        86.50025669220955,
        87.75617882513231,
        86.35061990061114,
        88.04026154548892,
        88.28899974207724,
        85.65040686822707,
        90.30487109768775,
        87.68539404099987,
        86.81821170929939,
        87.76115245203817,
        87.98697539298765,
        86.78336924891317,
        86.61878524288055,
        90.25479249031314,
        86.71945141207787,
        88.55696548954133,
        86.46024568619266,
        86.04997081141317,
        89.9540757210024,
        90.11916868148312,
        87.93331909179688,
        87.61206030076549,
        86.46406505953881,
        86.0389657789661,
        86.78142572218373,
        87.3619638258411,
        86.81983332480154,
        87.9940914030998,
        86.50303994455645,
        86.50937381867439,
        87.2979027532762,
        86.57659419890373,
        87.44498172883064,
        85.97646036455708,
        87.63442943942162,
        86.7377196281187,
        87.26890687019595,
        86.4708003382529,
        89.12821443619266,
        90.81986581125567,
        85.93852873771421,
        87.34810244652533,
        86.39284096994707
    ],