{
    "testproblem": "quadratic_deep",
    "batch_size": 32,
    "num_epochs": 100,
    "random_seed": 48,
    "weight_decay": null,
    "optimizer_name": "Preconditioner",
    "optimizer_hyperparams": {
        "lr": 0.001
    },
    "training_params": {},
    "train_losses": [
        346.66333106256303,
        296.91031080676663,
        102.03735425395351,
        96.11887458062941,
        93.30955382316343,
        91.33387904013357,
        91.49897790724232,
        90.29774327431956,
        89.23071658226752,
        89.19652754260647,
        87.49762159778226,
        87.64638445454258,
        86.5000263337166,
        86.21456810735887,
        86.57635104271674,
        86.92510887884325,
        85.46539158974925,
        86.35240296394595,
        88.70362730949155,
        87.97656865273753,
        86.1112301734186,
        85.97799658006237,
        85.98497772216797,
        86.3981687484249,
        88.21476204164567,
        86.6132325203188,
        85.74342149303806,
        86.80724310105846,
        86.54236159786102,
        85.70161511821132,
        86.77608982209236,
        85.1418922178207,
        87.83040052844632,
        86.69528075187436,
        86.02987597065587,
        86.29914437570879,
        85.9276381461851,
        88.16732246645036,
        85.18550208307082,
        85.00470216812626,
        85.84068593671245,
        85.70224072856288,
        86.83900796213457,
        85.80145632836127,
        85.21706365769909,
        85.70253138388357,
        85.66052959811303,
        86.55490555301789,
        85.86912192067793,
        86.0450444375315,
        86.43488459433279,
        87.07300026186051,
        85.61204159644342,
        85.74627094884073,
        84.91450918874433,
        85.71439460016066,
        86.11077314807522,
        86.97703872188445,
        86.8135011734501,
        85.24655323643839,
        87.35698823005923,
        85.6487291397587,
        86.0448463193832,
        86.79828053136026,
        85.28628416984311,
        88.54179086992818,
        85.43213210567352,
        85.59596055553806,
        85.73221661967617,
        85.39417562177104,
        85.21599505024571,
        85.86887728783393,
        86.984130367156,
        86.36391916582662,
        86.56348320745653,
        87.15420778336063,
        85.74998228011593,
        86.44598610170426,
        87.25714849656627,
        86.68022623369771,
        86.78692331621724,
        87.00035070603893,
        85.93716652162614,
        86.11438505111202,
        86.08934685491747,
        85.44137277910787,
        85.64742131387034,
        86.90834242297757,
        86.3834708429152,
        85.26649204377205,
        86.28001280753843,
        87.83814928608555,
        85.25255707771548,
        86.43235729586694,
        85.9476547241211,
        86.29871786794355,
        85.64697142570249,
        86.70332336425781,
        85.4683847735005,
        86.48748779296875,
        85.31659009379726
    ],
    "valid_losses": [
        340.74706046811997,
        291.8412278698337,
        102.68500100412676,
        97.07475896035471,
        94.41024460331086,
        92.00612172772807,
        92.51687474404612,
        91.60304703251008,
        90.32037796512726,
        90.14786898705268,
        88.9900881859564,
        88.76237340127268,
        87.49126385104272,
        87.32192845498362,
        87.58896735406691,
        87.65354747156942,
        86.37128546930128,
        87.45517829156691,
        90.5029535601216,
        87.97586010348412,
        86.8056640625,
        86.36156217513546,
        86.80472097089213,
        87.4186770531439,
        90.6085948328818,
        87.14596409951487,
        86.86562987296811,
        88.11387732721144,
        87.21172086654171,
        86.37318568075857,
        87.56998443603516,
        86.5435067453692,
        88.84748151225429,
        87.27074752315399,
        87.09159555742818,
        86.74572261687248,
        86.59920649374685,
        90.12345640120968,
        86.26032921575731,
        86.16549682617188,
        86.89217327487084,
        86.68770525532383,
        87.93163890223349,
        86.21285001693234,
        86.12847260505923,
        86.26035702613092,
        86.85932257867628,
        87.95984009773501,
        87.16315312539378,
        86.4645043649981,
        87.84231468939012,
        87.65298141971711,
        86.66893251480595,
        86.66214136923513,
        85.6524151217553,
        86.26647776942099,
        86.47147418606666,
        87.34425846222908,
        88.06354818036479,
        86.58852854082662,
        89.02745769869897,
        86.44079909786102,
        86.92420910250756,
        87.52473449707031,
        86.15613162133002,
        88.38450573336694,
        86.07690823462701,
        86.64698496172505,
        86.63304851901147,
        86.1701428813319,
        85.95489280454574,
        87.48527157691217,
        87.46539774248677,
        87.3546866140058,
        87.22216206212198,
        87.77405597317603,
        86.73113939839024,
        86.8798084874307,
        87.81245003977129,
        88.03279458322832,
        87.29255676269531,
        86.85576383529171,
        87.15142280824723,
        87.36880690051663,
        87.91350580030873,
        85.9297335224767,
        86.20972664125505,
        87.63908115510017,
        86.48644724199849,
        86.10479170276272,
        86.67194489509829,
        87.9874737647272,
        85.85877400059854,
        87.36749316800025,
        87.0012930593183,
        86.65440368652344,
        86.4280767133159,
        88.3187002366589,
        86.71060500606414,
        88.15992736816406,
        86.0753675891507
    ],