{
    "testproblem": "quadratic_deep",
    "batch_size": 32,
    "num_epochs": 100,
    "random_seed": 50,
    "weight_decay": null,
    "optimizer_name": "Preconditioner",
    "optimizer_hyperparams": {
        "lr": 0.001
    },
    "training_params": {},
    "train_losses": [
        383.85650044102823,
        330.5223949801537,
        102.65692507836127,
        97.59304366573211,
        94.12896334740424,
        93.23363740982548,
        92.32538260183027,
        92.57562231248424,
        89.1901368171938,
        88.44196319580078,
        89.01881753244707,
        87.56626916700795,
        87.81529875724546,
        87.79769036077684,
        86.89314983737084,
        88.97802562098349,
        87.61109481319305,
        87.59564061318675,
        87.35691808885143,
        88.06400200628465,
        86.41871347735005,
        86.28080552624118,
        87.6499264624811,
        86.91259839457851,
        88.43888338150516,
        89.42307453770792,
        88.21180798930507,
        86.42561364942982,
        87.256835445281,
        87.48604952904486,
        86.54201409124559,
        87.4177017211914,
        86.31858235020792,
        86.88052146665511,
        88.0264912266885,
        87.5940182593561,
        86.93309119439894,
        86.80784459267893,
        87.11537834905809,
        86.28303380166331,
        87.5314678069084,
        86.93653648130355,
        86.95857829432333,
        87.49148781068864,
        87.3614991711032,
        86.16270176056892,
        89.02299081125567,
        86.11880197832662,
        88.19002705235636,
        88.35223684003276,
        87.09223150437877,
        87.51685973136655,
        87.07933315154045,
        85.9339358422064,
        86.83860926474294,
        87.41411516743321,
        86.83133180679813,
        86.50275618030179,
        87.6763421335528,
        87.24182547292402,
        86.43838648642263,
        86.46869511758128,
        88.94591694493448,
        87.14279445525139,
        86.72838887860698,
        86.25128764490927,
        87.59082326581401,
        86.38947246920678,
        89.39161731350806,
        86.84705155895603,
        87.07933561263546,
        87.23289662022745,
        88.30829103531376,
        87.16747702321699,
        86.22905534313571,
        86.85621741510207,
        86.81805321478075,
        87.64895359162361,
        86.4443091115644,
        87.83661996164629,
        88.1611788349767,
        86.58653628441596,
        86.11970913794732,
        86.31541319816343,
        86.90526974585748,
        87.02217914212135,
        86.93026241179436,
        87.84406575848979,
        86.3128408616589,
        86.85587433845767,
        86.51796353247857,
        88.1822753414031,
        87.06019936838457,
        86.25527141940209,
        87.45324017924648,
        86.8847173875378,
        87.11126733595326,
        87.70177902713898,
        88.0434816422001,
        85.94333328739289,
        86.65524464268839
    ],
    "valid_losses": [
        390.3590048513105,
        336.2016316075479,
        105.76092947683027,
        101.23449534754599,
        97.12034114714592,
        96.32745902769027,
        95.96568815169796,
        95.96956831409085,
        91.89893144176853,
        91.33473254788306,
        92.20358448643839,
        90.81758732949534,
        91.06077624905494,
        90.6956292429278,
        89.90544054585118,
        91.4783226751512,
        90.54762784896359,
        91.00571736981792,
        90.60311495873236,
        90.97438344647807,
        89.34846619636782,
        89.41923572171119,
        91.25523105744392,
        90.14245310137349,
        92.18900495959866,
        92.16564276910597,
        91.29223066760647,
        89.36346214048324,
        90.47778492589151,
        90.33694334953061,
        89.413331554782,
        90.4705082062752,
        89.47882375409526,
        90.14259633710307,
        91.02418567288306,
        90.79425959433279,
        90.56463647657826,
        90.13152756229523,
        90.37113435806766,
        89.43700901154548,
        90.67475891113281,
        89.8971195836221,
        90.0560570993731,
        90.73637193249118,
        90.90545826573526,
        89.17516548402848,
        91.56898720033708,
        89.4805898358745,
        91.36512584071005,
        91.2649883147209,
        90.5232637466923,
        90.47443316059727,
        90.3841082665228,
        88.99251556396484,
        89.9530531360257,
        90.72946437712639,
        90.18662729570943,
        89.92177901729461,
        90.8639169508411,
        90.36362555719191,
        89.29351314421623,
        89.61199409730973,
        92.25226691461378,
        90.31403129331527,
        89.5840584539598,
        89.39798785794166,
        90.74409066477129,
        89.56388535038117,
        92.72032756190146,
        90.01178593789378,
        90.62340594876197,
        90.4313480008033,
        91.15886737454322,
        90.29641231413811,
        89.16430984004852,
        90.18260586646295,
        89.74574501283708,
        90.7727309196226,
        89.61009634694746,
        91.16194226664882,
        90.95853202573714,
        89.66184431506741,
        89.22566296977382,
        89.2187753492786,
        90.02591336158014,
        89.98767016010899,
        90.1758792015814,
        90.5806139053837,
        89.23971533006237,
        89.90006502213016,
        89.70379958614227,
        91.74427549300655,
        90.60175028154927,
        89.4911400579637,
        90.39446504654423,
        90.18005051151398,
        90.45626363446635,
        91.28592214276713,
        90.94808098577684,
        89.1212891609438,
        89.9884776453818
    ],