{
    "testproblem": "quadratic_deep",
    "batch_size": 32,
    "num_epochs": 100,
    "random_seed": 47,
    "weight_decay": null,
    "optimizer_name": "Preconditioner",
    "optimizer_hyperparams": {
        "lr": 0.001
    },
    "training_params": {},
    "train_losses": [
        368.3452935987903,
        316.5824496361517,
        102.2100583968624,
        96.5843754429971,
        96.52752710157826,
        94.3442611694336,
        90.83353596348917,
        91.0681664251512,
        89.68931702644595,
        90.08133795953566,
        89.26859849499118,
        90.11682621125252,
        88.51501637120401,
        88.83404048796623,
        87.32931174001386,
        88.05045146326864,
        87.17664927821005,
        87.23813407651839,
        87.13741499377835,
        88.89736790810862,
        87.58886349585748,
        89.06592682869204,
        88.52313281643775,
        87.10323702904486,
        89.43428433325982,
        89.97203753071446,
        88.53639738021359,
        90.04991051458543,
        87.7074936897524,
        88.28466723042149,
        88.8229254445722,
        87.70600005119077,
        89.34418216828377,
        87.99244714552357,
        87.38026821997857,
        88.85841911069808,
        87.41654451431766,
        87.86281044252458,
        89.43448146697014,
        88.58595325100806,
        87.00389985115298,
        87.48513966221964,
        86.95594467655305,
        87.926269039031,
        88.14745010868195,
        86.68531897760207,
        87.5293453585717,
        87.98160995975617,
        89.92168524957472,
        86.67794898248488,
        87.38034919000441,
        87.36592126661732,
        88.34179096837198,
        87.42156539424774,
        86.6394513037897,
        87.75110306278351,
        88.8155042586788,
        87.57459554364604,
        87.6696021787582,
        88.36753894436744,
        87.92696331393334,
        86.70660597278226,
        86.54623142365486,
        87.02536281462639,
        86.57119750976562,
        87.1339852117723,
        88.59349995274698,
        86.48143448368195,
        86.5397205968057,
        86.65894489903604,
        86.5254164664976,
        87.95985437208607,
        86.95316536195817,
        89.16254572714529,
        86.87349011821132,
        87.39136529737904,
        86.59784452376827,
        87.04672684208039,
        86.98646200856855,
        87.87593669276083,
        87.27747123472152,
        86.87372589111328,
        89.3053935881584,
        87.17808680380544,
        87.09549368581465,
        87.48496270948841,
        89.48294264270413,
        86.52504114950857,
        86.8467303860572,
        86.92954770980343,
        86.47876911778604,
        87.76419904155117,
        87.1356681085402,
        86.38950864730343,
        88.80840547623173,
        87.2339590749433,
        86.91235277729649,
        86.62762032785723,
        87.13393082157258,
        86.44753142326108,
        88.12068963819935
    ],
    "valid_losses": [
        363.6348916330645,
        312.46409853043093,
        101.59661668346774,
        95.80388764412173,
        96.9593966084142,
        93.62176144507623,
        90.43764126685357,
        89.75020254811933,
        88.8229229834772,
        89.47667128039944,
        88.93773872621598,
        89.61891051261655,
        88.51578472506615,
        87.92328077746976,
        86.66717676962575,
        87.77374169134325,
        86.62072310909149,
        87.38471837197581,
        86.36454453006867,
        88.65830870597593,
        86.76409665999874,
        88.93268314484627,
        87.94988890617124,
        86.12204988541141,
        88.15112009356099,
        88.8796150453629,
        87.50531030470326,
        90.06996696226058,
        86.79376688311177,
        87.77636054254347,
        88.48376710953251,
        87.26927578833795,
        88.62237450384325,
        87.1077420634608,
        86.8850582491967,
        88.67007864675215,
        86.98470601727885,
        87.76289761450982,
        87.92778728854272,
        88.41522635183027,
        86.4690915999874,
        86.67100254181892,
        86.22327201597152,
        87.80491908904045,
        87.77273215017011,
        86.28510136758128,
        86.6280052431168,
        87.61560821533203,
        88.71649686751827,
        85.81676310877646,
        86.35527801513672,
        86.5395746538716,
        87.42321482012349,
        86.7953833303144,
        86.01453079715851,
        87.47593196745842,
        87.52037417504096,
        86.57398937594506,
        87.4474622664913,
        87.68961014286164,
        87.95074881276777,
        86.36025656423261,
        85.96798016948085,
        86.21102905273438,
        85.86059742589151,
        86.87521706857989,
        88.25436598254788,
        85.91779671945879,
        85.82726435507497,
        86.38744231193296,
        86.0265160837481,
        87.61181074573147,
        85.75957981232673,
        88.0680650280368,
        85.9842022311303,
        86.94737489761845,
        85.8293688374181,
        86.50098886797505,
        86.09586235784715,
        86.8697758336221,
        86.17860166488155,
        86.60047986430507,
        88.54491104618195,
        86.72072552096459,
        86.52263985910723,
        86.72109000913558,
        87.92552234280494,
        85.96111568327873,
        86.54547439082977,
        85.86970766129032,
        85.9792719194966,
        86.68557542370212,
        86.90796538322202,
        86.08673218757876,
        87.70139337355091,
        86.87494536369077,
        86.20173029745779,
        86.08520630867251,
        86.34124878914126,
        85.6193114249937,
        86.87267894129599
    ],