{
    "testproblem": "quadratic_deep",
    "batch_size": 32,
    "num_epochs": 100,
    "random_seed": 43,
    "weight_decay": null,
    "optimizer_name": "SGD",
    "optimizer_hyperparams": {
        "lr": 1e-09
    },
    "training_params": {},
    "train_losses": [
        328.70522185294857,
        328.26548127205143,
        328.0218240061114,
        328.50465639175906,
        328.6209116289693,
        328.31180400233114,
        328.19556353169105,
        328.80787215694306,
        328.5863529328377,
        328.65975558373236,
        328.3787162534652,
        328.79326801915323,
        328.60985146799396,
        328.4902796591482,
        328.8955304545741,
        328.3622466056578,
        328.23675537109375,
        328.59549048639116,
        328.7781500047253,
        327.86771417433215,
        328.31690831338204,
        328.5689677576865,
        328.3896976594002,
        328.9245418425529,
        328.85633505544354,
        328.5569841938634,
        328.27174131331907,
        328.7686039094002,
        328.5288824266003,
        328.33069339875254,
        327.98831767420614,
        328.65615943170366,
        328.5141837827621,
        328.23533778036796,
        328.32728428994454,
        328.1765432050151,
        328.5374234107233,
        328.6907013923891,
        328.7232498661164,
        327.984136766003,
        328.36700045677924,
        328.4422381001134,
        328.7245365265877,
        328.4314929592994,
        328.2598896641885,
        329.0023606823337,
        328.54422193957913,
        328.0788840017011,
        328.6065201297883,
        328.7923830093876,
        328.7184330109627,
        328.93431337418093,
        328.79312330676663,
        328.3498328424269,
        328.4944792716734,
        328.5215129237021,
        328.94175080330143,
        328.52454991494454,
        328.61438677387855,
        328.16976141160535,
        328.56372759419105,
        328.53148724955895,
        329.26404103925154,
        328.6963855374244,
        328.55259950699343,
        328.53592706495715,
        328.43389498802924,
        328.39397602696573,
        328.1688380087576,
        328.3309070217994,
        328.5846429640247,
        328.7177340599798,
        328.41553226594004,
        328.6509783344884,
        328.5875903714088,
        328.0087654359879,
        328.79522705078125,
        328.56175773374497,
        328.8470232563634,
        328.09545209330895,
        328.43651654643395,
        328.3666145570817,
        328.5054409888483,
        328.99840619487145,
        328.6207531344506,
        328.08436338363157,
        328.98382174584174,
        328.42410770539317,
        328.7626431372858,
        328.5835522067162,
        328.51613100113406,
        329.0984871156754,
        328.50752602854084,
        328.74441823651716,
        328.6877854870212,
        328.9374271515877,
        328.6019749795237,
        328.60917515908517,
        328.87462689799645,
        328.3777062200731,
        328.4200153966104
    ],
    "valid_losses": [
        323.6920933877268,
        323.69190142231605,
        323.69171142578125,
        323.69150863155244,
        323.69131765057966,
        323.69112765404486,
        323.69093962638607,
        323.69073683215726,
        323.6905458511845,
        323.6903558546497,
        323.6901609359249,
        323.68996109501006,
        323.6897701140373,
        323.68957617975053,
        323.68938815209174,
        323.68919913999497,
        323.6890120967742,
        323.6888152091734,
        323.68861832157256,
        323.6884312783518,
        323.68822749968496,
        323.6880443942162,
        323.6878475066154,
        323.6876614478327,
        323.6874625913558,
        323.6872706259451,
        323.68707078503024,
        323.68687881961944,
        323.6866888230847,
        323.68648701329386,
        323.6863029233871,
        323.68611292685233,
        323.6859170236895,
        323.6857221049647,
        323.6855242329259,
        323.68532242313506,
        323.68513833322834,
        323.6849512900076,
        323.6847445580267,
        323.6845516081779,
        323.68436653383316,
        323.68416964623236,
        323.68397177419354,
        323.6837817776588,
        323.683589812248,
        323.6833948935232,
        323.6832048969884,
        323.6830099782636,
        323.68281899729084,
        323.68262604744206,
        323.6824271909652,
        323.68223916330646,
        323.68204129126764,
        323.68185129473284,
        323.68166031376006,
        323.6814585039693,
        323.6812576786164,
        323.6810765420237,
        323.6808845766129,
        323.6806926112021,
        323.68049769247733,
        323.68030080487654,
        323.6801058861517,
        323.6799070296749,
        323.67971900201616,
        323.67952703660535,
        323.67933408675657,
        323.6791431057838,
        323.67894818705895,
        323.6787611438382,
        323.6785603184854,
        323.6783713063886,
        323.6781773721018,
        323.67799229775704,
        323.6778003323463,
        323.67761132024947,
        323.6774154170867,
        323.67722443611393,
        323.6770275485131,
        323.6768306609123,
        323.67663869550154,
        323.6764408234627,
        323.67625968686997,
        323.67606378370715,
        323.6758737871724,
        323.67567197738157,
        323.6754770586568,
        323.675285093246,
        323.6750950967112,
        323.67490903792844,
        323.67470230594756,
        323.6745073872228,
        323.67431345293596,
        323.6741234564012,
        323.6739295221144,
        323.6737286967616,
        323.6735426379788,
        323.67335264144407,
        323.6731518160912,
        323.67296674174645,
        323.6727669008317
    ],