{
    "testproblem": "quadratic_deep",
    "batch_size": 32,
    "num_epochs": 100,
    "random_seed": 43,
    "weight_decay": null,
    "optimizer_name": "SGD",
    "optimizer_hyperparams": {
        "lr": 1e-08
    },
    "training_params": {},
    "train_losses": [
        325.56537455897177,
        325.4041068784652,
        324.67874342395413,
        325.19667102444555,
        325.2181583527596,
        324.9312232232863,
        324.7522504252772,
        325.40848368983114,
        325.17342745873236,
        325.1005121046497,
        325.0665243825605,
        325.1620631064138,
        325.1337664204259,
        325.4097841324345,
        324.8379595356603,
        324.7497814547631,
        325.38350062216483,
        325.42589150705646,
        325.1356821367818,
        325.2869420205393,
        324.86322021484375,
        324.8063797489289,
        324.8292836835307,
        324.7611645114037,
        325.2706604003906,
        324.79041019562754,
        324.51144113848284,
        324.70093265656504,
        325.66537081810736,
        324.8466944540701,
        324.9716609831779,
        324.78292649792087,
        325.0289582283266,
        325.1253061602193,
        324.63842674993697,
        324.96700754473284,
        324.67128433719756,
        325.31580475837956,
        324.86577975365424,
        324.99379607169857,
        325.0162412581905,
        325.1586402154738,
        325.2965521043347,
        325.1853785361013,
        325.3220982705393,
        325.11610855594756,
        325.0709248204385,
        324.92920020318803,
        324.8751486501386,
        324.8768576345136,
        324.82510474420366,
        324.4770881898942,
        325.14961784116684,
        324.67518074281753,
        324.8468677151588,
        325.0241551553049,
        324.8157811318674,
        324.44779033045614,
        324.7239281439012,
        324.8788422615297,
        324.5848142562374,
        324.75003642420614,
        324.8301529422883,
        324.8490177277596,
        324.90976838142643,
        324.95643664944555,
        324.2074968891759,
        324.9502878496724,
        324.60733622889364,
        324.71595321163056,
        325.1030962544103,
        324.99452455582156,
        324.77363930979084,
        324.27864616147934,
        324.6043100664693,
        324.76817272555445,
        324.83185011340726,
        324.8367545835433,
        324.2424749558972,
        324.66906246062246,
        324.8509245841734,
        324.53658565398183,
        324.70949037613406,
        324.68287314138104,
        324.9254908407888,
        324.1988732122606,
        324.453865297379,
        324.63309700258316,
        324.2083799300655,
        324.6151723554057,
        324.3265686035156,
        324.82397953156504,
        324.93990104429184,
        324.63259001701107,
        324.8604943060106,
        324.2954574092742,
        324.75055325415826,
        324.4371800576487,
        324.94800789125503,
        324.44641999275456,
        325.0475769042969
    ],
    "valid_losses": [
        328.8100812358241,
        328.80426025390625,
        328.79847963394656,
        328.7926793252268,
        328.7869046118952,
        328.7810777233493,
        328.7752941500756,
        328.76951156123994,
        328.76371617471017,
        328.75787944178427,
        328.75208503969253,
        328.7462611044607,
        328.740472608997,
        328.7346791913432,
        328.72886214717744,
        328.7230618384577,
        328.7172605452999,
        328.7114562988281,
        328.70567666330646,
        328.69988423009073,
        328.69409081243697,
        328.6882786904612,
        328.6824577085433,
        328.6766337733115,
        328.67088859311997,
        328.6651030509703,
        328.65931061775456,
        328.6535162156628,
        328.647710984753,
        328.6419195359753,
        328.63610347624746,
        328.6303189185358,
        328.6245323919481,
        328.6187498031124,
        328.61300363848284,
        328.6072240029612,
        328.60147291614163,
        328.5956863895539,
        328.58990675403226,
        328.58409364761843,
        328.57828940114666,
        328.572505827873,
        328.56669272145916,
        328.5608983193674,
        328.5551226215978,
        328.54933215725805,
        328.54354267735636,
        328.53775418189264,
        328.5319617486769,
        328.5261762065272,
        328.52035227129534,
        328.5145519625756,
        328.5087595293599,
        328.5029779249622,
        328.49719336725053,
        328.4914088095388,
        328.48562917401716,
        328.47986922725556,
        328.47409943611393,
        328.46830404958416,
        328.4624870054183,
        328.45670540102066,
        328.4508982012349,
        328.4450988769531,
        328.4393162881174,
        328.4335012128276,
        328.427734375,
        328.4219468639743,
        328.41614655525456,
        328.4103629819808,
        328.4045616888231,
        328.39877024004534,
        328.3930063555318,
        328.38721982894407,
        328.3814401934224,
        328.3756516979587,
        328.36988682900704,
        328.3641062090474,
        328.35833149571573,
        328.35254398469004,
        328.34676828692034,
        328.3409571493826,
        328.3351844049269,
        328.3293870495212,
        328.32359756961944,
        328.3178208874118,
        328.31205601846017,
        328.30625669417844,
        328.3004613076487,
        328.29469053206907,
        328.28893156974544,
        328.2831499653478,
        328.27735457881806,
        328.2715542700983,
        328.2657638057586,
        328.25998810798893,
        328.25421733240927,
        328.24840422599544,
        328.24261671496976,
        328.2368646437122,
        328.23108894594253
    ],