{
    "testproblem": "quadratic_deep",
    "batch_size": 32,
    "num_epochs": 20,
    "random_seed": 42,
    "weight_decay": null,
    "optimizer_name": "SGD",
    "optimizer_hyperparams": {
        "lr": 2.782559402207126
    },
    "training_params": {},
    "train_losses": [
        329.8462386592742,
        329.8462386592742,
        329.8462386592742,
        329.8462386592742,
        329.8462386592742,
        329.8462386592742,
        329.8462386592742,
        329.8462386592742,
        329.8462386592742,
        329.8462386592742,
        329.8462386592742,
        329.8462386592742,
        329.8462386592742,
        329.8462386592742,
        329.8462386592742,
        329.8462386592742,
        329.8462386592742,
        329.8462386592742,
        329.8462386592742,
        329.8462386592742,
        329.8462386592742
    ],
    "valid_losses": [
        325.1044380434098,
        325.1044380434098,
        325.1044380434098,
        325.1044380434098,
        325.1044380434098,
        325.1044380434098,
        325.1044380434098,
        325.1044380434098,
        325.1044380434098,
        325.1044380434098,
        325.1044380434098,
        325.1044380434098,
        325.1044380434098,
        325.1044380434098,
        325.1044380434098,
        325.1044380434098,
        325.1044380434098,
        325.1044380434098,
        325.1044380434098,
        325.1044380434098,
        325.1044380434098
    ],
    "test_losses": [
        328.9619819887223,
        328.9619819887223,
        328.9619819887223,
        328.9619819887223,
        328.9619819887223,
        328.9619819887223,
        328.9619819887223,
        328.9619819887223,
        328.9619819887223,
        328.9619819887223,
        328.9619819887223,
        328.9619819887223,
        328.9619819887223,
        328.9619819887223,
        328.9619819887223,
        328.9619819887223,
        328.9619819887223,
        328.9619819887223,
        328.9619819887223,
        328.9619819887223,
        328.9619819887223
    ],
    "minibatch_train_losses": [
        297.2008056640625,
        NaN,
        NaN,
        NaN,
        297.2008056640625,
        297.2008056640625,
        297.2008056640625,
        297.2008056640625,
        297.2008056640625,
        297.2008056640625,
        297.2008056640625,
        297.2008056640625,
        297.2008056640625,
        297.2008056640625,
        297.2008056640625,
        297.2008056640625,
        297.2008056640625,
        297.2008056640625,
        297.2008056640625,
        297.2008056640625,
        297.2008056640625,
        297.2008056640625,
        297.2008056640625,
        297.2008056640625
    ]
}