{
    "testproblem": "mnist_vae",
    "batch_size": 64,
    "minibatch_train_losses": [
        181.40325927734375,
        181.53216552734375,
        NaN,
        NaN,
        NaN,
        NaN,
        NaN,
        NaN,
        NaN,
        NaN,
        NaN,
        NaN,
        NaN,
        NaN,
        NaN,
        NaN,
        NaN,
        NaN,
        NaN,
        NaN,
        NaN,
        NaN,
        NaN,
        NaN,
        NaN,
        NaN,
        NaN,
        NaN,
        NaN,
        NaN,
        NaN,
        NaN,
        NaN,
        NaN,
        NaN,
        NaN,
        NaN,
        NaN,
        NaN,
        NaN,
        NaN,
        NaN,
        NaN,
        NaN,
        NaN,
        NaN,
        NaN,
        NaN,
        NaN,
        NaN,
        NaN,
        NaN,
        NaN,
        NaN,
        NaN,
        NaN,
        NaN,
        NaN,
        NaN,
        NaN,
        NaN,
        NaN,
        NaN,
        NaN,
        NaN,
        NaN,
        NaN,
        NaN,
        NaN,
        NaN,
        NaN,
        NaN,
        NaN,
        NaN,
        NaN,
        NaN,
        NaN,
        NaN,
        NaN,
        181.40325927734375,
        181.40325927734375,
        181.40325927734375,
        181.40325927734375,
        181.40325927734375,
        181.40325927734375,
        181.40325927734375,
        181.40325927734375,
        181.40325927734375,
        181.40325927734375,
        181.40325927734375,
        181.40325927734375,
        181.40325927734375,
        181.40325927734375,
        181.40325927734375,
        181.40325927734375,
        181.40325927734375,
        181.40325927734375,
        181.40325927734375,
        181.40325927734375,
        181.40325927734375,
        181.40325927734375,
        181.40325927734375,
        181.40325927734375,
        181.40325927734375,
        181.40325927734375,
        181.40325927734375,
        181.40325927734375,
        181.40325927734375,
        181.40325927734375,
        181.40325927734375,
        181.40325927734375,
        181.40325927734375,
        181.40325927734375,
        181.40325927734375,
        181.40325927734375,
        181.40325927734375,
        181.40325927734375,
        181.40325927734375,
        181.40325927734375,
        181.40325927734375,
        181.40325927734375,
        181.40325927734375,
        181.40325927734375,
        181.40325927734375,
        181.40325927734375,
        181.40325927734375,
        181.40325927734375,
        181.40325927734375,
        181.40325927734375
    ],
    "optimizer_hyperparams": {
        "est_rank": 3,
        "lr": 100.0
    },
    "valid_losses": [
        181.46169760288336,
        181.46169760288336,
        181.46169760288336,
        181.46169760288336,
        181.46169760288336,
        181.46169760288336,
        181.46169760288336,
        181.46169760288336,
        181.46169760288336,
        181.46169760288336,
        181.46169760288336,
        181.46169760288336,
        181.46169760288336,
        181.46169760288336,
        181.46169760288336,
        181.46169760288336,
        181.46169760288336,
        181.46169760288336,
        181.46169760288336,
        181.46169760288336,
        181.46169760288336,
        181.46169760288336,
        181.46169760288336,
        181.46169760288336,
        181.46169760288336,
        181.46169760288336,
        181.46169760288336,
        181.46169760288336,
        181.46169760288336,
        181.46169760288336,
        181.46169760288336,
        181.46169760288336,
        181.46169760288336,
        181.46169760288336,
        181.46169760288336,
        181.46169760288336,
        181.46169760288336,
        181.46169760288336,
        181.46169760288336,
        181.46169760288336,
        181.46169760288336,
        181.46169760288336,
        181.46169760288336,
        181.46169760288336,
        181.46169760288336,
        181.46169760288336,
        181.46169760288336,
        181.46169760288336,
        181.46169760288336,
        181.46169760288336,
        181.46169760288336
    ],
    "training_params": {},
    "weight_decay": null,
    "random_seed": 42,
    "num_epochs": 50,
    "optimizer_name": "Preconditioner",
    "train_losses": [
        181.45465567173102,
        181.45465567173102,
        181.45465567173102,
        181.45465567173102,
        181.45465567173102,
        181.45465567173102,
        181.45465567173102,
        181.45465567173102,
        181.45465567173102,
        181.45465567173102,
        181.45465567173102,
        181.45465567173102,
        181.45465567173102,
        181.45465567173102,
        181.45465567173102,
        181.45465567173102,
        181.45465567173102,
        181.45465567173102,
        181.45465567173102,
        181.45465567173102,
        181.45465567173102,
        181.45465567173102,
        181.45465567173102,
        181.45465567173102,
        181.45465567173102,
        181.45465567173102,
        181.45465567173102,
        181.45465567173102,
        181.45465567173102,
        181.45465567173102,
        181.45465567173102,
        181.45465567173102,
        181.45465567173102,
        181.45465567173102,
        181.45465567173102,
        181.45465567173102,
        181.45465567173102,
        181.45465567173102,
        181.45465567173102,
        181.45465567173102,
        181.45465567173102,
        181.45465567173102,
        181.45465567173102,
        181.45465567173102,
        181.45465567173102,
        181.45465567173102,
        181.45465567173102,
        181.45465567173102,
        181.45465567173102,
        181.45465567173102,
        181.45465567173102
    ],
    "test_losses": [
        181.50637162037384,
        181.50637162037384,
        181.50637162037384,
        181.50637162037384,
        181.50637162037384,
        181.50637162037384,
        181.50637162037384,
        181.50637162037384,
        181.50637162037384,
        181.50637162037384,
        181.50637162037384,
        181.50637162037384,
        181.50637162037384,
        181.50637162037384,
        181.50637162037384,
        181.50637162037384,
        181.50637162037384,
        181.50637162037384,
        181.50637162037384,
        181.50637162037384,
        181.50637162037384,
        181.50637162037384,
        181.50637162037384,
        181.50637162037384,
        181.50637162037384,
        181.50637162037384,
        181.50637162037384,
        181.50637162037384,
        181.50637162037384,
        181.50637162037384,
        181.50637162037384,
        181.50637162037384,
        181.50637162037384,
        181.50637162037384,
        181.50637162037384,
        181.50637162037384,
        181.50637162037384,
        181.50637162037384,
        181.50637162037384,
        181.50637162037384,
        181.50637162037384,
        181.50637162037384,
        181.50637162037384,
        181.50637162037384,
        181.50637162037384,
        181.50637162037384,
        181.50637162037384,
        181.50637162037384,
        181.50637162037384,
        181.50637162037384,
        181.50637162037384
    ]
}