{
    "testproblem": "quadratic_deep",
    "batch_size": 32,
    "num_epochs": 20,
    "random_seed": 42,
    "weight_decay": null,
    "optimizer_name": "SGD",
    "optimizer_hyperparams": {
        "lr": 0.0774263682681127
    },
    "training_params": {},
    "train_losses": [
        337.4154505575857,
        3.387353810616997e+31,
        337.4154505575857,
        337.4154505575857,
        337.4154505575857,
        337.4154505575857,
        337.4154505575857,
        337.4154505575857,
        337.4154505575857,
        337.4154505575857,
        337.4154505575857,
        337.4154505575857,
        337.4154505575857,
        337.4154505575857,
        337.4154505575857,
        337.4154505575857,
        337.4154505575857,
        337.4154505575857,
        337.4154505575857,
        337.4154505575857,
        337.4154505575857
    ],
    "valid_losses": [
        333.89869936050906,
        3.387353810616997e+31,
        333.89869936050906,
        333.89869936050906,
        333.89869936050906,
        333.89869936050906,
        333.89869936050906,
        333.89869936050906,
        333.89869936050906,
        333.89869936050906,
        333.89869936050906,
        333.89869936050906,
        333.89869936050906,
        333.89869936050906,
        333.89869936050906,
        333.89869936050906,
        333.89869936050906,
        333.89869936050906,
        333.89869936050906,
        333.89869936050906,
        333.89869936050906
    ],
    "test_losses": [
        332.58377862745715,
        3.387353810616997e+31,
        332.58377862745715,
        332.58377862745715,
        332.58377862745715,
        332.58377862745715,
        332.58377862745715,
        332.58377862745715,
        332.58377862745715,
        332.58377862745715,
        332.58377862745715,
        332.58377862745715,
        332.58377862745715,
        332.58377862745715,
        332.58377862745715,
        332.58377862745715,
        332.58377862745715,
        332.58377862745715,
        332.58377862745715,
        332.58377862745715,
        332.58377862745715
    ],
    "minibatch_train_losses": [
        319.9973449707031,
        210627117056.0,
        7.849424417848212e+20,
        3.629721193214649e+30,
        3.387353810616997e+31,
        Infinity,
        Infinity,
        NaN,
        319.9973449707031,
        319.9973449707031,
        319.9973449707031,
        319.9973449707031,
        319.9973449707031,
        319.9973449707031,
        319.9973449707031,
        319.9973449707031,
        319.9973449707031,
        319.9973449707031,
        319.9973449707031,
        319.9973449707031,
        319.9973449707031,
        319.9973449707031,
        319.9973449707031,
        319.9973449707031,
        319.9973449707031,
        319.9973449707031,
        319.9973449707031
    ]
}