{
    "testproblem": "quadratic_deep",
    "batch_size": 32,
    "num_epochs": 100,
    "random_seed": 43,
    "weight_decay": null,
    "optimizer_name": "Preconditioner",
    "optimizer_hyperparams": {
        "lr": 1e-95
    },
    "training_params": {},
    "train_losses": [
        502.1162631127142,
        501.823732437626,
        104.7331077821793,
        98.42521642869518,
        95.8534696025233,
        92.89272185294858,
        91.78488946730091,
        90.73100034652218,
        89.41580766247165,
        90.96709565193423,
        89.24473744053995,
        88.02634454542591,
        88.37308625252017,
        87.96307619156376,
        88.02563968781502,
        88.89169754520539,
        89.23123685775265,
        87.5347159601027,
        86.95666996125252,
        89.15149565665952,
        87.33911058979649,
        88.30145583614227,
        87.57619894704511,
        86.96560496668661,
        89.2134492935673,
        87.69053453014743,
        87.62288198163432,
        87.45239528532952,
        88.09308476601878,
        88.5089829967868,
        87.9281749110068,
        86.73609653595955,
        87.86288796701739,
        88.47877846994707,
        88.37517941382623,
        88.20158435452369,
        88.18558009978264,
        87.2853533837103,
        86.97916904572517,
        88.24988728184854,
        87.25425744825795,
        86.50906839678365,
        87.46643484792402,
        88.72522243376702,
        87.2581321962418,
        88.33719388900265,
        86.42958093458607,
        87.9428479594569,
        88.4144043460969,
        87.29783630371094,
        89.08415369833669,
        88.18580504386655,
        88.85016632080078,
        86.98533138152092,
        88.5535138037897,
        87.1415284679782,
        86.77949056317729,
        86.04461128480973,
        86.85364655525454,
        87.89622472947643,
        87.01743956535093,
        87.79870383970199,
        86.77044702345326,
        86.83241961079258,
        87.1956555766444,
        87.25722331385458,
        88.81270648587135,
        87.58256136986518,
        88.46108048962009,
        88.23238225137034,
        87.50911171205583,
        87.4192391672442,
        89.13730793614542,
        86.82467872865739,
        87.01834327943864,
        89.01955979870212,
        88.63236999511719,
        86.94451535132623,
        87.80843476326235,
        86.58754508726058,
        87.854490218624,
        87.0794190437563,
        86.94845827164188,
        87.20868633639428,
        86.86818104405558,
        90.5735847719254,
        87.10532009986139,
        86.94634000716671,
        86.70684125346523,
        88.12191501740486,
        87.85114632883379,
        89.78336383450416,
        87.41799089985508,
        87.31827865108367,
        89.1295896960843,
        87.79288482666016,
        86.75680369715536,
        87.74816771476499,
        87.34173239431074,
        86.28455746558404,
        87.94327299056515
    ],
    "valid_losses": [
        503.51834500220514,
        503.51834500220514,
        104.65933695147115,
        97.60352596159905,
        94.92039514357045,
        92.02132809546686,
        91.00804433514995,
        90.43543932514805,
        88.8153799733808,
        89.99892917756111,
        88.66041835661858,
        87.32325818461757,
        87.7251719813193,
        87.3685064008159,
        87.41709678403792,
        88.30279491793725,
        88.83643931727255,
        87.08317098309917,
        86.9207271452873,
        88.38289888443485,
        86.64356600853705,
        88.03949516050277,
        87.14258550828502,
        86.5670407202936,
        88.21256600656817,
        87.35457463418284,
        87.29340608658329,
        87.29921107138357,
        87.49012977846208,
        87.36831763482863,
        87.49256724696005,
        86.06241115447014,
        87.48065579322076,
        88.19184038715977,
        88.39116594868321,
        87.3571280202558,
        87.87308133033014,
        86.6518788491526,
        86.37558869392642,
        87.94085398027974,
        86.67954303372291,
        85.99524688720703,
        87.14557278540826,
        87.71491143011278,
        86.74256650863155,
        87.89154323454827,
        85.79527430380544,
        87.47983674080142,
        87.97042059129284,
        87.36405846380418,
        89.20485588812059,
        87.78458232264364,
        88.79128929876512,
        86.29489061909337,
        87.77259309830204,
        86.76089157596711,
        86.00557536463583,
        85.56928105508128,
        86.8544444422568,
        87.16963146578881,
        86.47928988549018,
        87.66028275028351,
        86.22334954046434,
        86.43925402241368,
        87.12513609855405,
        86.57035261584866,
        87.87623522358555,
        87.31023160872921,
        88.12265851420742,
        87.76731404950542,
        86.38223438878214,
        86.93180576447517,
        88.19327495944115,
        86.48316832511655,
        86.47896674371535,
        88.77669869699785,
        87.9573489773658,
        85.93240110335812,
        87.54518299718058,
        85.90889272382182,
        87.39121664724043,
        86.41151428222656,
        86.39907566193611,
        87.09770251858619,
        86.57749742077243,
        90.2421633812689,
        86.21283598869077,
        86.52540046938005,
        85.93175285093245,
        87.33116174513295,
        87.00467435775265,
        89.24942361154864,
        86.61759062736265,
        86.57668722829511,
        88.0731681085402,
        86.9453363726216,
        86.30445886427357,
        86.92337552962765,
        86.74464170394405,
        85.69027414629537,
        87.36761597664126
    ],