{
    "testproblem": "quadratic_deep",
    "batch_size": 32,
    "num_epochs": 100,
    "random_seed": 52,
    "weight_decay": null,
    "optimizer_name": "SGD",
    "optimizer_hyperparams": {
        "lr": 1e-05
    },
    "training_params": {},
    "train_losses": [
        300.0041740171371,
        294.4100341796875,
        289.26482957409274,
        283.81803352602066,
        278.71371312295236,
        273.94044248519407,
        269.1456111784904,
        264.70091247558594,
        259.9739739202684,
        255.3891350530809,
        251.27100593813003,
        247.53133367723035,
        243.07818406628024,
        238.96112848097277,
        235.29602198446952,
        231.60755231303554,
        227.81331413022934,
        224.6520523563508,
        221.03328778666835,
        217.55909532116306,
        214.90704788700228,
        211.3524637529927,
        208.4733414188508,
        205.48729287424396,
        202.4573728499874,
        199.44494875015752,
        197.0372294764365,
        194.12641955960183,
        191.78258194461947,
        189.61285301946825,
        186.80277375252015,
        184.6982618762601,
        182.34766363328504,
        180.29126025784402,
        178.06718198714717,
        175.6340583062941,
        174.2324745424332,
        172.0982705393145,
        170.12577081495715,
        168.38067823840726,
        166.3101299655053,
        164.80546028383316,
        162.95504022413684,
        161.20184080062373,
        159.96630022602696,
        158.30877242549772,
        156.7074161652596,
        155.22166245983493,
        153.69237542921496,
        152.30252764301915,
        151.15264498802924,
        149.949214812248,
        148.58815371605658,
        147.0744377874559,
        145.95099959834928,
        145.02617965206022,
        143.47167156588645,
        142.46913836079258,
        141.56030519547002,
        140.595218781502,
        139.54247899209298,
        138.51970869495022,
        137.51806689846902,
        136.68806949738533,
        135.7921661869172,
        134.63646378055697,
        133.89349808231478,
        133.18057817028415,
        132.352296890751,
        131.52425975184286,
        130.74408008206277,
        130.01354931246848,
        129.2455321281187,
        128.55134656352382,
        127.71756522886214,
        127.31401209677419,
        126.66381909770351,
        126.13844053206905,
        125.29869374921245,
        124.34649485926474,
        124.17582185806766,
        123.81178406746157,
        123.20176647555444,
        122.33652742447391,
        122.09453533541772,
        121.63010824880293,
        121.11692834669545,
        120.67838287353516,
        120.06751817272556,
        119.52229702857232,
        119.36458046205583,
        118.9008080267137,
        118.42165793142011,
        117.99745547386908,
        117.44432880032447,
        117.04585266113281,
        116.82674260293284,
        116.3816146850586,
        116.38611233618951,
        115.78867512364542,
        115.57188095584992
    ],
    "valid_losses": [
        301.7827886766003,
        296.19262006205895,
        290.76301919260334,
        285.48596880512855,
        280.3675724152596,
        275.3934030840474,
        270.5601530997984,
        265.8711085165701,
        261.310782647902,
        256.8792163479713,
        252.57377329180318,
        248.39039611816406,
        244.32115911668348,
        240.37632751464844,
        236.5428757206086,
        232.81905143491684,
        229.2020726357737,
        225.68601694414693,
        222.27670583417338,
        218.95976897208922,
        215.7357871763168,
        212.60603480185233,
        209.56289475963962,
        206.60672833842617,
        203.73719738375755,
        200.94690433625252,
        198.23437352334298,
        195.60268131379158,
        193.0404549875567,
        190.5544694469821,
        188.13534152123236,
        185.7914576376638,
        183.50795229019658,
        181.293700187437,
        179.14273514286165,
        177.05309074155747,
        175.01949974798387,
        173.04662495274698,
        171.1295166015625,
        169.26424088016634,
        167.45144751764113,
        165.69327766664566,
        163.98296479255922,
        162.32136092647428,
        160.7033174576298,
        159.13318953975553,
        157.6060810704385,
        156.12129506757182,
        154.68072706653226,
        153.27914182601435,
        151.91686174946446,
        150.59306975333922,
        149.30560548843877,
        148.0556148405998,
        146.83815051663308,
        145.65645722419984,
        144.50641262915826,
        143.391355452999,
        142.3084985056231,
        141.25299269153226,
        140.22696956511467,
        139.22843785439767,
        138.26016309184413,
        137.3189436389554,
        136.40295262490548,
        135.51506953085624,
        134.65119121920677,
        133.809935785109,
        132.99508100940335,
        132.20215926631803,
        131.42944582047002,
        130.67647207936932,
        129.94632081062562,
        129.23651442989225,
        128.54498315626574,
        127.87233315744707,
        127.21941080401021,
        126.58361939461001,
        125.96470100648942,
        125.36347100042528,
        124.77910490958921,
        124.21138098932082,
        123.66021310129473,
        123.12433451990927,
        122.60309207054877,
        122.09399487895351,
        121.60102327408329,
        121.12209541566911,
        120.65546441847279,
        120.20047513900265,
        119.7610586843183,
        119.32970822241998,
        118.91202668220767,
        118.50836501582977,
        118.11324827132687,
        117.72992337134576,
        117.35578943067982,
        116.99304494550151,
        116.6391362836284,
        116.2945556640625,
        115.9591554211032
    ],