{
    "testproblem": "quadratic_deep",
    "batch_size": 32,
    "num_epochs": 100,
    "random_seed": 47,
    "weight_decay": null,
    "optimizer_name": "SGD",
    "optimizer_hyperparams": {
        "lr": 1e-05
    },
    "training_params": {},
    "train_losses": [
        210.1309794764365,
        207.15860822123867,
        204.68325805664062,
        201.85011537613408,
        199.45642582062752,
        197.01827264601184,
        194.80376951156123,
        192.5174816500756,
        190.19137573242188,
        188.17611399004537,
        185.9792687200731,
        183.86935326360887,
        181.6414081204322,
        180.00167502126385,
        178.15062935121597,
        175.8567391672442,
        174.0603243920111,
        172.31471744660408,
        171.05629213394658,
        169.03688344647807,
        167.7894518452306,
        165.7699712937878,
        164.47418852775328,
        162.97506024760585,
        161.76351781045236,
        160.32021159510458,
        158.84205036778604,
        157.5223885813067,
        156.20484973538308,
        154.81094704904865,
        153.66918157762098,
        152.76117140246976,
        151.4922618250693,
        150.05639500771798,
        149.25228881835938,
        148.2369901595577,
        147.05407124180948,
        146.1119571808846,
        144.88995312106223,
        144.18319505260837,
        143.11085657919608,
        142.55382464008946,
        141.3246317217427,
        140.5758027107485,
        139.57068560200352,
        138.97230849727507,
        137.96024347120715,
        136.99005693004978,
        136.64720867526145,
        135.72592138474988,
        135.13731974940146,
        134.39548886206842,
        133.8004834575038,
        133.03936152304374,
        132.52509037140877,
        131.579225847798,
        131.08587941815776,
        130.75001599711757,
        129.95227813720703,
        129.40235064106602,
        128.73293230610508,
        128.36292611399006,
        127.82595775973412,
        127.54943306215348,
        126.93685986918788,
        126.37818342639554,
        125.9398451774351,
        125.41856925718245,
        125.12000914542905,
        124.63642317248929,
        124.08113245810232,
        123.74550161054057,
        123.27128059633317,
        123.03687187933153,
        122.5785615982548,
        122.20114455684539,
        121.72986430506552,
        121.35572667275706,
        121.17901340607673,
        120.8088647165606,
        120.35951774351058,
        120.18714437177104,
        119.8789542413527,
        119.65851026965726,
        119.40037265900642,
        118.99708680183657,
        118.76819118376702,
        118.50169667889995,
        118.23449017924648,
        117.73058786699849,
        117.62230313208795,
        116.98049016152659,
        117.31349108296055,
        116.94796875984439,
        116.61745009883758,
        116.46635904619771,
        116.17564687421245,
        115.90662654753655,
        115.99838478334489,
        115.70319514120779,
        115.49871457007623
    ],
    "valid_losses": [
        205.0477324455015,
        202.34982595136088,
        199.7290521437122,
        197.18562612225932,
        194.70538083968623,
        192.29554453203755,
        189.95738269436745,
        187.68286920362902,
        185.4707518546812,
        183.32325203188003,
        181.23208913495463,
        179.20127573320943,
        177.22474473522556,
        175.30743162093623,
        173.43890626968877,
        171.62443050261467,
        169.8576414046749,
        168.1375515845514,
        166.46842415102066,
        164.84357378559727,
        163.26410355106478,
        161.7280076549899,
        160.23210882371473,
        158.7775618030179,
        157.36123657226562,
        155.9872564500378,
        154.64961685672884,
        153.34899410124748,
        152.08599312074722,
        150.85363178868448,
        149.6561259608115,
        148.49169478877897,
        147.36024130544354,
        146.2579065138294,
        145.1848400485131,
        144.1434336016255,
        143.12730801490045,
        142.14185997747606,
        141.18156383883567,
        140.24753964331842,
        139.33886374196697,
        138.45406169276083,
        137.59414918961065,
        136.75628096057522,
        135.9407252650107,
        135.14752049599923,
        134.3760486725838,
        133.623652058263,
        132.8897269464308,
        132.17727538078063,
        131.48291458622103,
        130.80705802671372,
        130.15230166527533,
        129.51282624275453,
        128.89161608296055,
        128.2823006414598,
        127.69219773815524,
        127.11607188563192,
        126.55627416795299,
        126.01077738115865,
        125.47988940823463,
        124.96132487635458,
        124.45925706432712,
        123.96794891357422,
        123.49006726664882,
        123.02465205038747,
        122.570312992219,
        122.13126668622417,
        121.70084061161164,
        121.28240966796875,
        120.87435051702684,
        120.47758410053868,
        120.09064483642578,
        119.71392477712324,
        119.34817234162361,
        118.99149371731666,
        118.64282989501953,
        118.30367254441784,
        117.97274189610636,
        117.64973351263231,
        117.33384261592742,
        117.02745179207095,
        116.72899775351247,
        116.43867074289629,
        116.15508664038873,
        115.87830106673702,
        115.60883060578377,
        115.34571986044607,
        115.09009650445753,
        114.84111859721523,
        114.59664990825038,
        114.35829605594758,
        114.12727848176033,
        113.90196203416393,
        113.68283253331339,
        113.46885311988092,
        113.25925913164693,
        113.05491687405494,
        112.85568212693737,
        112.6621573663527,
        112.47277561310798
    ],