{
    "batch_size": 32,
    "num_epochs": 5,
    "optimizer_name": "PreconditionedSGD",
    "weight_decay": null,
    "optimizer_hyperparams": {
        "lr": null
    },
    "testproblem": "cifar10_3c3d",
    "test_accuracies": [
        0.09745592948717949,
        0.5091145833333334,
        0.6216947115384616,
        0.6506410256410257,
        0.6833934294871795,
        0.7181490384615384
    ],
    "valid_accuracies": [
        0.10296474358974358,
        0.5024038461538461,
        0.6262019230769231,
        0.653145032051282,
        0.6871995192307693,
        0.7259615384615384
    ],
    "minibatch_train_losses": [
        3.611151913801829,
        3.613584041595459,
        3.639343738555908,
        3.5446009635925293,
        3.5255250930786133,
        3.5476937294006348,
        3.435847759246826,
        3.4552223682403564,
        3.402456045150757,
        3.2859137058258057,
        3.425891399383545,
        3.257720947265625,
        3.2723076343536377,
        3.195601463317871,
        3.581225872039795,
        3.240086078643799,
        3.121072769165039,
        3.0200142860412598,
        3.052328586578369,
        3.162672519683838,
        3.1145787239074707,
        3.09071683883667,
        3.410273551940918,
        3.0800726413726807,
        2.9510135650634766,
        3.1340670585632324,
        3.0618557929992676,
        2.873880624771118,
        3.2713332176208496,
        2.7528765201568604,
        3.0531444549560547,
        3.1025540828704834,
        3.1567769050598145,
        3.244924545288086,
        3.149231433868408,
        2.8822226524353027,
        3.4484469890594482,
        3.471104145050049,
        3.0142436027526855,
        3.1786458492279053,
        3.055877923965454,
        2.9069604873657227,
        3.0346834659576416,
        2.851715564727783,
        2.739614963531494,
        2.8166353702545166,
        3.0192859172821045,
        2.9145545959472656,
        2.759012460708618,
        2.8479726314544678,
        2.8139774799346924,
        3.085749626159668,
        2.7738070487976074,
        3.4079766273498535,
        2.903372049331665,
        2.965449810028076,
        2.627979040145874,
        3.1732006072998047,
        3.2187564373016357,
        3.0530169010162354,
        3.0315165519714355,
        2.7999587059020996,
        3.2210910320281982,
        2.8607120513916016,
        2.9388725757598877,
        2.848877429962158,
        2.8166065216064453,
        2.7089931964874268,
        2.580223798751831,
        2.8842368125915527,
        2.825547695159912,
        2.7600200176239014,
        2.8496930599212646,
        3.1622397899627686,
        2.7233023643493652,
        2.6696231365203857,
        2.9481711387634277,
        2.6620402336120605,
        2.561368465423584,
        2.4901018142700195,
        2.6732230186462402,
        2.6684656143188477,
        2.7659778594970703,
        2.7990517616271973,
        3.0790657997131348,
        2.8124773502349854,
        2.9013984203338623,
        2.6327157020568848,
        2.761169910430908,
        2.7227835655212402,
        2.6812119483947754,
        2.576014757156372,
        3.154677629470825,
        2.6497437953948975,
        2.721789836883545,
        3.044835090637207,
        2.6347897052764893,
        3.2034666538238525,
        2.792067050933838,
        2.7515082359313965,
        2.7923598289489746,
        2.703263759613037,
        2.302738666534424,
        2.605745315551758,
        2.8519814014434814,
        2.650843858718872,
        2.8208718299865723,
        2.7300009727478027,
        2.489675521850586,
        2.872891426086426,
        2.688626766204834,
        2.3729231357574463,
        2.683455467224121,
        2.3327932357788086,
        2.700286865234375,
        2.941112995147705,
        2.7098593711853027,
        2.692077159881592,
        2.6149020195007324,
        2.787754535675049,
        2.646728992462158,
        2.547663688659668,
        2.658888816833496,
        2.4797866344451904,
        2.975358009338379,
        2.3898403644561768,
        2.551502518928968,
        3.029874801635742,
        2.5791354179382324,
        2.6660778522491455,
        2.833477258682251,
        2.480055093765259,
        2.3281660079956055,
        2.6067051887512207,
        2.526182174682617,
        2.4354820251464844,
        2.9469151496887207,
        2.1794791221618652,
        2.7353038787841797,
        2.6190147399902344,
        2.3208260536193848,
        2.672450065612793,
        2.2650227546691895,
        2.3780555725097656,
        2.521618604660034,
        2.344846725463867,
        2.2175376415252686,
        2.5501914024353027,
        2.355592727661133,
        2.5742135047912598,
        2.771620512008667,
        2.5444564819335938,
        2.466754913330078,
        2.4255788326263428,
        2.368450164794922,
        2.472903251647949,
        2.2641942501068115,
        2.5248043537139893,
        2.934821844100952,
        2.277336597442627,
        2.3985702991485596,
        2.362534999847412,
        2.581484317779541,
        2.3556926250457764,
        2.0441088676452637,
        2.235891342163086,
        2.6245954036712646,
        2.5140209197998047,
        2.6899514198303223,
        2.4252331256866455,
        2.3759400844573975,
        2.5784406661987305,
        2.4840173721313477,
        2.4000062942504883,
        2.3475911617279053,
        2.317812442779541,
        2.208621025085449,
        2.63041615486145,
        2.1128644943237305,
        1.9871516227722168,
        2.2490949630737305,
        2.406851291656494,
        2.405327558517456,
        2.393246650695801,
        2.412381172180176,
        2.2491302490234375,
        2.4747536182403564,
        2.0041513442993164,
        2.7393879890441895,
        2.0857479572296143,
        2.4231629371643066,
        1.9173088073730469,
        2.315368175506592,
        1.876495361328125,
        2.252835273742676,
        2.3119454383850098,
        2.2390947341918945,
        2.523948907852173,
        2.515747308731079,
        2.111929416656494,
        2.579188108444214,
        2.3052899837493896,
        2.283369541168213,
        2.4098644256591797,
        2.472580671310425,
        2.216498851776123,
        2.452571392059326,
        2.530273675918579,
        2.0561952590942383,
        2.46586537361145,
        2.130648136138916,
        2.1592156887054443,
        2.135972499847412,
        2.1454086303710938,
        2.440032720565796,
        2.2913827896118164,
        2.073373317718506,
        2.2705233097076416,
        2.2113876342773438,
        1.8714025020599365,
        2.397258758544922,
        2.2002320289611816,
        2.0708553791046143,
        2.4803762435913086,
        2.1539723873138428,
        2.111314058303833,
        1.8660156726837158,
        2.236327886581421,
        2.1110482215881348,
        2.5928330421447754,
        2.3215975761413574,
        2.5245542526245117,
        2.0352189540863037,
        2.0925984382629395,
        2.3002326488494873,
        2.0497803688049316,
        2.2372331619262695,
        1.9394049644470215,
        1.9016250371932983,
        2.0399582386016846,
        2.1767847537994385,
        2.405759334564209,
        2.2981643676757812,
        2.317018985748291,
        2.657862424850464,
        2.455570697784424,
        2.207632541656494,
        2.433192253112793,
        2.030928134918213,
        2.0125861167907715,
        2.0869500637054443,
        1.9384509325027466,
        2.104498885762997,
        1.9450771808624268,
        2.1264705657958984,
        2.383976459503174,
        1.9579133987426758,
        1.9102444648742676,
        2.2310256958007812,
        1.969101905822754,
        1.8528865575790405,
        2.2104201316833496,
        2.2005016803741455,
        2.040487766265869,
        1.7528579235076904,
        2.151766061782837,
