{
    "random_seed": 48,
    "optimizer_hyperparams": {
        "lr": null
    },
    "test_accuracies": [
        0.10036057692307693,
        0.47766426282051283,
        0.5850360576923077,
        0.6390224358974359,
        0.6697716346153846,
        0.6942107371794872
    ],
    "training_params": {},
    "weight_decay": null,
    "testproblem": "cifar10_3c3d",
    "optimizer_name": "PreconditionedSGD",
    "valid_accuracies": [
        0.09635416666666667,
        0.47876602564102566,
        0.5859375,
        0.6400240384615384,
        0.6673677884615384,
        0.6930088141025641
    ],
    "train_losses": [
        3.5859177884383078,
        2.541775174629994,
        2.187753516512039,
        1.9873613604368308,
        1.8532366095445094,
        1.7716086476277082
    ],
    "minibatch_train_losses": [
        3.5859177884383078,
        3.5778748989105225,
        3.5919525623321533,
        3.5815072059631348,
        3.550665855407715,
        3.4088759422302246,
        3.527344226837158,
        3.405289888381958,
        3.314798593521118,
        3.3093764781951904,
        3.5815415382385254,
        3.2922515869140625,
        3.1828014850616455,
        3.2124714851379395,
        3.57246994972229,
        3.075322151184082,
        3.1763086318969727,
        3.1670827865600586,
        3.268746852874756,
        3.3312134742736816,
        3.115663528442383,
        3.3212757110595703,
        3.2458817958831787,
        2.956502914428711,
        3.261003255844116,
        3.1050710678100586,
        3.266296148300171,
        3.066704034805298,
        3.0188639163970947,
        3.1849606037139893,
        3.2051427364349365,
        2.9603796005249023,
        3.166497230529785,
        2.9782609939575195,
        3.012796401977539,
        3.0079939365386963,
        2.8526439666748047,
        2.9566102027893066,
        2.775580883026123,
        3.3442630767822266,
        2.963812828063965,
        3.069906234741211,
        2.9199981689453125,
        2.9805541038513184,
        3.4023277759552,
        2.743077278137207,
        2.9239234924316406,
        2.8928897380828857,
        2.7409629821777344,
        2.744234085083008,
        3.0836310386657715,
        2.852527618408203,
        3.0598361492156982,
        2.5779662132263184,
        2.765324115753174,
        2.789766311645508,
        2.693244218826294,
        2.9610583782196045,
        2.7342607975006104,
        2.9827136993408203,
        2.7930779457092285,
        2.931039571762085,
        3.2665319442749023,
        2.936807632446289,
        2.7007663249969482,
        2.890094757080078,
        2.635629892349243,
        3.005459785461426,
        2.8211705684661865,
        2.7194595336914062,
        3.01846981048584,
        2.5532121658325195,
        2.7333478927612305,
        2.6782822608947754,
        2.567716121673584,
        2.674239158630371,
        3.493293285369873,
        2.6765658855438232,
        2.5487942695617676,
        3.0290064811706543,
        2.8427014350891113,
        2.683115005493164,
        2.613088607788086,
        2.928542137145996,
        2.8470091819763184,
        2.98159122467041,
        3.0986328125,
        2.713244915008545,
        2.5342044830322266,
        2.7245776653289795,
        2.6883139610290527,
        2.7646055221557617,
        2.6591248512268066,
        2.650092124938965,
        2.9070839881896973,
        2.6294350624084473,
        2.7647461891174316,
        2.6819658279418945,
        2.6051812171936035,
        2.748516082763672,
        2.782439947128296,
        2.609921455383301,
        2.5065853595733643,
        2.6250741481781006,
        2.6595592498779297,
        2.3985791206359863,
        2.7317874431610107,
        3.0382251739501953,
        2.4739623069763184,
        2.4815759658813477,
        2.711310625076294,
        2.4114346504211426,
        2.592451572418213,
        2.8275322914123535,
        2.5912318229675293,
        2.747852325439453,
        2.430121898651123,
        2.6080029010772705,
        2.5334420204162598,
        2.6716108322143555,
        2.4547998905181885,
        2.290771722793579,
        2.5747547149658203,
        2.5138297080993652,
        2.366166353225708,
        2.5905325412750244,
        2.541775174629994,
        2.616950511932373,
        2.5052313804626465,
        2.571268320083618,
        2.335564613342285,
        2.469550132751465,
        2.660754680633545,
        2.269078254699707,
        2.2170777320861816,
        2.3969433307647705,
        2.6530001163482666,
        2.3694941997528076,
        2.2689220905303955,
        2.1406807899475098,
        2.0429012775421143,
        2.427527666091919,
        2.678788185119629,
        2.1749181747436523,
        2.271304130554199,
        2.4538068771362305,
        2.501662254333496,
        2.3243532180786133,
        2.575711727142334,
        2.3310725688934326,
        2.1439080238342285,
        2.1234514713287354,
        2.5020151138305664,
        2.253490924835205,
        2.5812888145446777,
        1.980154275894165,
        2.279242753982544,
        2.392014980316162,
        2.3561601638793945,
        2.5006322860717773,
        2.436239242553711,
        2.5437469482421875,
        2.2382450103759766,
        2.411668300628662,
        2.2399303913116455,
        2.2131643295288086,
        2.3103365898132324,
        2.3315937519073486,
        2.187244415283203,
        2.6210052967071533,
        2.355358600616455,
        2.364885091781616,
        2.372657537460327,
        2.0914344787597656,
        2.307406187057495,
        2.4338538646698,
        2.7971558570861816,
        2.027181386947632,
        2.3987085819244385,
        2.7468464374542236,
        2.3438479900360107,
        2.4236721992492676,
        2.5090975761413574,
        2.1915194988250732,
        2.5726099014282227,
        2.071537971496582,
        2.4195499420166016,
        2.1690526008605957,
        2.4109721183776855,
        2.2429518699645996,
        2.395784854888916,
        2.299436569213867,
        2.2440638542175293,
        2.410733699798584,
        2.228484630584717,
        2.2944321632385254,
        2.546489715576172,
        2.217116355895996,
        2.4515600204467773,
        2.551912784576416,
        2.0265398025512695,
        2.0863890647888184,
        2.3095743656158447,
        2.5369772911071777,
        2.3463926315307617,
        2.5470714569091797,
        2.397083044052124,
        2.364020347595215,
        2.4018261432647705,
        2.2080438137054443,
        2.176316261291504,
        1.9393771886825562,
        1.9905929565429688,
        2.262436628341675,
        1.8653712272644043,
        2.2201125621795654,
        2.3031980991363525,
        2.074953317642212,
        2.2460179328918457,
        2.1517043113708496,
        1.8919599056243896,
        2.380990982055664,
        2.1200313568115234,
        2.1070358753204346,
        2.205777645111084,
        2.170463800430298,
        2.24544095993042,
        2.0152783393859863,
        2.0832369327545166,
        2.738560676574707,
        2.0925872325897217,
        2.498997926712036,
        1.9773094654083252,
        2.1842174530029297,
        1.9213075637817383,
        1.8988862037658691,
        2.579251766204834,
        2.3256475925445557,
        2.1472175121307373,
        1.9939290285110474,
        1.9359995126724243,
        2.2255911827087402,
        2.094550132751465,
        2.03891658782959,
        2.1394660472869873,
        2.3481547832489014,
        2.1267294883728027,
        2.2741620540618896,
        2.154653549194336,
        2.4838027954101562,
        2.3636538982391357,
        1.9765509366989136,
        2.187753516512039,
        2.3845055103302,
        2.470623016357422,
        2.212315797805786,
        2.1898140907287598,
        2.252237319946289,
        2.063837766647339,
        2.0205445289611816,
