{
    "train_accuracies": [
        0.12429887820512821,
        0.4794671474358974,
        0.5850360576923077,
        0.6460336538461539,
        0.6863982371794872,
        0.7122395833333334
    ],
    "testproblem": "cifar10_3c3d",
    "valid_accuracies": [
        0.1273036858974359,
        0.5040064102564102,
        0.5987580128205128,
        0.657051282051282,
        0.6932091346153846,
        0.7223557692307693
    ],
    "num_epochs": 5,
    "weight_decay": null,
    "test_accuracies": [
        0.12860576923076922,
        0.5081129807692307,
        0.6111778846153846,
        0.6665665064102564,
        0.6995192307692307,
        0.7295673076923077
    ],
    "minibatch_train_losses": [
        3.5762876119369116,
        3.5777292251586914,
        3.5776209831237793,
        3.470974922180176,
        3.5539016723632812,
        3.3343238830566406,
        3.3576931953430176,
        3.3623874187469482,
        3.2356185913085938,
        3.2665467262268066,
        3.381288528442383,
        3.1603736877441406,
        3.2374391555786133,
        3.3652591705322266,
        3.2788102626800537,
        3.3865814208984375,
        3.2951550483703613,
        3.277113914489746,
        3.081540584564209,
        3.0909461975097656,
        3.599114418029785,
        3.2562618255615234,
        3.245795249938965,
        3.463956356048584,
        3.288787603378296,
        3.0879971981048584,
        2.890946865081787,
        3.0012617111206055,
        3.3439316749572754,
        3.445132255554199,
        2.815983772277832,
        3.0520119667053223,
        3.196366310119629,
        3.1325626373291016,
        2.975346088409424,
        3.0006027221679688,
        2.775362014770508,
        2.924732208251953,
        2.8660011291503906,
        2.8344287872314453,
        3.086768627166748,
        3.0877537727355957,
        2.786059856414795,
        3.0020217895507812,
        3.1699626445770264,
        2.8184871673583984,
        3.1907787322998047,
        2.9071273803710938,
        3.4789934158325195,
        2.799652099609375,
        3.0751402378082275,
        2.802560567855835,
        2.769717216491699,
        2.856478214263916,
        2.5840015411376953,
        2.696479320526123,
        2.835209369659424,
        3.053182601928711,
        2.900404930114746,
        2.9037835597991943,
        2.71400785446167,
        2.8312506675720215,
        2.873520612716675,
        2.915243148803711,
        3.0422253608703613,
        2.70170259475708,
        2.738217830657959,
        2.9047627449035645,
        2.8723926544189453,
        2.6916418075561523,
        2.8164162635803223,
        2.704028367996216,
        2.5937013626098633,
        2.8012123107910156,
        2.7344918251037598,
        3.1502795219421387,
        2.775952100753784,
        3.194093942642212,
        2.736513376235962,
        2.544076681137085,
        2.965366840362549,
        2.801578998565674,
        2.6209466457366943,
        2.6197733879089355,
        2.7082302570343018,
        2.8026089668273926,
        2.6345534324645996,
        2.786381244659424,
        2.7858381271362305,
        2.4341506958007812,
        2.5661652088165283,
        2.7545459270477295,
        2.473423957824707,
        2.962981939315796,
        2.693664073944092,
        2.457616090774536,
        2.845684051513672,
        2.51385498046875,
        2.828190326690674,
        2.669538974761963,
        2.675020694732666,
        2.7973453998565674,
        2.9651074409484863,
        2.6170969009399414,
        2.373000144958496,
        2.5618457794189453,
        2.44130802154541,
        2.575267791748047,
        2.5048322677612305,
        2.67301082611084,
        2.3423259258270264,
        2.368184804916382,
        2.653665065765381,
        2.432173252105713,
        3.237424850463867,
        2.6968746185302734,
        2.500340461730957,
        2.5174994468688965,
        2.7740583419799805,
        2.7356956005096436,
        2.3204126358032227,
        2.310861110687256,
        2.7542083263397217,
        3.000601291656494,
        2.297240734100342,
        2.473400115966797,
        2.4899117335295067,
        2.5095362663269043,
        2.524200916290283,
        2.087043285369873,
        2.741626262664795,
        2.281118869781494,
        2.4534783363342285,
        2.4411699771881104,
        2.3969533443450928,
        2.8075785636901855,
        2.2843241691589355,
        2.4096269607543945,
        2.2053604125976562,
        2.322138786315918,
        2.4203243255615234,
        2.4491991996765137,
        2.6391377449035645,
        2.4808566570281982,
        2.371190071105957,
        2.346170425415039,
        2.1881494522094727,
        1.8458409309387207,
        2.3732197284698486,
        2.5348753929138184,
        2.3268935680389404,
        2.194999933242798,
        2.29421067237854,
        2.366880178451538,
        2.5153651237487793,
        2.573613166809082,
        2.065568208694458,
        2.5699663162231445,
        1.9233920574188232,
        2.033027172088623,
        2.5138354301452637,
        2.4061546325683594,
        2.257561206817627,
        2.3806259632110596,
        2.7314138412475586,
        2.4762156009674072,
        2.3866806030273438,
        1.989435076713562,
        2.421290159225464,
        2.3188886642456055,
        2.31203556060791,
        2.2545113563537598,
        2.13523268699646,
        2.0728020668029785,
        2.375542640686035,
        2.240006923675537,
        2.4440622329711914,
        2.6202340126037598,
        2.2626049518585205,
        2.197291374206543,
        2.295058488845825,
        2.489196300506592,
        2.0131702423095703,
        2.537344217300415,
        2.244807243347168,
        2.337533950805664,
        2.1319351196289062,
        2.1685495376586914,
        2.442009210586548,
        2.3908283710479736,
        2.12127947807312,
        2.4777798652648926,
        2.1888468265533447,
        2.31528377532959,
        2.311687469482422,
        2.412468910217285,
        2.231898307800293,
        2.1945033073425293,
        2.197538375854492,
        2.226470470428467,
        2.0731470584869385,
        1.7304940223693848,
        1.8928086757659912,
        2.394745349884033,
        2.5321035385131836,
        2.148303747177124,
        2.180912733078003,
        2.3660755157470703,
        2.1585917472839355,
        2.0275635719299316,
        2.3188204765319824,
        2.1254661083221436,
        2.213762044906616,
        2.078956127166748,
        2.595970630645752,
        2.038808822631836,
        1.9314188957214355,
        2.1336145401000977,
        2.023935556411743,
        2.2441787719726562,
        2.2072415351867676,
        2.267009735107422,
        2.131228446960449,
        2.131056070327759,
        1.8492783308029175,
        1.935550332069397,
        2.113727569580078,
        2.018258571624756,
        2.067753791809082,
        2.0580782890319824,
        1.9505691528320312,
        2.0789875984191895,
        2.040639638900757,
        1.9329280853271484,
        2.008502721786499,
        2.330484390258789,
        2.1311540603637695,
        2.1883463859558105,
        2.0245306491851807,
        1.996215581893921,
        2.1525464057922363,
        1.702876091003418,
        2.0528502464294434,
        2.2737197875976562,
        2.350658416748047,
        2.574885368347168,
        2.160403251647949,
        2.0638134479522705,
        2.0533576011657715,
        2.5041420459747314,
        1.9764057397842407,
        2.024031162261963,
        2.0325479010740914,
        1.8735487461090088,
        2.0672719478607178,
        1.9719676971435547,
        1.9058032035827637,
        1.909650206565857,
        1.9760479927062988,
        1.7801270484924316,
        2.3485560417175293,
        2.2227602005004883,
        2.1190195083618164,
        1.7934436798095703,
