{
    "random_seed": 43,
    "optimizer_hyperparams": {
        "lr": null
    },
    "testproblem": "cifar10_3c3d",
    "test_losses": [
        3.581416979814187,
        2.663751165072123,
        2.08576689966214,
        1.8853466847004035,
        1.8203912981045551,
        1.733228040429262
    ],
    "num_epochs": 5,
    "training_params": {},
    "test_accuracies": [
        0.07992788461538461,
        0.40234375,
        0.5987580128205128,
        0.6613581730769231,
        0.6754807692307693,
        0.6925080128205128
    ],
    "optimizer_name": "PreconditionedSGD",
    "train_losses": [
        3.584573534818796,
        2.7637965029630904,
        2.1475703506133494,
        1.9470505061057897,
        1.8604298046766183,
        1.7958040558374846
    ],
    "valid_losses": [
        3.582711621736869,
        2.6702152696939616,
        2.0958758332790475,
        1.8964313127291508,
        1.8276223349265563,
        1.7381116766960194
    ],
    "valid_accuracies": [
        0.07912660256410256,
        0.3936298076923077,
        0.5953525641025641,
        0.6577524038461539,
        0.6678685897435898,
        0.6940104166666666
    ],
    "weight_decay": null,
    "train_accuracies": [
        0.08353365384615384,
        0.37670272435897434,
        0.5786258012820513,
        0.6435296474358975,
        0.6616586538461539,
        0.6797876602564102
    ],
    "minibatch_train_losses": [
        3.584573534818796,
        3.5511255264282227,
        3.5777220726013184,
        3.6068522930145264,
        3.5380165576934814,
        3.5259828567504883,
        3.585770845413208,
        3.36592435836792,
        3.4767913818359375,
        3.29148530960083,
        3.224071979522705,
        3.298035144805908,
        3.2951953411102295,
        3.4982852935791016,
        3.1408867835998535,
        3.1760847568511963,
        3.1304843425750732,
        3.243072986602783,
        3.066582202911377,
        3.0608530044555664,
        3.181385040283203,
        3.398776054382324,
        3.084968090057373,
        3.238926410675049,
        3.1051974296569824,
        3.201003074645996,
        3.1427083015441895,
        3.0776524543762207,
        3.171536922454834,
        3.163834810256958,
        3.1307215690612793,
        2.971207857131958,
        3.065220355987549,
        2.902914524078369,
        2.9974610805511475,
        3.111921787261963,
        3.105335235595703,
        3.138134002685547,
        3.013864517211914,
        2.8444101810455322,
        2.7860217094421387,
        3.0640430450439453,
        2.9852380752563477,
        2.9042561054229736,
        3.0491280555725098,
        2.788290500640869,
        2.9332809448242188,
        2.988326072692871,
        2.7908740043640137,
        2.843168258666992,
        3.065847158432007,
        2.706432819366455,
        2.5266151428222656,
        2.9922924041748047,
        2.6867127418518066,
        2.8327860832214355,
        3.2479403018951416,
        2.7654528617858887,
        2.7409920692443848,
        2.8291330337524414,
        2.821317434310913,
        2.8195505142211914,
        2.731574535369873,
        2.662296772003174,
        2.473914384841919,
        2.9469783306121826,
        2.665572166442871,
        2.986835479736328,
        2.712502956390381,
        2.760277271270752,
        2.826878786087036,
        2.8399157524108887,
        2.5675950050354004,
        2.6696560382843018,
        2.7880377769470215,
        2.784135103225708,
        2.9158263206481934,
        2.6731948852539062,
        2.765538454055786,
        2.5171523094177246,
        2.688904285430908,
        2.8279027938842773,
        2.5967745780944824,
        2.5491538047790527,
        2.887566089630127,
        2.5044121742248535,
        3.0038609504699707,
        2.3381824493408203,
        2.594794988632202,
        2.877148389816284,
        2.5484094619750977,
        2.9458084106445312,
        2.6879496574401855,
        2.5146095752716064,
        2.431854248046875,
        2.4903218746185303,
        2.7591335773468018,
        2.4505977630615234,
        2.660524606704712,
        2.61193585395813,
        2.6648805141448975,
        2.8373425006866455,
        2.4171500205993652,
        2.6820268630981445,
        2.8466131687164307,
        2.4620370864868164,
        2.8479833602905273,
        2.7689337730407715,
        2.647759199142456,
        2.5196704864501953,
        2.8152096271514893,
        2.731753349304199,
        2.7575221061706543,
        2.665393352508545,
        2.9237303733825684,
        2.7023777961730957,
        2.8007655143737793,
        2.2339792251586914,
        2.381107807159424,
        2.746138095855713,
        2.7110681533813477,
        2.3286008834838867,
        2.6165771484375,
        2.590402126312256,
        2.645691394805908,
        2.3751425743103027,
        2.7637965029630904,
        2.5306453704833984,
        2.5259032249450684,
        2.451669216156006,
        2.3085007667541504,
        2.312479019165039,
        2.3339381217956543,
        2.619704484939575,
        2.3335165977478027,
        2.453575372695923,
        2.3135123252868652,
        2.5184783935546875,
        2.249065399169922,
        2.3834385871887207,
        2.503899574279785,
        2.4908485412597656,
        2.4156875610351562,
        2.3474373817443848,
        2.2090349197387695,
        2.384110689163208,
        2.5930793285369873,
        2.288391590118408,
        2.54691743850708,
        2.7166693210601807,
        2.1403748989105225,
        2.5859436988830566,
        2.414229393005371,
        2.332253932952881,
        2.5293045043945312,
        2.5908377170562744,
        2.357821464538574,
        2.4158124923706055,
        2.5551977157592773,
        2.175554037094116,
        2.236079692840576,
        2.395934581756592,
        1.9266020059585571,
        2.2270331382751465,
        2.2904529571533203,
        2.3101913928985596,
        2.3031632900238037,
        2.1320960521698,
        2.43110728263855,
        2.4601259231567383,
        2.1707682609558105,
        2.4986631870269775,
        2.382040023803711,
        2.4608960151672363,
        1.9646096229553223,
        2.393803596496582,
        2.308551073074341,
        2.342047691345215,
        2.0957789421081543,
        2.2190613746643066,
        2.3846683502197266,
        2.560619354248047,
        2.2004165649414062,
        2.250458240509033,
        2.30019211769104,
        2.394272565841675,
        2.419410228729248,
        2.3640332221984863,
        2.172269344329834,
        1.9721649885177612,
        2.3753533363342285,
        2.2379422187805176,
        2.09415602684021,
        2.144981861114502,
        2.669161796569824,
        2.267995834350586,
        2.109463691711426,
        2.322957992553711,
        2.198803424835205,
        2.4561047554016113,
        2.4878222942352295,
        2.340852737426758,
        2.024543285369873,
        2.3660364151000977,
        2.666868209838867,
        2.1130130290985107,
        1.9691603183746338,
        2.3755152225494385,
        2.4644298553466797,
        2.336671829223633,
        2.2173142433166504,
        2.065511703491211,
        2.4377779960632324,
        2.134945869445801,
        2.0620665550231934,
        2.083962917327881,
        2.1830596923828125,
        2.326251983642578,
        2.0677154064178467,
        2.3527750968933105,
        2.224407196044922,
        2.2279903888702393,
        2.2208032608032227,
        2.282958507537842,
        2.399200201034546,
        2.2702114582061768,
        2.4286611080169678,
        2.4686479568481445,
        2.7475392818450928,
        2.3322386741638184,
        2.2900285720825195,
        2.3105483055114746,
        2.370532989501953,
        2.1384904384613037,
        2.496812582015991,
        2.381376028060913,
        1.554754614830017,
        2.2505152225494385,
