{
    "num_epochs": 5,
    "minibatch_train_losses": [
        3.5788444739121656,
        3.590515613555908,
        3.5225090980529785,
        3.5961804389953613,
        3.3986709117889404,
        3.394784927368164,
        3.4227466583251953,
        3.4522693157196045,
        3.1266860961914062,
        3.508207321166992,
        3.400573253631592,
        3.190732002258301,
        3.4024577140808105,
        3.1556384563446045,
        3.447540760040283,
        3.250359535217285,
        3.423164129257202,
        3.308433771133423,
        3.158529758453369,
        3.031477451324463,
        3.1736183166503906,
        3.250267505645752,
        3.2477588653564453,
        3.3712081909179688,
        3.22021484375,
        2.9927101135253906,
        3.08668851852417,
        3.13175630569458,
        3.2142696380615234,
        3.2723822593688965,
        3.4090871810913086,
        2.915632724761963,
        3.0253734588623047,
        3.076289176940918,
        2.913975238800049,
        3.0797414779663086,
        2.7852025032043457,
        3.209226608276367,
        2.8410162925720215,
        3.117055892944336,
        2.984712600708008,
        3.142503499984741,
        2.7902512550354004,
        2.880061626434326,
        3.3483710289001465,
        3.491584539413452,
        2.7677197456359863,
        2.848195791244507,
        2.837169647216797,
        3.0130996704101562,
        2.8958170413970947,
        2.9116263389587402,
        2.8834967613220215,
        2.6846399307250977,
        3.419116258621216,
        2.9291229248046875,
        2.588489532470703,
        2.8109676837921143,
        2.6960501670837402,
        3.093691349029541,
        2.8904709815979004,
        3.0582222938537598,
        3.0105152130126953,
        2.7103309631347656,
        3.064837694168091,
        3.03078031539917,
        2.9902353286743164,
        2.9119582176208496,
        2.7927944660186768,
        2.5995917320251465,
        2.590235471725464,
        2.6119964122772217,
        2.8223283290863037,
        2.723292350769043,
        2.8295540809631348,
        2.7925429344177246,
        2.862424850463867,
        2.9745023250579834,
        2.8458104133605957,
        2.7077808380126953,
        2.8287999629974365,
        2.6725833415985107,
        2.835015296936035,
        2.582805633544922,
        2.6638197898864746,
        3.1147451400756836,
        2.6949853897094727,
        2.601867437362671,
        2.581763982772827,
        2.5755057334899902,
        2.8512775897979736,
        2.4610772132873535,
        2.609989881515503,
        2.9307339191436768,
        2.5221714973449707,
        2.891319751739502,
        2.4080889225006104,
        2.577423572540283,
        2.707301139831543,
        2.5911593437194824,
        2.413060188293457,
        2.945068836212158,
        2.4998135566711426,
        2.349909782409668,
        2.528472661972046,
        2.505030870437622,
        2.5021615028381348,
        2.4983272552490234,
        2.83192777633667,
        2.6980233192443848,
        2.733218193054199,
        2.492565631866455,
        2.8317360877990723,
        2.53247332572937,
        2.924142360687256,
        2.493654251098633,
        2.7868728637695312,
        2.7568631172180176,
        2.673401117324829,
        2.5414583683013916,
        2.8120803833007812,
        2.669206142425537,
        2.553621292114258,
        2.5361685752868652,
        2.338115692138672,
        2.438624858856201,
        2.423346120577592,
        2.5880990028381348,
        2.2894346714019775,
        2.5013370513916016,
        2.499197483062744,
        2.216388702392578,
        2.724513530731201,
        2.539424419403076,
        2.5485165119171143,
        2.5037283897399902,
        2.204339027404785,
        2.3824965953826904,
        2.245187282562256,
        2.255955934524536,
        2.4698925018310547,
        2.30505633354187,
        2.299197196960449,
        2.632988929748535,
        2.4280505180358887,
        2.350900650024414,
        2.1004772186279297,
        2.2005701065063477,
        2.2451438903808594,
        2.434523105621338,
        2.2870287895202637,
        2.6147775650024414,
        2.3540077209472656,
        2.0683910846710205,
        2.224067449569702,
        2.4687938690185547,
        2.4511942863464355,
        2.481198787689209,
        2.3090600967407227,
        2.560084581375122,
        2.1744956970214844,
        2.090683937072754,
        2.2091217041015625,
        2.1716041564941406,
        2.389268636703491,
        2.2706809043884277,
        2.5149545669555664,
        2.1391243934631348,
        2.3992366790771484,
        2.116861581802368,
        2.3026862144470215,
        2.83563232421875,
        2.3405842781066895,
        2.1933953762054443,
        2.2152862548828125,
        2.1407454013824463,
        2.1958017349243164,
        2.2002058029174805,
        2.3077845573425293,
        2.2083308696746826,
        2.1519198417663574,
        2.334300994873047,
        2.3273637294769287,
        2.069974660873413,
        2.2987911701202393,
        2.1717095375061035,
        2.4205973148345947,
        2.3242855072021484,
        2.3294994831085205,
        1.998708963394165,
        1.897024393081665,
        2.366765260696411,
        2.2029895782470703,
        2.2157115936279297,
        2.0294179916381836,
        2.0459556579589844,
        2.4615373611450195,
        2.5068507194519043,
        2.1324973106384277,
        2.3362669944763184,
        2.023066520690918,
        2.201475143432617,
        2.0974457263946533,
        2.2154364585876465,
        2.1178550720214844,
        2.211214542388916,
        2.3498435020446777,
        2.2990825176239014,
        2.1272881031036377,
        1.9859139919281006,
        1.988872766494751,
        2.0430335998535156,
        2.1990835666656494,
        2.0228047370910645,
        2.0032505989074707,
        1.9780688285827637,
        1.9709992408752441,
        2.3766281604766846,
        2.0998611450195312,
        2.216583251953125,
        2.133767604827881,
        1.9382455348968506,
        2.118222951889038,
        1.9698293209075928,
        2.123302459716797,
        2.3762028217315674,
        1.9950296878814697,
        1.7811928987503052,
        2.086519241333008,
        2.114285469055176,
        2.2177014350891113,
        2.089728355407715,
        2.1640143394470215,
        2.054431438446045,
        2.0399131774902344,
        2.2304532527923584,
        2.4858527183532715,
        2.2588653564453125,
        1.9706025123596191,
        2.6633989810943604,
        2.2909934520721436,
        2.464054584503174,
        2.087538719177246,
        2.259882688522339,
        2.2910683155059814,
        1.8284387588500977,
        1.8862992525100708,
        1.7904834747314453,
        2.17122745513916,
        2.0718350410461426,
        2.264460325241089,
        2.2318336963653564,
        2.0642151557482205,
        2.230015754699707,
        2.0689125061035156,
        2.523681879043579,
        1.7800650596618652,
        2.4994986057281494,
        1.9324753284454346,
        2.0348317623138428,
        2.036450147628784,
        2.019307851791382,
        1.835106611251831,
        1.881284475326538,
        1.8901768922805786,
        1.841160535812378,
        1.5578111410140991,
        2.1284756660461426,
        1.950469732284546,
        2.082188606262207,
        2.314509153366089,
        2.276130437850952,
        1.8080883026123047,
        1.8414307832717896,
        1.711313247680664,
        1.9046356678009033,
        2.260749340057373,
        1.9784860610961914,
        1.8637704849243164,
        2.056652069091797,
        1.8672409057617188,
        2.052290916442871,
        1.972875952720642,
        1.9286023378372192,
        1.863490104675293,
        1.8308964967727661,
        2.3260722160339355,
        1.885197639465332,
