{
    "training_params": {},
    "valid_accuracies": [
        0.11608573717948718,
        0.5,
        0.6209935897435898,
        0.6678685897435898,
        0.6769831730769231,
        0.7112379807692307
    ],
    "test_losses": [
        3.5800668864678116,
        2.3684751364665155,
        1.9528055511988127,
        1.7716168612241745,
        1.7196361945989804,
        1.5935300982151277
    ],
    "testproblem": "cifar10_3c3d",
    "train_accuracies": [
        0.11207932692307693,
        0.48457532051282054,
        0.5944511217948718,
        0.6484375,
        0.6603565705128205,
        0.7002203525641025
    ],
    "optimizer_hyperparams": {
        "lr": null
    },
    "optimizer_name": "PreconditionedSGD",
    "valid_losses": [
        3.5788359504479628,
        2.392870078484217,
        1.962392705373275,
        1.782887082069348,
        1.7423046510189006,
        1.6104555233166769
    ],
    "batch_size": 32,
    "train_losses": [
        3.579743971427282,
        2.4548569833621,
        2.0486110750681314,
        1.8326076655051646,
        1.7854310396390083,
        1.6354034879268744
    ],
    "minibatch_train_losses": [
        3.579743971427282,
        3.595004081726074,
        3.6311347484588623,
        3.55535888671875,
        3.482022762298584,
        3.462334394454956,
        3.3849244117736816,
        3.226952314376831,
        3.230739116668701,
        3.4692347049713135,
        3.358743190765381,
        3.3803017139434814,
        3.336179733276367,
        3.4323062896728516,
        3.3265626430511475,
        3.0120863914489746,
        3.164053440093994,
        3.5062789916992188,
        3.107069969177246,
        3.149982213973999,
        3.0676331520080566,
        3.2971787452697754,
        3.3730647563934326,
        3.302039623260498,
        3.1928508281707764,
        3.194448947906494,
        2.9810662269592285,
        2.942655086517334,
        3.081860065460205,
        3.028250217437744,
        3.003286361694336,
        3.144850730895996,
        3.2223286628723145,
        2.8001341819763184,
        3.14725923538208,
        2.854527473449707,
        3.1303248405456543,
        3.0342135429382324,
        3.55900502204895,
        2.859635353088379,
        2.961419105529785,
        2.980816125869751,
        3.0076684951782227,
        2.6520304679870605,
        2.8652288913726807,
        3.0957608222961426,
        2.8730902671813965,
        2.94584584236145,
        2.7575416564941406,
        2.9106616973876953,
        3.101654052734375,
        2.8654942512512207,
        3.107135534286499,
        2.721621036529541,
        2.7254345417022705,
        2.8913583755493164,
        2.8898489475250244,
        3.004607677459717,
        2.99423885345459,
        2.852217674255371,
        2.5361270904541016,
        2.8587429523468018,
        2.829193592071533,
        2.6901469230651855,
        2.991579294204712,
        2.941028118133545,
        2.8565332889556885,
        2.8636832237243652,
        2.7568492889404297,
        2.8034448623657227,
        3.035111427307129,
        3.146975517272949,
        2.8268933296203613,
        3.0638816356658936,
        2.828310966491699,
        2.9125072956085205,
        2.575678825378418,
        2.5260367393493652,
        3.0926761627197266,
        2.8173415660858154,
        2.8337950706481934,
        2.9697391986846924,
        2.815566062927246,
        2.977903366088867,
        2.645475149154663,
        2.921034812927246,
        2.6689765453338623,
        2.715534210205078,
        2.8229002952575684,
        2.815218925476074,
        2.640409469604492,
        2.60246205329895,
        2.479818344116211,
        2.777345895767212,
        2.630610942840576,
        2.3991317749023438,
        2.5004613399505615,
        2.43324613571167,
        2.631831407546997,
        2.57951283454895,
        2.740553379058838,
        2.853259801864624,
        2.7576990127563477,
        2.424417495727539,
        2.3305552005767822,
        2.6002683639526367,
        2.8096976280212402,
        2.8884499073028564,
        2.4746341705322266,
        3.0336549282073975,
        2.6344666481018066,
        2.5893402099609375,
        2.381089210510254,
        2.5112366676330566,
        3.084829568862915,
        2.7582359313964844,
        2.682772159576416,
        2.42594575881958,
        2.673736095428467,
        2.5570907592773438,
        2.3550591468811035,
        2.597412586212158,
        2.631338596343994,
        2.567610740661621,
        2.2371551990509033,
        2.4935193061828613,
        2.4548569833621,
        2.1955976486206055,
        2.421957015991211,
        2.536868095397949,
        2.245047092437744,
        2.627842903137207,
        2.5313045978546143,
        2.3676962852478027,
        2.3805887699127197,
        2.2823128700256348,
        2.0965285301208496,
        2.3804244995117188,
        2.485133647918701,
        2.4058964252471924,
        2.360999584197998,
        2.108536720275879,
        2.482217788696289,
        2.5074081420898438,
        2.6172995567321777,
        2.400934934616089,
        2.285820245742798,
        2.4294700622558594,
        2.19305419921875,
        2.154602527618408,
        2.471235990524292,
        2.2682032585144043,
        2.195152521133423,
        2.5558385848999023,
        2.2880396842956543,
        2.338085651397705,
        2.4340548515319824,
        2.1799874305725098,
        2.4866292476654053,
        2.399299144744873,
        2.4204304218292236,
        2.2215421199798584,
        2.4316534996032715,
        2.143435001373291,
        2.4007205963134766,
        2.4838550090789795,
        2.2877588272094727,
        2.643350601196289,
        2.455090045928955,
        2.224170446395874,
        2.381206750869751,
        2.4080235958099365,
        2.1718223094940186,
        2.012855052947998,
        2.4545400142669678,
        2.350290298461914,
        2.1463441848754883,
        2.0983147621154785,
        1.9729560613632202,
        2.038564920425415,
        2.576112747192383,
        2.2014756202697754,
        2.110731840133667,
        2.0827863216400146,
        2.2082595825195312,
        2.141174077987671,
        1.8884735107421875,
        1.9899201393127441,
        2.2206265926361084,
        1.9967310428619385,
        2.2200021743774414,
        2.3693580627441406,
        2.1965389251708984,
        2.158473491668701,
        2.389695167541504,
        2.281965732574463,
        2.2522521018981934,
        2.1542930603027344,
        2.1305909156799316,
        1.8480100631713867,
        2.1616907119750977,
        2.1726021766662598,
        1.969573974609375,
        1.9007465839385986,
        1.8876773118972778,
        2.2189056873321533,
        2.224419116973877,
        2.1047725677490234,
        2.2543206214904785,
        2.1976304054260254,
        1.9557691812515259,
        2.257080554962158,
        1.9859260320663452,
        2.2659358978271484,
        2.5903329849243164,
        1.9132308959960938,
        1.9535021781921387,
        2.282163143157959,
        2.0810446739196777,
        2.1063647270202637,
        2.3360671997070312,
        2.147900104522705,
        2.3005762100219727,
        1.9188416004180908,
        2.1357522010803223,
        2.0222091674804688,
        1.8190820217132568,
        2.139329433441162,
        2.2976365089416504,
        2.053891181945801,
        1.888904333114624,
        2.427274703979492,
        1.996119499206543,
        2.0581657886505127,
        1.9661030769348145,
        2.1585848331451416,
        1.877640962600708,
        2.332629919052124,
        2.02461314201355,
        2.248946189880371,
        2.4237189292907715,
        2.067354679107666,
        1.9959235191345215,
        1.9810630083084106,
        2.1503334045410156,
        1.8539683818817139,
        1.9025635719299316,
        1.9551208019256592,
