{
    "train_losses": [
        3.5806766756069965,
        2.5785870368664083,
        2.148023274846566,
        2.0063370817746873,
        1.860091053140469,
        1.7444794128338497
    ],
    "valid_losses": [
        3.584086700891837,
        2.4600373346071978,
        2.0548558426208987,
        1.905563705242597,
        1.7815215923847296,
        1.6787343403467765
    ],
    "random_seed": 42,
    "weight_decay": null,
    "test_accuracies": [
        0.09985977564102565,
        0.4797676282051282,
        0.6094751602564102,
        0.6355168269230769,
        0.6783854166666666,
        0.7013221153846154
    ],
    "train_accuracies": [
        0.10196314102564102,
        0.43599759615384615,
        0.578926282051282,
        0.6161858974358975,
        0.6545472756410257,
        0.6836939102564102
    ],
    "testproblem": "cifar10_3c3d",
    "valid_accuracies": [
        0.0967548076923077,
        0.47826522435897434,
        0.6187900641025641,
        0.6449318910256411,
        0.6822916666666666,
        0.7065304487179487
    ],
    "training_params": {},
    "optimizer_hyperparams": {
        "lr": null
    },
    "test_losses": [
        3.5823680659135184,
        2.46742229278271,
        2.053919648894897,
        1.918294722835223,
        1.7930036221559231,
        1.6957807330748973
    ],
    "minibatch_train_losses": [
        3.5806766756069965,
        3.5565714836120605,
        3.5807390213012695,
        3.460463762283325,
        3.434368371963501,
        3.493490695953369,
        3.304060935974121,
        3.2924647331237793,
        3.3818342685699463,
        3.60571026802063,
        3.3810651302337646,
        3.3891959190368652,
        3.3420333862304688,
        3.267606258392334,
        3.437720775604248,
        3.2927956581115723,
        3.2239279747009277,
        3.265089273452759,
        3.1273691654205322,
        2.9997782707214355,
        3.3897275924682617,
        3.253293991088867,
        3.2399754524230957,
        3.2736597061157227,
        3.0566179752349854,
        3.2697510719299316,
        2.969130516052246,
        3.049966812133789,
        3.3124732971191406,
        3.2510390281677246,
        2.9699602127075195,
        2.966655969619751,
        3.066699504852295,
        3.2673091888427734,
        2.931516170501709,
        2.6839089393615723,
        2.9971718788146973,
        2.9954285621643066,
        2.886021137237549,
        2.9409217834472656,
        3.329597234725952,
        2.991628408432007,
        2.911318778991699,
        2.6300573348999023,
        2.6970508098602295,
        2.9401025772094727,
        2.6985816955566406,
        2.925175666809082,
        2.8446030616760254,
        2.6547389030456543,
        3.1128196716308594,
        2.9734597206115723,
        2.698878288269043,
        2.8910670280456543,
        2.5974302291870117,
        2.8275952339172363,
        2.964080810546875,
        3.030865430831909,
        2.651280403137207,
        2.496595859527588,
        2.963045120239258,
        2.952282428741455,
        2.9957263469696045,
        2.890716552734375,
        2.4851863384246826,
        2.8197035789489746,
        3.0902929306030273,
        2.782942056655884,
        3.2841005325317383,
        2.64321231842041,
        2.7036399841308594,
        2.758253812789917,
        2.4643867015838623,
        2.8463001251220703,
        2.7484793663024902,
        2.633615493774414,
        2.797382116317749,
        2.64625883102417,
        2.742332935333252,
        2.5955119132995605,
        2.6928935050964355,
        2.6871252059936523,
        2.6867663860321045,
        2.671351909637451,
        2.74894642829895,
        2.93320369720459,
        2.629394769668579,
        2.657928466796875,
        2.525937557220459,
        2.9746880531311035,
        2.8656935691833496,
        2.644162654876709,
        2.6401143074035645,
        2.905073642730713,
        2.606934070587158,
        2.8810858726501465,
        2.5582752227783203,
        2.6331052780151367,
        2.6362454891204834,
        2.5846385955810547,
        2.5904541015625,
        2.677957057952881,
        2.8074393272399902,
        2.6482276916503906,
        2.7186696529388428,
        2.4074478149414062,
        2.330756664276123,
        2.213393211364746,
        2.4472146034240723,
        2.664966583251953,
        2.6515917778015137,
        2.371161460876465,
        2.448763370513916,
        2.6226396560668945,
        2.6408164501190186,
        2.8993639945983887,
        2.5188798904418945,
        2.742003917694092,
        2.5662269592285156,
        2.3271121978759766,
        2.6016287803649902,
        2.45491623878479,
        2.7434473037719727,
        2.6275148391723633,
        2.3959827423095703,
        2.580233097076416,
        2.5785870368664083,
        2.783738136291504,
        2.6571545600891113,
        2.4831533432006836,
        2.6370911598205566,
        2.5296735763549805,
        2.0562326908111572,
        2.242069959640503,
        2.297093391418457,
        2.7377448081970215,
        2.0905117988586426,
        2.486673355102539,
        2.2767128944396973,
        2.4333689212799072,
        1.9384822845458984,
        2.4323177337646484,
        2.1260948181152344,
        2.4660611152648926,
        2.541694402694702,
        2.3047850131988525,
        2.2555978298187256,
        2.105726957321167,
        2.2254371643066406,
        2.4940171241760254,
        2.5953071117401123,
        2.415334463119507,
        2.1665172576904297,
        2.179023265838623,
        2.3999013900756836,
        2.083223342895508,
        2.2292518615722656,
        2.2009716033935547,
        2.5377259254455566,
        2.0556013584136963,
        2.280261278152466,
        2.3230366706848145,
        1.9899163246154785,
        2.791996717453003,
        2.3730857372283936,
        2.425506830215454,
        2.458334445953369,
        2.457340717315674,
        2.305176019668579,
        2.393287181854248,
        2.213912010192871,
        2.487729787826538,
        2.2416038513183594,
        2.2783913612365723,
        2.1129343509674072,
        2.117619514465332,
        2.311306953430176,
        1.9317522048950195,
        2.3953189849853516,
        2.469911575317383,
        2.63319993019104,
        2.2221059799194336,
        2.1719279289245605,
        2.2931058406829834,
        2.298605442047119,
        2.0412509441375732,
        1.9872850179672241,
        2.2547860145568848,
        2.4970498085021973,
        2.256375551223755,
        2.5689444541931152,
        1.970831036567688,
        2.2327799797058105,
        2.176795482635498,
        1.9725379943847656,
        2.1690001487731934,
        2.103158950805664,
        2.057722330093384,
        2.147301197052002,
        2.6506824493408203,
        2.291823387145996,
        2.540813684463501,
        2.27219557762146,
        2.4945852756500244,
        2.3250489234924316,
        2.0769269466400146,
        2.3257720470428467,
        2.174591302871704,
        2.05167818069458,
        2.112649917602539,
        2.2122626304626465,
        2.3189053535461426,
        1.999382734298706,
        1.7064144611358643,
        2.2520971298217773,
        2.501049518585205,
        2.0981333255767822,
        2.077378034591675,
        1.9391952753067017,
        1.9691026210784912,
        2.120150566101074,
        2.3945679664611816,
        1.9377293586730957,
        2.164036273956299,
        2.3502254486083984,
        2.39811635017395,
        2.3517463207244873,
        2.341712713241577,
        2.172870635986328,
        2.047722816467285,
        2.1938014030456543,
        2.0609655380249023,
        2.262805223464966,
        2.0904855728149414,
        1.9959206581115723,
        2.5954718589782715,
        1.9604240655899048,
        2.055140495300293,
        1.9982504844665527,
        1.8706655502319336,
