{
    "valid_losses": [
        3.602477257832503,
        2.484194372708981,
        2.0669433107742896,
        1.8436579902966816,
        1.7435463621066167,
        1.6440462932372704
    ],
    "testproblem": "cifar10_3c3d",
    "num_epochs": 5,
    "weight_decay": null,
    "random_seed": 50,
    "test_losses": [
        3.605017739992875,
        2.479703272000337,
        2.0620544873751125,
        1.8481268355479608,
        1.7333019765523763,
        1.6346236715714137
    ],
    "test_accuracies": [
        0.09525240384615384,
        0.4963942307692308,
        0.6026642628205128,
        0.6668669871794872,
        0.6864983974358975,
        0.7100360576923077
    ],
    "optimizer_name": "PreconditionedSGD",
    "valid_accuracies": [
        0.09765625,
        0.4836738782051282,
        0.6002604166666666,
        0.6590544871794872,
        0.6846955128205128,
        0.7069310897435898
    ],
    "optimizer_hyperparams": {
        "lr": null
    },
    "training_params": {},
    "minibatch_train_losses": [
        3.603930854644531,
        3.567668914794922,
        3.5608534812927246,
        3.566401243209839,
        3.493295669555664,
        3.516800880432129,
        3.2763309478759766,
        3.320394515991211,
        3.4201340675354004,
        3.317897319793701,
        3.4733338356018066,
        3.169222116470337,
        3.484821081161499,
        3.26906156539917,
        3.166738748550415,
        3.259256362915039,
        3.396548271179199,
        3.1148009300231934,
        3.1768317222595215,
        3.026125907897949,
        3.1540122032165527,
        3.1412863731384277,
        2.968916416168213,
        3.177536964416504,
        3.1740736961364746,
        2.996351718902588,
        3.1067779064178467,
        3.2564802169799805,
        3.1652021408081055,
        3.2475624084472656,
        3.0931692123413086,
        3.035463333129883,
        3.554731845855713,
        3.27634859085083,
        2.7969915866851807,
        3.54026460647583,
        3.12532377243042,
        2.8862924575805664,
        2.9341025352478027,
        3.083446502685547,
        3.0137600898742676,
        3.2749972343444824,
        2.793210506439209,
        3.029613971710205,
        2.8512001037597656,
        2.9830095767974854,
        2.9923853874206543,
        2.907419204711914,
        3.32246732711792,
        2.627354860305786,
        2.5578718185424805,
        2.5911121368408203,
        2.8678410053253174,
        3.1360130310058594,
        3.2942700386047363,
        2.9444971084594727,
        2.9064321517944336,
        2.885910987854004,
        2.8801686763763428,
        2.617640972137451,
        2.8108301162719727,
        2.749314785003662,
        2.93937611579895,
        2.6285347938537598,
        2.8223519325256348,
        3.0507025718688965,
        3.0632729530334473,
        2.708325147628784,
        2.438206195831299,
        2.793808937072754,
        2.976503372192383,
        2.7600526809692383,
        2.8374338150024414,
        2.8688149452209473,
        3.1527061462402344,
        2.841102123260498,
        2.615891695022583,
        2.698068380355835,
        3.131396532058716,
        2.6409730911254883,
        2.7495105266571045,
        2.6773128509521484,
        2.603069305419922,
        2.580310583114624,
        2.6525039672851562,
        2.8191027641296387,
        2.8679943084716797,
        2.642780065536499,
        2.625887632369995,
        2.85477352142334,
        2.8217673301696777,
        2.9086947441101074,
        2.632889747619629,
        2.6932144165039062,
        2.950662851333618,
        2.6346917152404785,
        3.1896791458129883,
        2.8541088104248047,
        2.7722434997558594,
        2.6957201957702637,
        2.7593812942504883,
        2.5406785011291504,
        2.5699024200439453,
        2.758838653564453,
        2.6657838821411133,
        2.661484718322754,
        2.616779327392578,
        2.413559913635254,
        2.6216721534729004,
        2.515868663787842,
        2.491640090942383,
        2.3986001014709473,
        2.6208367347717285,
        2.5839614868164062,
        2.8536577224731445,
        2.3315367698669434,
        2.5819168090820312,
        2.505140781402588,
        2.705463409423828,
        2.5886919498443604,
        2.4824657440185547,
        2.5461127758026123,
        2.587812662124634,
        2.4780590534210205,
        2.601557731628418,
        2.388450860977173,
        2.6134354250553327,
        2.5495316982269287,
        2.272905111312866,
        2.696854591369629,
        2.3979387283325195,
        2.223130702972412,
        2.1554007530212402,
        2.0715889930725098,
        2.452737331390381,
        2.3119146823883057,
        2.3768367767333984,
        2.3884119987487793,
        2.3567657470703125,
        2.351830005645752,
        2.293257236480713,
        2.2565276622772217,
        2.32326602935791,
        2.275143623352051,
        2.318251609802246,
        2.5636401176452637,
        2.7206382751464844,
        2.4595179557800293,
        2.5881009101867676,
        2.192225933074951,
        2.4570887088775635,
        2.875492811203003,
        2.672102451324463,
        2.260584831237793,
        2.438480854034424,
        2.5017855167388916,
        2.2143442630767822,
        2.056377410888672,
        2.7094478607177734,
        2.303309917449951,
        2.010443687438965,
        2.461247444152832,
        2.6262078285217285,
        2.1257848739624023,
        2.3553895950317383,
        2.3235526084899902,
        2.3213324546813965,
        2.4817779064178467,
        2.3794164657592773,
        2.475750684738159,
        2.1665525436401367,
        2.3820700645446777,
        2.485395908355713,
        2.187164306640625,
        2.439659595489502,
        2.400486469268799,
        2.486266613006592,
        2.2857165336608887,
        2.450686454772949,
        2.651080846786499,
        2.413363456726074,
        2.5018556118011475,
        2.208874225616455,
        2.379168748855591,
        2.773440361022949,
        2.395205497741699,
        2.7281415462493896,
        2.3745710849761963,
        2.5303361415863037,
        2.6899821758270264,
        2.41096568107605,
        2.324634552001953,
        2.3797075748443604,
        2.2992489337921143,
        2.180284023284912,
        2.1388168334960938,
        2.605053663253784,
        2.073920249938965,
        2.254014492034912,
        2.3166608810424805,
        2.3368091583251953,
        2.457494020462036,
        2.3407726287841797,
        2.273367404937744,
        2.301949977874756,
        2.2194221019744873,
        2.3351516723632812,
        2.267582893371582,
        2.3245227336883545,
        2.199759006500244,
        2.521505832672119,
        2.198806047439575,
        2.0851075649261475,
        2.0935733318328857,
        2.3910844326019287,
        2.082566738128662,
        2.1706109046936035,
        1.9710383415222168,
        2.4222946166992188,
        2.536517381668091,
        2.184966564178467,
        2.3982834815979004,
        2.2300567626953125,
        2.1244688034057617,
        2.2099802494049072,
        2.170659065246582,
        2.172712802886963,
        2.109776496887207,
        2.0599441528320312,
        2.33010196685791,
        2.1125195026397705,
        2.1491281986236572,
        2.4405789375305176,
        2.4502029418945312,
        1.999582052230835,
        1.8333784341812134,
        2.1539745330810547,
        2.2197675704956055,
        2.2576589584350586,
        2.2847628593444824,
        2.0310328006744385,
        2.1485228538513184,
        2.2741525173187256,
        2.1820340156555176,
        2.4830689430236816,
        2.3443381786346436,
        2.1532857418060303,
        2.0329573154449463,
        2.2891578674316406,
        2.525881052017212,
        2.573734760284424,
        2.1796481609344482,
