{
    "testproblem": "fmnist_2c2d",
    "batch_size": 128,
    "num_epochs": 2,
    "random_seed": 43,
    "weight_decay": null,
    "optimizer_name": "Preconditioner",
    "optimizer_hyperparams": {
        "lr": 0
    },
    "training_params": {},
    "train_losses": [
        2.3351481480476184,
        2.332848099561838,
        0.5320252787608367
    ],
    "valid_losses": [
        2.339067682241782,
        2.3390185802410812,
        0.5176517776189706
    ],
    "test_losses": [
        2.3338310015507235,
        2.3338310015507235,
        0.5513924119564203
    ],
    "minibatch_train_losses": [
        2.3544788360595703,
        2.30230450630188,
        2.373603343963623,
        2.380919933319092,
        2.369349479675293,
        2.29477858543396,
        2.335277557373047,
        2.3460209369659424,
        2.3328628540039062,
        2.350060224533081,
        2.341242790222168,
        2.3633460998535156,
        2.3475189208984375,
        2.329482316970825,
        2.3115146160125732,
        2.3452634811401367,
        2.3463408946990967,
        2.351053476333618,
        2.3195245265960693,
        2.327310085296631,
        2.364671468734741,
        2.3578107357025146,
        2.3655154705047607,
        2.2866508960723877,
        2.3195230960845947,
        2.3529558181762695,
        2.2807042598724365,
        2.3360812664031982,
        2.3267662525177,
        2.3328347206115723,
        2.29687237739563,
        2.3806440830230713,
        2.3305728435516357,
        2.316878318786621,
        2.3435921669006348,
        2.3245177268981934,
        2.342918872833252,
        2.3329474925994873,
        2.328725576400757,
        2.324638605117798,
        2.3420181274414062,
        2.046760320663452,
        1.4738092422485352,
        1.1498231887817383,
        1.0772528648376465,
        0.7780492305755615,
        0.8500562310218811,
        0.8655651211738586,
        0.6548371315002441,
        0.7944804430007935,
        0.7841460704803467,
        0.7430670857429504,
        0.7431150078773499,
        0.6807985305786133,
        0.6862233281135559,
        0.4900270104408264,
        0.5849806070327759,
        0.7544381022453308,
        0.5806440711021423,
        0.6847109794616699,
        0.6261637210845947,
        0.5523496866226196,
        0.5122708082199097,
        0.8149893283843994,
        0.5717543363571167,
        0.4832827150821686,
        0.5509955286979675,
        0.4943024516105652,
        0.4885813891887665,
        0.5522818565368652,
        0.44664618372917175,
        0.5438019037246704,
        0.5089590549468994,
        0.5595526695251465,
        0.6514860987663269,
        0.4566011428833008,
        0.6505477428436279,
        0.410472571849823
    ],
    "train_accuracies": [
        0.12179487179487179,
        0.12169471153846154,
        0.807792467948718
    ],
    "valid_accuracies": [
        0.12169471153846154,
        0.12169471153846154,
        0.8125
    ],
    "test_accuracies": [
        0.12369791666666667,
        0.12369791666666667,
        0.8020833333333334
    ]
}