{
    "valid_losses": [
        2.658654977113773,
        2.283741798156347,
        1.8222657518509107,
        1.6343964842649608,
        1.5051120580771031,
        1.4523778802309282
    ],
    "optimizer_name": "PreconditionedSGD_noinit",
    "minibatch_train_losses": [
        2.6599527964225183,
        2.6637825965881348,
        2.660551071166992,
        2.6435680389404297,
        2.6017022132873535,
        2.560861587524414,
        2.5604801177978516,
        2.7433230876922607,
        2.539965867996216,
        2.507600784301758,
        2.6264801025390625,
        2.6048197746276855,
        2.5694990158081055,
        2.535581588745117,
        2.525878667831421,
        2.418031692504883,
        2.4485983848571777,
        2.4872732162475586,
        2.4116177558898926,
        2.380362033843994,
        2.4007976055145264,
        2.46036434173584,
        2.4719858169555664,
        2.305812358856201,
        2.3369712829589844,
        2.2790188789367676,
        2.4762301445007324,
        2.280984878540039,
        2.585970878601074,
        2.437177896499634,
        2.22683048248291,
        2.5763661861419678,
        2.229912519454956,
        2.3326222040714364,
        2.3169567584991455,
        2.3663933277130127,
        2.153125524520874,
        2.2213850021362305,
        2.0720202922821045,
        2.1829721927642822,
        2.1672489643096924,
        2.2037923336029053,
        2.206881046295166,
        2.00001859664917,
        2.0953004360198975,
        2.041395664215088,
        2.13262939453125,
        2.104130983352661,
        2.0269932746887207,
        1.9491486549377441,
        1.9757094383239746,
        2.2802295684814453,
        1.9845409393310547,
        2.022059440612793,
        1.9719398021697998,
        2.04731822013855,
        2.0798399448394775,
        1.9436029195785522,
        2.0139377117156982,
        2.207332134246826,
        2.042529344558716,
        1.9016187191009521,
        1.7256720066070557,
        1.813828468322754,
        2.0040485858917236,
        1.9151207208633423,
        1.8794594758596175,
        1.9765068292617798,
        2.035724639892578,
        1.83339524269104,
        1.716493010520935,
        1.7896467447280884,
        1.7526665925979614,
        1.9548112154006958,
        1.8041738271713257,
        1.764709234237671,
        1.8306500911712646,
        1.791068434715271,
        1.7869079113006592,
        1.7228282690048218,
        1.6322120428085327,
        1.7195379734039307,
        1.7059319019317627,
        1.634432315826416,
        1.8264997005462646,
        1.6594274044036865,
        1.7375332117080688,
        1.6916568279266357,
        1.8558928966522217,
        1.7169584035873413,
        1.5981276035308838,
        1.7885762453079224,
        1.8160983324050903,
        1.68878972530365,
        1.6699146032333374,
        1.5570591688156128,
        1.666700005531311,
        1.7370165586471558,
        1.6897058486938477,
        1.6913104393543341,
        1.5989173650741577,
        1.743545413017273,
        1.7040197849273682,
        1.7166396379470825,
        1.7007032632827759,
        1.748907208442688,
        1.6401617527008057,
        1.5198003053665161,
        1.5408477783203125,
        1.4638805389404297,
        1.5477668046951294,
        1.5507757663726807,
        1.3954850435256958,
        1.4611282348632812,
        1.6074669361114502,
        1.697152018547058,
        1.4533958435058594,
        1.6108863353729248,
        1.5461070537567139,
        1.623960256576538,
        1.7297368049621582,
        1.5752766132354736,
        1.6113840341567993,
        1.6435986757278442,
        1.6968334913253784,
        1.587147831916809,
        1.488828420639038,
        1.5719764232635498,
        1.5488835573196411,
        1.5592889785766602,
        1.5534346103668213,
        1.6441696882247925,
        1.5744027892748516,
        1.413066029548645,
        1.4736207723617554,
        1.4168559312820435,
        1.5407087802886963,
        1.4455130100250244,
        1.4996587038040161,
        1.5201096534729004,
        1.5123549699783325,
        1.593084454536438,
        1.6299221515655518,
        1.6657161712646484,
        1.4667282104492188,
        1.406873106956482,
        1.5725723505020142,
        1.4912289381027222,
        1.4532583951950073,
        1.6094790697097778,
        1.6343744993209839,
        1.4375182390213013,
        1.6077214479446411,
        1.3477072715759277,
        1.7124170064926147,
        1.6033234596252441,
        1.4817001819610596,
        1.4193803071975708,
        1.4602739810943604,
        1.5078891515731812,
        1.4359135627746582,
        1.7129770517349243,
        1.4605517387390137,
        1.4794260263442993,
        1.5392601490020752,
        1.511012749794202
    ],
    "train_losses": [
        2.6599527964225183,
        2.3326222040714364,
        1.8794594758596175,
        1.6913104393543341,
        1.5744027892748516,
        1.511012749794202
    ],
    "weight_decay": null,
    "random_seed": 49,
    "test_accuracies": [
        0.10016025641025642,
        0.20843349358974358,
        0.39242788461538464,
        0.468349358974359,
        0.5283453525641025,
        0.5502804487179487
    ],
    "test_losses": [
        2.6594956471369815,
        2.285378715930841,
        1.814919107999557,
        1.622776754391499,
        1.4913371556844466,
        1.439109472128061
    ],
    "optimizer_hyperparams": {
        "lr": null
    },
    "testproblem": "cifar10_3c3d",
    "batch_size": 128,
    "train_accuracies": [
        0.10056089743589744,
        0.19721554487179488,
        0.37950721153846156,
        0.4499198717948718,
        0.5040064102564102,
        0.5185296474358975
    ],
    "num_epochs": 5,
    "valid_accuracies": [
        0.10136217948717949,
        0.20462740384615385,
        0.3883213141025641,
        0.46494391025641024,
        0.5190304487179487,
        0.5352564102564102
    ],
    "training_params": {}
}