{
    "training_params": {},
    "testproblem": "cifar10_3c3d",
    "batch_size": 128,
    "test_losses": [
        2.6592397139622617,
        2.206350644429525,
        1.7578124403953552,
        1.582788144930815,
        1.4798016318908105,
        1.4245106562589989
    ],
    "train_losses": [
        2.6590336500070033,
        2.266795610770201,
        1.8454343386185474,
        1.65341670696552,
        1.5677843323120704,
        1.4901711023770845
    ],
    "valid_accuracies": [
        0.09585336538461539,
        0.2571113782051282,
        0.44931891025641024,
        0.4944911858974359,
        0.5354567307692307,
        0.5627003205128205
    ],
    "weight_decay": null,
    "test_accuracies": [
        0.10016025641025642,
        0.2670272435897436,
        0.45372596153846156,
        0.504707532051282,
        0.5462740384615384,
        0.5655048076923077
    ],
    "optimizer_hyperparams": {
        "lr": null
    },
    "minibatch_train_losses": [
        2.6590336500070033,
        2.656522750854492,
        2.6595170497894287,
        2.658956289291382,
        2.6119272708892822,
        2.730375289916992,
        2.5261054039001465,
        2.7149505615234375,
        2.58842396736145,
        2.519540309906006,
        2.579181432723999,
        2.440220832824707,
        2.505280017852783,
        2.4441323280334473,
        2.495701789855957,
        2.4166128635406494,
        2.4669597148895264,
        2.3104145526885986,
        2.392805814743042,
        2.5078110694885254,
        2.623180627822876,
        2.438056468963623,
        2.4804470539093018,
        2.3029651641845703,
        2.33280611038208,
        2.247642755508423,
        2.2756824493408203,
        2.128530263900757,
        2.311178684234619,
        2.294219970703125,
        2.3628156185150146,
        2.3128631114959717,
        2.2185418605804443,
        2.266795610770201,
        2.262242078781128,
        2.2448699474334717,
        2.0858333110809326,
        2.048283576965332,
        2.142764091491699,
        2.106879949569702,
        2.1086368560791016,
        2.0814123153686523,
        1.9622918367385864,
        2.110445022583008,
        1.956125259399414,
        1.9055513143539429,
        1.9805538654327393,
        2.172600746154785,
        1.9829663038253784,
        1.9104948043823242,
        1.9844914674758911,
        1.9083887338638306,
        1.9115920066833496,
        2.0113680362701416,
        2.0260202884674072,
        2.047400951385498,
        1.950276494026184,
        1.8743191957473755,
        1.952744483947754,
        1.8805066347122192,
        1.9963130950927734,
        1.8833038806915283,
        1.96372652053833,
        1.913731336593628,
        2.1233181953430176,
        1.8676365613937378,
        1.8454343386185474,
        1.8633918762207031,
        1.868411898612976,
        1.830397129058838,
        1.7521312236785889,
        1.7091076374053955,
        1.8619579076766968,
        1.6997926235198975,
        1.8555330038070679,
        1.7467845678329468,
        1.8522394895553589,
        1.8471882343292236,
        1.8058720827102661,
        1.707464575767517,
        1.7592737674713135,
        1.7647331953048706,
        1.8253817558288574,
        1.7259365320205688,
        1.8087828159332275,
        1.611108660697937,
        1.720383644104004,
        1.8678348064422607,
        1.5934033393859863,
        1.7117242813110352,
        1.5952152013778687,
        1.5179990530014038,
        1.8021613359451294,
        1.6682062149047852,
        1.7297768592834473,
        1.7236195802688599,
        1.7410775423049927,
        1.7670594453811646,
        1.6987783908843994,
        1.65341670696552,
        1.5546760559082031,
        1.6054680347442627,
        1.5285462141036987,
        1.596950650215149,
        1.5667437314987183,
        1.595088005065918,
        1.6792092323303223,
        1.4798169136047363,
        1.5423305034637451,
        1.5714012384414673,
        1.596693515777588,
        1.6245737075805664,
        1.5830308198928833,
        1.6944893598556519,
        1.5761419534683228,
        1.4923235177993774,
        1.7642362117767334,
        1.6523960828781128,
        1.543109655380249,
        1.6036615371704102,
        1.684382438659668,
        1.6168630123138428,
        1.7394908666610718,
        1.5166115760803223,
        1.5778162479400635,
        1.5385701656341553,
        1.5562288761138916,
        1.471621036529541,
        1.5793814659118652,
        1.640890121459961,
        1.554605484008789,
        1.7100669145584106,
        1.5677843323120704,
        1.5424699783325195,
        1.5473657846450806,
        1.5523520708084106,
        1.6256910562515259,
        1.5620726346969604,
        1.519355297088623,
        1.6448125839233398,
        1.4843368530273438,
        1.595475435256958,
        1.534403920173645,
        1.4845014810562134,
        1.4355244636535645,
        1.5283499956130981,
        1.5757229328155518,
        1.5611330270767212,
        1.3817819356918335,
        1.528705358505249,
        1.5463863611221313,
        1.4634531736373901,
        1.4757754802703857,
        1.5284358263015747,
        1.4632207155227661,
        1.4347339868545532,
        1.3885364532470703,
        1.369723916053772,
        1.40358567237854,
        1.513767123222351,
        1.582994818687439,
        1.5771279335021973,
        1.6396565437316895,
        1.2567613124847412,
        1.5438110828399658,
        1.4901711023770845
    ],
    "valid_losses": [
        2.659263448837476,
        2.2159755657880735,
        1.7611654752340071,
        1.594322844957694,
        1.4943047593801448,
        1.4420017859874628
    ],
    "train_accuracies": [
        0.10166266025641026,
        0.23858173076923078,
        0.41716746794871795,
        0.48717948717948717,
        0.50390625,
        0.5424679487179487
    ],
    "num_epochs": 5,
    "optimizer_name": "PreconditionedSGD_noinit",
    "random_seed": 43
}