{
    "test_losses": [
        2.6582176563067312,
        2.226298702068818,
        1.7333892018367083,
        1.5512141829881914,
        1.50312023743605,
        1.397156564088968
    ],
    "optimizer_name": "PreconditionedSGD_noinit",
    "valid_accuracies": [
        0.10416666666666667,
        0.26282051282051283,
        0.43439503205128205,
        0.5170272435897436,
        0.5299479166666666,
        0.5795272435897436
    ],
    "test_accuracies": [
        0.10326522435897435,
        0.26712740384615385,
        0.44701522435897434,
        0.5170272435897436,
        0.5297475961538461,
        0.5762219551282052
    ],
    "testproblem": "cifar10_3c3d",
    "optimizer_hyperparams": {
        "lr": null
    },
    "batch_size": 128,
    "weight_decay": null,
    "train_losses": [
        2.6578458639291616,
        2.2792687660608535,
        1.8208738152797406,
        1.6452759840549567,
        1.568997392287621,
        1.4839086089378748
    ],
    "valid_losses": [
        2.6582050873683047,
        2.230414466980176,
        1.7368905192766435,
        1.5476108086414826,
        1.4943619935940473,
        1.3882764745981266
    ],
    "num_epochs": 5,
    "random_seed": 42,
    "train_accuracies": [
        0.10657051282051282,
        0.24639423076923078,
        0.4156650641025641,
        0.48818108974358976,
        0.5085136217948718,
        0.5498798076923077
    ],
    "training_params": {},
    "minibatch_train_losses": [
        2.6578458639291616,
        2.6595802307128906,
        2.6567764282226562,
        2.6534218788146973,
        2.6170060634613037,
        2.6217339038848877,
        2.551485538482666,
        2.6351120471954346,
        2.618912935256958,
        2.573017120361328,
        2.490576982498169,
        2.5118303298950195,
        2.493088960647583,
        2.478487253189087,
        2.4968032836914062,
        2.795729160308838,
        2.5707411766052246,
        2.439033269882202,
        2.4897561073303223,
        2.4607090950012207,
        2.422396183013916,
        2.288574457168579,
        2.2908127307891846,
        2.4479217529296875,
        2.4042956829071045,
        2.4676525592803955,
        2.3748698234558105,
        2.254511833190918,
        2.291884422302246,
        2.25681471824646,
        2.2352454662323,
        2.228095531463623,
        2.362438917160034,
        2.2792687660608535,
        2.271272897720337,
        2.3215653896331787,
        2.0948381423950195,
        2.0353856086730957,
        2.045828104019165,
        2.0325727462768555,
        2.007314920425415,
        2.182375431060791,
        2.0044052600860596,
        2.150416851043701,
        1.9799920320510864,
        1.9693385362625122,
        2.0508806705474854,
        1.8864359855651855,
        1.9525212049484253,
        1.933057188987732,
        1.9657241106033325,
        2.0567479133605957,
        2.016508102416992,
        1.798743486404419,
        2.1941990852355957,
        1.9756057262420654,
        2.0454084873199463,
        1.6253951787948608,
        1.797717571258545,
        2.0294275283813477,
        1.9528350830078125,
        1.8425674438476562,
        1.849368691444397,
        1.8817417621612549,
        1.8507109880447388,
        1.8815557956695557,
        1.8208738152797406,
        1.8602415323257446,
        1.7326513528823853,
        1.7212212085723877,
        1.85683012008667,
        1.796605110168457,
        1.8101770877838135,
        1.8228943347930908,
        1.7172616720199585,
        1.7336491346359253,
        1.6560412645339966,
        1.6888550519943237,
        1.6448065042495728,
        1.7101269960403442,
        1.7613189220428467,
        1.824244499206543,
        1.77056086063385,
        1.7900160551071167,
        1.7455379962921143,
        1.7112536430358887,
        1.5951963663101196,
        1.7948144674301147,
        1.7627171277999878,
        1.6644797325134277,
        1.636813759803772,
        1.704932689666748,
        1.6832510232925415,
        1.6033744812011719,
        1.6561710834503174,
        1.5459535121917725,
        1.5588701963424683,
        1.6396207809448242,
        1.5883893966674805,
        1.6452759840549567,
        1.6484448909759521,
        1.8044894933700562,
        1.6847634315490723,
        1.634049654006958,
        1.6961137056350708,
        1.5866479873657227,
        1.5803463459014893,
        1.4695855379104614,
        1.660237431526184,
        1.5581157207489014,
        1.4870822429656982,
        1.6596711874008179,
        1.6507538557052612,
        1.5255554914474487,
        1.5699059963226318,
        1.5414563417434692,
        1.6147960424423218,
        1.5523744821548462,
        1.6901198625564575,
        1.555607557296753,
        1.4225358963012695,
        1.50617253780365,
        1.470900058746338,
        1.4136908054351807,
        1.3373385667800903,
        1.5205439329147339,
        1.6920552253723145,
        1.3780120611190796,
        1.584303855895996,
        1.5153851509094238,
        1.6197090148925781,
        1.5985686779022217,
        1.568997392287621,
        1.5906603336334229,
        1.5726351737976074,
        1.3580065965652466,
        1.5983576774597168,
        1.5091092586517334,
        1.4526978731155396,
        1.5718653202056885,
        1.4646327495574951,
        1.444046974182129,
        1.4976454973220825,
        1.4609906673431396,
        1.5741260051727295,
        1.4547557830810547,
        1.5210552215576172,
        1.4269871711730957,
        1.429284930229187,
        1.5229970216751099,
        1.5634756088256836,
        1.523177146911621,
        1.3918389081954956,
        1.3462964296340942,
        1.4607045650482178,
        1.62290358543396,
        1.5664665699005127,
        1.44625985622406,
        1.353700876235962,
        1.5149176120758057,
        1.6326215267181396,
        1.482693076133728,
        1.4548900127410889,
        1.5334806442260742,
        1.4468401670455933,
        1.4839086089378748
    ]
}