{
    "test_accuracies": [
        0.10046073717948718,
        0.3017828525641026,
        0.43529647435897434,
        0.4933894230769231,
        0.5208333333333334,
        0.5477764423076923
    ],
    "num_epochs": 5,
    "optimizer_hyperparams": {
        "lr": null
    },
    "weight_decay": null,
    "train_losses": [
        2.658841671087803,
        2.1591919721701207,
        1.8471438915301592,
        1.7082094595982478,
        1.6711466648639777,
        1.5479452793414776
    ],
    "valid_accuracies": [
        0.10016025641025642,
        0.2938701923076923,
        0.4293870192307692,
        0.4902844551282051,
        0.5173277243589743,
        0.5456730769230769
    ],
    "random_seed": 51,
    "minibatch_train_losses": [
        2.658841671087803,
        2.6639297008514404,
        2.6591765880584717,
        2.653491258621216,
        2.624192237854004,
        2.6459710597991943,
        2.5190234184265137,
        2.5718834400177,
        2.5951738357543945,
        2.4244964122772217,
        2.464569568634033,
        2.3420028686523438,
        2.576338768005371,
        2.491947889328003,
        2.434945821762085,
        2.5453150272369385,
        2.527538299560547,
        2.3577182292938232,
        2.3507776260375977,
        2.309330940246582,
        2.3267087936401367,
        2.404320240020752,
        2.3212831020355225,
        2.2889857292175293,
        2.375903367996216,
        2.3959250450134277,
        2.1199278831481934,
        2.140071153640747,
        2.4402225017547607,
        2.397218704223633,
        2.234794855117798,
        2.127652406692505,
        2.26180362701416,
        2.1591919721701207,
        2.1047425270080566,
        2.0927224159240723,
        2.101377248764038,
        2.04044508934021,
        2.1790215969085693,
        1.9354616403579712,
        1.9719858169555664,
        1.9603372812271118,
        1.974222183227539,
        2.078392744064331,
        1.9647228717803955,
        2.0804250240325928,
        2.023280620574951,
        1.9889318943023682,
        1.968174934387207,
        1.9278305768966675,
        1.8020105361938477,
        2.05302095413208,
        1.926054835319519,
        2.0284667015075684,
        1.9650623798370361,
        1.8761134147644043,
        2.0794503688812256,
        1.817484974861145,
        2.1053225994110107,
        2.030287027359009,
        1.8683030605316162,
        1.8914475440979004,
        1.9095360040664673,
        1.8394291400909424,
        2.0396015644073486,
        1.983431100845337,
        1.8471438915301592,
        1.8167294263839722,
        1.8472399711608887,
        1.7694144248962402,
        1.7413182258605957,
        1.848199725151062,
        1.8094732761383057,
        1.8264907598495483,
        1.9188201427459717,
        1.8197691440582275,
        1.7996437549591064,
        1.8129866123199463,
        1.852412462234497,
        1.7974454164505005,
        1.7570655345916748,
        1.857722520828247,
        1.8506780862808228,
        1.6814857721328735,
        1.7167541980743408,
        1.6924115419387817,
        1.8848187923431396,
        1.6915936470031738,
        1.9079076051712036,
        1.6502822637557983,
        1.6625068187713623,
        1.7661540508270264,
        1.7147910594940186,
        1.6392807960510254,
        1.7798911333084106,
        1.6667412519454956,
        1.6850439310073853,
        1.7575143575668335,
        1.7353233098983765,
        1.7082094595982478,
        1.6036875247955322,
        1.6448023319244385,
        1.609148383140564,
        1.6835157871246338,
        1.6219685077667236,
        1.8101305961608887,
        1.706453561782837,
        1.7267903089523315,
        1.5937788486480713,
        1.6549283266067505,
        1.7824480533599854,
        1.6721619367599487,
        1.7434836626052856,
        1.6038843393325806,
        1.7164359092712402,
        1.6856908798217773,
        1.7282341718673706,
        1.556524395942688,
        1.5421744585037231,
        1.5527088642120361,
        1.6067086458206177,
        1.593160629272461,
        1.5187368392944336,
        1.5532275438308716,
        1.74224853515625,
        1.4235047101974487,
        1.573219895362854,
        1.65215265750885,
        1.6127336025238037,
        1.684482216835022,
        1.6142686605453491,
        1.4947782754898071,
        1.6711466648639777,
        1.6562085151672363,
        1.658097743988037,
        1.5822076797485352,
        1.4807102680206299,
        1.6494444608688354,
        1.5740115642547607,
        1.5661100149154663,
        1.465392827987671,
        1.711272954940796,
        1.6062242984771729,
        1.6301189661026,
        1.5729724168777466,
        1.6340043544769287,
        1.4571253061294556,
        1.578957200050354,
        1.421614170074463,
        1.614174485206604,
        1.69882333278656,
        1.6018810272216797,
        1.6277754306793213,
        1.6143742799758911,
        1.6133415699005127,
        1.4677869081497192,
        1.5515596866607666,
        1.4651837348937988,
        1.605201005935669,
        1.7117682695388794,
        1.5829781293869019,
        1.8123540878295898,
        1.657138466835022,
        1.59062659740448,
        1.5761672258377075,
        1.5479452793414776
    ],
    "training_params": {},
    "testproblem": "cifar10_3c3d",
    "optimizer_name": "PreconditionedSGD_noinit",
    "train_accuracies": [
        0.09975961538461539,
        0.29296875,
        0.4124599358974359,
        0.4694511217948718,
        0.4928886217948718,
        0.5355568910256411
    ],
    "test_losses": [
        2.658443019940303,
        2.116588068314088,
        1.7727460769506602,
        1.6208468492214496,
        1.5759095687132616,
        1.4966217630948775
    ],
    "valid_losses": [
        2.6580278078715005,
        2.1288828544127636,
        1.7838532787102919,
        1.631269953189752,
        1.5804065404794154,
        1.5027750715231285
    ],
    "batch_size": 128
}