{
    "valid_accuracies": [
        0.10116185897435898,
        0.27974759615384615,
        0.44140625,
        0.5004006410256411,
        0.5370592948717948,
        0.5459735576923077
    ],
    "train_losses": [
        2.657726388711196,
        2.2203477101448255,
        1.8190496915426009,
        1.6627391347518334,
        1.5796177677619152,
        1.547821194697649
    ],
    "valid_losses": [
        2.658472932302035,
        2.17977835276188,
        1.7317311152433739,
        1.5822982283738942,
        1.512934495241214,
        1.47824634038485
    ],
    "training_params": {},
    "testproblem": "cifar10_3c3d",
    "optimizer_name": "PreconditionedSGD_noinit",
    "train_accuracies": [
        0.10426682692307693,
        0.26542467948717946,
        0.42267628205128205,
        0.47996794871794873,
        0.5095152243589743,
        0.5232371794871795
    ],
    "optimizer_hyperparams": {
        "lr": null
    },
    "test_accuracies": [
        0.10006009615384616,
        0.2839543269230769,
        0.45252403846153844,
        0.5087139423076923,
        0.5366586538461539,
        0.5526842948717948
    ],
    "weight_decay": null,
    "random_seed": 46,
    "batch_size": 128,
    "minibatch_train_losses": [
        2.657726388711196,
        2.6627676486968994,
        2.658191680908203,
        2.650017261505127,
        2.62025785446167,
        2.4863088130950928,
        2.5190377235412598,
        2.519993305206299,
        2.569274663925171,
        2.4684815406799316,
        2.5278475284576416,
        2.556272029876709,
        2.3897781372070312,
        2.636735200881958,
        2.400998830795288,
        2.326784372329712,
        2.5279884338378906,
        2.3967533111572266,
        2.299187660217285,
        2.374129056930542,
        2.560204029083252,
        2.438770294189453,
        2.4652462005615234,
        2.4173800945281982,
        2.291074275970459,
        2.34226131439209,
        2.1521565914154053,
        2.2879555225372314,
        2.4051570892333984,
        2.2777926921844482,
        2.2211740016937256,
        2.32084321975708,
        2.2162322998046875,
        2.2203477101448255,
        2.19814395904541,
        2.2328548431396484,
        2.075305223464966,
        2.2944936752319336,
        2.195810556411743,
        2.1007239818573,
        2.139954090118408,
        1.9920635223388672,
        2.041109085083008,
        2.0693471431732178,
        1.9257850646972656,
        2.1893603801727295,
        1.947361707687378,
        1.8974101543426514,
        1.9796987771987915,
        1.88418710231781,
        2.040529489517212,
        1.9246692657470703,
        2.132913827896118,
        2.0425846576690674,
        2.0741958618164062,
        1.7618335485458374,
        2.094583034515381,
        2.0455129146575928,
        1.9656267166137695,
        1.9444177150726318,
        1.9008177518844604,
        1.957565426826477,
        1.878351092338562,
        1.9111639261245728,
        1.6668113470077515,
        1.8935598134994507,
        1.8190496915426009,
        1.7467056512832642,
        1.8399277925491333,
        1.748939871788025,
        1.7173421382904053,
        1.7759368419647217,
        1.8963706493377686,
        1.636575698852539,
        1.6437402963638306,
        1.7524852752685547,
        1.7866517305374146,
        1.8178867101669312,
        1.6312609910964966,
        1.8305655717849731,
        1.7221390008926392,
        1.664157748222351,
        1.9270321130752563,
        1.6577949523925781,
        1.5673103332519531,
        1.7483453750610352,
        1.545559048652649,
        1.6252121925354004,
        1.6964391469955444,
        1.5631245374679565,
        1.7632935047149658,
        1.715031385421753,
        1.6249362230300903,
        1.7295024394989014,
        1.7448365688323975,
        1.6037896871566772,
        1.772627592086792,
        1.5860497951507568,
        1.6583057641983032,
        1.6627391347518334,
        1.5081228017807007,
        1.579996109008789,
        1.8237967491149902,
        1.750648021697998,
        1.5874353647232056,
        1.708724856376648,
        1.659792423248291,
        1.702949047088623,
        1.6386098861694336,
        1.5041412115097046,
        1.6362345218658447,
        1.6293647289276123,
        1.6887352466583252,
        1.737793207168579,
        1.4776411056518555,
        1.649727702140808,
        1.4992470741271973,
        1.674531102180481,
        1.6254100799560547,
        1.5546531677246094,
        1.6681369543075562,
        1.724875807762146,
        1.6456433534622192,
        1.5022722482681274,
        1.8613742589950562,
        1.7987120151519775,
        1.6267306804656982,
        1.5211325883865356,
        1.773705005645752,
        1.5787878036499023,
        1.715813159942627,
        1.7832939624786377,
        1.5796177677619152,
        1.4584417343139648,
        1.480860710144043,
        1.5766098499298096,
        1.4209645986557007,
        1.5422234535217285,
        1.5275022983551025,
        1.4082270860671997,
        1.6992884874343872,
        1.6021294593811035,
        1.42818284034729,
        1.5441486835479736,
        1.5224756002426147,
        1.6178605556488037,
        1.6133381128311157,
        1.579939365386963,
        1.6481876373291016,
        1.617453694343567,
        1.5222878456115723,
        1.6063462495803833,
        1.6051684617996216,
        1.3881268501281738,
        1.4998770952224731,
        1.5858064889907837,
        1.6967110633850098,
        1.5003894567489624,
        1.6578751802444458,
        1.5515146255493164,
        1.5304896831512451,
        1.3959122896194458,
        1.6955695152282715,
        1.6491518020629883,
        1.5830609798431396,
        1.547821194697649
    ],
    "num_epochs": 5,
    "test_losses": [
        2.658036103615394,
        2.1711018849641848,
        1.716042127364721,
        1.5789924126404982,
        1.5088895009114192,
        1.4768418837816288
    ]
}