{
    "testproblem": "quadratic_deep",
    "batch_size": 32,
    "num_epochs": 100,
    "random_seed": 43,
    "weight_decay": null,
    "optimizer_name": "Preconditioner",
    "optimizer_hyperparams": {
        "lr": 3.1622776601683795e-09
    },
    "training_params": {},
    "train_losses": [
        286.2711437594506,
        286.72005438035535,
        103.7874487600019,
        99.46457450620589,
        95.6321767991589,
        94.24586289928806,
        92.19275025398501,
        92.077637210969,
        89.91605057254914,
        90.50661788448211,
        88.83534486832157,
        90.35427068894909,
        88.29105500252017,
        90.05286924300655,
        88.23040033155873,
        87.90195932695943,
        88.39919010285408,
        87.93839608469317,
        87.94347258537046,
        88.70045003583354,
        87.37490303285661,
        87.74113292078817,
        89.43181560885522,
        87.17173840922695,
        86.93112034951487,
        86.80373850176412,
        86.50630557152533,
        87.51202737131426,
        87.89488195603893,
        87.31881886143839,
        87.08486864643712,
        87.32438241281817,
        86.687254382718,
        88.4216067406439,
        89.08938967797064,
        87.17588166267642,
        86.90000743250692,
        87.13160508678806,
        87.44627601869645,
        87.87881518948463,
        86.6798826648343,
        88.38248492825416,
        86.86033679592994,
        88.54967105004096,
        87.50953428206905,
        87.39532273815524,
        88.65553062192855,
        87.53312117053616,
        87.1862564086914,
        88.06875265798261,
        87.10215119392642,
        88.0171885336599,
        88.55684464977634,
        88.04648910030242,
        87.04739207606161,
        88.00198339646862,
        86.80757830219883,
        87.85325056506741,
        89.55484820950416,
        89.46101847002583,
        86.93658151934224,
        87.72379450644216,
        86.44213030415196,
        87.54528390207598,
        87.98565993770477,
        88.62506743400327,
        86.88934523059476,
        88.06099208708733,
        87.90796415267452,
        87.56962314728767,
        88.82357492754537,
        86.98995159518334,
        88.8531252953314,
        89.68135366132182,
        88.3675042429278,
        87.0791264195596,
        88.74527666645665,
        87.76246052403604,
        87.05897078975555,
        87.72948160479146,
        88.33477340206024,
        87.38099202802104,
        88.63427414432648,
        86.82078773744645,
        87.04478725310295,
        88.60406567973476,
        86.773437007781,
        86.86984449817288,
        87.45750156525642,
        91.00753365793535,
        87.37957689839024,
        87.70589791574785,
        87.13190017207977,
        87.20841955369518,
        87.01775483162173,
        87.17596804711127,
        87.81669592088268,
        87.9596185991841,
        87.94094996298513,
        87.67149869857296,
        87.56114885883946
    ],
    "valid_losses": [
        286.11244053994454,
        286.11244053994454,
        104.38515152469758,
        100.20125358335433,
        97.29930360855595,
        95.72604665448588,
        93.22422544417843,
        92.82781539424774,
        90.91568214662614,
        90.75374111052483,
        90.11011332850302,
        90.93278109642768,
        89.01409764443675,
        91.23810035951676,
        89.21387703188005,
        88.67188705936555,
        89.68342664164882,
        88.70838362170804,
        88.87839975664693,
        89.76135672292402,
        88.1162818170363,
        89.1938223069714,
        90.27406778643208,
        87.89077783400013,
        87.73607290944746,
        87.46361467915196,
        87.57450866699219,
        88.5093248428837,
        88.39769080377394,
        87.96690516318044,
        88.0296630859375,
        88.62786594513923,
        87.45850618423954,
        89.5395753922001,
        90.31240057176159,
        87.94378637498424,
        88.23949703093498,
        87.82367460189327,
        88.6469012844947,
        89.53145623976185,
        87.8150400961599,
        89.1395022484564,
        87.92958265735257,
        89.35420719269783,
        88.61205021027595,
        88.32743441674018,
        89.6426022437311,
        88.4523418795678,
        88.1566408218876,
        88.76277849751133,
        88.43381894019342,
        89.25235625236265,
        90.03282239360195,
        89.05374686948714,
        87.80568301293158,
        88.66584039503529,
        87.30496338875064,
        88.83677205731792,
        91.16097136466733,
        90.24740354476437,
        88.29690699423513,
        88.62336903233683,
        87.4703866281817,
        88.66064428514049,
        89.08589886080834,
        88.8573246617471,
        87.47828526650706,
        89.1102285077495,
        88.74839511994392,
        88.64206843222341,
        90.12810368691721,
        87.66101394161102,
        89.76436122771233,
        90.48899570588142,
        89.7621361517137,
        88.18858534289944,
        89.63995533604776,
        88.62846349900768,
        87.81619631859564,
        88.73147755284464,
        89.27605315177671,
        88.60512001283708,
        89.65775299072266,
        87.9764889132592,
        87.8131595734627,
        89.9883784632529,
        87.48651344545426,
        88.0407244774603,
        88.27534583307082,
        91.81536422237274,
        88.50721789944556,
        88.91163216867754,
        88.06848858248803,
        88.36696600144909,
        87.96289283998551,
        87.77725195115612,
        89.19338767759261,
        88.9849361296623,
        89.10030168102634,
        88.59053704046434,
        88.02008179695376
    ],