{
    "testproblem": "quadratic_deep",
    "batch_size": 32,
    "num_epochs": 100,
    "random_seed": 44,
    "weight_decay": null,
    "optimizer_name": "Preconditioner",
    "optimizer_hyperparams": {
        "lr": 0.1
    },
    "training_params": {},
    "train_losses": [
        217.90849254977317,
        4.642274871716767e+19,
        5826271261440462.0,
        3464644951598906.0,
        217.90849254977317,
        217.90849254977317,
        217.90849254977317,
        217.90849254977317,
        217.90849254977317,
        217.90849254977317,
        217.90849254977317,
        217.90849254977317,
        217.90849254977317,
        217.90849254977317,
        217.90849254977317,
        217.90849254977317,
        217.90849254977317,
        217.90849254977317,
        217.90849254977317,
        217.90849254977317,
        217.90849254977317,
        217.90849254977317,
        217.90849254977317,
        217.90849254977317,
        217.90849254977317,
        217.90849254977317,
        217.90849254977317,
        217.90849254977317,
        217.90849254977317,
        217.90849254977317,
        217.90849254977317,
        217.90849254977317,
        217.90849254977317,
        217.90849254977317,
        217.90849254977317,
        217.90849254977317,
        217.90849254977317,
        217.90849254977317,
        217.90849254977317,
        217.90849254977317,
        217.90849254977317,
        217.90849254977317,
        217.90849254977317,
        217.90849254977317,
        217.90849254977317,
        217.90849254977317,
        217.90849254977317,
        217.90849254977317,
        217.90849254977317,
        217.90849254977317,
        217.90849254977317,
        217.90849254977317,
        217.90849254977317,
        217.90849254977317,
        217.90849254977317,
        217.90849254977317,
        217.90849254977317,
        217.90849254977317,
        217.90849254977317,
        217.90849254977317,
        217.90849254977317,
        217.90849254977317,
        217.90849254977317,
        217.90849254977317,
        217.90849254977317,
        217.90849254977317,
        217.90849254977317,
        217.90849254977317,
        217.90849254977317,
        217.90849254977317,
        217.90849254977317,
        217.90849254977317,
        217.90849254977317,
        217.90849254977317,
        217.90849254977317,
        217.90849254977317,
        217.90849254977317,
        217.90849254977317,
        217.90849254977317,
        217.90849254977317,
        217.90849254977317,
        217.90849254977317,
        217.90849254977317,
        217.90849254977317,
        217.90849254977317,
        217.90849254977317,
        217.90849254977317,
        217.90849254977317,
        217.90849254977317,
        217.90849254977317,
        217.90849254977317,
        217.90849254977317,
        217.90849254977317,
        217.90849254977317,
        217.90849254977317,
        217.90849254977317,
        217.90849254977317,
        217.90849254977317,
        217.90849254977317,
        217.90849254977317,
        217.90849254977317
    ],
    "valid_losses": [
        214.17334575037802,
        4.642274871716767e+19,
        5826271226803629.0,
        3464644994894947.0,
        214.17334575037802,
        214.17334575037802,
        214.17334575037802,
        214.17334575037802,
        214.17334575037802,
        214.17334575037802,
        214.17334575037802,
        214.17334575037802,
        214.17334575037802,
        214.17334575037802,
        214.17334575037802,
        214.17334575037802,
        214.17334575037802,
        214.17334575037802,
        214.17334575037802,
        214.17334575037802,
        214.17334575037802,
        214.17334575037802,
        214.17334575037802,
        214.17334575037802,
        214.17334575037802,
        214.17334575037802,
        214.17334575037802,
        214.17334575037802,
        214.17334575037802,
        214.17334575037802,
        214.17334575037802,
        214.17334575037802,
        214.17334575037802,
        214.17334575037802,
        214.17334575037802,
        214.17334575037802,
        214.17334575037802,
        214.17334575037802,
        214.17334575037802,
        214.17334575037802,
        214.17334575037802,
        214.17334575037802,
        214.17334575037802,
        214.17334575037802,
        214.17334575037802,
        214.17334575037802,
        214.17334575037802,
        214.17334575037802,
        214.17334575037802,
        214.17334575037802,
        214.17334575037802,
        214.17334575037802,
        214.17334575037802,
        214.17334575037802,
        214.17334575037802,
        214.17334575037802,
        214.17334575037802,
        214.17334575037802,
        214.17334575037802,
        214.17334575037802,
        214.17334575037802,
        214.17334575037802,
        214.17334575037802,
        214.17334575037802,
        214.17334575037802,
        214.17334575037802,
        214.17334575037802,
        214.17334575037802,
        214.17334575037802,
        214.17334575037802,
        214.17334575037802,
        214.17334575037802,
        214.17334575037802,
        214.17334575037802,
        214.17334575037802,
        214.17334575037802,
        214.17334575037802,
        214.17334575037802,
        214.17334575037802,
        214.17334575037802,
        214.17334575037802,
        214.17334575037802,
        214.17334575037802,
        214.17334575037802,
        214.17334575037802,
        214.17334575037802,
        214.17334575037802,
        214.17334575037802,
        214.17334575037802,
        214.17334575037802,
        214.17334575037802,
        214.17334575037802,
        214.17334575037802,
        214.17334575037802,
        214.17334575037802,
        214.17334575037802,
        214.17334575037802,
        214.17334575037802,
        214.17334575037802,
        214.17334575037802,
        214.17334575037802
    ],