{
    "testproblem": "quadratic_deep",
    "batch_size": 32,
    "num_epochs": 100,
    "random_seed": 49,
    "weight_decay": null,
    "optimizer_name": "Preconditioner",
    "optimizer_hyperparams": {
        "lr": 0.1
    },
    "training_params": {},
    "train_losses": [
        284.54226979901716,
        2.217606409436298e+20,
        2.0803766266795172e+16,
        1.1604794020614804e+16,
        284.54226979901716,
        284.54226979901716,
        284.54226979901716,
        284.54226979901716,
        284.54226979901716,
        284.54226979901716,
        284.54226979901716,
        284.54226979901716,
        284.54226979901716,
        284.54226979901716,
        284.54226979901716,
        284.54226979901716,
        284.54226979901716,
        284.54226979901716,
        284.54226979901716,
        284.54226979901716,
        284.54226979901716,
        284.54226979901716,
        284.54226979901716,
        284.54226979901716,
        284.54226979901716,
        284.54226979901716,
        284.54226979901716,
        284.54226979901716,
        284.54226979901716,
        284.54226979901716,
        284.54226979901716,
        284.54226979901716,
        284.54226979901716,
        284.54226979901716,
        284.54226979901716,
        284.54226979901716,
        284.54226979901716,
        284.54226979901716,
        284.54226979901716,
        284.54226979901716,
        284.54226979901716,
        284.54226979901716,
        284.54226979901716,
        284.54226979901716,
        284.54226979901716,
        284.54226979901716,
        284.54226979901716,
        284.54226979901716,
        284.54226979901716,
        284.54226979901716,
        284.54226979901716,
        284.54226979901716,
        284.54226979901716,
        284.54226979901716,
        284.54226979901716,
        284.54226979901716,
        284.54226979901716,
        284.54226979901716,
        284.54226979901716,
        284.54226979901716,
        284.54226979901716,
        284.54226979901716,
        284.54226979901716,
        284.54226979901716,
        284.54226979901716,
        284.54226979901716,
        284.54226979901716,
        284.54226979901716,
        284.54226979901716,
        284.54226979901716,
        284.54226979901716,
        284.54226979901716,
        284.54226979901716,
        284.54226979901716,
        284.54226979901716,
        284.54226979901716,
        284.54226979901716,
        284.54226979901716,
        284.54226979901716,
        284.54226979901716,
        284.54226979901716,
        284.54226979901716,
        284.54226979901716,
        284.54226979901716,
        284.54226979901716,
        284.54226979901716,
        284.54226979901716,
        284.54226979901716,
        284.54226979901716,
        284.54226979901716,
        284.54226979901716,
        284.54226979901716,
        284.54226979901716,
        284.54226979901716,
        284.54226979901716,
        284.54226979901716,
        284.54226979901716,
        284.54226979901716,
        284.54226979901716,
        284.54226979901716,
        284.54226979901716
    ],
    "valid_losses": [
        283.46134407289566,
        2.217606409436298e+20,
        2.0803765989700508e+16,
        1.160479408988847e+16,
        283.46134407289566,
        283.46134407289566,
        283.46134407289566,
        283.46134407289566,
        283.46134407289566,
        283.46134407289566,
        283.46134407289566,
        283.46134407289566,
        283.46134407289566,
        283.46134407289566,
        283.46134407289566,
        283.46134407289566,
        283.46134407289566,
        283.46134407289566,
        283.46134407289566,
        283.46134407289566,
        283.46134407289566,
        283.46134407289566,
        283.46134407289566,
        283.46134407289566,
        283.46134407289566,
        283.46134407289566,
        283.46134407289566,
        283.46134407289566,
        283.46134407289566,
        283.46134407289566,
        283.46134407289566,
        283.46134407289566,
        283.46134407289566,
        283.46134407289566,
        283.46134407289566,
        283.46134407289566,
        283.46134407289566,
        283.46134407289566,
        283.46134407289566,
        283.46134407289566,
        283.46134407289566,
        283.46134407289566,
        283.46134407289566,
        283.46134407289566,
        283.46134407289566,
        283.46134407289566,
        283.46134407289566,
        283.46134407289566,
        283.46134407289566,
        283.46134407289566,
        283.46134407289566,
        283.46134407289566,
        283.46134407289566,
        283.46134407289566,
        283.46134407289566,
        283.46134407289566,
        283.46134407289566,
        283.46134407289566,
        283.46134407289566,
        283.46134407289566,
        283.46134407289566,
        283.46134407289566,
        283.46134407289566,
        283.46134407289566,
        283.46134407289566,
        283.46134407289566,
        283.46134407289566,
        283.46134407289566,
        283.46134407289566,
        283.46134407289566,
        283.46134407289566,
        283.46134407289566,
        283.46134407289566,
        283.46134407289566,
        283.46134407289566,
        283.46134407289566,
        283.46134407289566,
        283.46134407289566,
        283.46134407289566,
        283.46134407289566,
        283.46134407289566,
        283.46134407289566,
        283.46134407289566,
        283.46134407289566,
        283.46134407289566,
        283.46134407289566,
        283.46134407289566,
        283.46134407289566,
        283.46134407289566,
        283.46134407289566,
        283.46134407289566,
        283.46134407289566,
        283.46134407289566,
        283.46134407289566,
        283.46134407289566,
        283.46134407289566,
        283.46134407289566,
        283.46134407289566,
        283.46134407289566,
        283.46134407289566,
        283.46134407289566
    ],