{
    "testproblem": "quadratic_deep",
    "batch_size": 32,
    "num_epochs": 100,
    "random_seed": 48,
    "weight_decay": null,
    "optimizer_name": "Preconditioner",
    "optimizer_hyperparams": {
        "lr": 0.1
    },
    "training_params": {},
    "train_losses": [
        296.01614773658014,
        5.419970551110173e+18,
        616642536724149.6,
        327455434257837.44,
        296.01614773658014,
        296.01614773658014,
        296.01614773658014,
        296.01614773658014,
        296.01614773658014,
        296.01614773658014,
        296.01614773658014,
        296.01614773658014,
        296.01614773658014,
        296.01614773658014,
        296.01614773658014,
        296.01614773658014,
        296.01614773658014,
        296.01614773658014,
        296.01614773658014,
        296.01614773658014,
        296.01614773658014,
        296.01614773658014,
        296.01614773658014,
        296.01614773658014,
        296.01614773658014,
        296.01614773658014,
        296.01614773658014,
        296.01614773658014,
        296.01614773658014,
        296.01614773658014,
        296.01614773658014,
        296.01614773658014,
        296.01614773658014,
        296.01614773658014,
        296.01614773658014,
        296.01614773658014,
        296.01614773658014,
        296.01614773658014,
        296.01614773658014,
        296.01614773658014,
        296.01614773658014,
        296.01614773658014,
        296.01614773658014,
        296.01614773658014,
        296.01614773658014,
        296.01614773658014,
        296.01614773658014,
        296.01614773658014,
        296.01614773658014,
        296.01614773658014,
        296.01614773658014,
        296.01614773658014,
        296.01614773658014,
        296.01614773658014,
        296.01614773658014,
        296.01614773658014,
        296.01614773658014,
        296.01614773658014,
        296.01614773658014,
        296.01614773658014,
        296.01614773658014,
        296.01614773658014,
        296.01614773658014,
        296.01614773658014,
        296.01614773658014,
        296.01614773658014,
        296.01614773658014,
        296.01614773658014,
        296.01614773658014,
        296.01614773658014,
        296.01614773658014,
        296.01614773658014,
        296.01614773658014,
        296.01614773658014,
        296.01614773658014,
        296.01614773658014,
        296.01614773658014,
        296.01614773658014,
        296.01614773658014,
        296.01614773658014,
        296.01614773658014,
        296.01614773658014,
        296.01614773658014,
        296.01614773658014,
        296.01614773658014,
        296.01614773658014,
        296.01614773658014,
        296.01614773658014,
        296.01614773658014,
        296.01614773658014,
        296.01614773658014,
        296.01614773658014,
        296.01614773658014,
        296.01614773658014,
        296.01614773658014,
        296.01614773658014,
        296.01614773658014,
        296.01614773658014,
        296.01614773658014,
        296.01614773658014,
        296.01614773658014
    ],
    "valid_losses": [
        289.06637228688885,
        5.419970551110173e+18,
        616642530229743.5,
        327455434257837.44,
        289.06637228688885,
        289.06637228688885,
        289.06637228688885,
        289.06637228688885,
        289.06637228688885,
        289.06637228688885,
        289.06637228688885,
        289.06637228688885,
        289.06637228688885,
        289.06637228688885,
        289.06637228688885,
        289.06637228688885,
        289.06637228688885,
        289.06637228688885,
        289.06637228688885,
        289.06637228688885,
        289.06637228688885,
        289.06637228688885,
        289.06637228688885,
        289.06637228688885,
        289.06637228688885,
        289.06637228688885,
        289.06637228688885,
        289.06637228688885,
        289.06637228688885,
        289.06637228688885,
        289.06637228688885,
        289.06637228688885,
        289.06637228688885,
        289.06637228688885,
        289.06637228688885,
        289.06637228688885,
        289.06637228688885,
        289.06637228688885,
        289.06637228688885,
        289.06637228688885,
        289.06637228688885,
        289.06637228688885,
        289.06637228688885,
        289.06637228688885,
        289.06637228688885,
        289.06637228688885,
        289.06637228688885,
        289.06637228688885,
        289.06637228688885,
        289.06637228688885,
        289.06637228688885,
        289.06637228688885,
        289.06637228688885,
        289.06637228688885,
        289.06637228688885,
        289.06637228688885,
        289.06637228688885,
        289.06637228688885,
        289.06637228688885,
        289.06637228688885,
        289.06637228688885,
        289.06637228688885,
        289.06637228688885,
        289.06637228688885,
        289.06637228688885,
        289.06637228688885,
        289.06637228688885,
        289.06637228688885,
        289.06637228688885,
        289.06637228688885,
        289.06637228688885,
        289.06637228688885,
        289.06637228688885,
        289.06637228688885,
        289.06637228688885,
        289.06637228688885,
        289.06637228688885,
        289.06637228688885,
        289.06637228688885,
        289.06637228688885,
        289.06637228688885,
        289.06637228688885,
        289.06637228688885,
        289.06637228688885,
        289.06637228688885,
        289.06637228688885,
        289.06637228688885,
        289.06637228688885,
        289.06637228688885,
        289.06637228688885,
        289.06637228688885,
        289.06637228688885,
        289.06637228688885,
        289.06637228688885,
        289.06637228688885,
        289.06637228688885,
        289.06637228688885,
        289.06637228688885,
        289.06637228688885,
        289.06637228688885,
        289.06637228688885
    ],