{
    "testproblem": "quadratic_deep",
    "batch_size": 32,
    "num_epochs": 100,
    "random_seed": 46,
    "weight_decay": null,
    "optimizer_name": "Preconditioner",
    "optimizer_hyperparams": {
        "lr": 0.1
    },
    "training_params": {},
    "train_losses": [
        341.5329097624748,
        3.4482089822915658e+19,
        3698038401553044.5,
        2138743593044034.0,
        341.5329097624748,
        341.5329097624748,
        341.5329097624748,
        341.5329097624748,
        341.5329097624748,
        341.5329097624748,
        341.5329097624748,
        341.5329097624748,
        341.5329097624748,
        341.5329097624748,
        341.5329097624748,
        341.5329097624748,
        341.5329097624748,
        341.5329097624748,
        341.5329097624748,
        341.5329097624748,
        341.5329097624748,
        341.5329097624748,
        341.5329097624748,
        341.5329097624748,
        341.5329097624748,
        341.5329097624748,
        341.5329097624748,
        341.5329097624748,
        341.5329097624748,
        341.5329097624748,
        341.5329097624748,
        341.5329097624748,
        341.5329097624748,
        341.5329097624748,
        341.5329097624748,
        341.5329097624748,
        341.5329097624748,
        341.5329097624748,
        341.5329097624748,
        341.5329097624748,
        341.5329097624748,
        341.5329097624748,
        341.5329097624748,
        341.5329097624748,
        341.5329097624748,
        341.5329097624748,
        341.5329097624748,
        341.5329097624748,
        341.5329097624748,
        341.5329097624748,
        341.5329097624748,
        341.5329097624748,
        341.5329097624748,
        341.5329097624748,
        341.5329097624748,
        341.5329097624748,
        341.5329097624748,
        341.5329097624748,
        341.5329097624748,
        341.5329097624748,
        341.5329097624748,
        341.5329097624748,
        341.5329097624748,
        341.5329097624748,
        341.5329097624748,
        341.5329097624748,
        341.5329097624748,
        341.5329097624748,
        341.5329097624748,
        341.5329097624748,
        341.5329097624748,
        341.5329097624748,
        341.5329097624748,
        341.5329097624748,
        341.5329097624748,
        341.5329097624748,
        341.5329097624748,
        341.5329097624748,
        341.5329097624748,
        341.5329097624748,
        341.5329097624748,
        341.5329097624748,
        341.5329097624748,
        341.5329097624748,
        341.5329097624748,
        341.5329097624748,
        341.5329097624748,
        341.5329097624748,
        341.5329097624748,
        341.5329097624748,
        341.5329097624748,
        341.5329097624748,
        341.5329097624748,
        341.5329097624748,
        341.5329097624748,
        341.5329097624748,
        341.5329097624748,
        341.5329097624748,
        341.5329097624748,
        341.5329097624748,
        341.5329097624748
    ],
    "valid_losses": [
        338.44720655871976,
        3.4482089822915658e+19,
        3698038375575420.0,
        2138743567066409.2,
        338.44720655871976,
        338.44720655871976,
        338.44720655871976,
        338.44720655871976,
        338.44720655871976,
        338.44720655871976,
        338.44720655871976,
        338.44720655871976,
        338.44720655871976,
        338.44720655871976,
        338.44720655871976,
        338.44720655871976,
        338.44720655871976,
        338.44720655871976,
        338.44720655871976,
        338.44720655871976,
        338.44720655871976,
        338.44720655871976,
        338.44720655871976,
        338.44720655871976,
        338.44720655871976,
        338.44720655871976,
        338.44720655871976,
        338.44720655871976,
        338.44720655871976,
        338.44720655871976,
        338.44720655871976,
        338.44720655871976,
        338.44720655871976,
        338.44720655871976,
        338.44720655871976,
        338.44720655871976,
        338.44720655871976,
        338.44720655871976,
        338.44720655871976,
        338.44720655871976,
        338.44720655871976,
        338.44720655871976,
        338.44720655871976,
        338.44720655871976,
        338.44720655871976,
        338.44720655871976,
        338.44720655871976,
        338.44720655871976,
        338.44720655871976,
        338.44720655871976,
        338.44720655871976,
        338.44720655871976,
        338.44720655871976,
        338.44720655871976,
        338.44720655871976,
        338.44720655871976,
        338.44720655871976,
        338.44720655871976,
        338.44720655871976,
        338.44720655871976,
        338.44720655871976,
        338.44720655871976,
        338.44720655871976,
        338.44720655871976,
        338.44720655871976,
        338.44720655871976,
        338.44720655871976,
        338.44720655871976,
        338.44720655871976,
        338.44720655871976,
        338.44720655871976,
        338.44720655871976,
        338.44720655871976,
        338.44720655871976,
        338.44720655871976,
        338.44720655871976,
        338.44720655871976,
        338.44720655871976,
        338.44720655871976,
        338.44720655871976,
        338.44720655871976,
        338.44720655871976,
        338.44720655871976,
        338.44720655871976,
        338.44720655871976,
        338.44720655871976,
        338.44720655871976,
        338.44720655871976,
        338.44720655871976,
        338.44720655871976,
        338.44720655871976,
        338.44720655871976,
        338.44720655871976,
        338.44720655871976,
        338.44720655871976,
        338.44720655871976,
        338.44720655871976,
        338.44720655871976,
        338.44720655871976,
        338.44720655871976,
        338.44720655871976
    ],