{
    "training_params": {},
    "valid_accuracies": [
        0.10016025641025642,
        0.3229166666666667,
        0.48978365384615385,
        0.5744190705128205,
        0.6198918269230769,
        0.6479366987179487
    ],
    "optimizer_hyperparams": {
        "lr": null
    },
    "train_accuracies": [
        0.09975961538461539,
        0.29767628205128205,
        0.4753605769230769,
        0.5582932692307693,
        0.608573717948718,
        0.6368189102564102
    ],
    "train_losses": [
        2.658841664974506,
        2.1821731435946927,
        1.7124796540309222,
        1.4561456434237652,
        1.3345875105796716,
        1.2529359754079428
    ],
    "optimizer_name": "PreconditionedSGD_noinit",
    "test_accuracies": [
        0.10046073717948718,
        0.33443509615384615,
        0.4914863782051282,
        0.578125,
        0.6302083333333334,
        0.6481370192307693
    ],
    "random_seed": 51,
    "weight_decay": null,
    "batch_size": 64,
    "minibatch_train_losses": [
        2.658841664974506,
        2.667686939239502,
        2.6548521518707275,
        2.6441593170166016,
        2.632328748703003,
        2.623975992202759,
        2.592534065246582,
        2.538846731185913,
        2.5229482650756836,
        2.519122362136841,
        2.448594331741333,
        2.5151684284210205,
        2.3107717037200928,
        2.5149307250976562,
        2.412745475769043,
        2.382241725921631,
        2.3724992275238037,
        2.2948057651519775,
        2.2830283641815186,
        2.3241031169891357,
        2.4643778800964355,
        2.315636157989502,
        2.3362553119659424,
        2.3443188667297363,
        2.2384755611419678,
        2.2086703777313232,
        2.087489128112793,
        2.4155056476593018,
        2.3792905807495117,
        2.485290765762329,
        2.381648302078247,
        2.642878532409668,
        2.305126190185547,
        2.112894296646118,
        2.217141628265381,
        2.188079357147217,
        2.893327236175537,
        2.2015299797058105,
        2.3354790210723877,
        2.3016672134399414,
        2.355389356613159,
        2.474259614944458,
        2.107097625732422,
        2.087007761001587,
        2.163235664367676,
        1.9763829708099365,
        2.0206551551818848,
        2.156327724456787,
        2.522984504699707,
        2.3575923442840576,
        2.221081256866455,
        1.9253404140472412,
        2.1054956912994385,
        2.002748966217041,
        2.1586754322052,
        2.21040940284729,
        2.152827501296997,
        2.03832745552063,
        2.244276523590088,
        2.215412139892578,
        2.185957908630371,
        1.821858525276184,
        2.1355721950531006,
        1.7443245649337769,
        2.1821731435946927,
        2.2752952575683594,
        2.09542179107666,
        1.8822112083435059,
        2.0447747707366943,
        1.8529149293899536,
        2.0422170162200928,
        1.9854570627212524,
        1.7816622257232666,
        1.8977077007293701,
        1.8708868026733398,
        1.7836008071899414,
        1.6927940845489502,
        1.8556838035583496,
        1.9086990356445312,
        1.8066037893295288,
        1.8569810390472412,
        1.8174078464508057,
        1.8543704748153687,
        1.7476272583007812,
        1.9049867391586304,
        1.7460010051727295,
        2.0665433406829834,
        1.9690674543380737,
        1.7764811515808105,
        1.8105263710021973,
        1.891088604927063,
        1.6591097116470337,
        1.8365628719329834,
        1.7034977674484253,
        1.9750545024871826,
        1.8444550037384033,
        1.7457211017608643,
        1.7407220602035522,
        1.766575574874878,
        1.8556100130081177,
        1.8460043668746948,
        1.9920871257781982,
        1.6666862964630127,
        1.5665075778961182,
        1.6640456914901733,
        1.6237343549728394,
        1.6617639064788818,
        1.7861372232437134,
        1.689137578010559,
        1.7389947175979614,
        1.7086652517318726,
        1.408062219619751,
        1.8393269777297974,
        1.8171371221542358,
        1.8080339431762695,
        1.992037057876587,
        1.6229825019836426,
        1.8027417659759521,
        1.7435355186462402,
        1.8194037675857544,
        1.5234099626541138,
        1.507328748703003,
        1.9182175397872925,
        1.4717861413955688,
        1.673088550567627,
        1.6193472146987915,
        1.318522572517395,
        1.628960371017456,
        1.7124796540309222,
        1.52634859085083,
        1.73854660987854,
        1.3970441818237305,
        1.5999003648757935,
        1.6044387817382812,
        1.518249273300171,
        1.3418018817901611,
        1.8521897792816162,
        1.7846734523773193,
        1.4645637273788452,
        1.5971035957336426,
        1.624753713607788,
        1.528700590133667,
        1.4576101303100586,
        1.7798124551773071,
        1.5989673137664795,
        1.6109305620193481,
        1.6673732995986938,
        1.7750442028045654,
        1.7382164001464844,
        1.548671007156372,
        1.4436644315719604,
        1.6111180782318115,
        1.5224254131317139,
        1.7547876834869385,
        1.6133805513381958,
        1.5510475635528564,
        1.5309981107711792,
        1.7376810312271118,
        1.4454361200332642,
        1.64369535446167,
        1.5529996156692505,
        1.3632844686508179,
        1.3428459167480469,
        1.428888201713562,
        1.6414371728897095,
        1.6007568836212158,
        1.6677155494689941,
        1.6827651262283325,
        1.4973284006118774,
        1.4274919033050537,
        1.3121533393859863,
        1.6331095695495605,
        1.4533355236053467,
        1.474061369895935,
        1.5980056524276733,
        1.382536768913269,
        1.4417037963867188,
        1.4921791553497314,
        1.3621970415115356,
        1.476454496383667,
        1.4266129732131958,
        1.3285146951675415,
        1.538450837135315,
        1.3076136112213135,
        1.5509241819381714,
        1.28689444065094,
        1.3011130094528198,
        1.5028985738754272,
        1.2325210571289062,
        1.287218451499939,
        1.5829644203186035,
        1.5407465696334839,
        1.4561456434237652,
        1.3899415731430054,
        1.6175520420074463,
        1.4135264158248901,
        1.3688923120498657,
        1.1365514993667603,
        1.416064739227295,
        1.568006157875061,
        1.494210124015808,
        1.4385087490081787,
        1.3697596788406372,
        1.2682186365127563,
        1.5268831253051758,
        1.4911142587661743,
        1.3027253150939941,
        1.604451298713684,
        1.2436420917510986,
        1.3396649360656738,
        1.351398229598999,
        1.3273859024047852,
        1.3758615255355835,
        1.5513782501220703,
        1.5775030851364136,
        1.360344648361206,
        1.2933239936828613,
        1.5646876096725464,
        1.3962815999984741,
        1.264910101890564,
        1.380794644355774,
        1.5181440114974976,
        1.2692372798919678,
        1.242073893547058,
        1.2332173585891724,
        1.2299604415893555,
        1.0865654945373535,
        1.3180097341537476,
        1.335501790046692,
        1.4543801546096802,
        1.5744752883911133,
        1.3479286432266235,
        1.7519925832748413,
        1.267897605895996,
        1.2674006223678589,
        1.3938937187194824,
        1.2338522672653198,
        1.3294014930725098,
        1.2333393096923828,
        1.1615676879882812,
        1.2417570352554321,
        1.4223390817642212,
        1.4796619415283203,
        1.1690032482147217,
        1.3858426809310913,
        1.1128339767456055,
        1.3582301139831543,
        1.1917017698287964,
        1.3499516248703003,
        1.3175995349884033,
        1.3461272716522217,
