{
    "optimizer_hyperparams": {
        "lr": null
    },
    "train_losses": [
        2.658828004812583,
        2.207621008921892,
        1.8598186045120924,
        1.6836897279971685,
        1.5755448967982562,
        1.5365240245293348
    ],
    "test_losses": [
        2.658218055199354,
        2.175388772518207,
        1.8071174973096602,
        1.6169969936211903,
        1.5110037724177043,
        1.4432508166019733
    ],
    "testproblem": "cifar10_3c3d",
    "minibatch_train_losses": [
        2.658828004812583,
        2.6565511226654053,
        2.654106855392456,
        2.6596457958221436,
        2.620445489883423,
        2.5879297256469727,
        2.618332624435425,
        2.8431355953216553,
        2.527752161026001,
        2.482680082321167,
        2.4596235752105713,
        2.567988872528076,
        2.538144588470459,
        2.5143699645996094,
        2.5736889839172363,
        2.637535572052002,
        2.643946886062622,
        2.6422171592712402,
        2.584824800491333,
        2.568424701690674,
        2.4929187297821045,
        2.590029001235962,
        2.601078748703003,
        2.600602626800537,
        2.555851459503174,
        2.5662217140197754,
        2.4865217208862305,
        2.4378652572631836,
        2.424757242202759,
        2.544057607650757,
        2.5994644165039062,
        2.5516042709350586,
        2.48477840423584,
        2.511280059814453,
        2.4860689640045166,
        2.4380128383636475,
        2.388869047164917,
        2.4234883785247803,
        2.2947072982788086,
        2.5047168731689453,
        2.4690117835998535,
        2.4021921157836914,
        2.2999119758605957,
        2.317150115966797,
        2.2896203994750977,
        2.3658461570739746,
        2.3564369678497314,
        2.3896942138671875,
        2.630349636077881,
        2.4732048511505127,
        2.4039227962493896,
        2.1361746788024902,
        2.3459928035736084,
        2.2687058448791504,
        2.2952752113342285,
        2.246920347213745,
        2.226297378540039,
        2.2255806922912598,
        2.308591365814209,
        2.2422828674316406,
        2.127476453781128,
        2.242633581161499,
        2.1963741779327393,
        2.2074434757232666,
        2.207621008921892,
        2.2262039184570312,
        2.305621862411499,
        2.0659618377685547,
        2.1465048789978027,
        2.1663401126861572,
        2.112738609313965,
        2.0868396759033203,
        2.036281108856201,
        2.0116660594940186,
        2.134153366088867,
        2.1086032390594482,
        2.0599191188812256,
        1.9822969436645508,
        2.099360466003418,
        1.8741893768310547,
        2.124509811401367,
        2.0654680728912354,
        1.8878257274627686,
        2.1628928184509277,
        1.9784626960754395,
        2.1164681911468506,
        2.0922019481658936,
        2.0082461833953857,
        2.0702579021453857,
        1.9872766733169556,
        1.9819056987762451,
        1.88657546043396,
        1.897896409034729,
        2.099923610687256,
        1.9321486949920654,
        2.055164098739624,
        1.8633607625961304,
        1.7968664169311523,
        2.09165096282959,
        1.8400737047195435,
        1.9925376176834106,
        2.0686399936676025,
        2.1405138969421387,
        1.971716046333313,
        1.9678211212158203,
        2.0706074237823486,
        1.9873547554016113,
        1.8878812789916992,
        1.9300264120101929,
        2.1292288303375244,
        1.858902931213379,
        1.815877914428711,
        1.9275431632995605,
        1.8325330018997192,
        2.030655860900879,
        1.872645616531372,
        1.944614291191101,
        2.0123238563537598,
        1.8811428546905518,
        1.9812703132629395,
        1.9812606573104858,
        1.752759337425232,
        1.912366509437561,
        1.9465360641479492,
        1.9393514394760132,
        1.8968642950057983,
        1.916517972946167,
        1.8601473569869995,
        1.8598186045120924,
        1.8034100532531738,
        1.8732125759124756,
        1.930633306503296,
        1.9207818508148193,
        2.0257081985473633,
        1.6969008445739746,
        1.8450994491577148,
        1.7975441217422485,
        1.5644463300704956,
        1.7412481307983398,
        1.9919077157974243,
        1.781412124633789,
        1.9594216346740723,
        1.7551262378692627,
        1.8421101570129395,
        1.8867799043655396,
        1.9032690525054932,
        1.8593089580535889,
        1.6754423379898071,
        1.6292786598205566,
        1.7768046855926514,
        1.6475876569747925,
        1.6617443561553955,
        1.9745991230010986,
        1.7763550281524658,
        1.750147819519043,
        1.8268789052963257,
        2.1294162273406982,
        1.7300989627838135,
        1.6226993799209595,
        1.8195269107818604,
        1.6127984523773193,
        1.4586399793624878,
        1.6757144927978516,
        1.8233156204223633,
        1.7734140157699585,
        1.8533220291137695,
        1.708594799041748,
        1.6736019849777222,
        1.7748628854751587,
        1.8671444654464722,
        1.5957038402557373,
        1.8818942308425903,
        1.6326930522918701,
        1.6747000217437744,
        1.6793737411499023,
        1.67653226852417,
        1.8096814155578613,
        1.526124119758606,
        1.6360867023468018,
        1.5273303985595703,
        1.6593605279922485,
        1.963376522064209,
        1.7796294689178467,
        1.572957158088684,
        1.7576396465301514,
        1.9060693979263306,
        1.815911889076233,
        1.6998138427734375,
        1.826165795326233,
        1.5027282238006592,
        1.8244349956512451,
        1.7163820266723633,
        1.6836897279971685,
        1.6450650691986084,
        1.7018269300460815,
        1.9110838174819946,
        1.5455050468444824,
        1.471572756767273,
        1.787317156791687,
        1.527161955833435,
        1.494192361831665,
        1.5934548377990723,
        1.7813786268234253,
        1.5218640565872192,
        1.611571192741394,
        1.6075401306152344,
        1.665616750717163,
        1.500343680381775,
        1.5380733013153076,
        1.6513094902038574,
        1.7052444219589233,
        1.7500773668289185,
        1.6496849060058594,
        1.4848699569702148,
        1.5939533710479736,
        1.5700690746307373,
        1.6936635971069336,
        1.6688482761383057,
        1.7212833166122437,
        1.43849515914917,
        1.703077793121338,
        1.6675161123275757,
        1.5391312837600708,
        1.593465805053711,
        1.8160306215286255,
        1.4806917905807495,
        1.4392496347427368,
        1.740421175956726,
        1.6191153526306152,
        1.460310697555542,
        1.5559340715408325,
        1.711061716079712,
        1.6682722568511963,
        1.7498849630355835,
        1.5366212129592896,
        1.6952418088912964,
        1.8410670757293701,
        1.6449826955795288,
        1.571987509727478,
        1.5978882312774658,
        1.6045361757278442,
        1.6555428504943848,
        1.7068581581115723,
        1.5857466459274292,
        1.4691009521484375,
        1.553223967552185,
        1.4269646406173706,
        1.74325692653656,
        1.6514760255813599,
        1.5278414487838745,
        1.3805023431777954,
        1.4850584268569946,
        1.526969313621521,
        1.6422533988952637,
        1.5155932903289795,
        1.584425687789917,
        1.5755448967982562,
        1.6457937955856323,
        1.5935405492782593,
        1.5646339654922485,
        1.5211695432662964,
        1.4661232233047485,
        1.5425993204116821,
        1.7065943479537964,
        1.5928705930709839,
        1.48220956325531,
        1.393526315689087,
        1.5733063220977783,
        1.5782681703567505,
        1.82355797290802,
