{
    "train_losses": [
        2.658760573619451,
        2.065227346542554,
        1.717209211526773,
        1.465957482655843,
        1.3673801322778065,
        1.4336999219197493
    ],
    "optimizer_hyperparams": {
        "lr": null
    },
    "test_losses": [
        2.6587881644566855,
        2.011082189205365,
        1.629185894360909,
        1.3970317657177265,
        1.3083391946095686,
        1.3830726559345539
    ],
    "valid_accuracies": [
        0.09094551282051282,
        0.3512620192307692,
        0.487880608974359,
        0.5904447115384616,
        0.6235977564102564,
        0.604667467948718
    ],
    "valid_losses": [
        2.6589441773218985,
        2.0088555675286512,
        1.6331204260006928,
        1.3909882956590407,
        1.2995900274851384,
        1.3706701416999867
    ],
    "weight_decay": null,
    "training_params": {},
    "train_accuracies": [
        0.09194711538461539,
        0.32922676282051283,
        0.45653044871794873,
        0.5659054487179487,
        0.6031650641025641,
        0.5870392628205128
    ],
    "minibatch_train_losses": [
        2.658760573619451,
        2.6610214710235596,
        2.66109037399292,
        2.6521482467651367,
        2.6410775184631348,
        2.6103463172912598,
        2.601688861846924,
        2.533574342727661,
        2.4522762298583984,
        2.5068702697753906,
        2.5486392974853516,
        2.397413492202759,
        2.459287643432617,
        3.2146530151367188,
        2.394059658050537,
        2.5275444984436035,
        2.4239165782928467,
        2.241647481918335,
        2.298187017440796,
        2.373763084411621,
        2.398608684539795,
        2.4622092247009277,
        2.408291816711426,
        2.3164186477661133,
        2.2615599632263184,
        2.338210105895996,
        2.3247368335723877,
        2.381059169769287,
        2.138697862625122,
        2.2316246032714844,
        2.3458778858184814,
        2.179753541946411,
        2.116898536682129,
        2.229818820953369,
        2.3202483654022217,
        2.201246500015259,
        2.2762813568115234,
        2.1918697357177734,
        2.426483631134033,
        2.277621030807495,
        2.1579103469848633,
        2.1660423278808594,
        2.144770383834839,
        2.13128399848938,
        2.0975849628448486,
        2.1973962783813477,
        2.1738405227661133,
        1.8969125747680664,
        2.1699233055114746,
        2.1600959300994873,
        2.062138080596924,
        2.3378772735595703,
        2.0101752281188965,
        2.1628339290618896,
        1.8537583351135254,
        1.993805170059204,
        2.2464182376861572,
        2.1310410499572754,
        2.254511594772339,
        1.9929805994033813,
        2.1455323696136475,
        1.851840615272522,
        2.023815631866455,
        1.5788789987564087,
        2.065227346542554,
        2.2010953426361084,
        2.0145862102508545,
        1.9285387992858887,
        1.7827509641647339,
        1.8839186429977417,
        2.079500675201416,
        1.7889375686645508,
        1.9422492980957031,
        1.8814098834991455,
        1.837960958480835,
        1.974530577659607,
        1.8522974252700806,
        1.8397274017333984,
        2.009394884109497,
        1.8613020181655884,
        1.8271358013153076,
        1.9399725198745728,
        1.7014487981796265,
        1.9454752206802368,
        1.8245112895965576,
        1.5291879177093506,
        1.6029243469238281,
        1.8979244232177734,
        1.5558161735534668,
        1.7823712825775146,
        1.7832127809524536,
        1.7242851257324219,
        2.012150287628174,
        1.7942659854888916,
        1.9206702709197998,
        1.7278045415878296,
        1.7584426403045654,
        1.60746431350708,
        1.6013307571411133,
        1.6425495147705078,
        1.6307549476623535,
        1.629167914390564,
        1.860008716583252,
        1.9739913940429688,
        1.8315073251724243,
        1.7270852327346802,
        1.6583362817764282,
        1.9721133708953857,
        1.6792385578155518,
        1.7535254955291748,
        1.4490268230438232,
        1.747828722000122,
        1.67209792137146,
        1.6283092498779297,
        1.8660099506378174,
        1.6918694972991943,
        1.6492031812667847,
        1.5958048105239868,
        1.5680510997772217,
        1.5070656538009644,
        1.7950032949447632,
        1.6185145378112793,
        1.7379361391067505,
        1.7411043643951416,
        1.5917518138885498,
        1.7353557348251343,
        1.8019022941589355,
        1.8563302755355835,
        1.717209211526773,
        1.5511218309402466,
        1.7809885740280151,
        1.9210541248321533,
        1.391396403312683,
        1.47948157787323,
        1.4360452890396118,
        1.5989229679107666,
        1.6201457977294922,
        1.9200469255447388,
        1.229356050491333,
        1.2761704921722412,
        1.6143699884414673,
        1.4717271327972412,
        1.7116681337356567,
        1.777186393737793,
        1.3806391954421997,
        1.378476858139038,
        1.3729050159454346,
        1.4344751834869385,
        1.4919345378875732,
        1.4843248128890991,
        1.4359478950500488,
        1.376580834388733,
        1.6596503257751465,
        1.506554126739502,
        1.6316001415252686,
        1.524861454963684,
        1.2436950206756592,
        1.5112483501434326,
        1.4872075319290161,
        1.480027198791504,
        1.3545541763305664,
        1.5373973846435547,
        1.7761346101760864,
        1.6081585884094238,
        1.517704725265503,
        1.4731853008270264,
        1.6064975261688232,
        1.5363044738769531,
        1.5357292890548706,
        1.6651170253753662,
        1.3899301290512085,
        1.4548027515411377,
        1.2436915636062622,
        1.788370966911316,
        1.492734432220459,
        1.5868502855300903,
        1.3064957857131958,
        1.4234082698822021,
        1.3459253311157227,
        1.4355440139770508,
        1.4780387878417969,
        1.5910897254943848,
        1.605504035949707,
        1.7418222427368164,
        1.5043861865997314,
        1.28814697265625,
        1.5312793254852295,
        1.4142510890960693,
        1.3541128635406494,
        1.4107251167297363,
        1.2340983152389526,
        1.505986213684082,
        1.465957482655843,
        1.5427818298339844,
        1.4158862829208374,
        1.4078408479690552,
        1.58341646194458,
        1.571600079536438,
        1.3894222974777222,
        1.5285484790802002,
        1.5774290561676025,
        1.212599277496338,
        1.560732364654541,
        1.3880208730697632,
        1.558074712753296,
        1.3806496858596802,
        1.3539823293685913,
        1.4555171728134155,
        1.1274290084838867,
        1.3059996366500854,
        1.2839537858963013,
        1.378363013267517,
        1.3857163190841675,
        1.440941333770752,
        1.3632525205612183,
        1.3379323482513428,
        1.4873846769332886,
        1.3730411529541016,
        1.6532018184661865,
        1.7073599100112915,
        1.5209944248199463,
        1.4097058773040771,
        1.3777203559875488,
        1.4084718227386475,
        1.6050965785980225,
        1.4629374742507935,
        1.716963291168213,
        1.4668769836425781,
        1.2038732767105103,
        1.4095420837402344,
        1.3235056400299072,
        1.4705333709716797,
        1.4877119064331055,
        1.5092557668685913,
        1.3328875303268433,
        1.7213739156723022,
        1.5610747337341309,
        1.4417757987976074,
        1.4211927652359009,
        1.4837865829467773,
        1.330305814743042,
        1.4072144031524658,
        1.7226364612579346,
        1.3689522743225098,
        1.2907801866531372,
        1.4978656768798828,
        1.412258505821228,
        1.4263789653778076,
