{
    "weight_decay": null,
    "optimizer_hyperparams": {
        "lr": null
    },
    "train_accuracies": [
        0.10657051282051282,
        0.37219551282051283,
        0.5002003205128205,
        0.5634014423076923,
        0.5871394230769231,
        0.6323116987179487
    ],
    "batch_size": 64,
    "test_losses": [
        2.6582176501934347,
        1.8885684257898576,
        1.5367226677063184,
        1.3491341158365593,
        1.2802889320330741,
        1.1768158215742845
    ],
    "test_accuracies": [
        0.10326522435897435,
        0.3972355769230769,
        0.5275440705128205,
        0.6025641025641025,
        0.6255008012820513,
        0.6624599358974359
    ],
    "optimizer_name": "PreconditionedSGD_noinit",
    "random_seed": 42,
    "num_epochs": 5,
    "valid_accuracies": [
        0.10416666666666667,
        0.3981370192307692,
        0.5215344551282052,
        0.6019631410256411,
        0.6333133012820513,
        0.6699719551282052
    ],
    "train_losses": [
        2.657845839475974,
        1.9727689119485707,
        1.6221885490111816,
        1.4485818491532252,
        1.3723695507416358,
        1.2531212247334993
    ],
    "minibatch_train_losses": [
        2.657845839475974,
        2.658721446990967,
        2.655160903930664,
        2.64920711517334,
        2.638838052749634,
        2.6418583393096924,
        2.5824825763702393,
        2.536545991897583,
        2.4973838329315186,
        2.52361798286438,
        2.5220324993133545,
        2.512829065322876,
        2.486902952194214,
        2.342947006225586,
        2.8268609046936035,
        2.5251693725585938,
        2.4996025562286377,
        2.6636910438537598,
        2.4000730514526367,
        2.4454362392425537,
        2.373629093170166,
        2.3718268871307373,
        2.2818641662597656,
        2.5046277046203613,
        2.316103219985962,
        2.3666224479675293,
        2.2191431522369385,
        2.387948513031006,
        2.520414113998413,
        2.201000690460205,
        2.329294204711914,
        2.341207981109619,
        2.1641247272491455,
        2.167084217071533,
        2.3873775005340576,
        2.1954376697540283,
        2.3283252716064453,
        2.0340237617492676,
        2.2141494750976562,
        2.1138033866882324,
        2.391407012939453,
        2.155808448791504,
        2.195333480834961,
        2.0648179054260254,
        2.164968729019165,
        3.766040086746216,
        2.2858972549438477,
        2.317838668823242,
        2.158468723297119,
        2.3033447265625,
        1.9455785751342773,
        1.9694349765777588,
        2.464244842529297,
        2.012448310852051,
        2.2296817302703857,
        2.102046251296997,
        2.0949440002441406,
        2.0965938568115234,
        2.008934497833252,
        2.217184066772461,
        2.3465824127197266,
        2.016364574432373,
        2.0230355262756348,
        2.151319742202759,
        1.9727689119485707,
        1.860356092453003,
        2.0083932876586914,
        1.8138914108276367,
        2.0454063415527344,
        1.7490043640136719,
        1.8608367443084717,
        1.6509222984313965,
        1.720761775970459,
        1.87673819065094,
        1.9282200336456299,
        1.9506222009658813,
        1.6957709789276123,
        1.737815022468567,
        1.9304009675979614,
        1.7576167583465576,
        1.6915589570999146,
        1.6096059083938599,
        1.9414836168289185,
        1.8869880437850952,
        1.756493330001831,
        1.7470210790634155,
        1.644787073135376,
        1.6645327806472778,
        1.727449893951416,
        1.7101492881774902,
        1.6343642473220825,
        1.736550211906433,
        1.7403262853622437,
        1.8702311515808105,
        1.5853925943374634,
        1.7981739044189453,
        1.7313292026519775,
        1.781896710395813,
        1.7189446687698364,
        1.8068857192993164,
        1.6920397281646729,
        1.8449071645736694,
        1.6029341220855713,
        1.682342767715454,
        1.817862629890442,
        1.6952624320983887,
        1.6480635404586792,
        2.1243350505828857,
        1.8119381666183472,
        1.6368101835250854,
        1.52186119556427,
        1.5178734064102173,
        1.6135445833206177,
        1.5764232873916626,
        1.779414415359497,
        2.0522196292877197,
        1.6738390922546387,
        1.7132755517959595,
        1.459657907485962,
        1.8820724487304688,
        1.5906474590301514,
        1.7653334140777588,
        2.0428080558776855,
        1.7877073287963867,
        1.8147790431976318,
        1.7786600589752197,
        1.5744472742080688,
        1.8098644018173218,
        1.6221885490111816,
        1.6652828454971313,
        1.5787286758422852,
        1.6053836345672607,
        1.3792998790740967,
        1.6831650733947754,
        1.515175700187683,
        1.564650058746338,
        1.8145942687988281,
        1.7181167602539062,
        1.632528305053711,
        1.4802637100219727,
        1.4905908107757568,
        1.582877278327942,
        1.559844732284546,
        1.6698627471923828,
        1.736266851425171,
        1.3695697784423828,
        1.5103131532669067,
        1.4718313217163086,
        1.4830083847045898,
        1.6043764352798462,
        1.462871789932251,
        1.5213041305541992,
        1.5667890310287476,
        1.5057538747787476,
        1.8283601999282837,
        1.458099126815796,
        1.4007962942123413,
        1.6188033819198608,
        1.619026780128479,
        1.4379347562789917,
        1.3016189336776733,
        1.5757704973220825,
        1.4074552059173584,
        1.4947947263717651,
        1.6282711029052734,
        1.555320382118225,
        1.8875677585601807,
        1.3493760824203491,
        1.504797339439392,
        1.5214619636535645,
        1.5085400342941284,
        1.5411936044692993,
        1.4604896306991577,
        1.3718887567520142,
        1.4306001663208008,
        1.3013629913330078,
        1.4561429023742676,
        1.4794772863388062,
        1.4879909753799438,
        1.6066287755966187,
        1.4501584768295288,
        1.5483064651489258,
        1.1659631729125977,
        1.4943888187408447,
        1.2941584587097168,
        1.4125927686691284,
        1.6884839534759521,
        1.333082675933838,
        1.5722248554229736,
        1.5319678783416748,
        1.4308313131332397,
        1.2503705024719238,
        1.4485818491532252,
        1.5106220245361328,
        1.3395709991455078,
        1.4299696683883667,
        1.5000998973846436,
        1.4263067245483398,
        1.611263394355774,
        1.3064020872116089,
        1.5067620277404785,
        1.3683907985687256,
        1.441344141960144,
        1.2378860712051392,
        1.198349952697754,
        1.5995442867279053,
        1.3767907619476318,
        1.2250055074691772,
        1.4134771823883057,
        1.3246328830718994,
        1.4602683782577515,
        1.37296462059021,
        1.420193076133728,
        1.2332820892333984,
        1.3528326749801636,
        1.320326328277588,
        1.474528193473816,
        1.309203028678894,
        1.228193759918213,
        1.6077511310577393,
        1.3269028663635254,
        1.245337963104248,
        1.3207286596298218,
        1.4157845973968506,
        1.3588181734085083,
        1.3014042377471924,
        1.3008898496627808,
        1.3008877038955688,
        1.4655524492263794,
        1.5385937690734863,
        1.5126595497131348,
        1.4709558486938477,
        1.409488320350647,
        1.3153754472732544,
        1.320743441581726,
        1.573915958404541,
        1.5255085229873657,
        1.3692808151245117,
        1.3965317010879517,
        1.2137919664382935,
        1.415630578994751,
        1.3472766876220703,
        1.3744653463363647,
        1.219667911529541,
