{
    "testproblem": "cifar10_3c3d",
    "random_seed": 44,
    "test_losses": [
        2.6595098758355165,
        2.0535016304407363,
        1.6115302069064898,
        1.4739145338535309,
        1.3727780527029283,
        1.303710061006057
    ],
    "optimizer_name": "PreconditionedSGD_noinit",
    "optimizer_hyperparams": {
        "lr": null
    },
    "training_params": {},
    "train_accuracies": [
        0.09475160256410256,
        0.29627403846153844,
        0.4696514423076923,
        0.5357572115384616,
        0.5688100961538461,
        0.6001602564102564
    ],
    "num_epochs": 5,
    "minibatch_train_losses": [
        2.6598452895115585,
        2.6530039310455322,
        2.6701440811157227,
        2.6663923263549805,
        2.635288715362549,
        2.630220890045166,
        2.6185250282287598,
        2.5975112915039062,
        2.5604355335235596,
        2.544586420059204,
        2.615065574645996,
        2.4914941787719727,
        2.5798134803771973,
        2.564192771911621,
        2.504638195037842,
        2.6090595722198486,
        2.3677854537963867,
        2.358980417251587,
        2.444732904434204,
        2.356386184692383,
        2.398852586746216,
        2.4813787937164307,
        2.3714840412139893,
        2.5722877979278564,
        2.2963593006134033,
        2.311671733856201,
        2.5172369480133057,
        2.3191723823547363,
        2.2628345489501953,
        2.2434608936309814,
        2.3034071922302246,
        2.345501184463501,
        2.404005527496338,
        2.3759005069732666,
        2.256570339202881,
        2.240752696990967,
        2.269456386566162,
        2.250680446624756,
        2.328401565551758,
        2.220275402069092,
        2.287740468978882,
        2.1808969974517822,
        2.3583364486694336,
        2.330371141433716,
        2.2392866611480713,
        2.232633352279663,
        2.104240655899048,
        1.808556318283081,
        2.1631336212158203,
        1.936140537261963,
        2.021758556365967,
        2.0233395099639893,
        2.0710132122039795,
        2.2616560459136963,
        2.2199976444244385,
        2.128854274749756,
        2.198061943054199,
        2.1233954429626465,
        2.2696285247802734,
        2.0446321964263916,
        2.0135626792907715,
        1.986755132675171,
        2.2429397106170654,
        1.9663441181182861,
        2.144830745000106,
        2.156048059463501,
        2.081153154373169,
        2.1147983074188232,
        1.8577457666397095,
        1.9498958587646484,
        1.949118733406067,
        1.7399839162826538,
        2.118178367614746,
        1.7969939708709717,
        1.736566185951233,
        1.8884572982788086,
        2.0480411052703857,
        1.8166728019714355,
        1.9085707664489746,
        1.9145044088363647,
        1.7631690502166748,
        1.8153451681137085,
        1.8319735527038574,
        1.7441084384918213,
        1.9084415435791016,
        1.6553857326507568,
        1.8175824880599976,
        1.8075969219207764,
        1.741262435913086,
        1.9673538208007812,
        1.7996312379837036,
        1.9095637798309326,
        1.9011306762695312,
        1.6556859016418457,
        1.7478693723678589,
        1.67438542842865,
        1.643046259880066,
        1.7889196872711182,
        1.6828796863555908,
        1.9500184059143066,
        1.9918462038040161,
        1.618828535079956,
        2.1601829528808594,
        1.7297173738479614,
        1.9380123615264893,
        1.6282000541687012,
        1.821882963180542,
        1.7524914741516113,
        1.8355659246444702,
        1.8978866338729858,
        1.8705060482025146,
        1.8145681619644165,
        1.8228187561035156,
        1.687125325202942,
        1.9006810188293457,
        1.5625219345092773,
        1.8748866319656372,
        1.8546195030212402,
        1.8503504991531372,
        1.7893130779266357,
        1.680180311203003,
        1.905825138092041,
        1.7073965072631836,
        1.8221863508224487,
        1.8669573068618774,
        1.6246771812438965,
        1.4902241230010986,
        1.5733529329299927,
        1.6866035820581975,
        1.6141400337219238,
        1.4699805974960327,
        1.5396649837493896,
        1.5394353866577148,
        1.6660937070846558,
        1.792277455329895,
        1.5919749736785889,
        1.5733287334442139,
        1.5967748165130615,
        1.679013729095459,
        1.7677451372146606,
        1.4950597286224365,
        1.5823285579681396,
        1.587772011756897,
        1.6915351152420044,
        1.561733603477478,
        1.5098850727081299,
        1.7342041730880737,
        1.8712942600250244,
        1.6094434261322021,
        1.5312325954437256,
        1.579461693763733,
        1.3877716064453125,
        1.5393425226211548,
        1.6139662265777588,
        1.5449409484863281,
        1.7833857536315918,
        1.4891122579574585,
        1.6693716049194336,
        1.4808642864227295,
        1.4340978860855103,
        1.6693779230117798,
        1.7754919528961182,
        1.7357747554779053,
        1.5913397073745728,
        1.8151341676712036,
        1.8106001615524292,
        1.4434391260147095,
        1.4727870225906372,
        1.4225752353668213,
        1.4624882936477661,
        1.6789202690124512,
        1.5675723552703857,
        1.5265990495681763,
        1.6186468601226807,
        1.330117106437683,
        1.3448153734207153,
        1.5072377920150757,
        1.7448009252548218,
        1.4640836715698242,
        1.6222280263900757,
        1.5145314931869507,
        1.6206941604614258,
        1.5328810214996338,
        1.6815447807312012,
        1.5366945266723633,
        1.4958126544952393,
        1.3671059608459473,
        1.4932279586791992,
        1.3500534296035767,
        1.5910824537277222,
        1.4236345291137695,
        1.6753177642822266,
        1.5396615068117778,
        1.514063835144043,
        1.5763206481933594,
        1.4523793458938599,
        1.5287387371063232,
        1.6218714714050293,
        1.4538264274597168,
        1.5717469453811646,
        1.3638792037963867,
        1.410789966583252,
        1.3489634990692139,
        1.5160342454910278,
        1.3448872566223145,
        1.384823203086853,
        1.5128532648086548,
        1.4823787212371826,
        1.490279197692871,
        1.4715732336044312,
        1.5848406553268433,
        1.4328703880310059,
        1.4600085020065308,
        1.4754703044891357,
        1.621171474456787,
        1.7511833906173706,
        1.6636000871658325,
        1.66269850730896,
        1.246133804321289,
        1.4843084812164307,
        1.2862353324890137,
        1.6437854766845703,
        1.8025450706481934,
        1.8132877349853516,
        1.6691347360610962,
        1.3916245698928833,
        1.390031099319458,
        1.1039719581604004,
        1.5029782056808472,
        1.7334953546524048,
        1.2824101448059082,
        1.2762560844421387,
        1.454744815826416,
        1.5817078351974487,
        1.5233502388000488,
        1.3933911323547363,
        1.3552371263504028,
        1.614707112312317,
        1.5077317953109741,
        1.4559869766235352,
        1.4734982252120972,
        1.4824963808059692,
        1.381040096282959,
        1.4479526281356812,
        1.2393364906311035,
        1.5239213705062866,
        1.4302115440368652,
        1.3488435745239258,
        1.4054292440414429,
        1.3185241222381592,
        1.4413450956344604,
        1.6154100894927979,
        1.448966383934021,
        1.61710524559021,
        1.3456671237945557,
        1.1913435459136963,
        1.434173047542572,
        1.4302836656570435,
        1.440824031829834,
        1.4939485788345337,
        1.3571006059646606,
        1.561833381652832,
        1.2975095510482788,
        1.1053268909454346,
        1.4002807140350342,
