{
    "testproblem": "quadratic_deep",
    "batch_size": 32,
    "num_epochs": 100,
    "random_seed": 49,
    "weight_decay": null,
    "optimizer_name": "SGD",
    "optimizer_hyperparams": {
        "lr": 0.00031622776601683794
    },
    "training_params": {},
    "train_losses": [
        356.5082732169859,
        207.4110117266255,
        148.6772928545552,
        124.30555355933404,
        114.08612011324975,
        109.81697500905683,
        107.58897719844695,
        106.87828753071446,
        106.03997433570123,
        105.57923815327305,
        105.42185949510143,
        105.14526884017452,
        104.71729327786353,
        104.68860306278351,
        104.43720491470829,
        104.30533353744015,
        104.1235083303144,
        103.83465157785723,
        103.76430363808909,
        103.40756225585938,
        103.02652174426663,
        102.95088786463583,
        102.82963315902218,
        102.78738304876512,
        102.28753932829827,
        102.33963406470514,
        102.15543193201864,
        101.79569859658518,
        101.77156608335433,
        101.54069346766317,
        101.06822746030745,
        101.19563859508884,
        100.96024987005418,
        100.71380812121976,
        100.78814278879473,
        100.5609367124496,
        100.5269066595262,
        100.32128241754347,
        99.98702116935483,
        99.95021401682207,
        99.72813735469695,
        99.70581374629852,
        99.3194816343246,
        99.11104977515436,
        99.12226400067729,
        99.18369022492439,
        98.83966433617377,
        98.82420447564894,
        98.5037081318517,
        98.46090599798387,
        98.4878919047694,
        98.2737783616589,
        97.89761278706212,
        98.09131203928301,
        97.65563177293346,
        97.74718032344695,
        97.84757503386467,
        97.31133245652721,
        97.42090434412802,
        97.34149982083228,
        97.1273916921308,
        97.0188940725019,
        97.0409927368164,
        96.88807481335056,
        96.50916044173702,
        96.56306703629032,
        96.37027592812815,
        96.4566416586599,
        96.17636108398438,
        96.16901077762726,
        96.1975587414157,
        96.09473837575605,
        96.05684932585686,
        95.80469340662802,
        95.63598288259199,
        95.59402490431263,
        95.50542868337324,
        95.41510280486077,
        95.22202473302042,
        94.96516443067982,
        95.1632596908077,
        94.94133906210622,
        94.8261216686618,
        94.89926492014239,
        94.7116945328251,
        94.82164222963395,
        94.43572751937374,
        94.42281415385585,
        94.57556398453251,
        94.42190970143965,
        94.04795812791393,
        94.31698731453189,
        94.00786565965221,
        94.01145639727193,
        93.84728437854397,
        93.83783082039126,
        93.87378200407952,
        93.64249543220767,
        93.52111447241998,
        93.44484046197707,
        93.47424021074849
    ],
    "valid_losses": [
        356.5839538574219,
        207.81173213835686,
        148.84639863044984,
        124.67057751071069,
        114.58544749598349,
        110.18421862202305,
        108.18625886978641,
        107.1654761529738,
        106.58533797725555,
        106.21286281462639,
        105.9260987312563,
        105.67996634206465,
        105.45139583464592,
        105.23858322635773,
        105.02040100097656,
        104.81778347876764,
        104.61113862068423,
        104.41300939744518,
        104.21167952014554,
        104.01131365376133,
        103.82224322903541,
        103.62690316477129,
        103.43969258954448,
        103.247315437563,
        103.06090447210497,
        102.88369258757561,
        102.6986566358997,
        102.52203393751576,
        102.34648058491368,
        102.17498853129726,
        101.99976275044102,
        101.82750062019595,
        101.6566152264995,
        101.49017924647177,
        101.33485363375756,
        101.17494300103957,
        101.01651517806515,
        100.86375968686995,
        100.70977955479776,
        100.56258170835433,
        100.40921266617313,
        100.26017342844317,
        100.1122062436996,
        99.96811011529738,
        99.82500605429372,
        99.68628200407952,
        99.55051151398689,
        99.41359316918158,
        99.27704349640877,
        99.14447439870527,
        99.01614182995212,
        98.88674779092112,
        98.75438074911794,
        98.6289301226216,
        98.50603829660723,
        98.38040038078061,
        98.2602056687878,
        98.1335924210087,
        98.02018122519216,
        97.90297009868007,
        97.78271607429751,
        97.66951850152785,
        97.5624758812689,
        97.44556279336253,
        97.33460998535156,
        97.22499552080708,
        97.11807817028415,
        97.01432751071069,
        96.91532208842617,
        96.80923388081212,
        96.70304255331716,
        96.60292594663558,
        96.50443292433216,
        96.40702007662865,
        96.31493845293599,
        96.21767917756111,
        96.11547556231099,
        96.02452874952748,
        95.9324719828944,
        95.84314900059854,
        95.75557413408833,
        95.66917493266445,
        95.57843386742377,
        95.49726252402029,
        95.40851617628529,
        95.32661905596333,
        95.23501390026462,
        95.15375346522177,
        95.07242288897115,
        94.9959241805538,
        94.91932481335056,
        94.8416509320659,
        94.76279178742439,
        94.68396439090851,
        94.60573011829007,
        94.53697598365045,
        94.46567117014239,
        94.38701924970073,
        94.31237177694997,
        94.24701518397177,
        94.17772674560547
    ],