{
    "testproblem": "quadratic_deep",
    "batch_size": 32,
    "num_epochs": 100,
    "random_seed": 50,
    "weight_decay": null,
    "optimizer_name": "SGD",
    "optimizer_hyperparams": {
        "lr": 0.00031622776601683794
    },
    "training_params": {},
    "train_losses": [
        315.09813567130794,
        190.91627157888104,
        142.47898151028542,
        122.88420621810421,
        114.86631504181892,
        111.20133160006615,
        109.46781453778667,
        108.55877094884073,
        108.04146231374433,
        107.43811625819052,
        107.36195521200857,
        106.96628816666141,
        106.76825591056577,
        106.38898025020477,
        106.21866632276966,
        105.68499066752773,
        105.52801858225176,
        105.34256941272366,
        105.00048089796498,
        104.96342935869771,
        104.49422504055885,
        104.32652282714844,
        104.27265118014428,
        103.74404365785661,
        103.63818383985951,
        103.36069759245842,
        103.30834173387096,
        102.80657196044922,
        102.69175695603893,
        102.39289929789882,
        102.2162615868353,
        102.02792604507938,
        101.9429181006647,
        101.60352226995653,
        101.44198337677986,
        101.12220542661605,
        101.14061097175845,
        100.96140707692793,
        100.80093679120463,
        100.48365955968058,
        100.3699490947108,
        100.2096697899603,
        99.93879650485131,
        99.88433370282573,
        99.75184040684854,
        99.52639327510711,
        99.33976351830268,
        98.99721034880608,
        98.95304083055065,
        98.86914357831401,
        98.57770735217679,
        98.44445431616998,
        98.2229759462418,
        98.33094073880103,
        98.08999806065714,
        98.03677786550215,
        97.67620923442226,
        97.6290263514365,
        97.3299570391255,
        97.43657561271421,
        97.34117741738596,
        96.92393616707095,
        96.8292470132151,
        96.82944119361139,
        96.91998389459425,
        96.61242552726499,
        96.32801277406755,
        96.26446016373173,
        96.11093976420742,
        96.1659176734186,
        95.87777266963836,
        95.80992126464844,
        95.68232800883632,
        95.48698179183468,
        95.43634500811177,
        95.53961378528226,
        95.34517522012034,
        95.16681671142578,
        95.29574388073337,
        94.94674116565335,
        94.75167625181136,
        94.89844562161353,
        94.65385904619771,
        94.40902709960938,
        94.47298652895036,
        94.4429687992219,
        94.30060405115927,
        94.21810568532636,
        94.28638532084804,
        94.00257848924205,
        94.02908472861013,
        94.04422440067414,
        93.71170683830015,
        93.76771643853957,
        93.66637592930948,
        93.52265511789629,
        93.5630840178459,
        93.38074468797252,
        93.43106128323463,
        93.10275219332787,
        93.1997567453692
    ],
    "valid_losses": [
        320.9940018192414,
        194.45994272539693,
        144.41966690555697,
        123.97242072320753,
        115.41693582842427,
        111.6208021102413,
        109.78835616573211,
        108.79145394602129,
        108.18977528233683,
        107.75305003504599,
        107.38304015128843,
        107.06000518798828,
        106.76591196367818,
        106.49075440437564,
        106.21527911770728,
        105.93791198730469,
        105.67020883867818,
        105.40976025981288,
        105.16089777792654,
        104.90913637222782,
        104.6557115124118,
        104.40641883111769,
        104.1661605834961,
        103.94000268751576,
        103.70415349160471,
        103.47174293764176,
        103.24447607224987,
        103.02319877378402,
        102.80302995251071,
        102.58478423087827,
        102.37832764656314,
        102.15989045173892,
        101.95253089166457,
        101.75998417023689,
        101.55764278288811,
        101.35514363934917,
        101.16912497243574,
        100.97623738934917,
        100.78257037747291,
        100.60420546993133,
        100.41578526650706,
        100.23449042535597,
        100.06018853956654,
        99.88240617321384,
        99.70901833811114,
        99.54474443004978,
        99.37660881780809,
        99.2111341414913,
        99.05298589891002,
        98.89920585386214,
        98.7502685054656,
        98.57791137695312,
        98.42811116864604,
        98.27601106705204,
        98.12663318264869,
        97.99012830180507,
        97.85896941154233,
        97.71336881576046,
        97.57499645602319,
        97.42964467694682,
        97.29435631536668,
        97.16254548103579,
        97.03172917519846,
        96.90238608083418,
        96.77157469718686,
        96.64183069044545,
        96.51711716190461,
        96.39402746385143,
        96.27283354728452,
        96.15751081897366,
        96.04946874803112,
        95.93952154344127,
        95.82323357366747,
        95.72604911558089,
        95.60925563689202,
        95.48959375196888,
        95.3833746141003,
        95.2806642593876,
        95.17199091757497,
        95.07749397523942,
        94.971191898469,
        94.87743525351247,
        94.77681215347782,
        94.68699621385143,
        94.58602757607737,
        94.50052470545614,
        94.3991182388798,
        94.30358049946446,
        94.22384102113786,
        94.13119137671686,
        94.03624405399445,
        93.96393216040826,
        93.87852896413496,
        93.7838383336221,
        93.69981581164944,
        93.62163863643524,
        93.55086788054436,
        93.46849822998047,
        93.38549017137096,
        93.30609869187877,
        93.23056128717238
    ],