{
    "testproblem": "quadratic_deep",
    "batch_size": 32,
    "num_epochs": 100,
    "random_seed": 51,
    "weight_decay": null,
    "optimizer_name": "SGD",
    "optimizer_hyperparams": {
        "lr": 0.00031622776601683794
    },
    "training_params": {},
    "train_losses": [
        410.73757048576107,
        244.2826848183909,
        171.41077546150453,
        137.12318051245904,
        121.13422246133128,
        113.27129019460371,
        109.16990513955393,
        107.09575653076172,
        105.86285867998677,
        105.0062014672064,
        104.6466559133222,
        104.11673170520413,
        104.00790134552986,
        103.62746183333859,
        103.5313208795363,
        103.20177238218245,
        102.92772108508694,
        102.79592993951613,
        102.62088997133317,
        102.28819644066596,
        102.31295136482485,
        102.05820957306892,
        101.74589267853767,
        101.65701023224861,
        101.48514975270918,
        101.18569552513861,
        100.80040125693044,
        101.01568603515625,
        100.75908660888672,
        100.67022754300025,
        100.40102607973161,
        100.26419584212765,
        99.99238660258632,
        99.7759751350649,
        99.75852301812941,
        99.59766880158455,
        99.48571801954701,
        99.40329422489289,
        99.28858160203502,
        99.14135471467048,
        98.89691752772177,
        98.95427506969821,
        98.69816589355469,
        98.63059431506741,
        98.53377926734186,
        98.34677468576739,
        98.29620312106225,
        98.10760965654927,
        97.79295447564894,
        97.93185769357989,
        97.4877437468498,
        97.42183857579386,
        97.46003255536479,
        97.24268513341104,
        97.20999268562564,
        96.95310728011593,
        97.10731678624308,
        96.64463510820943,
        96.75645200667843,
        96.6308106453188,
        96.18614024500692,
        96.26070527107485,
        96.23747991746471,
        96.09026558168473,
        95.87994557042276,
        96.04961715206024,
        96.02426319737589,
        95.64285352153163,
        95.72376792661605,
        95.48019704511088,
        95.28148035849294,
        95.37869681081465,
        95.15430647327054,
        95.29860613423008,
        95.09603168118385,
        95.1085436421056,
        95.01360640987274,
        94.77022675544985,
        94.78506543559413,
        94.61282668575164,
        94.62879796181956,
        94.57668870495212,
        94.46566329463836,
        94.46853416196761,
        94.19608233051915,
        94.27388074321132,
        94.11421228224232,
        94.08429644184727,
        94.07967721262285,
        93.85979215560421,
        93.8715588969569,
        93.64513667937248,
        93.79272017940399,
        93.58140514742944,
        93.54331970214844,
        93.36684688445061,
        93.45605837914252,
        93.32894232965285,
        93.37193593671245,
        93.13789466119582,
        93.0210443312122
    ],
    "valid_losses": [
        421.5541253858997,
        251.4841992778163,
        175.59277688303303,
        140.1968777564264,
        123.14826177781627,
        114.56848587528351,
        110.11102984028477,
        107.68431558916646,
        106.31653594970703,
        105.47803374259702,
        104.89178319131175,
        104.49481619558027,
        104.17091172741306,
        103.89351777107485,
        103.65022745440083,
        103.42633918023878,
        103.22162505119077,
        103.01647826163999,
        102.81517914802798,
        102.61018568469632,
        102.41527951148248,
        102.23352936775454,
        102.04071832472279,
        101.8716078727476,
        101.69081041889805,
        101.51462604153541,
        101.34629772555444,
        101.1788066740959,
        100.99404661117062,
        100.82514092230028,
        100.66580470915764,
        100.50990664574408,
        100.35447594427293,
        100.19276206724105,
        100.04170300883632,
        99.88396330802671,
        99.73878946611958,
        99.58950977940714,
        99.44478976341986,
        99.30846208141696,
        99.1665770007718,
        99.03111168646043,
        98.88445675757623,
        98.74536797308153,
        98.61942192815965,
        98.4803968860257,
        98.35822222309727,
        98.2198481405935,
        98.0959979641822,
        97.9737302718624,
        97.84432269680885,
        97.71745103405368,
        97.60071859052104,
        97.48900456582346,
        97.3809337000693,
        97.26296775571761,
        97.15291841568485,
        97.03392693304247,
        96.92821453463647,
        96.82628803868448,
        96.71568815169796,
        96.60695303640058,
        96.49765408423639,
        96.39786160376764,
        96.29508479948967,
        96.19667200888357,
        96.10517907911732,
        95.99784161967617,
        95.90918657856602,
        95.81008418913811,
        95.73081748716292,
        95.63151501071069,
        95.54435360816217,
        95.45477048812374,
        95.35706673899004,
        95.27369837607107,
        95.18874851349861,
        95.11201550883632,
        95.03424933648878,
        94.94819690335181,
        94.86744911439958,
        94.78952100200038,
        94.707029281124,
        94.63324392995527,
        94.5516377110635,
        94.47505089544481,
        94.40131304340977,
        94.31844969718686,
        94.2488496841923,
        94.17668201077369,
        94.10382080078125,
        94.03340862643334,
        93.97069377283896,
        93.89806858185798,
        93.82543379260647,
        93.7552231819399,
        93.68793487548828,
        93.62842190650201,
        93.57540819721837,
        93.49840791763798,
        93.43507459086757
    ],