{
    "testproblem": "quadratic_deep",
    "batch_size": 32,
    "num_epochs": 100,
    "random_seed": 43,
    "weight_decay": null,
    "optimizer_name": "SGD",
    "optimizer_hyperparams": {
        "lr": 1e-280
    },
    "training_params": {},
    "train_losses": [
        328.70522185294857,
        328.2656742219002,
        328.02220498361896,
        328.50524410124746,
        328.62168835055445,
        328.31278450258316,
        328.1967271374118,
        328.8092474168347,
        328.58792409589216,
        328.66150591450355,
        328.3806733162172,
        328.79542000063003,
        328.6122013215096,
        328.4928214780746,
        328.89827112997733,
        328.3651762931578,
        328.2398681640625,
        328.5988050891507,
        328.7816644483997,
        327.8714097545993,
        328.320804719002,
        328.5730561287172,
        328.39397799584174,
        328.9290230043473,
        328.8610140892767,
        328.5618522397933,
        328.27682298229587,
        328.77388148153983,
        328.5343499952747,
        328.33636080834174,
        327.9941691737021,
        328.6622127409904,
        328.5204320107737,
        328.2417838804183,
        328.3339371219758,
        328.1833781580771,
        328.5444503291961,
        328.6979251984627,
        328.7306843419229,
        327.9917504095262,
        328.3748247700353,
        328.45026028540826,
        328.7327428017893,
        328.4398980909778,
        328.2684779013357,
        329.0111586047757,
        328.55320985855593,
        328.0880560105847,
        328.6158909951487,
        328.8019625756048,
        328.72820454259073,
        328.94429754441785,
        328.8032915669103,
        328.36018913022934,
        328.50503835370466,
        328.53226101783014,
        328.9527115360383,
        328.5356878465222,
        328.62572060861896,
        328.1812891806326,
        328.57544240643904,
        328.5434087937878,
        329.2761909730973,
        328.7087028257308,
        328.5651136829007,
        328.54861942414317,
        328.446785219254,
        328.4070592080393,
        328.18210921748994,
        328.3443889002646,
        328.5983187767767,
        328.73161168252267,
        328.42958511844756,
        328.6652339812248,
        328.6020320769279,
        328.0233882780998,
        328.81007040700604,
        328.57679108650456,
        328.8622613722278,
        328.1108664235761,
        328.4521248109879,
        328.38243742912044,
        328.52145188854587,
        329.0146218576739,
        328.6371469805318,
        328.1009462418095,
        329.00064579133067,
        328.4410863076487,
        328.7798343781502,
        328.6009501795615,
        328.5337081416961,
        329.1162768948463,
        328.5254851310484,
        328.7625988375756,
        328.70614230248236,
        328.9560005434098,
        328.6207216324345,
        328.6281226373488,
        328.893790952621,
        328.3970415669103,
        328.4395338489163
    ],
    "valid_losses": [
        323.6920933877268,
        323.6920933877268,
        323.6920933877268,
        323.6920933877268,
        323.6920933877268,
        323.6920933877268,
        323.6920933877268,
        323.6920933877268,
        323.6920933877268,
        323.6920933877268,
        323.6920933877268,
        323.6920933877268,
        323.6920933877268,
        323.6920933877268,
        323.6920933877268,
        323.6920933877268,
        323.6920933877268,
        323.6920933877268,
        323.6920933877268,
        323.6920933877268,
        323.6920933877268,
        323.6920933877268,
        323.6920933877268,
        323.6920933877268,
        323.6920933877268,
        323.6920933877268,
        323.6920933877268,
        323.6920933877268,
        323.6920933877268,
        323.6920933877268,
        323.6920933877268,
        323.6920933877268,
        323.6920933877268,
        323.6920933877268,
        323.6920933877268,
        323.6920933877268,
        323.6920933877268,
        323.6920933877268,
        323.6920933877268,
        323.6920933877268,
        323.6920933877268,
        323.6920933877268,
        323.6920933877268,
        323.6920933877268,
        323.6920933877268,
        323.6920933877268,
        323.6920933877268,
        323.6920933877268,
        323.6920933877268,
        323.6920933877268,
        323.6920933877268,
        323.6920933877268,
        323.6920933877268,
        323.6920933877268,
        323.6920933877268,
        323.6920933877268,
        323.6920933877268,
        323.6920933877268,
        323.6920933877268,
        323.6920933877268,
        323.6920933877268,
        323.6920933877268,
        323.6920933877268,
        323.6920933877268,
        323.6920933877268,
        323.6920933877268,
        323.6920933877268,
        323.6920933877268,
        323.6920933877268,
        323.6920933877268,
        323.6920933877268,
        323.6920933877268,
        323.6920933877268,
        323.6920933877268,
        323.6920933877268,
        323.6920933877268,
        323.6920933877268,
        323.6920933877268,
        323.6920933877268,
        323.6920933877268,
        323.6920933877268,
        323.6920933877268,
        323.6920933877268,
        323.6920933877268,
        323.6920933877268,
        323.6920933877268,
        323.6920933877268,
        323.6920933877268,
        323.6920933877268,
        323.6920933877268,
        323.6920933877268,
        323.6920933877268,
        323.6920933877268,
        323.6920933877268,
        323.6920933877268,
        323.6920933877268,
        323.6920933877268,
        323.6920933877268,
        323.6920933877268,
        323.6920933877268,
        323.6920933877268
    ],