{
    "testproblem": "quadratic_deep",
    "batch_size": 32,
    "num_epochs": 100,
    "random_seed": 43,
    "weight_decay": null,
    "optimizer_name": "SGD",
    "optimizer_hyperparams": {
        "lr": 1e-85
    },
    "training_params": {},
    "train_losses": [
        329.8087217269405,
        329.84364072738157,
        329.60641282604587,
        329.3761645901588,
        329.5723187846522,
        329.6251447123866,
        329.70245558215726,
        329.1455491588962,
        329.57903855846774,
        330.2119426112021,
        330.2311706542969,
        329.9700721002394,
        329.6107256489415,
        330.14723254788305,
        329.3783687468498,
        329.77660148374497,
        330.3419337118826,
        330.03393259356096,
        329.73814736643146,
        330.16787916614163,
        329.65894046906504,
        329.4033951297883,
        329.8049040763609,
        329.74955601846017,
        330.2237854003906,
        329.64427726499497,
        329.9626858618952,
        329.86444091796875,
        330.0692571824597,
        329.4734733335433,
        329.4952136624244,
        329.524910219254,
        330.25628071446573,
        329.8170746834047,
        329.4839408628402,
        329.55870597593247,
        329.44410754788305,
        330.12544988816785,
        329.6570631457913,
        329.65726101783014,
        329.7750096474924,
        329.80456838300154,
        329.77796099262855,
        330.04799135269656,
        329.7858325589088,
        329.69659226940524,
        330.2981596915953,
        330.05492671843496,
        329.7570042763987,
        329.91973483177924,
        329.94484587638607,
        329.6563760080645,
        329.69849617250503,
        330.0743861044607,
        329.44976609753024,
        329.9028822375882,
        330.2375281549269,
        329.7641168409778,
        329.9978755827873,
        329.50938760080646,
        329.5053002142137,
        329.5466082173009,
        330.0433950116557,
        329.9534685688634,
        329.79796280399444,
        330.0795504662298,
        329.4498271326865,
        330.1085461032006,
        329.6953518775202,
        329.7448189027848,
        330.31285242880546,
        329.52414826423893,
        330.0784498645413,
        329.7291486186366,
        329.9717938823085,
        329.601080125378,
        329.9838099325857,
        329.51534049741684,
        329.53084834929433,
        329.6719458795363,
        329.1153751496346,
        329.9995717694682,
        329.8939898090978,
        329.5625246109501,
        329.7026987383443,
        329.93192020539317,
        329.56881418535784,
        329.89808507119454,
        329.78580007245466,
        330.24937881961944,
        329.46632828251006,
        329.74820536951864,
        329.6087607106855,
        329.70132840064264,
        329.7866397980721,
        329.7886736469884,
        330.13911585653983,
        329.41622629473284,
        330.09935440555694,
        329.6943526729461,
        330.07076435704386
    ],
    "valid_losses": [
        325.1044380434098,
        325.1044380434098,
        325.1044380434098,
        325.1044380434098,
        325.1044380434098,
        325.1044380434098,
        325.1044380434098,
        325.1044380434098,
        325.1044380434098,
        325.1044380434098,
        325.1044380434098,
        325.1044380434098,
        325.1044380434098,
        325.1044380434098,
        325.1044380434098,
        325.1044380434098,
        325.1044380434098,
        325.1044380434098,
        325.1044380434098,
        325.1044380434098,
        325.1044380434098,
        325.1044380434098,
        325.1044380434098,
        325.1044380434098,
        325.1044380434098,
        325.1044380434098,
        325.1044380434098,
        325.1044380434098,
        325.1044380434098,
        325.1044380434098,
        325.1044380434098,
        325.1044380434098,
        325.1044380434098,
        325.1044380434098,
        325.1044380434098,
        325.1044380434098,
        325.1044380434098,
        325.1044380434098,
        325.1044380434098,
        325.1044380434098,
        325.1044380434098,
        325.1044380434098,
        325.1044380434098,
        325.1044380434098,
        325.1044380434098,
        325.1044380434098,
        325.1044380434098,
        325.1044380434098,
        325.1044380434098,
        325.1044380434098,
        325.1044380434098,
        325.1044380434098,
        325.1044380434098,
        325.1044380434098,
        325.1044380434098,
        325.1044380434098,
        325.1044380434098,
        325.1044380434098,
        325.1044380434098,
        325.1044380434098,
        325.1044380434098,
        325.1044380434098,
        325.1044380434098,
        325.1044380434098,
        325.1044380434098,
        325.1044380434098,
        325.1044380434098,
        325.1044380434098,
        325.1044380434098,
        325.1044380434098,
        325.1044380434098,
        325.1044380434098,
        325.1044380434098,
        325.1044380434098,
        325.1044380434098,
        325.1044380434098,
        325.1044380434098,
        325.1044380434098,
        325.1044380434098,
        325.1044380434098,
        325.1044380434098,
        325.1044380434098,
        325.1044380434098,
        325.1044380434098,
        325.1044380434098,
        325.1044380434098,
        325.1044380434098,
        325.1044380434098,
        325.1044380434098,
        325.1044380434098,
        325.1044380434098,
        325.1044380434098,
        325.1044380434098,
        325.1044380434098,
        325.1044380434098,
        325.1044380434098,
        325.1044380434098,
        325.1044380434098,
        325.1044380434098,
        325.1044380434098,
        325.1044380434098
    ],