{
    "testproblem": "quadratic_deep",
    "batch_size": 32,
    "num_epochs": 100,
    "random_seed": 45,
    "weight_decay": null,
    "optimizer_name": "Preconditioner",
    "optimizer_hyperparams": {
        "lr": 0.0031622776601683794
    },
    "training_params": {},
    "train_losses": [
        400.99299966135334,
        254.55035991053427,
        100.72103389616936,
        94.91557238178868,
        92.4908208539409,
        94.36197662353516,
        89.67382566390499,
        89.1384762179467,
        88.65879747944493,
        87.65878542007938,
        87.75059115502143,
        89.38875284502583,
        87.62650028351814,
        86.58244471396169,
        86.58444066201487,
        86.86334277737525,
        86.01000262844947,
        87.17541134741998,
        87.41623835409841,
        87.64093214465726,
        86.2612563102476,
        88.35074960031817,
        89.35840483634702,
        85.86502788912865,
        85.90215227680821,
        85.84567531462639,
        85.72441568682271,
        85.40299446352067,
        86.6788588493101,
        86.63059431506741,
        86.48594591694493,
        86.3885977960402,
        86.16972301852319,
        86.13758948541457,
        85.47191201486895,
        87.34660487021169,
        87.65093821863974,
        85.29957974341607,
        86.30880983414188,
        88.47864704747354,
        86.17301916307018,
        85.70528805640436,
        87.40504406344506,
        85.69769237887475,
        88.09654408116495,
        88.5532470210906,
        85.91743986068234,
        85.6587893578314,
        85.42735339749244,
        87.36581420898438,
        87.61195964197958,
        87.1343735725649,
        86.07271182152533,
        87.35856776083669,
        85.84353194698211,
        85.63065116636214,
        88.25676924182522,
        87.23596216017201,
        86.45389532273815,
        85.45861447241998,
        86.05324234501008,
        86.47307291338521,
        86.20475326045867,
        85.75794293803554,
        86.82317204629221,
        86.20628750708795,
        86.07763081212198,
        87.13273152997417,
        87.60477078345514,
        85.54313364336568,
        85.82156224404612,
        85.54803294520224,
        85.14694189256237,
        86.58053096648186,
        87.45393937633884,
        86.64872347924018,
        85.9820059499433,
        85.64559911912487,
        86.32051184869582,
        86.27061659289944,
        86.8296855803459,
        86.47157779816658,
        85.8100834508096,
        87.90163692351311,
        85.64279568579889,
        86.79726213024509,
        86.13179065335181,
        85.28445582236013,
        86.9721920874811,
        85.91646871259135,
        86.5690684164724,
        86.35860270838583,
        85.28189283801663,
        86.98062207621913,
        87.23608324604649,
        86.52795705487651,
        86.23341025075605,
        86.09872338079637,
        85.91710219844695,
        86.17935574439264,
        87.34783960157826
    ],
    "valid_losses": [
        396.72603582566785,
        252.04644283171623,
        103.45867476924774,
        97.65564038676601,
        95.11226038778982,
        97.09746797623173,
        92.30914601972026,
        92.36142755323841,
        91.98701920047883,
        90.87023802726499,
        91.23058171426096,
        91.68895032328945,
        90.83217522405809,
        89.8703854468561,
        89.48185459260017,
        90.22450699344758,
        88.81476248464277,
        90.08648853917276,
        90.6150648055538,
        89.5921143562563,
        89.01891425348097,
        91.32821212276336,
        91.29587874873992,
        88.67989349365234,
        88.48406957810924,
        89.2450940532069,
        88.86575834212765,
        88.27982059601814,
        90.3464589272776,
        89.4889895531439,
        89.16559551608178,
        89.28730035597279,
        89.50184557514805,
        89.03524509552986,
        88.63107545914188,
        89.5424068820092,
        89.91992532053301,
        88.61418791740171,
        89.59893331220073,
        92.12621774981099,
        88.49303067115045,
        88.82545249692855,
        90.26383922946069,
        88.8646476499496,
        91.08575045677924,
        92.78314651981476,
        88.96160002677671,
        89.23626339820123,
        88.38302341584236,
        90.94457687870148,
        90.46961605933404,
        89.83717690744707,
        89.20623188634073,
        91.03045383576423,
        88.49314954203945,
        88.32820744668284,
        90.26739625007876,
        89.66703747164819,
        90.10281938122165,
        88.4958018641318,
        89.01714743337324,
        89.72976635348412,
        89.88781492171749,
        89.05246414676789,
        90.10815134356099,
        88.86464272775957,
        88.63646501110446,
        90.15425355972782,
        91.09623718261719,
        88.3236581125567,
        89.16293482626638,
        88.40253374653477,
        88.0272691788212,
        89.42588756930444,
        90.94066349152595,
        89.60066616919732,
        88.64466537967805,
        88.36081055671939,
        89.83492869715536,
        89.35606088945943,
        89.18993623795048,
        89.5322036743164,
        89.36679200203189,
        90.67939143027029,
        88.51749198667464,
        89.53429068288496,
        89.43195170740927,
        88.44288143034905,
        89.84363285187752,
        88.61337009552986,
        89.32604439027848,
        89.86587179860761,
        88.47714725617439,
        89.58960969986454,
        89.38291438933342,
        89.44734511836883,
        89.27054448281565,
        89.1785133115707,
        89.246827648532,
        89.26887635261782,
        90.39773658014113
    ],