{
    "testproblem": "quadratic_deep",
    "batch_size": 32,
    "num_epochs": 100,
    "random_seed": 47,
    "weight_decay": null,
    "optimizer_name": "Preconditioner",
    "optimizer_hyperparams": {
        "lr": 0.0031622776601683794
    },
    "training_params": {},
    "train_losses": [
        518.3597520397556,
        309.6064079038558,
        101.78771726546749,
        94.6009046493038,
        93.2777581983997,
        92.51523885419292,
        92.06117839197958,
        89.69156819005167,
        88.62239616147933,
        88.20340630315965,
        88.01497084094632,
        89.29165452526462,
        87.75973535353138,
        87.45088466521233,
        87.03058082826676,
        86.11023982878655,
        87.20383724089592,
        87.54567373952558,
        86.66933908770162,
        85.8960219352476,
        86.72826926938949,
        85.53607842230028,
        85.68043444233555,
        87.21321056735131,
        86.40644836425781,
        86.91378931845388,
        86.91753658171623,
        86.06520548174458,
        87.06348960630355,
        85.64263546851373,
        86.35341472010458,
        85.9296397547568,
        86.93200905092301,
        87.99503720191217,
        85.9238544587166,
        86.13142468852382,
        86.96102166944935,
        86.1290536695911,
        86.42303663684476,
        87.32349641861454,
        86.81422252039755,
        86.73690229846585,
        87.25789445446384,
        86.90586410030242,
        86.71313132009199,
        86.12657387025895,
        87.30305923954133,
        87.62753492786038,
        85.9433345179404,
        86.60792689169607,
        85.85517144972279,
        87.13420203424269,
        87.25878020255796,
        85.66204637096774,
        85.35147734611265,
        86.39352367770287,
        85.50982001519972,
        87.69922662550404,
        88.9189207015499,
        86.678466304656,
        86.38091278076172,
        86.83419233752835,
        85.7196049844065,
        86.31377115557271,
        85.79838045181766,
        86.22070755497101,
        86.70879216347971,
        86.40561036140689,
        86.83457233059791,
        88.40030916275516,
        87.4385737757529,
        86.7526373094128,
        86.36566998881679,
        86.89616123322517,
        85.98875747188445,
        87.82785994006741,
        85.72819076045867,
        88.97232892436367,
        88.0802489249937,
        87.99283747519216,
        86.14086544898248,
        87.99608833559098,
        87.28312215497417,
        85.50123965355658,
        86.85574390042213,
        87.49891022712954,
        86.15442116029801,
        86.90750983453566,
        86.45016184160787,
        85.47966052639869,
        87.49910243864983,
        86.30176322690902,
        87.24427598522556,
        87.16290873865927,
        85.36890239100302,
        85.98888643326298,
        86.33072391633064,
        87.45121765136719,
        85.91568509994015,
        88.4768553703062,
        85.82082243888608
    ],
    "valid_losses": [
        517.4625933247228,
        309.37621578093496,
        100.65462444674584,
        94.20280087378717,
        92.98458050143334,
        92.62390998102003,
        91.94962335401966,
        89.68094930341167,
        88.77923288652974,
        87.47296880906627,
        87.73060558688256,
        88.60534151138798,
        87.08766715757308,
        87.76031395696825,
        87.01067672237274,
        85.93871676537299,
        86.97780313799458,
        87.26955832204511,
        86.19774430797946,
        85.24828461677798,
        86.20322984264743,
        85.71750788534841,
        85.57802212622857,
        87.17316239879978,
        85.86018519247732,
        86.44993886639995,
        86.89705116518083,
        85.52777936381679,
        86.05822261687248,
        85.16152855657762,
        86.14702581590221,
        85.69679014144405,
        86.2300781742219,
        87.69673968899635,
        85.41627650107107,
        85.72191890593498,
        85.98530160227129,
        86.06432219474546,
        86.12852379583543,
        87.57438339725617,
        86.7984862789031,
        86.49123899398312,
        86.83468504874936,
        87.11119940973097,
        86.66887689405873,
        85.7063458350397,
        87.26366399949596,
        87.79757075155935,
        85.61950314429498,
        86.71531775689894,
        85.50656940091041,
        86.23886256064138,
        87.07950887372417,
        85.54374620991368,
        85.38144954558342,
        86.4939725322108,
        85.34435567548198,
        87.07827808010963,
        89.40378964331842,
        87.03122735792591,
        85.77523065382435,
        87.05653086016255,
        85.51373020295173,
        85.97999449699155,
        85.58348304994645,
        86.37857720159715,
        86.58609058010963,
        86.32584577991116,
        86.62803699124244,
        88.31081168882308,
        86.9031485280683,
        86.70526319934476,
        86.0106430053711,
        86.31734491163685,
        85.6791531962733,
        87.74502317367062,
        85.9232916062878,
        89.27014923095703,
        88.56048387096774,
        87.90806530367944,
        85.88485643940587,
        88.48761010939076,
        87.31847873810798,
        85.54315973097279,
        86.06625243156186,
        86.9100103070659,
        86.01335980815273,
        86.8402833015688,
        85.86581593175089,
        85.17495949037614,
        87.27016227476058,
        86.03014619888798,
        86.55211171796245,
        86.43153159849105,
        85.0411128382529,
        85.64452805057648,
        85.56698436121786,
        86.83236571281186,
        85.37022769066596,
        87.94911759899509,
        85.46428705030873
    ],