{
    "testproblem": "quadratic_deep",
    "batch_size": 32,
    "num_epochs": 100,
    "random_seed": 51,
    "weight_decay": null,
    "optimizer_name": "Preconditioner",
    "optimizer_hyperparams": {
        "lr": 0.0031622776601683794
    },
    "training_params": {},
    "train_losses": [
        318.7620544433594,
        212.3839337748866,
        104.47085349790511,
        96.36602118707472,
        94.88483502787929,
        90.66984238163117,
        89.7699936897524,
        87.80385171213457,
        87.63041662400768,
        91.65864981374433,
        86.19059901083669,
        86.92513275146484,
        86.43575951360887,
        86.19296264648438,
        89.57763155045048,
        85.68825038786858,
        86.14149942705708,
        86.55506724696005,
        86.09950527068108,
        86.71854326801915,
        85.80413498417023,
        84.96172185097971,
        85.65649758615801,
        86.6260501492408,
        88.07579360469695,
        86.79111849877143,
        86.08544035880796,
        85.05513591151083,
        85.10587704566217,
        86.73791676182901,
        85.40356765254852,
        86.12224332747921,
        86.55306563838836,
        85.22910431892642,
        85.98992230815273,
        85.05752563476562,
        85.1913095289661,
        85.36730784754599,
        86.33197981311429,
        85.35994769680885,
        85.32447494999055,
        85.74335209015877,
        85.74139453518775,
        85.79211499614101,
        87.34751596758443,
        85.53917398760396,
        84.88430983020413,
        86.28621870471585,
        86.81182935160976,
        85.53086656139743,
        85.43275722380608,
        84.72110945178616,
        87.42804718017578,
        85.10078430175781,
        85.73939563382056,
        86.89491222750756,
        84.93586583291331,
        85.51330344907699,
        85.47834950108683,
        85.94983845372354,
        85.0358168079007,
        85.36379143499559,
        85.72784866825226,
        86.66105504189768,
        85.31213600404801,
        86.47063347601122,
        85.55599188035534,
        85.44645444808468,
        85.54755647720829,
        85.78148601901147,
        87.82437552175215,
        85.02820660991054,
        86.30306834559286,
        85.01042864399571,
        85.3397935436618,
        85.17897402855658,
        84.55770283360636,
        85.71314337945753,
        86.74789576376638,
        84.5155260639806,
        85.31808397846837,
        86.49873524327433,
        85.54583124960622,
        85.44626002157888,
        84.99497469009891,
        85.79907792614353,
        85.02448272705078,
        85.02071577502835,
        87.10337361981792,
        84.77426590458039,
        86.11837153280935,
        86.1292970718876,
        86.17350522933468,
        85.85291856335056,
        85.37611782935357,
        87.03287678380167,
        84.98109042259955,
        85.95256682365171,
        86.3108636179278,
        84.54556668189264,
        86.83540295016381
    ],
    "valid_losses": [
        325.86848991147934,
        218.43731984784526,
        107.51539611816406,
        98.57527652863533,
        98.18786694926601,
        93.85404500653667,
        93.1219730992471,
        90.37709316130608,
        90.53208997172695,
        94.88197006717805,
        88.8873310704385,
        88.796631351594,
        89.23348359138735,
        89.11676788330078,
        92.28169521208733,
        87.76732930829448,
        88.87720120337701,
        89.17596066382623,
        87.91141263900265,
        88.22039967198526,
        88.49330779044858,
        87.22205623503655,
        87.24961902249244,
        89.20990556286228,
        89.49957619943926,
        89.26590999480217,
        88.64322514687815,
        87.54070749590474,
        87.96503079322076,
        89.4724849577873,
        88.21632409864857,
        88.69324690295804,
        89.61487554734752,
        88.09316105996409,
        88.1066655805034,
        87.77633248606035,
        87.62788858721333,
        88.21888486800655,
        87.99675996841923,
        87.44555122621598,
        87.43000005906627,
        88.87299691477129,
        88.14140049103767,
        88.65865498204386,
        89.42537910707536,
        88.36690201297883,
        87.67227295906314,
        89.15822355208859,
        89.35068068965789,
        87.60804354759955,
        87.81171121904927,
        87.63896868305821,
        89.25130487257435,
        87.81739561019405,
        88.04822614116054,
        89.64894177836757,
        87.90673951179751,
        87.77216166834677,
        88.11447586551789,
        88.07633799891317,
        87.90846449329007,
        87.48517141034526,
        88.20098532399824,
        89.79384268483808,
        87.52250769830519,
        87.99486271027595,
        88.30472786195817,
        88.41745807278541,
        88.6704593781502,
        88.09538933538622,
        90.59547005930254,
        86.93215154832409,
        88.01312748078377,
        86.95289685649257,
        87.60715164676789,
        87.9580838603358,
        87.25638727987966,
        88.56076985020792,
        88.44854859382876,
        86.86963875063005,
        87.30692955755418,
        89.27386474609375,
        88.7506859071793,
        87.89750253000567,
        87.48397457984186,
        88.0329358500819,
        87.57857661093435,
        87.21349802324849,
        89.5859106740644,
        87.23218487155053,
        89.10871222711378,
        89.30993627732799,
        88.6461171796245,
        88.3588121475712,
        87.97971122495589,
        89.02887159778226,
        87.28665973294166,
        88.93697972451487,
        89.3039048717868,
        87.04177733390561,
        89.10758086173765
    ],