{
    "testproblem": "quadratic_deep",
    "batch_size": 32,
    "num_epochs": 100,
    "random_seed": 52,
    "weight_decay": null,
    "optimizer_name": "Preconditioner",
    "optimizer_hyperparams": {
        "lr": 0.0031622776601683794
    },
    "training_params": {},
    "train_losses": [
        348.28289794921875,
        227.7889443674395,
        103.50632673694241,
        99.1286387289724,
        96.43399835401966,
        94.85230304348853,
        92.04810111753402,
        90.60420916157383,
        91.31627113588395,
        90.84644539125505,
        89.30528234666393,
        90.52070789952433,
        87.91385379914314,
        89.34650421142578,
        89.36732089134955,
        87.8608642085906,
        88.35411514774445,
        88.84442877000377,
        87.40992023098853,
        89.39761500204763,
        87.82159325384325,
        89.0451411585654,
        88.07282404745779,
        89.76322863178868,
        88.81086214127079,
        88.1658231673702,
        88.81934602798954,
        87.33817734256867,
        87.55701175812752,
        88.74640212520477,
        90.37690833307082,
        89.29899104948967,
        88.45090558451992,
        89.16935188539567,
        88.7440936180853,
        89.26951082291141,
        87.93212201518398,
        87.44287773870653,
        87.33424254386655,
        87.7773914952432,
        87.6427260368101,
        87.99494884860131,
        88.35915227090159,
        87.39264777398878,
        88.30736221805695,
        87.5297364265688,
        87.95144628709362,
        86.96581366754347,
        89.17696380615234,
        88.43347512522051,
        88.63087512600806,
        87.29184895177042,
        88.33214790590348,
        87.86436240903792,
        87.05580409880608,
        87.46554122432586,
        87.51355054301601,
        87.31211483863092,
        87.33055754630796,
        87.35704015916393,
        86.99492349932271,
        91.72419812602382,
        87.42279446509576,
        89.61443624188823,
        86.88012769145351,
        88.60684967041016,
        87.02234674269154,
        87.05781973561933,
        86.83389700612715,
        87.02661748086253,
        88.4999505319903,
        87.73457631757182,
        87.49110781761908,
        89.38342408211001,
        88.33915169008317,
        87.83756403769216,
        88.95380253945628,
        86.81420972270351,
        87.15517031761908,
        87.41552611320249,
        87.94284377559539,
        86.98251687326739,
        90.07227842269405,
        86.65363385600429,
        87.05256554388231,
        93.26786016648815,
        87.02328171268586,
        87.61991660825667,
        87.70302286455708,
        89.47360352546939,
        87.80057820966167,
        87.44512496456024,
        87.02039681711504,
        87.17631087764617,
        88.18565885482296,
        87.16694838000882,
        87.89354951920048,
        88.45468681089339,
        87.42909782163558,
        88.0617939118416,
        87.15949372322329
    ],
    "valid_losses": [
        348.40834488407256,
        227.55206643381428,
        102.10384368896484,
        97.56976146082724,
        94.64449728688886,
        93.77453539448399,
        90.71671073667464,
        89.22536025508758,
        90.1616939421623,
        89.71380664456275,
        87.52791226294732,
        88.89513421827748,
        86.48006685318485,
        88.22822423135081,
        87.62147792693108,
        86.78519735028667,
        87.17483323620212,
        87.93463626984627,
        85.74056440784085,
        88.34329740462765,
        87.05683234430128,
        87.4933575045678,
        86.7638675320533,
        88.1033197218372,
        87.03810833346459,
        86.84501278784967,
        87.83441851215977,
        86.4083266719695,
        85.88424387285787,
        87.59188350554436,
        88.77012757332095,
        87.84795330416772,
        86.84995983492944,
        88.55791497999623,
        87.01648564492503,
        88.65836703392768,
        86.34689454109439,
        86.27654980074975,
        85.88979191933909,
        86.44469427293346,
        86.20077096262285,
        86.42926222278226,
        87.6175556798135,
        86.06319968931136,
        87.35616942374936,
        86.28151333716607,
        86.74226477838332,
        85.9178968860257,
        87.43922301261655,
        86.9148699852728,
        88.20233080464024,
        86.12711924891317,
        86.90828631001133,
        86.77020116006175,
        85.66752378402218,
        86.48482390372983,
        86.12350266979587,
        86.00893057546308,
        86.43867788007182,
        85.59482992849043,
        85.68689900059854,
        90.33701496739542,
        85.68555376606602,
        87.63319077030305,
        85.26781906620148,
        86.81854912542528,
        85.42806933003087,
        85.59535561838457,
        85.6858648484753,
        86.15353368943737,
        87.08243019350114,
        85.52559809530935,
        86.2450199742471,
        88.8301494967553,
        86.6326168429467,
        86.27967391475555,
        87.2078608851279,
        85.53955373456401,
        86.04798815327305,
        86.40772788755355,
        86.79567078621157,
        85.23202957645539,
        88.498289538968,
        85.7314194710024,
        85.84957787298387,
        91.65976961197391,
        85.32773860808342,
        85.77745868313697,
        86.42576156123992,
        88.06463499992124,
        86.09197259718373,
        85.78505337622857,
        85.28453433129096,
        85.69344354444935,
        86.64927058066091,
        85.97621647004158,
        86.32517390097341,
        87.19205376409715,
        86.22173703101373,
        87.08712005615234,
        85.56616727767452
    ],