{
    "testproblem": "quadratic_deep",
    "batch_size": 32,
    "num_epochs": 100,
    "random_seed": 46,
    "weight_decay": null,
    "optimizer_name": "Preconditioner",
    "optimizer_hyperparams": {
        "lr": 0.0031622776601683794
    },
    "training_params": {},
    "train_losses": [
        408.97799091954386,
        254.3164982949534,
        101.15458531533518,
        96.34611166677168,
        96.06152565248551,
        91.99800700526083,
        92.71646191996913,
        91.06751128165952,
        90.02377811554939,
        89.44312753985005,
        88.37416027438256,
        87.06318615328881,
        88.3306399929908,
        88.54112612816596,
        87.47918651949975,
        87.72633706369707,
        87.3614233693769,
        87.90338946926978,
        89.23815893357799,
        86.85745928364415,
        86.39271963796308,
        86.56248523342994,
        87.09129850326046,
        87.67576426844442,
        89.69622679679624,
        87.09164207212386,
        87.38489064862651,
        86.81084860524824,
        86.51633699478641,
        88.79638376543599,
        88.03585889262538,
        86.57601338048136,
        86.72552933231476,
        86.23009072580645,
        86.69971736784905,
        88.18611145019531,
        86.35630576841292,
        86.04686343285346,
        86.86520065799836,
        89.26087508663055,
        86.43910783337009,
        86.50180890483242,
        88.28623937791393,
        86.13364656509891,
        85.98152480586883,
        86.52884181853264,
        87.55773310507497,
        86.50228881835938,
        86.46573097475114,
        86.3393286428144,
        86.5353300033077,
        86.1238528836158,
        87.54528488651398,
        86.26883574455015,
        86.71231817430065,
        86.33425755654612,
        86.00181776477444,
        86.20884532313192,
        87.28570704306325,
        87.89407102523312,
        86.85845331991872,
        89.09532436247795,
        89.33193009899509,
        86.44010113131615,
        86.1009285219254,
        86.51465335969002,
        86.68472363871913,
        86.75647907872354,
        86.39268641318044,
        86.43831240746283,
        88.50356120447958,
        86.44262326148248,
        86.28396704889113,
        86.01206477995842,
        86.39123215213898,
        86.5523691485005,
        86.40374952746976,
        89.03980968844506,
        87.7559804608745,
        87.35160409250567,
        87.03568563153667,
        87.09034950502458,
        87.1885004351216,
        87.56653250417402,
        86.12212617935673,
        87.21093922276651,
        86.49053512081024,
        86.00416171166205,
        86.75360378142327,
        86.5009765625,
        87.14247180569556,
        88.53896134899509,
        87.36453862344065,
        87.63474495180192,
        85.77127911967617,
        86.58487947525516,
        87.35609485257056,
        86.27647498346144,
        87.97327201597152,
        87.21928159652218,
        88.22082174977949
    ],
    "valid_losses": [
        408.2364895728327,
        254.08641199911796,
        101.5489258304719,
        96.70798689319241,
        96.41388554726878,
        92.75751003142327,
        92.88457242904171,
        91.76829651863345,
        90.64628305742818,
        89.3928700108682,
        88.67631383096018,
        87.75711920953566,
        88.82341717135522,
        88.93752854870212,
        87.51713709677419,
        88.63429137199155,
        88.32062653572329,
        88.35879418157762,
        89.25497461134388,
        87.07023546772618,
        86.92702754851311,
        86.922121109501,
        87.66683492352885,
        88.44149238832536,
        90.35893914007372,
        87.45312869164252,
        88.18774783226752,
        87.74059714040449,
        87.45708785518524,
        89.43231176560924,
        88.83306515601373,
        87.42175760576802,
        87.33189515144595,
        87.13270371960056,
        87.54699091757497,
        88.6787601594002,
        86.4787122664913,
        86.68499189807522,
        87.71704569170552,
        90.2100084366337,
        86.87173806467364,
        87.15487670898438,
        88.58838136734501,
        86.8429437452747,
        86.50282582929057,
        86.92832872944493,
        88.14476357736895,
        87.39244276477444,
        87.0306856709142,
        86.73978276406565,
        86.68378054711127,
        86.54957506733555,
        87.73193851594002,
        86.43720442248929,
        87.18843546221333,
        86.76532351586127,
        86.32825519192603,
        86.68648701329386,
        88.03835961126512,
        88.35862854988345,
        87.45629759757749,
        89.8348622475901,
        90.12079251197076,
        87.35564693327873,
        86.53226126393965,
        87.1909888482863,
        87.09477922993321,
        87.20555483910346,
        86.61500696982107,
        86.64695198305192,
        88.72153546733242,
        86.93170609012726,
        86.73426892680507,
        86.5237308625252,
        87.52595593852382,
        87.10416387742565,
        87.20081944619456,
        89.49493580479776,
        88.27475123251638,
        88.00699246314264,
        87.80389330464024,
        88.03636440154045,
        88.1264419555664,
        87.9371079475649,
        86.60207834551412,
        87.75337366903982,
        86.89286730366368,
        86.5791746570218,
        87.4841571930916,
        87.55321921071699,
        87.49109797323904,
        89.55421029367754,
        87.4571518436555,
        88.06935414960307,
        86.45901563090663,
        86.90775471348917,
        88.02395309940461,
        86.93016790574596,
        88.1568121141003,
        87.25551236060357,
        88.47303205920804
    ],