{
    "testproblem": "quadratic_deep",
    "batch_size": 32,
    "num_epochs": 100,
    "random_seed": 50,
    "weight_decay": null,
    "optimizer_name": "Preconditioner",
    "optimizer_hyperparams": {
        "lr": 0.0031622776601683794
    },
    "training_params": {},
    "train_losses": [
        290.2110758135396,
        197.69413166661417,
        102.34085378339213,
        99.01088296213457,
        94.27478839505103,
        91.80995301277407,
        92.05863534250567,
        89.23447664322391,
        88.61362654162991,
        89.13605105492377,
        87.75493326494771,
        87.44594229421308,
        88.34966844128024,
        87.05624241982737,
        87.40351129347279,
        87.74545312696888,
        86.82305662093624,
        87.04404670961442,
        86.4983628795993,
        86.1751728673135,
        87.18478787329889,
        86.70828763900265,
        86.2997311007592,
        88.28159750661543,
        87.790770007718,
        86.89100720805507,
        89.07496323124055,
        87.34442114060924,
        85.78156329739478,
        87.04927382930633,
        86.31330994636782,
        89.40711064492503,
        86.16219920496786,
        86.04758182648689,
        86.26330295685798,
        85.59143977011404,
        86.27063455889302,
        88.97656742219002,
        86.77886273784023,
        87.2068589733493,
        85.479735343687,
        87.23393298733619,
        87.87853339410597,
        86.57753138388357,
        85.81988550001576,
        87.90623129567793,
        86.70965846892327,
        87.04015055010396,
        86.54711224955898,
        89.90677962764617,
        87.81135928246283,
        86.69548182333669,
        89.10414541921308,
        88.33624513687626,
        86.80762604744204,
        88.50971197312877,
        86.9024668047505,
        86.0312746109501,
        85.48765810074345,
        85.88958887900075,
        86.6246357579385,
        85.45867058538622,
        87.4441388037897,
        85.95208272626323,
        86.7662835890247,
        86.22237839237336,
        86.23246051419166,
        87.14395043157762,
        86.35277040543095,
        88.67320497574345,
        88.00287160565776,
        85.90445561562815,
        86.23569931522492,
        85.91379817839592,
        87.10646229405558,
        86.99084718765751,
        88.89242406045237,
        85.91203726491621,
        87.90498548938382,
        87.3185299288842,
        85.59996721821446,
        85.92449262065273,
        86.8374488584457,
        88.04601410896548,
        86.98326996834048,
        85.76401150611139,
        86.04662224554247,
        85.82391825029927,
        85.81284479941091,
        86.53255979476437,
        86.41543726767263,
        86.08777864517704,
        85.26055268318423,
        86.58248261482485,
        86.30355244298136,
        85.63411811090285,
        85.35121302450857,
        86.19954164566532,
        87.9783955235635,
        86.12120499149445,
        85.63905555971208
    ],
    "valid_losses": [
        285.02435893397177,
        193.75081954463835,
        101.92599216584236,
        98.97644756686303,
        94.86479949951172,
        91.89967518468058,
        92.55875322895665,
        89.12527121267011,
        88.20015888829386,
        88.93948191981161,
        88.00655168102634,
        87.13939814413747,
        88.34560295843309,
        87.52431118872857,
        87.77366638183594,
        87.53184903052545,
        87.32048920662173,
        87.42076381560295,
        86.50603903493574,
        86.25456090127268,
        87.32603971419796,
        86.2119384273406,
        86.27845591883505,
        88.80244790354082,
        87.52152941303868,
        87.43226820422757,
        90.25045751756237,
        87.56699863556892,
        85.80105320099861,
        87.4262924194336,
        86.68994878953502,
        88.44369014616936,
        86.35130999165196,
        86.00997801749936,
        86.45401567028415,
        85.86745403658959,
        86.80924446352067,
        89.00659351964151,
        86.49722240817162,
        87.79461817587575,
        85.38030218308971,
        87.2731468446793,
        87.92980194091797,
        86.46837542133946,
        85.60013161936114,
        87.68951416015625,
        86.98033191311744,
        87.61760367116621,
        86.58380668394027,
        89.60433172410534,
        88.43257288778982,
        86.91447005733367,
        90.0089340209961,
        88.69012278895224,
        87.41254474270728,
        89.72281695950416,
        87.33109357280117,
        85.82610074935421,
        85.6446058211788,
        85.82282109414378,
        86.51683807373047,
        86.04960336992818,
        87.71309538810483,
        85.95219150666267,
        87.21773848995086,
        86.14124470372354,
        86.89222348120904,
        87.65704542590726,
        86.50060961323399,
        89.19691442674205,
        88.56136149744833,
        85.87830771169355,
        86.16763330275013,
        85.86913939445249,
        86.81080848939958,
        87.31039231823337,
        88.18913072155368,
        86.05110291511782,
        88.62333383867818,
        87.29366696265436,
        85.97227871802545,
        85.89959815240675,
        86.94934869581654,
        87.37217392459992,
        86.67264901438067,
        85.8030498873803,
        86.65880806215348,
        85.88614974483367,
        86.03877947407383,
        87.06756173410723,
        86.35562084567162,
        86.50222975207913,
        85.28639910298008,
        86.57164789015248,
        86.37760506906817,
        85.70013526178175,
        85.77635045205393,
        86.77003897390058,
        87.79945718088457,
        86.19783856791835,
        86.027830062374
    ],