{
    "testproblem": "quadratic_deep",
    "batch_size": 32,
    "num_epochs": 100,
    "random_seed": 48,
    "weight_decay": null,
    "optimizer_name": "Preconditioner",
    "optimizer_hyperparams": {
        "lr": 0.0031622776601683794
    },
    "training_params": {},
    "train_losses": [
        303.04952510710683,
        203.22565386372227,
        100.40450114588583,
        96.81824788739604,
        92.97225312263735,
        92.40854324833039,
        89.52715966009325,
        89.3847392912834,
        88.8922852546938,
        89.34883166897681,
        89.38185587236958,
        89.02054719002017,
        87.20782667590726,
        87.53478831629599,
        87.3786143641318,
        87.65463330668788,
        86.24202309885332,
        88.69154087189705,
        87.2550774851153,
        88.80389576573526,
        88.0470923146894,
        89.14974384923136,
        88.01197765719506,
        86.76791824833039,
        87.43473495975617,
        87.96308283652029,
        87.15090868549962,
        86.54961567540323,
        88.28692159345073,
        86.86374024421939,
        86.21738876834992,
        86.19607224002961,
        87.778564945344,
        86.15274121684413,
        86.83343727357926,
        86.68823020688949,
        86.63026059058404,
        87.18329054309476,
        87.00177789503529,
        88.18016372188445,
        87.30242427702873,
        87.69769139443675,
        86.18553530785346,
        86.7896972164031,
        85.73563163511214,
        86.5555171351279,
        86.18914278091923,
        86.32264512585056,
        85.77347466253465,
        88.09436625819052,
        87.24333117085118,
        87.89331030076549,
        86.6308364868164,
        87.16764708488218,
        88.4617437547253,
        87.07854461669922,
        85.55775377827305,
        85.9547350483556,
        87.19366258190524,
        87.03468814972908,
        86.29874838552168,
        86.64309421662361,
        86.42131017869518,
        85.47092167023689,
        86.67184423631237,
        87.49701739895728,
        86.52048960039693,
        87.51136927450857,
        87.1967017881332,
        86.46968250889933,
        86.488768546812,
        87.09449325069305,
        85.80015244022492,
        86.11760613226122,
        86.72900095293599,
        86.81344949045489,
        88.40571889569682,
        86.30247768279045,
        90.27961952455583,
        85.69705101751512,
        86.48010795347152,
        86.15871749385711,
        85.91550888553742,
        87.9671874507781,
        86.499754874937,
        87.46077728271484,
        87.8410912790606,
        88.03588374968498,
        88.83484871156755,
        86.44624771610383,
        87.55498529249623,
        86.93915090253276,
        86.25792989423198,
        87.0881601149036,
        86.43914401146674,
        88.10989675214213,
        85.97697301064768,
        86.28208357287991,
        85.90933375204763,
        85.77966333204701,
        86.24254583543346
    ],
    "valid_losses": [
        304.5226745605469,
        204.57950764317667,
        101.40966452321699,
        97.51116746471774,
        93.9601332141507,
        93.53967875819052,
        90.71261079849735,
        90.23736055435673,
        89.59134034187564,
        90.6535880796371,
        90.03568341655117,
        89.38611553561303,
        88.13378241754347,
        88.94598511726626,
        88.48485737462198,
        88.6180889991022,
        87.27920532226562,
        89.6297846148091,
        88.35152336858934,
        89.39054427608367,
        88.91452912361392,
        90.7724107311618,
        88.84066920126638,
        87.73418721845073,
        88.23377621558404,
        88.48457631757182,
        88.79448552285471,
        87.87791910479146,
        88.86138423796623,
        87.88581331314579,
        86.9772459460843,
        87.17914728964529,
        88.4484102802892,
        87.20186762655935,
        88.14215432443926,
        87.65390974475491,
        87.46459936326549,
        88.23315749629852,
        88.61050291984311,
        89.47771355413622,
        88.43554515223349,
        88.62286426175025,
        87.28622510356288,
        88.15669471986833,
        87.08369298135081,
        87.70892555482926,
        87.31523279989919,
        87.15982424828314,
        86.91508951494771,
        89.20193456834362,
        88.22487615769909,
        88.80853689870527,
        87.82432285431892,
        88.12297058105469,
        89.66524013396233,
        88.22897363478138,
        86.4864730834961,
        86.92358226160849,
        88.1415311751827,
        87.64126562303112,
        87.45705684538811,
        87.78028968072707,
        86.87699840914819,
        86.59950945454258,
        87.36646196919102,
        88.13595408778036,
        87.66369358185798,
        87.96190446422946,
        88.1445078695974,
        87.30281386836883,
        87.43831954463836,
        88.37408644153226,
        86.60928640057963,
        87.55741291661417,
        87.46970490486392,
        87.97228068690146,
        89.86492083149571,
        87.1941392960087,
        90.587403820407,
        86.70709080849925,
        87.8607665031187,
        87.47129280336442,
        86.94665945729902,
        88.53846100837954,
        87.31682537448022,
        88.05448544409967,
        88.89501780848349,
        89.19686741982737,
        89.77168839977634,
        87.4782466273154,
        88.6799067835654,
        87.66788950274068,
        87.35621077014554,
        88.32742531068864,
        87.35162648847026,
        88.89698348506805,
        87.1137210476783,
        87.43956510482296,
        87.15580601846018,
        87.09466011293473,
        87.32345211890436
    ],