{
    "testproblem": "quadratic_deep",
    "batch_size": 32,
    "num_epochs": 100,
    "random_seed": 44,
    "weight_decay": null,
    "optimizer_name": "Preconditioner",
    "optimizer_hyperparams": {
        "lr": 0.0031622776601683794
    },
    "training_params": {},
    "train_losses": [
        285.38074714906753,
        195.47378983036165,
        101.87311578566029,
        96.36883495699975,
        95.29325645200667,
        92.92901389829574,
        92.77050387474799,
        90.39331325407952,
        93.46817262711063,
        88.5565677765877,
        89.51649302821005,
        88.59085944391066,
        88.59025499897618,
        88.1427462177892,
        89.79706573486328,
        88.54581746747417,
        87.8657716320407,
        88.37244390672252,
        87.00416687996157,
        87.39844045331401,
        87.28345858666205,
        86.73738245810232,
        86.57193682270665,
        87.84051021452873,
        89.87650692847467,
        87.11846800773374,
        86.32728059830204,
        91.11688798473728,
        86.89108104090536,
        86.26089206818611,
        87.11331988919166,
        86.03565117620653,
        87.2383787093624,
        86.7365235359438,
        87.29410676033267,
        88.52685768373551,
        86.7788811960528,
        86.67065921906502,
        86.4521004461473,
        87.31887546662361,
        88.35037354500064,
        87.96995002992692,
        88.04370437129852,
        86.81740496235508,
        86.6118867935673,
        88.05084474625126,
        86.80508668961063,
        89.0714369743101,
        87.14707405336442,
        87.45689835086945,
        86.08220057333669,
        86.38702638687626,
        88.64510074738533,
        86.34842706495716,
        88.4974360312185,
        86.89424674741683,
        86.82550196493825,
        86.33965719899824,
        87.12554316366872,
        87.26500283518145,
        86.65237549812564,
        86.82885865242251,
        88.67831543953189,
        86.85780851302609,
        86.9330542779738,
        86.39080589048324,
        87.80203320903163,
        87.62520328644783,
        87.4891094084709,
        88.86191681892642,
        88.5922344576928,
        86.76542245188067,
        86.56393580282888,
        86.27600540653351,
        85.80651043307397,
        87.96167016798451,
        86.3754405360068,
        87.74301492014239,
        87.01840529903289,
        85.91532897949219,
        86.14419407998362,
        87.11432130875126,
        87.23071166007749,
        87.77902541622039,
        85.88032925513482,
        86.52693816154233,
        86.4778806624874,
        87.51123834425404,
        85.98650655438823,
        86.57708961732926,
        90.0229733374811,
        86.97846025036228,
        87.34263635450795,
        87.0027817756899,
        86.61624834614415,
        88.58930206298828,
        87.94119262695312,
        87.1344961350964,
        86.01257447273501,
        86.23868929955268,
        86.36075961205268
    ],
    "valid_losses": [
        286.1846756473664,
        195.8598170126638,
        101.45096981909967,
        95.52998844269783,
        94.15880535494897,
        92.47245690130418,
        92.5329336350964,
        89.86522773004347,
        92.25525320729902,
        88.25808666598412,
        88.57537743353075,
        87.65079645956716,
        88.04867676765689,
        87.29397558396862,
        89.30342348160282,
        88.05015810074345,
        87.66687503937752,
        87.79641600578061,
        86.26913255260837,
        86.65691917173324,
        86.5651122062437,
        86.12984712662235,
        85.78742193406627,
        87.291016117219,
        89.32400906470514,
        86.34255538448211,
        86.11609944989604,
        91.30787781746157,
        86.40571717293032,
        85.9613792665543,
        86.36994269586378,
        85.69613868959489,
        86.63933833952873,
        86.4777106008222,
        86.59340126283708,
        87.7128150693832,
        86.52128576463268,
        86.23097278225806,
        85.89723328621157,
        87.18070319391066,
        88.19354691043976,
        87.14026568012852,
        86.68403748543032,
        86.79482810728011,
        86.1306639640562,
        87.21455678632182,
        85.73903459118259,
        88.32965506276777,
        86.4955557546308,
        87.12193741336945,
        85.48374225247291,
        85.81049543811429,
        88.16409523256364,
        85.72103241951235,
        87.40851322297127,
        86.0472887100712,
        86.31620025634766,
        86.03572648571384,
        86.9921382780998,
        87.08929172638923,
        85.6486060850082,
        86.61679249425089,
        88.24254115935295,
        86.11897819272933,
        86.40662187145603,
        85.44565262333039,
        87.64183635096396,
        87.29554256316155,
        87.14657986548639,
        87.70118294992754,
        88.10864602365801,
        86.29931812901651,
        85.97636192075667,
        85.62374238044985,
        85.41962728192729,
        87.20223949801537,
        85.85562798284715,
        86.72604222451487,
        86.83394770468435,
        84.97743692705708,
        85.42241004205519,
        86.52596676734186,
        86.42150386687248,
        86.98513572446761,
        85.42483914283014,
        86.14762115478516,
        86.35136167464718,
        86.81073268767327,
        85.38199049426663,
        86.28158741612589,
        89.07962823683216,
        86.51503187610257,
        86.70414167834866,
        86.63706945603893,
        86.43531011766002,
        87.57827709567162,
        86.91172938193044,
        86.38057142688382,
        85.7939189787834,
        85.60311840426537,
        85.78594921481225
    ],