{
    "testproblem": "quadratic_deep",
    "batch_size": 32,
    "num_epochs": 100,
    "random_seed": 43,
    "weight_decay": null,
    "optimizer_name": "SGD",
    "optimizer_hyperparams": {
        "lr": 1e-65
    },
    "training_params": {},
    "train_losses": [
        339.05716926820816,
        339.138914046749,
        338.81565413936494,
        339.59692875031504,
        339.50233902469756,
        338.93700679655996,
        339.30508521295366,
        339.6943635017641,
        339.2316106980847,
        339.10621495400704,
        339.4729171260711,
        339.72156943044354,
        339.3670221144153,
        339.2605974751134,
        339.3881127142137,
        339.3304197249874,
        339.5928649902344,
        339.26780946793093,
        339.34825085055445,
        339.64124716481854,
        339.55846478862145,
        339.47823702904486,
        339.21444603704634,
        339.5659681750882,
        339.40035813854587,
        339.3474288448211,
        339.2149933845766,
        338.9339353499874,
        339.6451110839844,
        339.33306490990424,
        338.7233581542969,
        339.68692607264364,
        339.76442398563506,
        339.9474290417087,
        339.1971898232737,
        339.10765912455895,
        339.46784037928427,
        338.98299974010837,
        339.495369203629,
        339.0430721159904,
        339.5860763057586,
        339.41297666488157,
        339.40210256268904,
        339.31614242061494,
        339.5212195611769,
        339.22085866620466,
        339.76053840883316,
        339.0281815067414,
        339.387703188004,
        339.64820418819306,
        340.0783002299647,
        339.62733902469756,
        339.4124234107233,
        339.1000563098538,
        339.4447474325857,
        339.3404166929183,
        339.6462983162172,
        339.3923832062752,
        339.59007410849296,
        339.08687370054184,
        339.76706818611393,
        339.25889931955646,
        339.67787613407256,
        339.4668716922883,
        339.44591792937246,
        339.5430514427923,
        339.5359359248992,
        339.22484859343496,
        339.5685247605847,
        339.9154820596018,
        339.59647098664317,
        339.18163176505794,
        339.77107386435233,
        339.3867945517263,
        338.9273937594506,
        339.4806213378906,
        339.30931632749497,
        339.32236997542844,
        339.3646200856855,
        339.5689982752646,
        339.1166145570817,
        339.5111083984375,
        339.4892125283518,
        339.311283234627,
        339.3354974562122,
        339.2039814610635,
        339.223146500126,
        339.12752803679433,
        339.36742278068294,
        339.63057881016886,
        339.6624273484753,
        339.4763990832913,
        339.7178236438382,
        339.1889481083039,
        339.1293285739037,
        339.15719407604587,
        339.35826750724544,
        339.1495568060106,
        339.2597429829259,
        339.6453690067414,
        339.88916114068803
    ],
    "valid_losses": [
        333.07791728358114,
        333.07791728358114,
        333.07791728358114,
        333.07791728358114,
        333.07791728358114,
        333.07791728358114,
        333.07791728358114,
        333.07791728358114,
        333.07791728358114,
        333.07791728358114,
        333.07791728358114,
        333.07791728358114,
        333.07791728358114,
        333.07791728358114,
        333.07791728358114,
        333.07791728358114,
        333.07791728358114,
        333.07791728358114,
        333.07791728358114,
        333.07791728358114,
        333.07791728358114,
        333.07791728358114,
        333.07791728358114,
        333.07791728358114,
        333.07791728358114,
        333.07791728358114,
        333.07791728358114,
        333.07791728358114,
        333.07791728358114,
        333.07791728358114,
        333.07791728358114,
        333.07791728358114,
        333.07791728358114,
        333.07791728358114,
        333.07791728358114,
        333.07791728358114,
        333.07791728358114,
        333.07791728358114,
        333.07791728358114,
        333.07791728358114,
        333.07791728358114,
        333.07791728358114,
        333.07791728358114,
        333.07791728358114,
        333.07791728358114,
        333.07791728358114,
        333.07791728358114,
        333.07791728358114,
        333.07791728358114,
        333.07791728358114,
        333.07791728358114,
        333.07791728358114,
        333.07791728358114,
        333.07791728358114,
        333.07791728358114,
        333.07791728358114,
        333.07791728358114,
        333.07791728358114,
        333.07791728358114,
        333.07791728358114,
        333.07791728358114,
        333.07791728358114,
        333.07791728358114,
        333.07791728358114,
        333.07791728358114,
        333.07791728358114,
        333.07791728358114,
        333.07791728358114,
        333.07791728358114,
        333.07791728358114,
        333.07791728358114,
        333.07791728358114,
        333.07791728358114,
        333.07791728358114,
        333.07791728358114,
        333.07791728358114,
        333.07791728358114,
        333.07791728358114,
        333.07791728358114,
        333.07791728358114,
        333.07791728358114,
        333.07791728358114,
        333.07791728358114,
        333.07791728358114,
        333.07791728358114,
        333.07791728358114,
        333.07791728358114,
        333.07791728358114,
        333.07791728358114,
        333.07791728358114,
        333.07791728358114,
        333.07791728358114,
        333.07791728358114,
        333.07791728358114,
        333.07791728358114,
        333.07791728358114,
        333.07791728358114,
        333.07791728358114,
        333.07791728358114,
        333.07791728358114,
        333.07791728358114
    ],