{
    "testproblem": "quadratic_deep",
    "batch_size": 32,
    "num_epochs": 100,
    "random_seed": 43,
    "weight_decay": null,
    "optimizer_name": "SGD",
    "optimizer_hyperparams": {
        "lr": 3.1622776601683794e-12
    },
    "training_params": {},
    "train_losses": [
        430.6798115391885,
        430.62894168976817,
        430.85065091040826,
        429.9668756300403,
        430.57267022901965,
        430.2690931750882,
        430.19481929655996,
        430.02957547095514,
        430.3657718781502,
        431.2977442587576,
        430.857417937248,
        430.29094868321573,
        430.24105047410535,
        431.27191752772177,
        430.4657287597656,
        430.7825100806452,
        430.6425062610257,
        430.54513451360884,
        430.4397159699471,
        430.60608205487654,
        430.63570674773183,
        430.6503443564138,
        430.5852808798513,
        430.5144515498992,
        430.3747125441028,
        430.3351784982989,
        430.4820271153604,
        430.9759974325857,
        430.8382046607233,
        430.27787633096017,
        429.7084006032636,
        430.29374153383316,
        430.93094364289317,
        429.9278977917087,
        430.47307955834174,
        430.2823446950605,
        430.56325014175906,
        430.71651729460683,
        430.72903934601817,
        430.45673001197076,
        430.2196852161038,
        430.10004055884576,
        430.5074443201865,
        430.75230850711944,
        430.36374787361393,
        430.84440268239666,
        431.01120881111393,
        430.83829326014364,
        430.6232762490549,
        430.8426208496094,
        430.3476286857359,
        430.4810279107863,
        430.5318623204385,
        430.5064244424143,
        430.7779068485383,
        431.39575687531504,
        430.8849477460307,
        430.63512199155747,
        430.4898947438886,
        430.0950346915953,
        430.34884348223284,
        431.11866514144407,
        430.6618445611769,
        430.2006304340978,
        430.1771919496598,
        430.67200396137855,
        430.3771460748488,
        431.03023996660784,
        430.54664168819306,
        430.1680632560484,
        431.16228657384073,
        430.5612172772807,
        431.3472280194682,
        430.2428677466608,
        430.25099822013607,
        430.47813169417844,
        430.46817311932966,
        430.6513031990297,
        430.47942918346774,
        430.58858662266886,
        430.0557605374244,
        430.9575697375882,
        430.70510962701616,
        430.29726286857357,
        429.9679703251008,
        430.0676870038432,
        430.48924206149195,
        430.09139620873236,
        430.87724156533517,
        430.3273512317288,
        430.58504461473035,
        430.9384598270539,
        430.50042921496976,
        430.73699360509073,
        430.6671408376386,
        430.19727645381806,
        430.6165732106855,
        430.2231277958039,
        430.5579302387853,
        430.77696769468247,
        430.62845143964216
    ],
    "valid_losses": [
        431.91732591198337,
        431.91732591198337,
        431.91732591198337,
        431.91732591198337,
        431.91732591198337,
        431.91732591198337,
        431.91732591198337,
        431.91732591198337,
        431.91732591198337,
        431.91732591198337,
        431.91732591198337,
        431.91732591198337,
        431.91732591198337,
        431.91732591198337,
        431.91732591198337,
        431.91732591198337,
        431.91732591198337,
        431.91732591198337,
        431.91732591198337,
        431.91732591198337,
        431.91732591198337,
        431.91732591198337,
        431.91732591198337,
        431.91732591198337,
        431.91732591198337,
        431.91732591198337,
        431.91732591198337,
        431.91732591198337,
        431.91732591198337,
        431.91732591198337,
        431.91732591198337,
        431.91732591198337,
        431.91732591198337,
        431.91732591198337,
        431.91732591198337,
        431.91732591198337,
        431.91732591198337,
        431.91732591198337,
        431.91732591198337,
        431.91732591198337,
        431.91732591198337,
        431.91732591198337,
        431.91732591198337,
        431.91732591198337,
        431.91732591198337,
        431.91732591198337,
        431.91732591198337,
        431.91732591198337,
        431.91732591198337,
        431.91732591198337,
        431.91732591198337,
        431.91732591198337,
        431.91732591198337,
        431.91732591198337,
        431.91732591198337,
        431.91732591198337,
        431.91732591198337,
        431.91732591198337,
        431.91732591198337,
        431.91732591198337,
        431.91732591198337,
        431.91732591198337,
        431.91732591198337,
        431.91732591198337,
        431.91732591198337,
        431.91732591198337,
        431.91732591198337,
        431.91732591198337,
        431.91732591198337,
        431.91732591198337,
        431.91732591198337,
        431.91732591198337,
        431.91732591198337,
        431.91732591198337,
        431.91732591198337,
        431.91732591198337,
        431.91732591198337,
        431.91732591198337,
        431.91732591198337,
        431.91732591198337,
        431.91732591198337,
        431.91732591198337,
        431.91732591198337,
        431.91732591198337,
        431.91732591198337,
        431.91732591198337,
        431.91732591198337,
        431.91732591198337,
        431.91732591198337,
        431.91732591198337,
        431.91732591198337,
        431.91732591198337,
        431.91732591198337,
        431.91732591198337,
        431.91732591198337,
        431.91732591198337,
        431.91732591198337,
        431.91732591198337,
        431.91732591198337,
        431.91732591198337,
        431.91732591198337
    ],