{
    "testproblem": "quadratic_deep",
    "batch_size": 32,
    "num_epochs": 100,
    "random_seed": 43,
    "weight_decay": null,
    "optimizer_name": "Preconditioner",
    "optimizer_hyperparams": {
        "lr": 1e-11
    },
    "training_params": {},
    "train_losses": [
        298.940667921497,
        299.17083346459174,
        104.32486404911164,
        99.05895159321446,
        94.95825761364353,
        93.29640591529107,
        91.98841070359752,
        90.60343810050718,
        89.45342230027721,
        89.89816087292087,
        88.9620863391507,
        88.47053429388231,
        88.61551912369266,
        89.37258566579511,
        88.44252432546308,
        88.44288635253906,
        88.7626217257592,
        88.48084259033203,
        87.85528515231225,
        88.99069410754788,
        88.26446607035976,
        88.36290814799648,
        89.7409190516318,
        88.09624579644972,
        88.75830939508253,
        90.21763167842742,
        88.10537645893712,
        88.48045004567793,
        89.35215020948841,
        87.62586999708607,
        90.10613004622921,
        86.95718482232863,
        88.30131530761719,
        88.23279989919355,
        88.75848905501827,
        87.49261548442226,
        88.37301020468435,
        87.19937576786164,
        88.10584874306956,
        90.20961146200857,
        88.51790815784085,
        87.5089596163842,
        89.19713961693549,
        87.47264296008694,
        87.64150853310862,
        88.71587076494771,
        88.38478629819808,
        87.9658203125,
        88.7146982992849,
        87.84640429096837,
        86.74928726688508,
        87.72867584228516,
        88.24298760198778,
        88.11959961921939,
        89.23398910030242,
        88.54574018909085,
        89.09674638317478,
        89.50941787227508,
        87.78687950872606,
        88.04303396901777,
        88.49762799662929,
        87.82740611414755,
        87.02926118912235,
        89.03399584370274,
        87.79847741896107,
        87.81682463615171,
        87.14817219395792,
        87.76538602767452,
        87.16850329983619,
        88.47835466938633,
        87.69517074092742,
        87.2738553939327,
        89.21317340481666,
        88.05269475137034,
        88.67308142877394,
        87.73701870825982,
        87.0889887655935,
        88.58847931892642,
        88.30368337323588,
        88.52812342489919,
        88.97140109154486,
        87.93980801490045,
        87.86242429671749,
        89.33004317745086,
        88.34804362635458,
        88.78189037692162,
        89.59572822816911,
        88.08594340662802,
        89.28404457338395,
        88.47059459071005,
        87.59636639010522,
        87.88113993983114,
        88.48595403855846,
        88.58440768334174,
        89.12773033880418,
        89.01154130504978,
        87.64805775303995,
        91.08566554900139,
        87.906006351594,
        87.21075562507876,
        88.74975167551348
    ],
    "valid_losses": [
        294.685304703251,
        294.685304703251,
        104.06771973640689,
        98.53524263443485,
        94.6449951664094,
        92.82402826124623,
        91.41613105035597,
        89.66085150934035,
        88.84490646854523,
        89.44476909022177,
        88.75604789487777,
        88.27964782714844,
        88.11102368754726,
        88.82163410802042,
        87.77242525162235,
        87.98097499724358,
        87.63000119116998,
        88.25947964575982,
        88.23818797449911,
        88.3403561499811,
        87.88060440555695,
        88.18517648020098,
        89.25884886710874,
        87.26144655289188,
        87.80998057703817,
        89.89742918937436,
        87.71701345136088,
        87.64148638325352,
        88.46345643074282,
        87.51936611052483,
        90.11157497282952,
        86.79320673788747,
        88.35281421292213,
        87.53831383489793,
        88.16062754969442,
        86.69782207858178,
        88.78960492534023,
        86.49280597317603,
        87.53035637640184,
        90.53367713189894,
        88.04507667787614,
        87.13812944965977,
        88.96966823454827,
        86.80138864824849,
        87.1770501905872,
        87.42006363407258,
        87.88883283061367,
        87.43205778060421,
        87.74478174025013,
        87.77315127465033,
        86.44939447218373,
        87.18062566941784,
        87.27447952762726,
        88.04620828936177,
        89.02715990620274,
        87.31314037692162,
        88.58750964749244,
        89.79773662936303,
        87.37124683010963,
        87.66216991793725,
        88.1969737391318,
        87.38360964867377,
        86.55495379048008,
        88.58578515821888,
        87.85825470955142,
        87.02994660408267,
        86.31680568572014,
        87.08435403147051,
        86.43999431979272,
        88.2938247188445,
        87.41649652296498,
        87.12816816760647,
        87.92912243258569,
        87.43617962252709,
        88.10481828258884,
        87.32100677490234,
        86.87405370896862,
        88.5095451108871,
        87.7603769610005,
        89.03038172568044,
        88.26836518318423,
        87.74319950226814,
        86.94203924363659,
        88.00724841702369,
        88.38976878504599,
        88.70437695903163,
        89.03636735485446,
        87.9462395944903,
        88.71966134348223,
        87.82884610083795,
        86.67196089221585,
        87.25294445407006,
        88.4970971384356,
        88.95634140506867,
        88.80419921875,
        88.82874864147556,
        87.1564463953818,
        91.04058665613974,
        87.71668391073904,
        86.94261243266445,
        88.24147205968058
    ],