{
    "testproblem": "quadratic_deep",
    "batch_size": 32,
    "num_epochs": 100,
    "random_seed": 52,
    "weight_decay": null,
    "optimizer_name": "SGD",
    "optimizer_hyperparams": {
        "lr": 0.0001
    },
    "training_params": {},
    "train_losses": [
        313.48246026808215,
        264.79285849294354,
        227.58492795882685,
        199.36172879126764,
        178.04885667370212,
        161.30059026902723,
        148.7755333685106,
        139.14712425970262,
        131.8198729484312,
        125.74691329463836,
        121.20887657903856,
        117.93507582141507,
        115.27756943241242,
        112.96666594474546,
        111.29809053482548,
        109.96997980917654,
        109.06710593931136,
        108.22567625968686,
        107.5385272118353,
        107.08691135529548,
        106.60523863761655,
        106.38656468545237,
        106.02922205771169,
        105.58426715481666,
        105.63407061176915,
        105.22354716639364,
        105.17560503559727,
        104.92590455086001,
        104.80346975018901,
        104.66485103484123,
        104.65456611879411,
        104.49112012309413,
        104.31117223924205,
        104.48374348302042,
        104.15240133962324,
        104.15951119699785,
        104.20595452093309,
        104.09560763451361,
        103.90982104885963,
        103.86132935554751,
        103.57749791299143,
        103.48436589394846,
        103.48690648232737,
        103.57490957936933,
        103.35074960031817,
        103.32957679994645,
        103.1497315437563,
        103.18456957417149,
        103.0064938452936,
        102.98309867612777,
        103.02696867912046,
        102.95743634623867,
        102.69199100617439,
        102.57240812240109,
        102.74463210567352,
        102.43919126449093,
        102.4890653548702,
        102.43982327368951,
        102.39058906801286,
        102.33078298261088,
        102.20141675395351,
        102.0438749251827,
        102.03505977507561,
        101.96059885332662,
        101.99092397382182,
        101.70100747385332,
        101.8812504429971,
        101.63811419087071,
        101.6196045414094,
        101.55249589489353,
        101.50862023138231,
        101.34251083866242,
        101.43582645539314,
        101.2693843226279,
        101.13699513096964,
        101.14080761324975,
        101.05257489604335,
        101.03990148728893,
        101.05725934428554,
        100.79959229500064,
        100.88846514301915,
        100.80527890113092,
        100.68359448832851,
        100.50404604019657,
        100.52289605909779,
        100.41807334653792,
        100.1318607945596,
        100.49325438468686,
        100.47351738714403,
        100.12429981846964,
        100.19049662928427,
        100.11025065760458,
        100.12310791015625,
        99.9572261687248,
        99.87352063578945,
        99.92065183577999,
        99.62536350373298,
        99.72489117037865,
        99.66534645326676,
        99.53826018302671,
        99.66983647500315
    ],
    "valid_losses": [
        315.47522661762855,
        266.85623119723414,
        229.84434361611642,
        201.6291011687248,
        180.0272674560547,
        163.5270715528919,
        150.89078349451864,
        141.1680192024477,
        133.70028637301536,
        127.93106965095767,
        123.48040082377773,
        120.01006120251071,
        117.30836093041205,
        115.19790550970262,
        113.54800661148563,
        112.24491537770918,
        111.21675552860383,
        110.39898164810673,
        109.73751978720388,
        109.20436736076108,
        108.76409198391822,
        108.40405199604649,
        108.10176184869582,
        107.84627508348034,
        107.6255638368668,
        107.43416004796183,
        107.26621295559791,
        107.11382736698273,
        106.97667497204196,
        106.84925940728957,
        106.73155655399445,
        106.62090498401272,
        106.51569440287929,
        106.41558001118321,
        106.31936916228264,
        106.22706087173954,
        106.13696781281502,
        106.049317882907,
        105.96332033218876,
        105.87889099121094,
        105.79648614698841,
        105.71407318115234,
        105.63309355705015,
        105.55276587701613,
        105.47339605516002,
        105.39498064594883,
        105.31658615604523,
        105.23906609319872,
        105.16188541535408,
        105.08522304411858,
        105.01009295063633,
        104.9352060133411,
        104.86000380977508,
        104.78558324998424,
        104.7111065772272,
        104.63658388199345,
        104.56178062192855,
        104.4887929116526,
        104.41678939327117,
        104.3447494506836,
        104.27285446659211,
        104.20103356146043,
        104.12925867880544,
        104.05873427852508,
        103.98919111682522,
        103.91968831708354,
        103.85059036747101,
        103.78082939886278,
        103.71312541346396,
        103.6458499047064,
        103.57852172851562,
        103.51057827857232,
        103.44272293583039,
        103.37533766223538,
        103.30889744912425,
        103.24208536455708,
        103.17573547363281,
        103.10979461669922,
        103.04385818973664,
        102.97901055120653,
        102.91459434263167,
        102.84953135828817,
        102.78489980389995,
        102.72122906100365,
        102.6572989186933,
        102.59363531297252,
        102.52957571706465,
        102.46815687610257,
        102.40541421213457,
        102.34357378559727,
        102.28234740226499,
        102.22099353421119,
        102.1601102275233,
        102.09983678017893,
        102.0393541397587,
        101.97859413393083,
        101.9179921304026,
        101.858644547001,
        101.7994155883789,
        101.73941679923765,
        101.6804674210087
    ],