{
    "testproblem": "quadratic_deep",
    "batch_size": 32,
    "num_epochs": 100,
    "random_seed": 51,
    "weight_decay": null,
    "optimizer_name": "SGD",
    "optimizer_hyperparams": {
        "lr": 0.0001
    },
    "training_params": {},
    "train_losses": [
        456.4042181199597,
        381.0238184775076,
        322.7368853169103,
        276.4778142129221,
        240.21624657415575,
        212.48321483981223,
        190.22191053821194,
        172.78784819572203,
        159.02112800844253,
        148.04535699659777,
        139.71682936145413,
        132.6505641321982,
        127.16221667874244,
        123.16570158927671,
        119.51049681632749,
        116.53031035392515,
        114.48946060672883,
        112.75125491234564,
        111.40429269113848,
        109.91619553104523,
        109.27992125480405,
        108.46744685019216,
        107.80697705668788,
        107.33365188106414,
        106.73391625189012,
        106.1861567343435,
        106.15953457740045,
        105.75231761317099,
        105.46795703518775,
        105.39806316744897,
        105.11349019696635,
        105.06101989746094,
        105.26287374188823,
        104.9015596451298,
        104.78377237627583,
        104.61104017688382,
        104.36643932711694,
        104.31860277729649,
        104.3902819233556,
        104.21726251417591,
        104.18504358107045,
        103.98900776524698,
        104.20567395610195,
        104.16691490911668,
        104.07827758789062,
        103.80619221348917,
        103.86467841363722,
        103.73154498684791,
        103.67759852255544,
        103.5302249539283,
        103.76442226286858,
        103.43106251378214,
        103.46535344277659,
        103.31246997464088,
        103.34080086984942,
        103.06949541645665,
        103.25584879229146,
        103.0941922587733,
        102.86204528808594,
        103.06850334905809,
        102.9596924320344,
        102.79121423536732,
        102.73422388876638,
        102.72751002157888,
        102.50952689878402,
        102.5287094116211,
        102.61691727176789,
        102.65704616423577,
        102.53427985406691,
        102.33943570044732,
        102.42816925048828,
        102.24306241927609,
        102.14090777981666,
        102.19581677836757,
        102.19239561019405,
        101.91692499960622,
        101.94178821194556,
        101.88265228271484,
        102.04910155265561,
        101.93006134033203,
        101.88870583811114,
        101.75508339174333,
        101.65502954298451,
        101.69852472120716,
        101.61929345900013,
        101.43443667504096,
        101.52117846089024,
        101.37954884190714,
        101.63050251622354,
        101.4668456046812,
        101.14594268798828,
        100.98177460701235,
        101.29590582078502,
        101.04746394003591,
        101.06489562988281,
        100.99106376401839,
        100.8525631812311,
        100.81765402517011,
        100.92678808396862,
        100.81607990880167,
        100.61147923623362
    ],
    "valid_losses": [
        451.66907427387855,
        376.5891940209173,
        318.00281253937754,
        272.2527726696384,
        236.42828073809224,
        208.2931164157006,
        186.18804636309224,
        168.81866012081022,
        155.07850942304057,
        144.25786467521422,
        135.66260897728705,
        128.87369242022115,
        123.4653551655431,
        119.1595215335969,
        115.72085472845262,
        112.97621253228957,
        110.76932820966167,
        108.99492620652721,
        107.56133885537425,
        106.39101336079258,
        105.44488869943926,
        104.67329849735383,
        104.04218907510081,
        103.522218273532,
        103.08799079156691,
        102.72368572604272,
        102.42142363517515,
        102.16194718883884,
        101.93981687484249,
        101.74681312807145,
        101.5784208236202,
        101.4291507351783,
        101.29483844387916,
        101.17388916015625,
        101.06127462079448,
        100.95957749889743,
        100.86437249952748,
        100.77494221348917,
        100.69086136356476,
        100.61085116478705,
        100.53456214166457,
        100.46022230579007,
        100.38734091481855,
        100.31807511852634,
        100.24896732453377,
        100.1813452935988,
        100.11549968104208,
        100.04944585984752,
        99.98306668189264,
        99.91807900705645,
        99.8545170445596,
        99.79163139097152,
        99.7288555022209,
        99.66672934255293,
        99.60442253851122,
        99.5427716162897,
        99.4820081649288,
        99.42191806916267,
        99.36268566500756,
        99.30303561302924,
        99.24400206535093,
        99.18507262199155,
        99.12670233941847,
        99.07020987233808,
        99.01248390443864,
        98.9546373428837,
        98.89686067642704,
        98.8399653280935,
        98.78133490777785,
        98.72471815539944,
        98.66787818170363,
        98.61264997912991,
        98.55619442847467,
        98.5016110327936,
        98.44750115179247,
        98.39335730768019,
        98.33917753158077,
        98.2847196517452,
        98.23134588426159,
        98.17617354854461,
        98.12269247731855,
        98.0698495680286,
        98.01607439594883,
        97.96305330338016,
        97.90915163101688,
        97.85582930041897,
        97.80334128102949,
        97.75125294346964,
        97.69879445722026,
        97.6470462429908,
        97.5958266719695,
        97.5442871585969,
        97.49369615124118,
        97.44203235257056,
        97.39260962701613,
        97.34137479720577,
        97.29252304569367,
        97.24271023658014,
        97.19366651965726,
        97.14329922583795,
        97.09463574809413
    ],