{
    "testproblem": "quadratic_deep",
    "batch_size": 32,
    "num_epochs": 100,
    "random_seed": 45,
    "weight_decay": null,
    "optimizer_name": "SGD",
    "optimizer_hyperparams": {
        "lr": 0.0001
    },
    "training_params": {},
    "train_losses": [
        331.6507361627394,
        271.82521697013607,
        228.26006686302924,
        195.68013886482484,
        171.56456928868448,
        153.4765364123929,
        140.0545179305538,
        130.4276600499307,
        122.93183135986328,
        117.1631344210717,
        113.10813436200542,
        110.14035920173892,
        107.71298045496786,
        105.9066654328377,
        104.59603611115486,
        103.44800247684601,
        102.8343496014995,
        102.09030545142389,
        101.80122990762034,
        101.32278590048513,
        101.08655917259955,
        100.8722388975082,
        100.46507829235446,
        100.46683329920614,
        100.23697859241116,
        100.12324007095829,
        100.13133781186995,
        99.69975256150768,
        100.03498889553931,
        99.82355056270477,
        99.85184404926915,
        99.79737607894405,
        99.65036109185988,
        99.56933716804751,
        99.35716936665196,
        99.39872224869266,
        99.26073529643398,
        99.28214633080268,
        99.4113284695533,
        99.34475683396862,
        99.20423790716356,
        99.16309061358052,
        99.13720407793599,
        99.07706033029864,
        99.07040011498236,
        98.97132701258505,
        98.8905536282447,
        98.91913629347279,
        98.92835309428554,
        98.86840475759199,
        98.70800190587198,
        98.99715743526336,
        98.81150079542591,
        98.71956536077684,
        98.84102729059035,
        98.69087982177734,
        98.65669201266381,
        98.57330789873677,
        98.59107503583354,
        98.26432504961568,
        98.18834932388798,
        98.3432383383474,
        98.23408951297883,
        98.30586267286732,
        98.1189444757277,
        98.15136743360951,
        98.01135081629599,
        98.13091376519972,
        98.08031045236895,
        97.94141707881805,
        97.87848909439579,
        98.05667237312564,
        97.86821968324723,
        97.82075032880229,
        97.82384490966797,
        97.78357868809854,
        97.72416440902218,
        97.5816409203314,
        97.67592940791961,
        97.6063697568832,
        97.53709903840095,
        97.49582745951992,
        97.54766107374623,
        97.49627611714024,
        97.36877195296749,
        97.45663772090789,
        97.45145588536417,
        97.35701259489983,
        97.3354974562122,
        97.36039463166267,
        97.19757203132876,
        97.23608570714151,
        97.11119251866495,
        96.92001613493889,
        97.11339569091797,
        97.26601163802609,
        96.86955876504221,
        96.96755144673008,
        96.77011256064138,
        97.00247266215663,
        96.83115805349043
    ],
    "valid_losses": [
        325.51449289629534,
        266.78299786967614,
        223.36902987572455,
        191.25834458874118,
        167.46557961740803,
        149.84689183388986,
        136.73270071706463,
        127.00904427805254,
        119.7888934227728,
        114.40696716308594,
        110.40448736375377,
        107.41165628740865,
        105.17989054033833,
        103.50147641089654,
        102.23115859493133,
        101.27013175718245,
        100.53982986942414,
        99.98159617762411,
        99.55314168622417,
        99.2220478673135,
        98.96101822391633,
        98.75602771389869,
        98.5879863615959,
        98.45266600578061,
        98.3377432054089,
        98.24070050639492,
        98.15708578786543,
        98.08338583669355,
        98.01646743282195,
        97.95508575439453,
        97.89687125913558,
        97.84377879481161,
        97.79171432987336,
        97.74158108618951,
        97.69357127528036,
        97.64814881355532,
        97.6022193662582,
        97.55465181412235,
        97.51010181057838,
        97.46398458173198,
        97.42001022831086,
        97.37592512561429,
        97.33005819013042,
        97.2868182274603,
        97.24244960661858,
        97.19903219899824,
        97.15524685767389,
        97.11254242927798,
        97.06855921591482,
        97.02567857311618,
        96.98182530556956,
        96.94008267310357,
        96.89675829487462,
        96.85341152068108,
        96.80967638569493,
        96.76824483563823,
        96.72515032368321,
        96.68477507560483,
        96.64283555553806,
        96.60191985099546,
        96.56169226861769,
        96.52056958598476,
        96.48016751197076,
        96.43983828636908,
        96.3986070694462,
        96.35961520287299,
        96.32113598239037,
        96.28065170780305,
        96.24108345277848,
        96.19860298402848,
        96.16047693067982,
        96.12098250850555,
        96.08015392672631,
        96.04134910337386,
        96.00260974514869,
        95.9624751921623,
        95.92291038267074,
        95.88522412700038,
        95.84668707078502,
        95.8090116439327,
        95.77108592371786,
        95.73151693036479,
        95.69361754386655,
        95.65578313027659,
        95.61916179041708,
        95.58251362462198,
        95.54610787668535,
        95.50966299733808,
        95.47285855200982,
        95.43622170725176,
        95.39917902792654,
        95.36493461362777,
        95.32753532163558,
        95.28990173339844,
        95.25327030304939,
        95.21891243227067,
        95.18304221860824,
        95.14885859335622,
        95.11253406155494,
        95.07859359248992,
        95.04538899083292
    ],