{
    "testproblem": "quadratic_deep",
    "batch_size": 32,
    "num_epochs": 100,
    "random_seed": 46,
    "weight_decay": null,
    "optimizer_name": "SGD",
    "optimizer_hyperparams": {
        "lr": 0.0001
    },
    "training_params": {},
    "train_losses": [
        381.41934499432966,
        314.89361769153226,
        264.3833923339844,
        226.5197296142578,
        197.78593149492818,
        176.00737442508822,
        159.75007727838332,
        147.26331649288053,
        137.90429195280998,
        130.44700991722846,
        124.98968235138923,
        120.95327217348161,
        117.83690840198147,
        115.4136222101027,
        113.58553757206086,
        112.1324204475649,
        111.06690437563005,
        110.13888131418535,
        109.35531296268586,
        108.87041621054372,
        108.36925063594695,
        108.10419390278477,
        107.62581240746283,
        107.47885919386341,
        107.21861094813192,
        107.04252132292717,
        106.68006577030305,
        106.78436771515877,
        106.59432269680885,
        106.64731819398942,
        106.21161479334677,
        106.45898929719002,
        106.33964169409967,
        106.03601763325352,
        106.03402020854335,
        105.69195113643524,
        105.99844951014364,
        105.81715614564958,
        105.58274275256741,
        105.81697845458984,
        105.56016811247795,
        105.50785138530117,
        105.23525804088962,
        105.46487525201613,
        105.37646189043599,
        105.36676148445376,
        105.06947228216356,
        104.91302342568675,
        104.89640340497417,
        104.97479420323526,
        104.69273942516696,
        104.90639200518208,
        104.56396410542149,
        104.42876631213772,
        104.60716542889995,
        104.51556101152974,
        104.48979285455519,
        104.18840789794922,
        104.17295492849043,
        104.11382515199723,
        104.09057838686051,
        103.93187270625945,
        103.8626206920993,
        103.88385182042276,
        103.94358210409841,
        103.75466722057712,
        103.55551245904738,
        103.5596682640814,
        103.45045741911858,
        103.47139567713583,
        103.5303718813004,
        103.43475169520224,
        103.16606804632372,
        103.27574502268145,
        103.1768530568769,
        103.00691739974484,
        102.87775445753529,
        102.8203595069147,
        102.75601934617565,
        102.95530996014995,
        102.7334958968624,
        102.72167058144846,
        102.4597406694966,
        102.51217306813886,
        102.50799609768775,
        102.33686976278982,
        102.3376710953251,
        102.31314185357863,
        102.06184411817982,
        102.25196419992754,
        102.37367593088457,
        101.9054941977224,
        102.08857062555128,
        102.04769552907636,
        101.83497939571258,
        101.99922352452433,
        101.83998821627709,
        101.65725658785912,
        101.61900575699345,
        101.63949634182838,
        101.78060297812185
    ],
    "valid_losses": [
        389.1990730531754,
        321.54618097120715,
        270.50272640105214,
        231.9262961110761,
        202.71902711929815,
        180.57339575982863,
        163.76482563634073,
        150.9947775563886,
        141.25802710748488,
        133.8282699584961,
        128.14962030226184,
        123.80343603318737,
        120.45496171520603,
        117.8554434007214,
        115.83577457551033,
        114.26302066926033,
        113.03291665354082,
        112.06126674529045,
        111.2927009828629,
        110.67666921307963,
        110.17669259348223,
        109.75959162558279,
        109.4155770578692,
        109.13181846372542,
        108.88952169110698,
        108.68152618408203,
        108.49798140987274,
        108.33495921473349,
        108.18931530367944,
        108.056398453251,
        107.93524662140877,
        107.81978705621535,
        107.71067957724294,
        107.60706624677104,
        107.50848536337575,
        107.41423551497921,
        107.32456428773942,
        107.23521546394595,
        107.14877614667338,
        107.06553649902344,
        106.98250382946384,
        106.90157096616683,
        106.82065926828692,
        106.74196427868259,
        106.6615982055664,
        106.58514601184476,
        106.50928177372101,
        106.43311482091104,
        106.3593031360257,
        106.28253419937626,
        106.20702854279548,
        106.13161886892011,
        106.05629336449408,
        105.98319859658518,
        105.9097890546245,
        105.83949107508505,
        105.76801423103579,
        105.69669981925718,
        105.6255123999811,
        105.55523927750126,
        105.4855491884293,
        105.41733969411543,
        105.3477322978358,
        105.27897348711568,
        105.20935723089403,
        105.14055805821573,
        105.07145370975617,
        105.00443341655117,
        104.93774586339151,
        104.87025623936808,
        104.80410889656314,
        104.73757023965159,
        104.66982859949911,
        104.60273004347279,
        104.53640304073211,
        104.4716088079637,
        104.40570166803175,
        104.33905644570628,
        104.27440840198147,
        104.2104986867597,
        104.14833487233808,
        104.08547432191911,
        104.02337129654423,
        103.96026143720073,
        103.89587697675151,
        103.83669797835812,
        103.77767279840285,
        103.7147977275233,
        103.65280545142389,
        103.59167258970199,
        103.53076762537802,
        103.46998103972405,
        103.40991727767452,
        103.348876953125,
        103.28938391900832,
        103.22913902036605,
        103.17019505654612,
        103.11230788692352,
        103.05405696745842,
        102.99573344569052,
        102.93734076715285
    ],