{
    "testproblem": "quadratic_deep",
    "batch_size": 32,
    "num_epochs": 100,
    "random_seed": 50,
    "weight_decay": null,
    "optimizer_name": "SGD",
    "optimizer_hyperparams": {
        "lr": 0.0001
    },
    "training_params": {},
    "train_losses": [
        288.4369349325857,
        246.80363119802166,
        215.0478515625,
        190.8675286077684,
        172.4141328873173,
        158.34602602066533,
        147.35195972073464,
        139.20236279887538,
        132.95910373810798,
        127.95023961221018,
        124.0756107453377,
        121.26779986966041,
        118.9087898500504,
        117.09920993927986,
        115.7743178336851,
        114.48155163180444,
        113.6283222321541,
        112.77986194241431,
        112.40294844104397,
        111.57940255441973,
        111.45236353720388,
        111.02407787692162,
        110.74843080582157,
        110.48307185019216,
        110.28068419425718,
        110.07720602712324,
        109.91815087103075,
        109.8514140959709,
        109.63166095364478,
        109.53735745337701,
        109.36524520381805,
        109.17481453188005,
        109.01808018838206,
        108.86196874803112,
        108.83687517719883,
        108.67473922237274,
        108.70865631103516,
        108.62076691658267,
        108.38165972309727,
        108.44110033589024,
        108.39364279470136,
        108.11370972664126,
        108.15561897523942,
        107.87051859209615,
        107.95097055742818,
        107.76394702542213,
        107.59651725522933,
        107.65802149618825,
        107.62697429041708,
        107.48987948509955,
        107.42828935192478,
        107.3689228180916,
        107.29865978610131,
        107.11651439051474,
        106.79286513790008,
        106.98643567485195,
        106.77406483311808,
        106.62335180467174,
        106.56758142286732,
        106.6230960969002,
        106.35515545260522,
        106.30426985217679,
        106.35875948013798,
        106.37952890703755,
        106.1033418716923,
        106.10001816288117,
        106.00423849782636,
        106.03872902162614,
        105.76251983642578,
        105.6290517007151,
        105.45138722081339,
        105.43118729129914,
        105.4364272086851,
        105.49432963709677,
        105.45689712032195,
        105.26604929277974,
        105.16952613092238,
        105.1871827648532,
        105.04063661636845,
        104.88779670961442,
        104.87165069580078,
        104.74869192800215,
        104.60997403052545,
        104.57257523075226,
        104.56680740848664,
        104.5839607484879,
        104.46887994581654,
        104.34368994928175,
        104.31401849562123,
        104.15401458740234,
        104.19429557554183,
        103.96970687373992,
        103.91987142255229,
        103.9400873491841,
        103.66732886529738,
        103.80135788456086,
        103.77744686988092,
        103.46305354948967,
        103.49221580259261,
        103.67485858548072,
        103.34507849908644
    ],
    "valid_losses": [
        283.8449195123488,
        242.50927143712198,
        211.19942302088583,
        187.45790789204258,
        169.36813649823588,
        155.60767635222405,
        145.10936220230596,
        137.0864206129505,
        130.94236903036796,
        126.19009054860761,
        122.51731749503843,
        119.68248724168346,
        117.46662804388231,
        115.74064340899068,
        114.37664622645224,
        113.30001954109439,
        112.4430165444651,
        111.75711970175466,
        111.19896993329448,
        110.74453833795363,
        110.36260321832472,
        110.0455551147461,
        109.77451939736643,
        109.53750561129662,
        109.32882518153036,
        109.14327215379284,
        108.97701288038685,
        108.82514313728579,
        108.68351548717868,
        108.55038082984186,
        108.42399228003717,
        108.30403309483683,
        108.18915237918976,
        108.07898293772051,
        107.97201045866936,
        107.86468801190776,
        107.76108649469191,
        107.65840518090033,
        107.55742349932271,
        107.45956691618889,
        107.35979363226122,
        107.26229710732737,
        107.16616525957662,
        107.07166413337954,
        106.97497312484249,
        106.88128883607926,
        106.78999180947581,
        106.69641580889302,
        106.60408635293284,
        106.51401913550592,
        106.42417735438192,
        106.33233174970073,
        106.24351526075795,
        106.1517582554971,
        106.06322134694746,
        105.97790207401398,
        105.89134290141445,
        105.80613290109942,
        105.71871209913685,
        105.63173429427609,
        105.54808487430695,
        105.46305010395665,
        105.37817998086253,
        105.29224518806704,
        105.2058617376512,
        105.12154486871535,
        105.03809824297505,
        104.9549329203944,
        104.87303530785346,
        104.78856658935547,
        104.70816384592364,
        104.62702523508379,
        104.54647950203189,
        104.46668440295804,
        104.38688216670867,
        104.30655325612715,
        104.22610793575164,
        104.14901684176537,
        104.06993053805444,
        103.99054422686177,
        103.9122548257151,
        103.83633299796811,
        103.75775220317226,
        103.68093379851311,
        103.60402605610508,
        103.53094974640877,
        103.45480838898689,
        103.37938148744645,
        103.30498529249623,
        103.22975724743259,
        103.15344878165952,
        103.07920517459992,
        103.00438001078945,
        102.92982630575857,
        102.85867408014113,
        102.78670698596585,
        102.71364101286858,
        102.64304548694241,
        102.57149431782383,
        102.49998769452495,
        102.43055208267704
    ],