{
    "testproblem": "quadratic_deep",
    "batch_size": 32,
    "num_epochs": 5,
    "random_seed": 42,
    "weight_decay": null,
    "optimizer_name": "PreconditionedSGDlog",
    "optimizer_hyperparams": {
        "lr": null
    },
    "training_params": {},
    "train_losses": [
        225.06795723207534,
        104.03794491675592,
        98.224366218813,
        96.99046448738345,
        93.45161019602129,
        90.2545648390247
    ],
    "valid_losses": [
        230.73556174001385,
        107.03912698068926,
        101.97259127709174,
        99.11091047717679,
        96.50549070296749,
        93.3933336811681
    ],
    "test_losses": [
        228.7590578140751,
        106.27080831220073,
        100.28427616242439,
        98.15856465985698,
        95.12840467883694,
        92.47679359682145
    ],
    "minibatch_train_losses": [
        228.04931640625,
        205.7845001220703,
        133.20948791503906,
        110.38980102539062,
        87.84573364257812,
        102.68478393554688,
        109.31822967529297,
        105.05783081054688,
        99.019775390625,
        100.29486846923828,
        88.94749450683594,
        93.86334228515625,
        104.02946472167969,
        86.46192169189453,
        80.51885223388672,
        91.5218276977539,
        91.20869445800781,
        95.013671875,
        87.24874114990234,
        88.23856353759766
    ],
    "grad_norms": [
        5639.8603515625,
        5922.99267578125,
        5694.2177734375,
        5434.939453125,
        5817.6220703125,
        5696.3798828125,
        5544.4775390625,
        5871.49072265625,
        5636.685546875,
        5753.7802734375,
        207.00233459472656,
        206.7449493408203,
        203.97142028808594,
        218.25381469726562,
        24.53712272644043,
        21.674650192260742,
        19.6649227142334,
        22.83587646484375,
        19.150896072387695,
        22.972116470336914,
        21.27199363708496,
        18.07803726196289,
        22.054216384887695,
        21.302412033081055,
        33.08879470825195,
        20.178394317626953,
        19.362957000732422,
        16.173175811767578,
        22.230188369750977,
        18.576047897338867,
        0.0,
        941.5428466796875,
        1445.644287109375,
        878.6070556640625,
        1287.132080078125,
        1324.721923828125,
        1332.09814453125,
        896.6071166992188,
        1222.126220703125,
        1724.529541015625,
        34.88396072387695,
        38.432132720947266,
        53.00071716308594,
        39.87452697753906,
        9.25208568572998,
        13.337576866149902,
        16.403451919555664,
        17.82382583618164,
        15.67064380645752,
        14.895488739013672,
        11.53426456451416,
        22.848081588745117,
        11.548673629760742,
        11.3242769241333,
        11.814213752746582,
        23.98918342590332,
        16.316469192504883,
        19.906169891357422,
        22.503223419189453,
        20.863805770874023,
        0.0,
        962.8682861328125,
        603.19482421875,
        1145.126220703125,
        879.4315185546875,
        588.0242309570312,
        1341.5750732421875,
        912.2391357421875,
        1118.5452880859375,
        895.7550048828125,
        41.438507080078125,
        28.348806381225586,
        38.44944763183594,
        25.899486541748047,
        18.706832885742188,
        19.095630645751953,
        15.859085083007812,
        24.139904022216797,
        15.68105697631836,
        10.942212104797363,
        17.875558853149414,
        9.952077865600586,
        21.328235626220703,
        18.071929931640625,
        14.211709976196289,
        15.621410369873047,
        14.685401916503906,
        24.22144317626953,
        16.281753540039062,
        18.659713745117188,
        0.0,
        1196.537353515625,
        1226.500732421875,
        1465.656982421875,
        1162.2705078125,
        981.9227905273438,
        1207.701171875,
        1366.2513427734375,
        763.1804809570312,
        1306.6539306640625,
        43.45709228515625,
        59.413639068603516,
        43.88108444213867,
        50.70145034790039,
        12.012267112731934,
        11.627950668334961,
        13.130878448486328,
        16.179309844970703,
        15.395112991333008,
        18.774553298950195,
        18.10626220703125,
        18.97222328186035,
        16.775218963623047,
        13.715517044067383,
        25.689964294433594,
        18.308029174804688,
        8.261799812316895,
        30.955244064331055,
        21.908647537231445,
        16.831937789916992,
        0.0,
        1168.5924072265625,
        1038.501953125,
        789.6852416992188,
        1122.9251708984375,
        1285.0592041015625,
        1069.4385986328125,
        1111.6148681640625,
        931.3292846679688,
        762.6367797851562,
        44.75322723388672,
        32.1964225769043,
        29.616491317749023,
        22.834421157836914,
        11.751199722290039,
        17.207746505737305,
        20.00556182861328,
        18.639667510986328,
        10.498695373535156,
        25.48790740966797,
        26.59174346923828,
        17.876724243164062,
        14.125266075134277,
        18.136749267578125,
        17.414546966552734,
        11.100519180297852,
        16.422130584716797,
        15.821568489074707,
        12.778620719909668,
        16.26058006286621,
        0.0,
        539.6939086914062,
        716.9423828125,
        733.4239501953125,
        740.5001220703125
    ]
}