{
    "testproblem": "quadratic_deep",
    "batch_size": 32,
    "num_epochs": 100,
    "random_seed": 43,
    "weight_decay": null,
    "optimizer_name": "SGD",
    "optimizer_hyperparams": {
        "lr": 1e-75
    },
    "training_params": {},
    "train_losses": [
        554.5908065303679,
        554.1459665606098,
        554.2635517735636,
        553.3489123928931,
        554.1348699754284,
        553.8272941343246,
        553.7597193564138,
        554.5055601058468,
        553.5906234248991,
        554.1018371582031,
        554.8233839465726,
        554.6199518019154,
        554.5160778414819,
        554.5651757024949,
        554.1746028777092,
        553.635252921812,
        553.6013498613911,
        554.0846587150328,
        553.895258749685,
        554.3473471364667,
        554.3490836851058,
        554.1010604366179,
        554.7086161951864,
        554.599381969821,
        554.4217558830015,
        553.9081155100176,
        553.7814724829889,
        554.729984406502,
        554.5239041236139,
        554.4468521610384,
        553.6437259797127,
        554.4291578723538,
        554.6487978043094,
        553.9245457803049,
        554.7056254725302,
        554.1683822139616,
        554.5504878874748,
        553.5314646074848,
        554.8577388640373,
        554.0591932727444,
        554.6365966796875,
        554.5120692099295,
        555.0723798198085,
        553.7764735068045,
        553.8572387695312,
        554.4953258883569,
        554.5343106177545,
        554.4820625551286,
        554.4516306231098,
        555.0190291866179,
        554.7325370542464,
        554.3444430443549,
        554.7234634891634,
        554.009269468246,
        554.4157173402848,
        554.4840973884828,
        555.1547172300277,
        553.4767298544607,
        553.7864714591734,
        553.4035260600429,
        554.7165271389869,
        553.5555311633694,
        554.6954030682964,
        554.7675308719759,
        554.4640109154486,
        554.6725621377268,
        554.2484711677797,
        554.7986607705393,
        554.4905365974672,
        554.1067071730091,
        554.4784969206779,
        554.1969289472027,
        554.7086575415826,
        553.8796859248991,
        554.6978808987525,
        554.3884749873991,
        554.7674324281754,
        554.1553088772681,
        554.1791559034779,
        554.3293023878529,
        554.548576108871,
        554.6317965599799,
        554.5997649162047,
        554.0157047394783,
        553.811287172379,
        553.9317577731225,
        554.5467804939516,
        553.9845069146926,
        554.7397795646422,
        554.3459866431451,
        554.1626291582661,
        554.3018759450605,
        554.3376149823589,
        554.8957381709929,
        554.2415741951235,
        554.1071639522429,
        554.7337301931074,
        553.806404359879,
        554.4590552545363,
        554.1365750220514,
        554.1006262994582
    ],
    "valid_losses": [
        549.6072141585812,
        549.6072141585812,
        549.6072141585812,
        549.6072141585812,
        549.6072141585812,
        549.6072141585812,
        549.6072141585812,
        549.6072141585812,
        549.6072141585812,
        549.6072141585812,
        549.6072141585812,
        549.6072141585812,
        549.6072141585812,
        549.6072141585812,
        549.6072141585812,
        549.6072141585812,
        549.6072141585812,
        549.6072141585812,
        549.6072141585812,
        549.6072141585812,
        549.6072141585812,
        549.6072141585812,
        549.6072141585812,
        549.6072141585812,
        549.6072141585812,
        549.6072141585812,
        549.6072141585812,
        549.6072141585812,
        549.6072141585812,
        549.6072141585812,
        549.6072141585812,
        549.6072141585812,
        549.6072141585812,
        549.6072141585812,
        549.6072141585812,
        549.6072141585812,
        549.6072141585812,
        549.6072141585812,
        549.6072141585812,
        549.6072141585812,
        549.6072141585812,
        549.6072141585812,
        549.6072141585812,
        549.6072141585812,
        549.6072141585812,
        549.6072141585812,
        549.6072141585812,
        549.6072141585812,
        549.6072141585812,
        549.6072141585812,
        549.6072141585812,
        549.6072141585812,
        549.6072141585812,
        549.6072141585812,
        549.6072141585812,
        549.6072141585812,
        549.6072141585812,
        549.6072141585812,
        549.6072141585812,
        549.6072141585812,
        549.6072141585812,
        549.6072141585812,
        549.6072141585812,
        549.6072141585812,
        549.6072141585812,
        549.6072141585812,
        549.6072141585812,
        549.6072141585812,
        549.6072141585812,
        549.6072141585812,
        549.6072141585812,
        549.6072141585812,
        549.6072141585812,
        549.6072141585812,
        549.6072141585812,
        549.6072141585812,
        549.6072141585812,
        549.6072141585812,
        549.6072141585812,
        549.6072141585812,
        549.6072141585812,
        549.6072141585812,
        549.6072141585812,
        549.6072141585812,
        549.6072141585812,
        549.6072141585812,
        549.6072141585812,
        549.6072141585812,
        549.6072141585812,
        549.6072141585812,
        549.6072141585812,
        549.6072141585812,
        549.6072141585812,
        549.6072141585812,
        549.6072141585812,
        549.6072141585812,
        549.6072141585812,
        549.6072141585812,
        549.6072141585812,
        549.6072141585812,
        549.6072141585812
    ],