{
    "testproblem": "mnist_2c2d",
    "batch_size": 128,
    "num_epochs": 2,
    "random_seed": 42,
    "weight_decay": null,
    "optimizer_name": "Preconditioner",
    "optimizer_hyperparams": {
        "lr": 0.054488428,
        "prior_iterations": 5
    },
    "training_params": {},
    "train_losses": [
        2.3819066194387584,
        0.13187416179631,
        0.0794274320300573
    ],
    "valid_losses": [
        2.38106399621719,
        0.14440957351754874,
        0.08955588368460154
    ],
    "test_losses": [
        2.389372174556439,
        0.12070322571656643,
        0.07257857192785312
    ],
    "minibatch_train_losses": [
        2.3661463260650635,
        2.4389448165893555,
        1.9912478923797607,
        1.5526496171951294,
        0.9825752377510071,
        0.7850645184516907,
        0.7081786394119263,
        0.5131644010543823,
        0.3151945471763611,
        0.352128803730011,
        0.372310072183609,
        0.30591848492622375,
        0.2174604833126068,
        0.3036462664604187,
        0.21465247869491577,
        0.27331918478012085,
        0.1969643086194992,
        0.17821170389652252,
        0.17949676513671875,
        0.16216713190078735,
        0.10849835723638535,
        0.1688399463891983,
        0.08985380083322525,
        0.15489314496517181,
        0.16529619693756104,
        0.21135027706623077,
        0.06900499761104584,
        0.22309841215610504,
        0.10848114639520645,
        0.21347761154174805,
        0.09943610429763794,
        0.22373835742473602,
        0.07007033377885818,
        0.21459737420082092,
        0.112174853682518,
        0.1126880794763565,
        0.1912848949432373,
        0.10725638270378113,
        0.11530095338821411,
        0.11379396915435791,
        0.09467491507530212,
        0.11819900572299957,
        0.21027082204818726,
        0.18039235472679138,
        0.05611594766378403,
        0.1280387043952942,
        0.10725881159305573,
        0.1550464630126953,
        0.16155898571014404,
        0.1105535626411438,
        0.06473188102245331,
        0.1085284948348999,
        0.07996883988380432,
        0.17183484137058258,
        0.073820561170578,
        0.12353429198265076,
        0.05902516841888428,
        0.1087549552321434,
        0.11172159016132355,
        0.06255901604890823,
        0.1323721706867218,
        0.09167009592056274,
        0.06028197705745697,
        0.18578669428825378,
        0.0591534823179245,
        0.05877116695046425,
        0.07705076783895493,
        0.11788207292556763,
        0.09096787869930267,
        0.08363328874111176,
        0.07203724980354309,
        0.06672581285238266,
        0.08125381171703339,
        0.10910850763320923,
        0.06034558638930321,
        0.13255351781845093,
        0.07360368967056274,
        0.08785358816385269
    ],
    "train_accuracies": [
        0.061197916666666664,
        0.9574318910256411,
        0.9763621794871795
    ],
    "valid_accuracies": [
        0.06290064102564102,
        0.9549278846153846,
        0.9727564102564102
    ],
    "test_accuracies": [
        0.056790865384615384,
        0.9613381410256411,
        0.9772636217948718
    ]
}