{
    "testproblem": "quadratic_deep",
    "batch_size": 32,
    "num_epochs": 20,
    "random_seed": 42,
    "weight_decay": null,
    "optimizer_name": "PreconditionedSGD",
    "optimizer_hyperparams": {
        "lr": 0.01
    },
    "training_params": {},
    "train_losses": [
        225.06795772429436,
        117.85646254016507,
        100.74501357540008,
        95.41143724995274,
        93.86422901768839,
        91.51462677986392,
        90.2374981295678,
        88.58807619156376,
        89.4954110422442,
        87.08748552876133,
        87.66433174379411,
        86.78744605279738,
        86.52216683664629,
        86.67601530013546,
        85.95540938838836,
        86.04566783289755,
        85.91518943540511,
        86.89663991620463,
        85.9579317646642,
        86.89537786668346,
        85.34193395799205
    ],
    "valid_losses": [
        230.73556026335686,
        121.5515643704322,
        103.91016880158455,
        98.47062830771169,
        96.53209317115045,
        94.50619802167338,
        93.55279664070376,
        91.73393347955519,
        91.99359746133128,
        90.21181709535661,
        91.08291527532762,
        89.98959744361139,
        89.78901155533329,
        89.82004079511088,
        88.56737296811995,
        88.95022361509261,
        89.37925154162991,
        90.49498945666897,
        89.30918515113092,
        90.30883099955898,
        88.68044994723412
    ],
    "test_losses": [
        228.7590573218561,
        120.19269487934727,
        103.15277567217427,
        97.27645504859186,
        95.77391421410346,
        93.43840174521169,
        92.51012322210497,
        90.64298838953817,
        90.93544547788558,
        89.28654184649068,
        89.6491197155368,
        88.78814574210874,
        88.37768899240801,
        89.13769112863848,
        88.01335931593373,
        88.07240763018208,
        88.4244138656124,
        89.0991941882718,
        88.19150764711442,
        88.72068737399194,
        87.54862680742818
    ],
    "minibatch_train_losses": [
        228.04931640625,
        205.78448486328125,
        171.1193084716797,
        122.0579605102539,
        102.3344497680664,
        118.3094711303711,
        115.47614288330078,
        110.47850799560547,
        102.54863739013672,
        101.10049438476562,
        92.87794494628906,
        91.99141693115234,
        100.56968688964844,
        83.9524154663086,
        83.779541015625,
        95.09590911865234,
        90.79246520996094,
        94.90579986572266,
        87.01960754394531,
        88.31855010986328,
        79.0460205078125,
        84.6307601928711,
        96.02214813232422,
        82.00690460205078,
        89.87153625488281,
        103.83906555175781,
        81.79109191894531,
        92.97706604003906,
        96.75118255615234,
        83.56793212890625,
        76.07745361328125,
        96.55907440185547,
        89.31402587890625,
        96.36737060546875,
        80.91299438476562,
        80.66495513916016,
        79.67947387695312,
        93.41667175292969,
        86.97885131835938,
        79.0395278930664,
        72.70037078857422,
        98.12371063232422,
        80.59820556640625,
        101.74889373779297,
        86.7195816040039,
        94.90373229980469,
        85.31101989746094,
        83.6261215209961,
        85.63146209716797,
        81.3065414428711,
        90.93104553222656,
        85.43597412109375,
        88.98069763183594,
        81.83152770996094,
        97.56477355957031,
        91.32231140136719,
        93.84654998779297,
        81.56995391845703,
        95.90675354003906,
        80.73759460449219,
        101.39421081542969,
        86.44994354248047,
        84.5838623046875,
        78.9261474609375,
        92.95028686523438,
        83.1517562866211,
        86.0987319946289,
        78.51841735839844,
        73.91751098632812,
        96.0606460571289,
        81.70691680908203,
        79.24755096435547,
        88.4854507446289,
        79.48699188232422,
        86.075439453125,
        87.20137786865234,
        84.46204376220703,
        76.16472625732422,
        85.10321044921875,
        85.73826599121094
    ]
}