{
    "weight_decay": null,
    "valid_accuracies": [
        0.09765625,
        0.4309895833333333,
        0.433193108974359,
        0.5471754807692307,
        0.5852363782051282,
        0.6035657051282052
    ],
    "batch_size": 128,
    "minibatch_train_losses": [
        3.6039308584653416,
        3.591557025909424,
        3.5912740230560303,
        3.5213782787323,
        3.4601712226867676,
        3.4386048316955566,
        3.376598834991455,
        3.3715572357177734,
        3.3187103271484375,
        3.3491570949554443,
        3.397247314453125,
        3.3719496726989746,
        3.323922634124756,
        3.029480218887329,
        3.0915746688842773,
        3.1734566688537598,
        3.0491199493408203,
        3.141069173812866,
        2.971543788909912,
        3.164522647857666,
        3.0110883712768555,
        3.2817883491516113,
        3.0879077911376953,
        2.9382481575012207,
        2.9246068000793457,
        2.960602283477783,
        2.9328768253326416,
        3.1296892166137695,
        2.9654104709625244,
        2.9617221355438232,
        3.1059532165527344,
        3.0432331562042236,
        2.957137107849121,
        2.8508308881368394,
        2.796027421951294,
        2.865109443664551,
        2.7474842071533203,
        2.938533306121826,
        2.7725162506103516,
        2.837538957595825,
        2.8937361240386963,
        2.8401732444763184,
        2.9204440116882324,
        2.6989617347717285,
        2.828230619430542,
        2.683908700942993,
        2.796151638031006,
        2.616469621658325,
        2.8485517501831055,
        2.75840163230896,
        2.6884350776672363,
        2.7125370502471924,
        2.7818732261657715,
        2.8045854568481445,
        2.7061448097229004,
        2.8209753036499023,
        2.5517711639404297,
        2.642904281616211,
        2.7651569843292236,
        2.577124834060669,
        2.6061575412750244,
        2.5270631313323975,
        2.5493412017822266,
        2.6915273666381836,
        2.4798970222473145,
        2.6809651851654053,
        2.7891944646835327,
        2.8338584899902344,
        2.7827134132385254,
        2.669081687927246,
        2.526309013366699,
        2.524522066116333,
        2.523157835006714,
        2.503754138946533,
        2.5755996704101562,
        2.4254860877990723,
        2.490715742111206,
        2.5005035400390625,
        2.650038242340088,
        2.5498156547546387,
        2.608795166015625,
        2.4834463596343994,
        2.4273300170898438,
        2.508087635040283,
        2.4369332790374756,
        2.419642448425293,
        2.4380335807800293,
        2.7688164710998535,
        2.4977211952209473,
        2.6257290840148926,
        2.480454921722412,
        2.397980213165283,
        2.4769818782806396,
        2.704212188720703,
        2.4848875999450684,
        2.487539291381836,
        2.4753475189208984,
        2.443929672241211,
        2.510693311691284,
        2.5050792388426952,
        2.4992356300354004,
        2.6109261512756348,
        2.4102163314819336,
        2.368856430053711,
        2.514315605163574,
        2.5765838623046875,
        2.3584935665130615,
        2.36635160446167,
        2.4003939628601074,
        2.4368839263916016,
        2.1693148612976074,
        2.5049045085906982,
        2.354076862335205,
        2.3139467239379883,
        2.317467212677002,
        2.555417060852051,
        2.302614450454712,
        2.3570289611816406,
        2.3583781719207764,
        2.4641194343566895,
        2.4452152252197266,
        2.3703179359436035,
        2.415799617767334,
        2.430760383605957,
        2.427886962890625,
        2.4273593425750732,
        2.4987688064575195,
        2.357196569442749,
        2.5836429595947266,
        2.2743825912475586,
        2.3992080688476562,
        2.3950226306915283,
        2.3622580002515745,
        2.434333324432373,
        2.4092018604278564,
        2.4867210388183594,
        2.3532543182373047,
        2.2310023307800293,
        2.39528226852417,
        2.421511173248291,
        2.3157238960266113,
        2.3894309997558594,
        2.2649073600769043,
        2.28570556640625,
        2.486401081085205,
        2.4781441688537598,
        2.2896132469177246,
        2.327136516571045,
        2.2460012435913086,
        2.373042106628418,
        2.4151864051818848,
        2.19600248336792,
        2.5363123416900635,
        2.2470107078552246,
        2.34444522857666,
        2.163654327392578,
        2.31789493560791,
        2.368114948272705,
        2.2790369987487793,
        2.2488293647766113,
        2.3702855110168457,
        2.2794950008392334,
        2.210765838623047,
        2.250065803527832,
        2.2408690452575684,
        2.3116588103465543
    ],
    "optimizer_name": "PreconditionedSGD",
    "num_epochs": 5,
    "random_seed": 50,
    "train_losses": [
        3.6039308584653416,
        2.8508308881368394,
        2.7891944646835327,
        2.5050792388426952,
        2.3622580002515745,
        2.3116588103465543
    ],
    "valid_losses": [
        3.6024772356718016,
        2.7367797386951938,
        2.6750617852577796,
        2.404089799294105,
        2.2766699363023806,
        2.222210489786588
    ],
    "test_accuracies": [
        0.09525240384615384,
        0.43579727564102566,
        0.43930288461538464,
        0.5490785256410257,
        0.5871394230769231,
        0.6069711538461539
    ],
    "train_accuracies": [
        0.0967548076923077,
        0.3994391025641026,
        0.4033453525641026,
        0.5049078525641025,
        0.5679086538461539,
        0.5823317307692307
    ],
    "testproblem": "cifar10_3c3d",
    "test_losses": [
        3.6050177415211997,
        2.72884708795792,
        2.6600687198149853,
        2.3956011717136088,
        2.2659688607240334,
        2.2146927943596473
    ],
    "optimizer_hyperparams": {
        "lr": null
    },
    "training_params": {}
}