{
    "testproblem": "cifar10_3c3d",
    "optimizer_hyperparams": {
        "lr": null
    },
    "batch_size": 128,
    "minibatch_train_losses": [
        3.5788444127791967,
        3.5641164779663086,
        3.5679845809936523,
        3.5177903175354004,
        3.3722314834594727,
        3.374096155166626,
        3.5040149688720703,
        3.4512720108032227,
        3.328890800476074,
        3.2277235984802246,
        3.4050722122192383,
        3.261375904083252,
        3.264991283416748,
        3.2046189308166504,
        3.1251931190490723,
        3.237332820892334,
        3.152852773666382,
        3.146717071533203,
        2.982548475265503,
        3.150496006011963,
        2.9936094284057617,
        3.105356216430664,
        3.123422145843506,
        3.0885071754455566,
        3.334063768386841,
        2.9553229808807373,
        2.8823165893554688,
        3.022935390472412,
        2.8887054920196533,
        2.885185956954956,
        3.003384590148926,
        2.8384649753570557,
        2.810152292251587,
        3.005330648177709,
        2.971017837524414,
        3.030794620513916,
        2.7096517086029053,
        2.6754214763641357,
        2.8088879585266113,
        2.6775851249694824,
        2.670795440673828,
        2.6404647827148438,
        2.765421152114868,
        2.601893424987793,
        2.6824824810028076,
        2.809678077697754,
        2.623405933380127,
        2.8954176902770996,
        2.6785311698913574,
        2.648899555206299,
        2.734201431274414,
        2.544023036956787,
        2.677734851837158,
        2.6929869651794434,
        2.5918049812316895,
        2.618440628051758,
        2.515716075897217,
        2.6072349548339844,
        2.4909815788269043,
        2.6272852420806885,
        2.5127148628234863,
        2.6372668743133545,
        2.596515655517578,
        2.7268717288970947,
        2.484205961227417,
        2.568953514099121,
        2.5033512451709847,
        2.5022454261779785,
        2.68509578704834,
        2.50126314163208,
        2.448225498199463,
        2.5248239040374756,
        2.4028191566467285,
        2.534782886505127,
        2.427025318145752,
        2.3923094272613525,
        2.527216911315918,
        2.5205159187316895,
        2.5873289108276367,
        2.515839099884033,
        2.422550678253174,
        2.4280521869659424,
        2.568480968475342,
        2.541444778442383,
        2.5000696182250977,
        2.49483585357666,
        2.510660171508789,
        2.611567497253418,
        2.609128952026367,
        2.5956358909606934,
        2.585474967956543,
        2.3194756507873535,
        2.3523709774017334,
        2.4305856227874756,
        2.4337921142578125,
        2.4191842079162598,
        2.490384578704834,
        2.32916259765625,
        2.3986778259277344,
        2.432991553575565,
        2.2855610847473145,
        2.319470167160034,
        2.315688133239746,
        2.3899831771850586,
        2.278554916381836,
        2.4610767364501953,
        2.396845817565918,
        2.403331995010376,
        2.4595541954040527,
        2.330430507659912,
        2.422805070877075,
        2.38008451461792,
        2.3499505519866943,
        2.4023194313049316,
        2.3190019130706787,
        2.4827723503112793,
        2.3592894077301025,
        2.357208013534546,
        2.310046672821045,
        2.511054277420044,
        2.3017587661743164,
        2.2817635536193848,
        2.3793795108795166,
        2.338095188140869,
        2.44791316986084,
        2.3554368019104004,
        2.4681663513183594,
        2.4270148277282715,
        2.4084794521331787,
        2.4731218814849854,
        2.3630428314208984,
        2.457521915435791,
        2.344070703555376,
        2.4122846126556396,
        2.470705032348633,
        2.3053464889526367,
        2.2188832759857178,
        2.43869686126709,
        2.351284980773926,
        2.2460718154907227,
        2.1463470458984375,
        2.4186549186706543,
        2.310805559158325,
        2.3934707641601562,
        2.235265016555786,
        2.14115047454834,
        2.397629737854004,
        2.4118127822875977,
        2.303661346435547,
        2.3863701820373535,
        2.1894643306732178,
        2.2668707370758057,
        2.392228603363037,
        2.175940990447998,
        2.301490306854248,
        2.1952133178710938,
        2.2304422855377197,
        2.3745179176330566,
        2.367302417755127,
        2.3797597885131836,
        2.2458572387695312,
        2.20023250579834,
        2.270660400390625,
        2.494260311126709,
        2.1943063735961914,
        2.2737089823453855
    ],
    "valid_accuracies": [
        0.08393429487179487,
        0.37059294871794873,
        0.5462740384615384,
        0.5710136217948718,
        0.5871394230769231,
        0.6105769230769231
    ],
    "valid_losses": [
        3.573116253583859,
        2.887314423536643,
        2.405033747355143,
        2.322709104953668,
        2.2499177211370225,
        2.186923179870997
    ],
    "train_accuracies": [
        0.08333333333333333,
        0.33984375,
        0.5107171474358975,
        0.5412660256410257,
        0.5599959935897436,
        0.5869391025641025
    ],
    "training_params": {},
    "random_seed": 45,
    "num_epochs": 5,
    "weight_decay": null,
    "test_accuracies": [
        0.07792467948717949,
        0.37680288461538464,
        0.5447716346153846,
        0.5676081730769231,
        0.5914463141025641,
        0.6147836538461539
    ],
    "test_losses": [
        3.5731342205634484,
        2.885406588896727,
        2.4084281615721874,
        2.325091841893318,
        2.2522139121324587,
        2.19376431673001
    ],
    "optimizer_name": "PreconditionedSGD",
    "train_losses": [
        3.5788444127791967,
        3.005330648177709,
        2.5033512451709847,
        2.432991553575565,
        2.344070703555376,
        2.2737089823453855
    ]
}