{
    "test_losses": [
        3.5823680529227624,
        2.77814505650447,
        2.434274511459546,
        2.295763223599165,
        2.2081342874429164,
        2.1559879871515126
    ],
    "optimizer_name": "PreconditionedSGD",
    "valid_accuracies": [
        0.0967548076923077,
        0.4035456730769231,
        0.5295472756410257,
        0.5797275641025641,
        0.6056690705128205,
        0.6171875
    ],
    "test_accuracies": [
        0.09985977564102565,
        0.4072516025641026,
        0.5307491987179487,
        0.56640625,
        0.5985576923076923,
        0.612479967948718
    ],
    "testproblem": "cifar10_3c3d",
    "optimizer_hyperparams": {
        "lr": null
    },
    "batch_size": 128,
    "weight_decay": null,
    "train_losses": [
        3.580676705409319,
        2.878177902637384,
        2.553785345493219,
        2.3960800415430312,
        2.3050123697672134,
        2.235907799158341
    ],
    "valid_losses": [
        3.5840867238167005,
        2.777398011623285,
        2.430253261174911,
        2.283857917174315,
        2.197699485680996,
        2.147054597353324
    ],
    "num_epochs": 5,
    "random_seed": 42,
    "train_accuracies": [
        0.10196314102564102,
        0.3851161858974359,
        0.4950921474358974,
        0.5417668269230769,
        0.5700120192307693,
        0.5858373397435898
    ],
    "training_params": {},
    "minibatch_train_losses": [
        3.580676705409319,
        3.5996482372283936,
        3.5773744583129883,
        3.524120807647705,
        3.448368549346924,
        3.3578391075134277,
        3.309696912765503,
        3.235532760620117,
        3.3493165969848633,
        3.2434091567993164,
        3.22689151763916,
        3.203770399093628,
        3.3899612426757812,
        3.1265945434570312,
        3.056872844696045,
        3.1578660011291504,
        3.323662281036377,
        3.1236791610717773,
        3.110321521759033,
        3.062800407409668,
        3.1121177673339844,
        3.0348398685455322,
        3.010499954223633,
        3.0320191383361816,
        2.883145332336426,
        2.8779525756835938,
        3.033107280731201,
        3.0784108638763428,
        3.0181612968444824,
        2.9722557067871094,
        2.841855049133301,
        2.9696969985961914,
        3.0683703422546387,
        2.878177902637384,
        2.9273934364318848,
        2.8777124881744385,
        2.7149720191955566,
        2.830206871032715,
        2.9049880504608154,
        2.780245304107666,
        2.675976037979126,
        2.524477958679199,
        2.587313652038574,
        2.843717575073242,
        2.683457136154175,
        2.7803330421447754,
        2.650623083114624,
        2.765171766281128,
        2.771239757537842,
        2.8641715049743652,
        2.5755980014801025,
        2.6649370193481445,
        2.684234142303467,
        2.8165388107299805,
        2.5258169174194336,
        2.7665576934814453,
        2.5324361324310303,
        2.4981203079223633,
        2.592700958251953,
        2.610659122467041,
        2.400641918182373,
        2.6222095489501953,
        2.4663491249084473,
        2.535325050354004,
        2.66042423248291,
        2.529529571533203,
        2.553785345493219,
        2.3995203971862793,
        2.5489110946655273,
        2.486410140991211,
        2.5235748291015625,
        2.4521937370300293,
        2.5739974975585938,
        2.4661121368408203,
        2.4698920249938965,
        2.3470354080200195,
        2.5984907150268555,
        2.5138542652130127,
        2.5234742164611816,
        2.4359865188598633,
        2.426252603530884,
        2.287552833557129,
        2.412668228149414,
        2.4575018882751465,
        2.5623226165771484,
        2.505156993865967,
        2.6046533584594727,
        2.4837989807128906,
        2.3011510372161865,
        2.3647236824035645,
        2.3243634700775146,
        2.5150814056396484,
        2.227168560028076,
        2.3470234870910645,
        2.36160945892334,
        2.399488687515259,
        2.359959363937378,
        2.457193374633789,
        2.412691116333008,
        2.3960800415430312,
        2.513664722442627,
        2.4775078296661377,
        2.291914939880371,
        2.3949341773986816,
        2.3775081634521484,
        2.4422502517700195,
        2.455726146697998,
        2.484255790710449,
        2.34482741355896,
        2.46829891204834,
        2.3675527572631836,
        2.460749626159668,
        2.4142215251922607,
        2.396883964538574,
        2.4331960678100586,
        2.453477382659912,
        2.2976908683776855,
        2.4261226654052734,
        2.3471486568450928,
        2.326411247253418,
        2.3045952320098877,
        2.339224100112915,
        2.337747812271118,
        2.3467230796813965,
        2.3797597885131836,
        2.207185745239258,
        2.507035732269287,
        2.3694043159484863,
        2.413647174835205,
        2.268740653991699,
        2.269510507583618,
        2.2723469734191895,
        2.3050123697672134,
        2.221104145050049,
        2.251366376876831,
        2.4109702110290527,
        2.272585868835449,
        2.367605686187744,
        2.1749653816223145,
        2.2756426334381104,
        2.2016162872314453,
        2.405752182006836,
        2.299621105194092,
        2.267014980316162,
        2.2198562622070312,
        2.3226571083068848,
        2.2012100219726562,
        2.277522325515747,
        2.1361703872680664,
        2.1142566204071045,
        2.4016590118408203,
        2.1643922328948975,
        2.3159520626068115,
        2.326443672180176,
        2.356388807296753,
        2.1705782413482666,
        2.178586006164551,
        2.2485687732696533,
        2.2229561805725098,
        2.347349166870117,
        2.254509925842285,
        2.1605281829833984,
        2.264439105987549,
        2.2117419242858887,
        2.2909669876098633,
        2.235907799158341
    ]
}