{
    "valid_accuracies": [
        0.09635416666666667,
        0.4059495192307692,
        0.5288461538461539,
        0.5511818910256411,
        0.5840344551282052,
        0.6010616987179487
    ],
    "num_epochs": 5,
    "test_losses": [
        3.587566684453915,
        2.8478510135259385,
        2.46783317052401,
        2.3762276142071457,
        2.290030687283247,
        2.2408353212552194
    ],
    "train_losses": [
        3.585917754051013,
        2.9432378793374085,
        2.5701852914614554,
        2.480341816559816,
        2.389398333353874,
        2.314264538960579
    ],
    "testproblem": "cifar10_3c3d",
    "optimizer_hyperparams": {
        "lr": null
    },
    "random_seed": 48,
    "optimizer_name": "PreconditionedSGD",
    "test_accuracies": [
        0.10036057692307693,
        0.39733573717948717,
        0.5235376602564102,
        0.5487780448717948,
        0.5800280448717948,
        0.5970552884615384
    ],
    "train_accuracies": [
        0.10216346153846154,
        0.3766025641025641,
        0.49659455128205127,
        0.5163261217948718,
        0.5486778846153846,
        0.5778245192307693
    ],
    "batch_size": 128,
    "weight_decay": null,
    "training_params": {},
    "minibatch_train_losses": [
        3.585917754051013,
        3.57891845703125,
        3.5773985385894775,
        3.5095691680908203,
        3.4670002460479736,
        3.38494873046875,
        3.5067648887634277,
        3.336552619934082,
        3.382321357727051,
        3.2893314361572266,
        3.1271004676818848,
        3.2762656211853027,
        3.266610622406006,
        3.110985040664673,
        2.949523448944092,
        3.093845844268799,
        3.152094841003418,
        3.110473871231079,
        2.985949993133545,
        3.0161185264587402,
        3.2305409908294678,
        2.994650363922119,
        3.0657496452331543,
        3.0553975105285645,
        3.2298312187194824,
        2.925956964492798,
        3.107145309448242,
        2.855801582336426,
        2.9359755516052246,
        3.14461350440979,
        2.8971900939941406,
        2.8094229698181152,
        2.8538920879364014,
        2.9432378793374085,
        3.1021246910095215,
        3.0070440769195557,
        2.84102201461792,
        2.7517056465148926,
        2.640871524810791,
        2.7112841606140137,
        2.6773102283477783,
        2.61061954498291,
        2.828495502471924,
        2.775726318359375,
        2.646632194519043,
        2.7419166564941406,
        2.5316686630249023,
        2.687994956970215,
        2.810473918914795,
        2.715999126434326,
        2.854984760284424,
        2.6931629180908203,
        2.7180466651916504,
        2.730597734451294,
        2.7211904525756836,
        2.583977699279785,
        2.8097047805786133,
        2.5747385025024414,
        2.624736785888672,
        2.5182228088378906,
        2.7165513038635254,
        2.5225331783294678,
        2.616483449935913,
        2.5675392150878906,
        2.6290249824523926,
        2.6814074516296387,
        2.5701852914614554,
        2.552102565765381,
        2.562676429748535,
        2.5678162574768066,
        2.6912457942962646,
        2.6731882095336914,
        2.4901063442230225,
        2.4469685554504395,
        2.5314419269561768,
        2.670571804046631,
        2.5311601161956787,
        2.54310941696167,
        2.5001468658447266,
        2.559077739715576,
        2.511941432952881,
        2.4025983810424805,
        2.5004734992980957,
        2.440248966217041,
        2.4182229042053223,
        2.5846805572509766,
        2.426851272583008,
        2.595407009124756,
        2.5606765747070312,
        2.614543914794922,
        2.6825003623962402,
        2.5208287239074707,
        2.4962408542633057,
        2.575796127319336,
        2.427616596221924,
        2.5183324813842773,
        2.650244951248169,
        2.3757574558258057,
        2.375229835510254,
        2.480341816559816,
        2.444455623626709,
        2.5052664279937744,
        2.5086398124694824,
        2.6031858921051025,
        2.353316307067871,
        2.3729171752929688,
        2.460293769836426,
        2.441908836364746,
        2.396519184112549,
        2.3782129287719727,
        2.413055419921875,
        2.5128588676452637,
        2.2850613594055176,
        2.4074854850769043,
        2.586611747741699,
        2.461369037628174,
        2.462066411972046,
        2.4024171829223633,
        2.279585838317871,
        2.540213108062744,
        2.479689598083496,
        2.3756375312805176,
        2.4666714668273926,
        2.5242249965667725,
        2.3248536586761475,
        2.473264694213867,
        2.5408875942230225,
        2.4538631439208984,
        2.3894758224487305,
        2.3363592624664307,
        2.2133312225341797,
        2.4189066886901855,
        2.389398333353874,
        2.445302963256836,
        2.352642059326172,
        2.2493762969970703,
        2.440249443054199,
        2.5374703407287598,
        2.469740867614746,
        2.218142509460449,
        2.4176385402679443,
        2.4997029304504395,
        2.326829433441162,
        2.233633518218994,
        2.2884535789489746,
        2.360971450805664,
        2.3949787616729736,
        2.127089738845825,
        2.344399929046631,
        2.296131134033203,
        2.3379693031311035,
        2.5513975620269775,
        2.355665922164917,
        2.402693748474121,
        2.4253034591674805,
        2.3629724979400635,
        2.376059055328369,
        2.2169623374938965,
        2.1882407665252686,
        2.272300958633423,
        2.348806858062744,
        2.3655052185058594,
        2.332279682159424,
        2.4053664207458496,
        2.413972854614258,
        2.314264538960579
    ],
    "valid_losses": [
        3.591932489321782,
        2.837226607860663,
        2.464644263952206,
        2.3716882283870993,
        2.28518598813277,
        2.23326352926401
    ]
}