{
    "train_accuracies": [
        0.10727163461538461,
        0.41716746794871795,
        0.46925080128205127,
        0.5602964743589743,
        0.594551282051282,
        0.5969551282051282
    ],
    "train_losses": [
        3.5719290329859805,
        2.799061417579651,
        2.533340350175515,
        2.306380271911621,
        2.2166480742968044,
        2.182829057558989
    ],
    "optimizer_name": "PreconditionedSGD",
    "batch_size": 128,
    "weight_decay": null,
    "test_losses": [
        3.572300082597977,
        2.705989061257778,
        2.443082665785765,
        2.2350412943424325,
        2.1259533228018346,
        2.101118404131669
    ],
    "training_params": {},
    "valid_losses": [
        3.573254936780685,
        2.7041402749526195,
        2.439580357991732,
        2.228727484360719,
        2.119599252175062,
        2.096502649478423
    ],
    "minibatch_train_losses": [
        3.5719290329859805,
        3.570525884628296,
        3.54937744140625,
        3.5312018394470215,
        3.3324108123779297,
        3.3769454956054688,
        3.3498129844665527,
        3.3233861923217773,
        3.2749850749969482,
        3.2395946979522705,
        3.282243251800537,
        3.103447437286377,
        3.1351661682128906,
        3.2217276096343994,
        3.203984260559082,
        3.0861129760742188,
        3.087855815887451,
        3.124201774597168,
        3.203075885772705,
        3.0669164657592773,
        3.1547865867614746,
        3.111577033996582,
        2.9027371406555176,
        3.081958293914795,
        2.8755099773406982,
        2.889802932739258,
        2.950892925262451,
        2.950080394744873,
        2.953620195388794,
        3.1301538944244385,
        2.7643418312072754,
        3.0862784385681152,
        2.8270411491394043,
        2.799061417579651,
        2.8262438774108887,
        2.7585983276367188,
        2.6520700454711914,
        2.6688013076782227,
        2.7706947326660156,
        2.6074562072753906,
        2.674267292022705,
        2.7922589778900146,
        2.758668899536133,
        2.6838631629943848,
        2.548705816268921,
        2.5855143070220947,
        2.6381521224975586,
        2.7125325202941895,
        2.596421241760254,
        2.455536365509033,
        2.4236655235290527,
        2.546952962875366,
        2.5441713333129883,
        2.7032251358032227,
        2.617847442626953,
        2.6016464233398438,
        2.627317428588867,
        2.420447826385498,
        2.4502058029174805,
        2.636147975921631,
        2.6666250228881836,
        2.5167689323425293,
        2.5523629188537598,
        2.451061487197876,
        2.536404609680176,
        2.5747063159942627,
        2.533340350175515,
        2.522646427154541,
        2.4653234481811523,
        2.396444320678711,
        2.3577170372009277,
        2.4071640968322754,
        2.234410285949707,
        2.385232448577881,
        2.2632009983062744,
        2.3267903327941895,
        2.6110949516296387,
        2.5038199424743652,
        2.3640356063842773,
        2.5501222610473633,
        2.5479440689086914,
        2.405703544616699,
        2.414336681365967,
        2.221500873565674,
        2.361842155456543,
        2.4133410453796387,
        2.426210880279541,
        2.4806036949157715,
        2.3657782077789307,
        2.3312079906463623,
        2.376579523086548,
        2.3591856956481934,
        2.349081516265869,
        2.376636028289795,
        2.5557618141174316,
        2.2884774208068848,
        2.365640163421631,
        2.2798690795898438,
        2.473860025405884,
        2.306380271911621,
        2.312586545944214,
        2.3248815536499023,
        2.2421398162841797,
        2.408137798309326,
        2.206615447998047,
        2.3496179580688477,
        2.280303955078125,
        2.2718005180358887,
        2.197598457336426,
        2.2795257568359375,
        2.4280104637145996,
        2.347519874572754,
        2.3272366523742676,
        2.166618585586548,
        2.3221921920776367,
        2.347475051879883,
        2.3838489055633545,
        2.1375646591186523,
        2.2467119693756104,
        2.262939691543579,
        2.2309951782226562,
        2.3731794357299805,
        2.2497634887695312,
        2.317655563354492,
        2.2537190914154053,
        2.265327215194702,
        2.155928134918213,
        2.0485401153564453,
        2.224884271621704,
        2.223336935043335,
        2.3688786029815674,
        2.377305030822754,
        2.2166480742968044,
        2.214290142059326,
        2.2818679809570312,
        2.2107784748077393,
        2.060861110687256,
        2.183475971221924,
        2.1747260093688965,
        2.1823840141296387,
        2.2519936561584473,
        2.318075656890869,
        2.3153724670410156,
        2.246948719024658,
        2.222472667694092,
        2.0049796104431152,
        2.145693302154541,
        2.1744871139526367,
        2.202267646789551,
        2.1828866004943848,
        2.065418004989624,
        2.141868829727173,
        2.3458786010742188,
        2.117849349975586,
        2.0251660346984863,
        2.1561636924743652,
        2.2623653411865234,
        2.275270462036133,
        2.149506092071533,
        2.0552284717559814,
        2.2085070610046387,
        2.192180633544922,
        2.246634006500244,
        2.2374954223632812,
        2.237710952758789,
        2.182829057558989
    ],
    "random_seed": 47,
    "test_accuracies": [
        0.10837339743589744,
        0.44741586538461536,
        0.5040064102564102,
        0.5831330128205128,
        0.6197916666666666,
        0.6194911858974359
    ],
    "valid_accuracies": [
        0.10627003205128205,
        0.4430088141025641,
        0.5042067307692307,
        0.5829326923076923,
        0.6224959935897436,
        0.6285056089743589
    ],
    "testproblem": "cifar10_3c3d",
    "num_epochs": 5,
    "optimizer_hyperparams": {
        "lr": null
    }
}