{
    "testproblem": "quadratic_deep",
    "batch_size": 32,
    "num_epochs": 100,
    "random_seed": 44,
    "weight_decay": null,
    "optimizer_name": "SGD",
    "optimizer_hyperparams": {
        "lr": 0.01
    },
    "training_params": {},
    "train_losses": [
        429.9161209598664,
        100.76147780879852,
        94.7906474451865,
        91.97351935602003,
        90.0525145992156,
        88.70378038960118,
        88.33398216001449,
        86.94120419409967,
        87.27439486595893,
        86.56257949336883,
        86.88813880182082,
        85.76981033817414,
        86.1754886258033,
        85.85717207385647,
        85.38075477846208,
        86.02566626764113,
        85.86507169661984,
        85.97667521815146,
        85.5412107898343,
        86.12306853263608,
        85.74706194477696,
        85.51274896437123,
        85.32552411479335,
        85.47002829274824,
        85.41322917322958,
        85.35220484579763,
        85.34506348640689,
        85.76206650272492,
        85.38417791551159,
        85.07633676836568,
        85.72159920969317,
        85.1559814945344,
        85.41412575014176,
        85.37699644027218,
        85.37250001968876,
        85.59770054971018,
        85.45707801080519,
        85.80631969821069,
        85.37801631804436,
        86.12717216245589,
        85.24538347798008,
        85.96541743124685,
        85.60876784786102,
        86.09344753142327,
        85.32742260348412,
        85.74141865391886,
        85.13533561460433,
        85.23240809286794,
        85.3773173670615,
        84.99878741848853,
        84.83536898705268,
        85.45734553183279,
        85.4692626460906,
        85.37770154399257,
        85.43973024429813,
        85.41265942973476,
        86.05135985343686,
        85.11787685271233,
        86.22013904202369,
        85.69519535187752,
        85.18321744857296,
        85.0333023071289,
        85.1138436102098,
        85.65032614431074,
        85.77972067556074,
        85.16505776682207,
        85.19936690791961,
        85.49720616494456,
        85.1299551686933,
        85.11956048780873,
        85.36031513829386,
        85.23856501425466,
        85.1674339540543,
        85.05387238533267,
        85.1177003922001,
        85.15515555104902,
        85.4280260147587,
        86.02166108162173,
        85.4478754843435,
        85.58499317784464,
        85.29247603877899,
        85.52924297701928,
        85.45620776760963,
        85.49087401359311,
        85.04602444556451,
        85.29954036589592,
        85.4983628795993,
        85.19421952770603,
        85.66711548836001,
        85.43361589985508,
        85.2710199663716,
        85.41987732918032,
        85.00639023319367,
        85.06402440224925,
        86.17598109091482,
        85.16078924363659,
        85.42593383789062,
        85.2890858804026,
        85.41266139861077,
        85.44630899736958,
        84.97867904170867
    ],
    "valid_losses": [
        429.15941398374497,
        100.11966262325164,
        95.07953742242628,
        92.38880378969255,
        90.46990794520224,
        88.86800975184286,
        88.61374245920489,
        86.89314836071384,
        87.43553407730595,
        87.11410817792338,
        87.55047632032826,
        85.87778522122291,
        86.39927156509891,
        86.69376299458165,
        85.76112513388357,
        86.30874732232863,
        85.86969880134829,
        86.19518156974546,
        85.43831388411984,
        86.2318828951928,
        85.77290418071132,
        86.13417004000756,
        85.50879718411353,
        85.64434519121724,
        85.79871589906755,
        85.40383738856161,
        85.613282234438,
        86.00098665298954,
        85.53420208346459,
        85.26708812098349,
        85.6088613694714,
        85.3361575218939,
        85.39203742242628,
        85.40945434570312,
        85.49940072336504,
        85.45877665858114,
        85.1220966462166,
        86.50836132418725,
        85.57957532328945,
        85.96649219143775,
        85.22848510742188,
        86.67068678332913,
        85.66329020838583,
        86.47275986209992,
        85.45556173016948,
        85.5805186610068,
        85.39162863454511,
        85.45602293937436,
        85.28621255197832,
        85.16835021972656,
        85.33722686767578,
        85.9430396787582,
        85.58162886096585,
        85.32347648374495,
        85.79759733138546,
        85.69986700242565,
        86.5073731945407,
        85.26245363297001,
        86.7377225814327,
        86.3166735249181,
        85.33205290763608,
        85.4862567532447,
        85.27852384505734,
        85.64959913684476,
        85.4523687055034,
        85.24877535912299,
        85.57312134773501,
        85.70313410605154,
        85.23103947793284,
        85.15875416417276,
        85.13842453495148,
        85.6793958602413,
        85.53541269610005,
        85.77481103712513,
        85.42322687948904,
        84.99517379268524,
        85.6175268850019,
        85.99879381733555,
        85.33710184404927,
        85.98172858453566,
        85.6709454444147,
        85.54989870132938,
        85.72475384127709,
        85.48564837055821,
        85.05331371676537,
        85.10152336858934,
        85.76542195966167,
        85.14290003622732,
        85.81412949100617,
        85.82769873834425,
        85.36405994046119,
        85.40327822777533,
        85.3273662444084,
        85.31023530037173,
        85.82630625078755,
        85.55878793039629,
        85.27684611658896,
        85.67063608477193,
        85.97370812200731,
        85.43554515223349,
        85.38304876512096
    ],