{
    "testproblem": "quadratic_deep",
    "batch_size": 32,
    "num_epochs": 100,
    "random_seed": 50,
    "weight_decay": null,
    "optimizer_name": "SGD",
    "optimizer_hyperparams": {
        "lr": 0.01
    },
    "training_params": {},
    "train_losses": [
        274.553723242975,
        100.2300530710528,
        96.28911246022871,
        94.27281016688192,
        91.8393067390688,
        90.66324664700416,
        90.08190745692099,
        89.98381756198022,
        88.89820812594506,
        87.99149297898815,
        88.27554936562815,
        87.88178130119077,
        88.26195526123047,
        88.3168194678522,
        87.6661623062626,
        87.27460405903477,
        87.29451431766633,
        87.55590180427798,
        86.92026593608242,
        87.28782703030494,
        87.42560011340726,
        86.74626578054121,
        86.93726841095955,
        86.8968025945848,
        87.42564588977444,
        87.13808268885458,
        87.00681895594442,
        86.78659008395287,
        86.77156485280683,
        86.98035775461504,
        86.85096765333607,
        86.79870383970199,
        87.34516340686429,
        87.26977219120148,
        86.84547916535408,
        86.99894049859816,
        87.08317270586568,
        87.92940348963583,
        86.64667363320628,
        86.5086187547253,
        88.46112060546875,
        87.1230717320596,
        86.40868451518398,
        86.62244489116054,
        86.44403962166079,
        86.66146555254537,
        87.04310534077305,
        86.51283707157258,
        87.1498792094569,
        87.14597468222341,
        87.05721086071384,
        87.13219304238596,
        86.89940520255796,
        87.16446759623867,
        87.04384465371409,
        86.93790829566217,
        86.56925816689768,
        86.95401862359816,
        87.00226617628529,
        87.53582369896674,
        86.46773430608934,
        86.44112347018334,
        86.97144809845955,
        86.48949875370148,
        86.62578976538873,
        86.68440246582031,
        86.3683363391507,
        86.52972978161228,
        86.79452194706086,
        86.75057589623236,
        86.87634892617503,
        86.37324696202433,
        86.50841620660597,
        87.07371176442793,
        86.56781768798828,
        86.37413640176096,
        86.85482788085938,
        87.16265598420173,
        87.42804004300025,
        87.32014662219632,
        87.10738520468435,
        86.65184611658896,
        86.83768930742818,
        86.61639281242124,
        87.1775616061303,
        86.86210041661417,
        86.85531837709489,
        86.39900945848034,
        86.8001465335969,
        86.61350447131741,
        86.94995609406502,
        87.55440078243133,
        86.60840459023753,
        86.49113341300718,
        86.91373295937815,
        87.1194330030872,
        86.44982245660597,
        87.12317312917402,
        86.84820039810673,
        86.95248585362589,
        86.88023031911543
    ],
    "valid_losses": [
        270.38834356492566,
        99.3230955062374,
        95.64223997054562,
        93.99132390176096,
        91.45116055396295,
        89.99420535179877,
        89.27181588449785,
        89.48446409163937,
        87.95838066839403,
        87.38194299513295,
        87.33868580479776,
        87.08977976152974,
        87.5173583492156,
        88.20091444446194,
        87.12474527666646,
        86.84498423914755,
        86.41550986997542,
        86.87030152351626,
        86.28634003669985,
        86.73575075211063,
        86.67283851869645,
        86.13669881513042,
        86.41787793559413,
        86.52535912298387,
        86.73199192170173,
        86.20150633781186,
        86.30995818107358,
        86.34037116266066,
        86.20871857673892,
        86.24762455109627,
        86.54221590103641,
        86.22957906415385,
        87.04630279541016,
        86.90970586961315,
        86.1692138179656,
        86.39579674505418,
        86.94885598459551,
        87.81702743038055,
        86.04213345435357,
        86.27949007095829,
        87.96924098845452,
        86.13488646476499,
        86.20345060286984,
        85.79154919039819,
        85.80390216458228,
        86.4229984898721,
        86.79052488265499,
        85.84530368927986,
        86.50332986154864,
        86.35487661054057,
        87.1315438055223,
        86.46066456456339,
        86.28311231059413,
        86.61278681601247,
        86.07377255347467,
        86.30486666771674,
        86.07840581094065,
        86.52109749086442,
        86.57672783636278,
        86.79827191752773,
        85.77260220435357,
        85.7008302750126,
        86.16184653005293,
        85.7314694312311,
        86.06214732508505,
        85.86978493967364,
        85.87491902997417,
        86.15370818107358,
        86.51999073643839,
        86.47814916795299,
        86.16768277075982,
        85.92728251795614,
        85.8997076711347,
        86.43022844868321,
        85.96769615911668,
        85.74505738289126,
        86.32408806585497,
        86.38973752913937,
        86.9601319836032,
        86.68844087662235,
        86.76209726641255,
        85.80396713749055,
        86.40391909691596,
        85.9570789952432,
        86.40296616092805,
        86.47695873629662,
        85.97681993053806,
        85.97879495928365,
        85.88246376283708,
        85.72301999984249,
        86.1627915905368,
        87.15890601373488,
        86.10927458732358,
        86.0096674273091,
        86.14903456164944,
        86.4881357992849,
        86.04898022067162,
        86.66206901304183,
        85.97162037511026,
        86.1958733835528,
        86.48481922764933
    ],