{
    "testproblem": "quadratic_deep",
    "batch_size": 32,
    "num_epochs": 100,
    "random_seed": 45,
    "weight_decay": null,
    "optimizer_name": "SGD",
    "optimizer_hyperparams": {
        "lr": 0.01
    },
    "training_params": {},
    "train_losses": [
        419.54542590725805,
        99.55594831897366,
        95.76538455101752,
        92.34718101255355,
        90.84623299875567,
        89.58118192611202,
        89.20436637632308,
        88.38332686885711,
        87.5504645070722,
        87.50967505670363,
        86.9117200297694,
        86.60137078069872,
        86.62701908234627,
        86.64513249551096,
        86.48416186917213,
        86.49623501685357,
        86.8606422178207,
        86.44506220663747,
        86.69911144625756,
        85.96451962378717,
        86.33786552183089,
        86.52330656974546,
        85.83670413109564,
        85.95421944895098,
        85.72499699746409,
        85.97848363076487,
        86.20643295780305,
        86.4839359406502,
        85.67053813319052,
        85.89577705629411,
        85.86493387529927,
        86.18870864375945,
        86.48467328471523,
        86.95375134868007,
        85.78119167204827,
        86.43856762301537,
        86.35863322596396,
        86.10276056105091,
        86.23436392507246,
        85.86689093805128,
        85.83516816169985,
        86.23742454282699,
        85.89871461929813,
        85.81918630292338,
        85.66893300702495,
        85.94713346419796,
        86.32860196021295,
        85.95664830361643,
        85.85269903367565,
        85.77141718710622,
        86.13686961512411,
        85.90728095269972,
        85.88636755174205,
        85.7525376350649,
        86.24208610288558,
        85.99167879166141,
        85.82622429632372,
        86.09112622660976,
        85.42948864352319,
        86.55740528721964,
        85.61746929537865,
        86.35618295977193,
        86.0294696438697,
        86.16523275067729,
        86.66380605389995,
        85.95965600782826,
        85.92884531328755,
        86.0735340733682,
        85.53585495487336,
        85.93117473971459,
        86.10436494888798,
        85.76828249039188,
        86.28312338552168,
        86.53752554616621,
        85.90805545929939,
        86.1444852275233,
        86.17477367770287,
        85.77393784061555,
        86.52085753410093,
        86.17181593371976,
        85.87389324557397,
        85.94443068965789,
        85.9508558704007,
        85.8633516373173,
        85.98685381489415,
        85.75675324470767,
        85.77896290440714,
        85.67580339985508,
        86.33267753354964,
        86.1278563468687,
        85.8246578093498,
        85.54461202313823,
        85.85100629252773,
        86.18875909620716,
        85.28852081298828,
        86.05628475066155,
        86.09669420796055,
        85.89213438956968,
        85.7825691469254,
        85.97299071281186,
        85.94803963938067
    ],
    "valid_losses": [
        421.9327924174647,
        101.42630915487966,
        97.49810421851373,
        93.65804192327684,
        92.47759468324723,
        91.27909432688067,
        90.14966829361454,
        89.53153450258317,
        88.92397899012411,
        88.84155691823652,
        88.83618459393901,
        87.93618282195061,
        87.98874762750441,
        88.11238762640184,
        88.01940425749748,
        87.90784848120904,
        87.95715701195502,
        87.71019301875945,
        88.15775200628465,
        87.54868710425592,
        87.77861589001071,
        87.80685523248488,
        87.67555236816406,
        87.2643550749748,
        87.21174892302483,
        87.67592423962009,
        87.91726389238912,
        88.03671707645539,
        87.273192374937,
        87.1417753158077,
        87.27508864864227,
        87.56174149051789,
        87.66036052088583,
        88.43411427159464,
        87.25913017026839,
        87.888428718813,
        88.00347826557774,
        87.6509052399666,
        87.96776187035346,
        87.38888156029486,
        87.57568236320249,
        87.39417488344255,
        87.45736128284085,
        86.96456663070187,
        87.07585710094821,
        87.56200310491747,
        87.71822160290134,
        87.53369116014049,
        87.24957964497227,
        87.32868046914378,
        87.7679701774351,
        87.42426103161228,
        87.28449027769027,
        87.70188805364793,
        87.63291808097593,
        87.41777776902721,
        87.486329601657,
        87.13300618817729,
        86.82129029304751,
        87.98607315555695,
        87.21590398973034,
        87.63410531320879,
        87.24704225601688,
        87.541991203062,
        88.01943575951361,
        87.38293432420299,
        87.30497249480217,
        87.30690322383758,
        87.24577996038622,
        87.75345833070817,
        87.43389843356225,
        87.00186157226562,
        87.58725049418788,
        88.21555845199093,
        86.99006726664882,
        87.69061328518775,
        87.27094465686429,
        87.30517332015499,
        87.78452891688192,
        87.39492871684413,
        87.26127156903667,
        87.21140953802293,
        87.45440895326676,
        87.18907239360195,
        86.93360703991306,
        87.01395982311618,
        87.25855575069305,
        86.98792168401903,
        88.02140094387916,
        87.28787182223412,
        87.36532765050089,
        87.38257082047001,
        87.6352780249811,
        87.62865595663747,
        86.8070799304593,
        87.54724194926601,
        87.20672853531376,
        87.53179414810673,
        86.94452396515877,
        87.19736259214339,
        87.11382638254473
    ],