{
    "testproblem": "quadratic_deep",
    "batch_size": 32,
    "num_epochs": 100,
    "random_seed": 52,
    "weight_decay": null,
    "optimizer_name": "SGD",
    "optimizer_hyperparams": {
        "lr": 0.01
    },
    "training_params": {},
    "train_losses": [
        528.2330676663306,
        99.64871708039314,
        95.18290070564517,
        92.92154718214466,
        90.60228286250945,
        89.72499109083607,
        88.69986331078314,
        88.64175464260963,
        88.01180931829637,
        87.57508284045804,
        87.14632366549584,
        87.21958283455142,
        87.13987067437941,
        87.28812113115865,
        87.16446931900516,
        86.48498289046749,
        86.66595409762475,
        86.90652613486013,
        86.52168938421434,
        87.12825159872732,
        86.63942275508758,
        86.21553285660282,
        86.5790528328188,
        86.45319268011278,
        86.38386634088332,
        86.28659229893839,
        86.15450311476185,
        86.6088623539094,
        86.27689509237966,
        85.94431846372542,
        86.16932678222656,
        86.24500619211504,
        86.38684500417402,
        86.18822159305695,
        86.16428842852193,
        86.70694166614163,
        86.20212087323588,
        86.93294254426033,
        86.09983604185042,
        86.19237739809098,
        86.36777619392642,
        86.16071319580078,
        86.25533417732485,
        85.75452570761404,
        86.3680653725901,
        86.10386017830142,
        86.61231157856602,
        86.46702698738345,
        86.24645159321446,
        85.83686853224232,
        85.96022205968058,
        86.2660143452306,
        86.78420774398312,
        86.42116054411858,
        85.94289250527659,
        86.03397590883317,
        86.18740918559413,
        86.22545008505544,
        85.87246950211063,
        86.15240601570376,
        86.39662441130608,
        85.81268162881175,
        86.11085805585307,
        85.85383704400832,
        86.79946628693611,
        86.45407301379788,
        86.61906014719317,
        86.30628105901903,
        86.04586496660787,
        86.20383576423892,
        86.49616856728831,
        86.57101022043535,
        85.82534716206212,
        86.18276436098161,
        86.03000690091041,
        85.92705609721523,
        86.64660669142201,
        86.159178703062,
        86.40255392751386,
        86.30510564004221,
        86.30104187996157,
        86.2511709890058,
        86.83553191154233,
        86.40326001567226,
        86.4988553447108,
        86.50257676647556,
        86.32268696446573,
        86.08070102814705,
        86.23028047623173,
        86.15716601956275,
        86.1895011163527,
        86.21780223231161,
        85.89825808617377,
        86.10005360264933,
        86.13802756032636,
        86.14665172946069,
        86.10750013782132,
        86.49310893397177,
        86.09267376315209,
        86.77884870959866,
        86.02592443650768
    ],
    "valid_losses": [
        527.0725639097152,
        97.4033456617786,
        92.67343582645539,
        90.44456604988345,
        88.1196020803144,
        87.73880177159464,
        86.30895971482799,
        86.08462032195061,
        85.65011375181136,
        85.42513939642137,
        84.89113493888608,
        85.0826152678459,
        84.91911955802671,
        84.99390485209804,
        84.64314786849484,
        84.36675976168725,
        84.40727332330519,
        84.95858912314138,
        84.33802844632056,
        84.89807867234752,
        84.2988517515121,
        83.79937744140625,
        84.20643098892704,
        84.20168525941911,
        84.33820146129978,
        83.84543757284841,
        84.30900056900516,
        84.23999294157952,
        84.27881105484501,
        83.86220181372857,
        84.16293777958039,
        84.00588669315461,
        84.53648056522492,
        83.97400689894154,
        84.06350781840663,
        84.34746846845073,
        83.98677259875882,
        84.38903144098097,
        84.10902060231855,
        83.87773846041772,
        84.3279790570659,
        84.22291171166205,
        83.96201472128591,
        83.60199466828377,
        83.94061919181577,
        83.78070265246976,
        84.39790688791582,
        84.28491801600302,
        84.01098386702999,
        83.66467531265751,
        83.62630462646484,
        83.93012286770728,
        84.66117465111518,
        83.95536533478767,
        83.88372433570123,
        83.58187127882435,
        83.80507266136908,
        84.05335924702305,
        83.55257071218183,
        84.13623391428301,
        84.35050349081716,
        83.58680971207157,
        84.05284832369897,
        83.54322642664755,
        84.1091072328629,
        83.94816318635017,
        84.3385238647461,
        83.94856557538432,
        83.81171712567729,
        84.10818383001512,
        84.29198135868195,
        84.25706654210245,
        83.88125438074911,
        83.75819790747857,
        83.68653131300404,
        83.73819855720767,
        84.78346301663306,
        84.00548996463898,
        84.31977155131679,
        84.22143899240801,
        84.24674274075416,
        83.99895994124874,
        84.53836330290764,
        84.01084579959992,
        84.04654890491116,
        84.23745776760963,
        84.02319114438949,
        83.66409769365865,
        83.645263671875,
        83.77794499551096,
        84.16943728539252,
        84.23951352027154,
        83.69251521941155,
        84.0216800320533,
        83.86078643798828,
        83.63679972002583,
        83.89117899248677,
        84.26767976822391,
        84.06111046575731,
        84.82792146744266,
        83.76845230594758
    ],