{
    "testproblem": "quadratic_deep",
    "batch_size": 32,
    "num_epochs": 100,
    "random_seed": 47,
    "weight_decay": null,
    "optimizer_name": "SGD",
    "optimizer_hyperparams": {
        "lr": 0.01
    },
    "training_params": {},
    "train_losses": [
        372.28083948935233,
        103.37147300474105,
        98.60842747842112,
        93.82262666763798,
        91.81902707007623,
        90.19660309822329,
        89.37512182420299,
        88.94018579298451,
        88.11849950974987,
        89.7932889384608,
        87.61595547583795,
        87.97027637112525,
        88.17051770610195,
        87.0721435546875,
        86.99878840292654,
        87.24317686019405,
        86.86654269310736,
        87.31689994565902,
        86.7179698328818,
        86.54141333795363,
        87.0610597672001,
        86.4143785045993,
        87.70945616691343,
        87.31302913542717,
        87.70047513900265,
        87.25687531502017,
        87.2739028930664,
        87.49873204385081,
        86.7049090477728,
        86.84575997629473,
        86.68496507213962,
        86.75911688035534,
        87.21376726704258,
        87.41481190343058,
        86.79612387380293,
        86.93480633151147,
        87.19066250708795,
        87.00917693107358,
        87.04146797426286,
        86.9205553608556,
        86.10787963867188,
        87.02941353090348,
        87.12786766790575,
        86.52540588378906,
        86.68507483697707,
        86.56426903509325,
        86.75791709653792,
        87.21620571997857,
        86.6968501921623,
        87.35545398342994,
        86.8497774677892,
        87.09677197856288,
        86.5955077140562,
        87.24281926308909,
        86.58379167126071,
        87.13401548324093,
        86.8984628492786,
        87.1738775930097,
        86.63774871826172,
        87.43997143160912,
        86.87076420937815,
        86.65016075872606,
        87.54665743920111,
        86.6541762813445,
        86.48461224955898,
        86.75178798552483,
        87.07980322068737,
        86.56450554632372,
        86.79818134923136,
        87.31693218600365,
        87.3663330078125,
        86.78723759805003,
        86.66649356965095,
        87.17192766743321,
        86.72947299095893,
        86.53059510261782,
        86.61805085212954,
        86.73825860792591,
        86.80017631284652,
        86.89352958433089,
        87.07132474837765,
        87.16125192949849,
        87.31002733784337,
        86.76761627197266,
        86.58576054726878,
        86.78269343222341,
        87.41613080424648,
        87.11854307113155,
        86.7903550670993,
        86.88574834023753,
        86.56449176419166,
        86.9866229641822,
        86.67221118557838,
        86.80242353870022,
        86.82122581235824,
        86.84521878150201,
        87.00474548339844,
        86.89302629040134,
        86.92074240407636,
        87.45857878654233,
        86.66143355831024
    ],
    "valid_losses": [
        371.94396283549645,
        102.978027835969,
        98.4263212142452,
        93.53660755772745,
        91.83851918866557,
        89.75286274571573,
        89.25868495818108,
        88.36756306309854,
        87.8844707858178,
        89.68027053340789,
        87.52770208543346,
        87.86201821604082,
        87.60747872629473,
        86.86160672095514,
        86.57220951203377,
        87.10167546426096,
        86.72808345671623,
        87.28387525004726,
        86.3615018783077,
        86.38750408541772,
        86.86329010994204,
        86.59479547316029,
        87.29373292000064,
        87.16269019342238,
        87.32714105421498,
        86.82030314783896,
        87.13469917543473,
        87.3938743837418,
        86.33192148516255,
        86.66682557136782,
        86.81341725011026,
        86.86403237619707,
        86.65091951431766,
        87.27831662085748,
        86.65636714812248,
        86.46724479429183,
        87.0682626539661,
        86.56702472317603,
        86.6027325045678,
        86.55436583488218,
        86.28453777682397,
        86.87555350026777,
        86.66774232925907,
        86.54062726420742,
        86.54498192571825,
        86.61045271350491,
        86.53697647586945,
        86.93960595900013,
        86.29179234658518,
        87.07689076085245,
        86.51187502953314,
        86.93578584732548,
        86.40995247133317,
        86.9631601149036,
        86.27392110516948,
        86.60834577006679,
        86.98753529210245,
        86.48573893885458,
        86.34737174741683,
        86.82412227507561,
        86.68189411778604,
        86.04154648319367,
        87.25590195194367,
        86.54310927852508,
        86.27071626724735,
        86.44212612029045,
        86.63308395877961,
        86.06350634174962,
        86.53111463977444,
        87.11840943367251,
        87.24186558877268,
        86.65723271523753,
        86.34109792401713,
        86.84536398610761,
        86.37852896413496,
        86.21175507576235,
        86.2849596085087,
        86.38017322171119,
        86.52859250960812,
        86.3834705968057,
        86.80273019113848,
        87.13562774658203,
        86.88561371834048,
        86.59969280612084,
        86.14937197777533,
        86.7264155726279,
        86.89980783770162,
        86.6501201506584,
        86.47467656289378,
        86.42812125913558,
        86.20748925978138,
        87.16423600719821,
        86.11625400666267,
        86.44877722955519,
        86.32574093726373,
        86.40307371077999,
        86.49320959275768,
        86.66207442745086,
        86.77350641066029,
        87.37051145492062,
        86.36809392129221
    ],