{
    "testproblem": "fmnist_2c2d",
    "batch_size": 128,
    "num_epochs": 1,
    "random_seed": 42,
    "weight_decay": null,
    "optimizer_name": "AdaptiveSGD",
    "optimizer_hyperparams": {
        "lr": null
    },
    "training_params": {},
    "train_losses": [
        2.3438027577522473,
        0.5173103110148356
    ],
    "valid_losses": [
        2.346919750555968,
        0.4991070353067838
    ],
    "test_losses": [
        2.3467648946321926,
        0.5249359443401679
    ],
    "minibatch_train_losses": [
        2.347477674484253,
        2.332996368408203,
        1.8476736545562744,
        1.3360835313796997,
        1.2743539810180664,
        1.029762625694275,
        1.006930947303772,
        0.8639386296272278,
        0.8024024963378906,
        0.7656705975532532,
        0.8098464608192444,
        0.5881820917129517,
        0.7223324775695801,
        0.6173312664031982,
        0.5180262923240662,
        0.692287802696228,
        0.5202276706695557,
        0.5861141681671143,
        0.7135130167007446,
        0.5277981758117676,
        0.5272579789161682,
        0.450472354888916,
        0.48694828152656555,
        0.5197979807853699,
        0.5538172721862793,
        0.5478711128234863,
        0.6243183016777039,
        0.6468573212623596,
        0.5252096652984619,
        0.3958387076854706,
        0.6869750022888184,
        0.6883313059806824,
        0.4511682689189911,
        0.48585113883018494,
        0.6486281156539917,
        0.6615252494812012,
        0.4576246738433838,
        0.5544107556343079,
        0.45333319902420044
    ],
    "train_accuracies": [
        0.09575320512820513,
        0.8125
    ],
    "valid_accuracies": [
        0.09364983974358974,
        0.8152043269230769
    ],
    "test_accuracies": [
        0.09805689102564102,
        0.8121995192307693
    ]
}