{
    "testproblem": "fmnist_2c2d",
    "batch_size": 128,
    "num_epochs": 1,
    "random_seed": 42,
    "weight_decay": null,
    "optimizer_name": "PreconditionedSGD",
    "optimizer_hyperparams": {
        "lr": null
    },
    "training_params": {},
    "train_losses": [
        2.3438027577522473,
        0.49638103330746675
    ],
    "valid_losses": [
        2.346919750555968,
        0.48051580175375325
    ],
    "test_losses": [
        2.3467648946321926,
        0.5053702917618629
    ],
    "minibatch_train_losses": [
        2.347477674484253,
        2.332996368408203,
        1.9249595403671265,
        1.379110336303711,
        1.2439467906951904,
        0.965890645980835,
        1.0787034034729004,
        1.3088973760604858,
        0.8640472292900085,
        0.8063201904296875,
        0.7619446516036987,
        0.6093704700469971,
        0.7348796725273132,
        0.6125074625015259,
        0.516624927520752,
        0.6555314660072327,
        0.5261690616607666,
        0.5769056677818298,
        0.6981697082519531,
        0.5373511910438538,
        0.5229397416114807,
        0.4411197602748871,
        0.4835917055606842,
        0.5255440473556519,
        0.5465682744979858,
        0.5458074808120728,
        0.6228679418563843,
        0.6576809287071228,
        0.519224226474762,
        0.40428590774536133,
        0.6928385496139526,
        0.665581464767456,
        0.4525966942310333,
        0.4691157937049866,
        0.662642240524292,
        0.6734486222267151,
        0.44932934641838074,
        0.552153468132019,
        0.4646216630935669
    ],
    "train_accuracies": [
        0.09575320512820513,
        0.8203125
    ],
    "valid_accuracies": [
        0.09364983974358974,
        0.8236177884615384
    ],
    "test_accuracies": [
        0.09805689102564102,
        0.8198116987179487
    ]
}