{
    "testproblem": "mnist_2c2d",
    "batch_size": 128,
    "num_epochs": 1,
    "random_seed": 43,
    "weight_decay": null,
    "optimizer_name": "Preconditioner",
    "optimizer_hyperparams": {
        "est_rank": 2,
        "num_observations": 5,
        "prior_iterations": 5,
        "lr": 0.054488428
    },
    "training_params": {},
    "train_losses": [
        2.3565182838684473,
        2.3565182838684473
    ],
    "valid_losses": [
        2.3530219151423526,
        2.3530219151423526
    ],
    "test_losses": [
        2.358344625204037,
        2.358344625204037
    ],
    "minibatch_train_losses": [
        2.382889747619629,
        2.347282648086548,
        1.844801664352417,
        0.7776347398757935,
        0.5941646695137024,
        0.43894892930984497,
        0.6335049867630005,
        0.7363598346710205,
        0.42395955324172974,
        0.664966344833374,
        0.17068913578987122,
        0.45730793476104736,
        0.8396524786949158,
        0.5563697814941406,
        0.6371463537216187,
        0.44314536452293396,
        0.3731117844581604,
        0.2695860266685486,
        0.807274341583252,
        0.365469366312027,
        0.3637263774871826,
        1.1401287317276,
        0.9422321319580078,
        1.1252135038375854,
        0.6595146656036377,
        0.6332950592041016,
        1.4825527667999268,
        0.5744081139564514,
        1.1758828163146973,
        2.3461501598358154,
        4.689977645874023,
        4.224367141723633,
        5.429610252380371,
        265.81463623046875,
        NaN,
        NaN,
        NaN,
        NaN,
        NaN,
        2.382889747619629
    ],
    "train_accuracies": [
        0.12049278846153846,
        0.12049278846153846
    ],
    "valid_accuracies": [
        0.1194911858974359,
        0.1194911858974359
    ],
    "test_accuracies": [
        0.12059294871794872,
        0.12059294871794872
    ]
}