{
    "testproblem": "quadratic_deep",
    "batch_size": 32,
    "num_epochs": 100,
    "random_seed": 43,
    "weight_decay": null,
    "optimizer_name": "Preconditioner",
    "optimizer_hyperparams": {
        "lr": 1e-07
    },
    "training_params": {},
    "train_losses": [
        405.4730972782258,
        405.44836918000254,
        106.23305191532258,
        99.921387703188,
        96.86969461748677,
        96.74261868384576,
        94.03170038038685,
        92.59782335835118,
        92.0854755524666,
        91.79002035817793,
        90.93570044732863,
        91.41034526209677,
        90.28167330834174,
        96.45602638490739,
        90.62559730775895,
        89.8231944422568,
        89.80169136293473,
        90.00461873700542,
        90.32950345931515,
        92.21760731358683,
        90.33136576990927,
        90.5311791204637,
        89.96971868699596,
        90.32960214922505,
        89.38603997999623,
        89.62816915204448,
        89.51075941516507,
        90.06084688248173,
        90.00234911518712,
        89.86284563618321,
        90.40907139931956,
        90.70103602255544,
        89.28691027241368,
        91.25875460716986,
        91.74464342671055,
        88.90225958055065,
        89.20605222640499,
        89.38625901745212,
        90.6524911695911,
        89.8167485883159,
        89.22133242699408,
        89.45808484477382,
        89.65209394885647,
        91.62706855035597,
        92.72371329030683,
        89.75450109666393,
        92.39774617841167,
        89.4691142420615,
        90.0434100243353,
        89.02146394791141,
        89.88180738879788,
        90.8531747633411,
        91.67086176718435,
        88.65857868809854,
        90.31634570706275,
        89.73945617675781,
        89.57908901091545,
        90.27731421685988,
        90.49522670622795,
        89.88779474073841,
        89.47381050355973,
        90.06081267326108,
        88.71621261104461,
        88.65623744841545,
        88.97846221923828,
        90.2828125492219,
        89.68253695580268,
        89.08509629772556,
        90.48088024508569,
        89.2921873523343,
        89.01989918370401,
        89.51214181223223,
        90.65679562476373,
        90.35304383308657,
        89.24437418291646,
        89.74391272760207,
        90.51997646208733,
        89.49978711528163,
        89.75236166677168,
        89.96937782533708,
        89.55320641302293,
        90.046388687626,
        89.04442990210748,
        89.49236051497921,
        89.47984190910093,
        90.51709993423954,
        91.25217486966041,
        89.95212997928742,
        89.6702861170615,
        89.27737574423513,
        90.33132959181263,
        88.55509087347215,
        90.27031953873173,
        92.12660463394657,
        89.70796769665134,
        90.2932874618038,
        89.51781832787299,
        89.01219890963647,
        89.06213846514302,
        90.23360640002835,
        89.25694422568044
    ],
    "valid_losses": [
        406.84625441028226,
        406.83945981917844,
        103.69784102901336,
        97.29315037881175,
        94.54583789456275,
        94.02160423032699,
        91.34360799481792,
        90.15352679837135,
        89.33412096577305,
        89.33696648382372,
        88.51539907147807,
        89.09263512396043,
        87.6465584539598,
        94.72224573935232,
        87.84861361595893,
        87.21322779501638,
        87.25266659644342,
        87.3250737344065,
        87.79340411770728,
        89.73782939295614,
        87.42957552017704,
        87.93743084323022,
        87.75998417023689,
        87.93749729279548,
        86.64320348924205,
        86.99948120117188,
        87.19006839875252,
        87.40655689854776,
        87.31209367321384,
        86.95413380284464,
        87.77564608666205,
        88.01284519318611,
        86.56831458307082,
        88.28414867770287,
        88.85460441343245,
        86.17335436421055,
        86.79230056270477,
        86.92624122865739,
        88.57093294205204,
        87.28221179592994,
        86.63329019854146,
        86.63368741927609,
        87.17149992912046,
        89.23800536124936,
        90.88758653210056,
        87.27526043307397,
        90.20736965056389,
        87.18404831424836,
        87.57637909919985,
        86.430418445218,
        86.82168332992062,
        88.59936203495148,
        88.52153630410471,
        86.09569967946699,
        88.34724770822832,
        87.39002916889805,
        86.98479880056074,
        87.36236153879473,
        87.98877223845452,
        87.06415484028477,
        86.74833186980217,
        87.40286008773312,
        85.94578872188445,
        86.12983728224232,
        86.54146009875882,
        87.6185312578755,
        87.04235766010899,
        86.97528174615675,
        88.0510982390373,
        86.77360534667969,
        86.28763088103264,
        87.15710941437752,
        87.9944832094254,
        88.11182821950605,
        86.70433930427798,
        87.17257025934035,
        87.60739677183089,
        87.49971032911732,
        87.10600182317918,
        87.96885533486643,
        87.06587391514933,
        87.12610281667402,
        86.19299242573399,
        86.41913555514428,
        86.8475821710402,
        87.60156225389049,
        88.59425920055759,
        87.5747562531502,
        87.29608425017327,
        86.70519576534149,
        87.90510829802483,
        86.12754551056892,
        87.0826674430601,
        89.16375929309476,
        86.75228586504537,
        87.69202447706654,
        86.87923775949785,
        87.02594117195376,
        86.59067978397492,
        87.37127094884073,
        87.21907388010332
    ],