{
    "testproblem": "quadratic_deep",
    "batch_size": 32,
    "num_epochs": 100,
    "random_seed": 43,
    "weight_decay": null,
    "optimizer_name": "Preconditioner",
    "optimizer_hyperparams": {
        "lr": 1e-150
    },
    "training_params": {},
    "train_losses": [
        463.3139874858241,
        463.4059290732107,
        105.29498512514176,
        98.80901410502773,
        96.51778707196635,
        95.1752464540543,
        92.98914189492503,
        93.01529176773563,
        91.4396249094317,
        91.2119374429026,
        92.03003421906502,
        91.60020053002143,
        91.50173556420111,
        90.1288326632592,
        91.03542967765561,
        90.20586099932271,
        91.32181721348917,
        90.88494110107422,
        89.14728029312626,
        89.33130251976752,
        89.2359153993668,
        89.245361820344,
        89.0431388116652,
        89.20975346719065,
        90.13514340308404,
        89.07525167157573,
        89.45409762474799,
        89.06257875504032,
        88.93292507048577,
        88.94201906265751,
        89.2458724975586,
        89.42430705408896,
        90.32122089016822,
        88.49083709716797,
        92.10447520594442,
        89.02542188090663,
        91.65154020247921,
        88.29108084401777,
        89.72476713119015,
        89.30613290109942,
        88.93635755969632,
        89.27518290858114,
        89.19313566146359,
        88.18959513018208,
        92.19517664755544,
        88.31322380804247,
        90.1914296304026,
        88.67001195107737,
        89.63476144113848,
        88.70588536416331,
        89.03485181254726,
        89.33700487690587,
        89.37570313484439,
        89.13953571934854,
        90.37239271594632,
        88.16547196911228,
        88.48661484256867,
        88.09954021823022,
        88.89947903540826,
        88.22892908896169,
        90.40316600184286,
        88.47286888860887,
        89.10081235824093,
        88.91635107224987,
        88.5053944741526,
        90.35249279391381,
        89.6411873602098,
        90.05129118888608,
        90.22655634726247,
        89.39953145673198,
        88.62166250905683,
        88.75032043457031,
        89.37675205353767,
        89.35626368368825,
        89.75962903422695,
        88.37835570304624,
        88.61600272886214,
        88.85382670740927,
        91.210448726531,
        90.55511671496976,
        88.34120621219758,
        88.99521661573841,
        91.69548748385522,
        89.12240748251638,
        90.98895706668976,
        89.45246468820879,
        89.35330643192414,
        90.31910164125505,
        89.06283790834489,
        89.21186410227129,
        87.95242801789314,
        88.8475819249307,
        90.00094087662235,
        88.61048741494456,
        90.31673406785534,
        89.91933219663558,
        89.90194431427986,
        89.17765020555065,
        88.2584698584772,
        89.53757673694241,
        89.26130750102382
    ],
    "valid_losses": [
        454.9857886529738,
        454.9857886529738,
        102.38531001921623,
        95.67669628512475,
        94.10443607453377,
        92.49677030501827,
        89.83458365163496,
        89.97135063909715,
        87.96275698754096,
        88.57765443863407,
        89.12228664275139,
        89.24331935759514,
        88.63474790511593,
        87.40864513766381,
        87.73410304900139,
        87.1352073915543,
        88.23082954652848,
        88.42002671764743,
        86.84099234304121,
        86.36512461016255,
        85.7173331476027,
        86.72275641656691,
        85.74309835126323,
        86.04359583700857,
        86.8506843813004,
        85.70492455267137,
        86.09058158628402,
        86.2428940803774,
        86.442384289157,
        85.7419687086536,
        86.29983692784464,
        87.34507825297695,
        87.6251488962481,
        85.09267917756111,
        89.29649353027344,
        86.37827719411543,
        89.92240782706968,
        85.28947596396169,
        87.55087132607737,
        86.09862050702495,
        86.11641520838583,
        86.29549629457536,
        86.82793303458921,
        85.90021711780179,
        89.08133352956465,
        85.18313155635711,
        87.59986951274257,
        85.75984438004032,
        86.1790033155872,
        85.75047646799395,
        86.15751598727319,
        86.50877429592994,
        86.63535481114542,
        85.6299785490959,
        87.92254712504726,
        85.1244137671686,
        86.04496002197266,
        85.7983644547001,
        86.84274513490739,
        85.2633553781817,
        87.44104717623803,
        85.36532395885837,
        86.05225249259702,
        85.98252942485195,
        85.83910763648248,
        86.57445353846396,
        86.72642492478893,
        87.7996592367849,
        87.1390147055349,
        86.51156566989037,
        85.36364352318549,
        85.74951713315902,
        85.90917008922946,
        87.2838154454385,
        87.06746452085433,
        85.87543832102129,
        85.74717466292843,
        85.38390990226499,
        88.48920268397177,
        88.20687250937185,
        85.55003726097846,
        86.0468513734879,
        88.13705395114037,
        86.17854161416331,
        88.86851255355343,
        87.12404411069808,
        86.4848386702999,
        87.81549416818926,
        86.0020985757151,
        85.8425561228106,
        85.09478119880923,
        85.71859790432838,
        87.09255120062059,
        85.4391117711221,
        88.26471070320376,
        87.21291277485508,
        86.90552594584804,
        86.57881016885081,
        85.45176475278792,
        86.05261058192099,
        86.02640336559665
    ],