{
    "testproblem": "quadratic_deep",
    "batch_size": 128,
    "num_epochs": 20,
    "random_seed": 45,
    "weight_decay": null,
    "optimizer_name": "PreconditionedSGDlog",
    "optimizer_hyperparams": {
        "lr": null
    },
    "training_params": {},
    "train_losses": [
        224.0845685686384,
        226.51395307268416,
        224.63572256905692,
        225.4486083984375,
        226.196537562779,
        224.44909885951452,
        223.98487418038505,
        225.28959219796317,
        225.04137529645647,
        225.4074445452009,
        225.3752899169922,
        225.96627371651786,
        223.98407854352678,
        224.75971112932478,
        225.78461129324776,
        225.11341203962053,
        224.61090741838728,
        224.87367248535156,
        225.7789808000837,
        226.10874502999442,
        225.40047999790735
    ],
    "valid_losses": [
        230.8928985595703,
        230.8928985595703,
        230.8928985595703,
        230.8928985595703,
        230.8928985595703,
        230.8928985595703,
        230.8928985595703,
        230.8928985595703,
        230.8928985595703,
        230.8928985595703,
        230.8928985595703,
        230.8928985595703,
        230.8928985595703,
        230.8928985595703,
        230.8928985595703,
        230.8928985595703,
        230.8928985595703,
        230.8928985595703,
        230.8928985595703,
        230.8928985595703,
        230.8928985595703
    ],
    "test_losses": [
        228.88948277064733,
        228.88948277064733,
        228.88948277064733,
        228.88948277064733,
        228.88948277064733,
        228.88948277064733,
        228.88948277064733,
        228.88948277064733,
        228.88948277064733,
        228.88948277064733,
        228.88948277064733,
        228.88948277064733,
        228.88948277064733,
        228.88948277064733,
        228.88948277064733,
        228.88948277064733,
        228.88948277064733,
        228.88948277064733,
        228.88948277064733,
        228.88948277064733,
        228.88948277064733
    ],
    "minibatch_train_losses": [
        228.69976806640625,
        234.35711669921875,
        221.03077697753906,
        224.5193634033203,
        218.46693420410156,
        222.45233154296875,
        221.63548278808594,
        229.04010009765625,
        222.91348266601562,
        228.75146484375,
        220.93038940429688,
        225.7637939453125,
        225.94818115234375,
        224.0084228515625,
        222.62796020507812,
        213.84889221191406,
        224.80690002441406,
        212.7391357421875,
        227.3186798095703,
        222.62643432617188
    ],
    "grad_norms": [
        5525.6474609375,
        5520.25634765625,
        5534.556640625,
        5426.51025390625,
        5443.328125,
        5410.45166015625,
        5544.4169921875,
        5553.60107421875,
        5336.73095703125,
        5572.27783203125,
        5687.5859375,
        5268.0732421875,
        5314.90673828125,
        5657.314453125,
        5378.66943359375,
        5722.96435546875,
        5669.00244140625,
        5403.53466796875,
        5550.43505859375,
        5510.98876953125,
        5365.17333984375,
        5480.78662109375,
        5424.337890625,
        5268.82470703125,
        5749.83740234375,
        5444.48291015625,
        5438.5,
        5778.4013671875,
        5473.255859375,
        5335.12109375,
        5631.14501953125,
        5499.67578125,
        5630.099609375,
        5323.71044921875,
        5413.95263671875,
        5418.46142578125,
        5576.65673828125,
        5388.72509765625,
        5555.705078125,
        5604.68505859375,
        5305.46923828125,
        5534.498046875,
        5461.7197265625,
        5607.67333984375,
        5602.74072265625,
        5447.28173828125,
        5548.58154296875,
        5470.54443359375,
        5431.70751953125,
        5575.615234375,
        5279.65966796875,
        5723.39501953125,
        5651.18359375,
        5453.490234375,
        5421.28466796875,
        5500.58251953125,
        5475.01220703125,
        5788.84716796875,
        5706.1259765625,
        5266.10009765625,
        5301.33740234375,
        5361.1142578125,
        5657.31640625,
        5530.8662109375,
        5295.5625,
        5437.4365234375,
        5643.62109375,
        5547.49560546875,
        5317.470703125,
        5562.87353515625,
        5445.92138671875,
        5503.99951171875,
        5604.26513671875,
        5542.27880859375,
        5513.73388671875,
        5696.015625,
        5208.21435546875,
        5656.69384765625,
        5720.1015625,
        5459.79052734375,
        5308.53271484375,
        5538.60791015625,
        5549.33251953125,
        5331.927734375,
        5461.11083984375,
        5495.751953125,
        5550.3828125,
        5507.17724609375,
        5708.3212890625,
        5294.93994140625,
        5485.537109375,
        5550.486328125,
        5436.2802734375,
        5544.38134765625,
        5549.150390625,
        5409.0107421875,
        5408.19482421875,
        5664.72607421875,
        5540.16650390625,
        5300.51416015625,
        5286.03125,
        5490.2685546875,
        5808.25,
        5448.70751953125,
        5608.5927734375,
        5290.00732421875,
        5571.583984375,
        5519.6865234375,
        5574.5703125,
        5628.87744140625,
        5382.16650390625,
        5607.40625,
        5463.4619140625,
        5289.72802734375,
        5511.67333984375,
        5477.09423828125,
        5797.69189453125,
        5474.23095703125,
        5388.73193359375,
        5322.05224609375,
        5448.39990234375,
        5369.9970703125,
        5445.70947265625,
        5484.09716796875,
        5703.72900390625,
        5539.78271484375,
        5441.8935546875,
        5307.14404296875,
        5283.41650390625,
        5561.68408203125,
        5644.498046875,
        5536.5478515625,
        5609.70166015625,
        5464.56494140625,
        5413.32861328125,
        5512.6806640625,
        5494.7802734375,
        5503.44091796875,
        5440.759765625,
        5643.30810546875
    ]
}