{
    "testproblem": "quadratic_deep",
    "batch_size": 32,
    "num_epochs": 100,
    "random_seed": 52,
    "weight_decay": null,
    "optimizer_name": "SGD",
    "optimizer_hyperparams": {
        "lr": 0.00031622776601683794
    },
    "training_params": {},
    "train_losses": [
        262.2432826872795,
        164.7234177127961,
        128.3353726786952,
        114.35975130142704,
        109.00438764018398,
        106.58995991368448,
        105.40636444091797,
        105.18443790558845,
        104.88842108941847,
        104.6843495522776,
        104.34086535053868,
        104.1273424702306,
        103.81498275264617,
        103.55269352082283,
        103.45540569674584,
        103.3158694851783,
        103.16344476515248,
        102.88099325856855,
        102.70607462236958,
        102.20476556593373,
        102.34008149177798,
        102.08949279785156,
        102.14960061350176,
        102.01331723120904,
        101.63418677545363,
        101.61422655659337,
        101.5037822108115,
        101.23875771799395,
        101.12687830771169,
        100.86939116447202,
        100.6274682321856,
        100.63671653501449,
        100.2951170398343,
        100.23814244424143,
        100.19952934019027,
        100.03115844726562,
        99.76745260915449,
        99.84718765751008,
        99.33570492652154,
        99.47351369550151,
        99.33502984816029,
        99.25571564705142,
        99.27173959055254,
        98.9640372491652,
        98.75943190051663,
        98.7274169921875,
        98.39406413416708,
        98.35078823950982,
        98.40346896263861,
        98.08594980547505,
        98.25832785329511,
        98.00467140443864,
        97.80968401508946,
        97.62318715741557,
        97.7269747334142,
        97.37649757631364,
        97.35434895177042,
        97.21769468245968,
        97.07019978184854,
        97.12215448194935,
        96.9258558211788,
        96.69895688949093,
        96.77227315595073,
        96.47154137396043,
        96.6926020960654,
        96.41863693729523,
        96.50110109390751,
        96.20772527879284,
        96.14086298788747,
        96.14453125,
        95.87424739714592,
        95.78817207582536,
        95.40228739092427,
        95.61726600893083,
        95.71759451589277,
        95.26006218694872,
        95.41479196856099,
        95.35526127969065,
        95.20165646460748,
        95.26194566295993,
        95.00639023319367,
        94.94461354901713,
        94.89923858642578,
        94.6013437086536,
        94.50496058310232,
        94.72744701754662,
        94.62469531643775,
        94.63898172686177,
        94.48712453534526,
        94.27234403548702,
        94.28143039826423,
        94.14411975491431,
        93.97838100310295,
        94.04659369684035,
        93.8536108693769,
        93.85894160116872,
        93.73610490368259,
        93.83560352940714,
        93.71408351775139,
        93.53992388325352,
        93.58717247747606
    ],
    "valid_losses": [
        262.21861414755546,
        164.7154275217364,
        127.97083282470703,
        113.99827551072643,
        108.48113718340474,
        106.2695044240644,
        105.27281115131993,
        104.77382020027407,
        104.43365207795173,
        104.18002294724987,
        103.96074971845073,
        103.75074152792654,
        103.55417731500441,
        103.35391653737715,
        103.16773814539755,
        102.98201653265184,
        102.80627736737651,
        102.62868179813508,
        102.44788335984752,
        102.26696851176601,
        102.09474797402659,
        101.92009808940273,
        101.75056531352382,
        101.57780973372921,
        101.40832224199849,
        101.24969605476626,
        101.08605390979397,
        100.92374174056515,
        100.76648613714403,
        100.60833814067226,
        100.45532472672001,
        100.30431070635396,
        100.15179591025075,
        100.00880875126008,
        99.86341365691155,
        99.72021238265499,
        99.57269016388923,
        99.43215966993763,
        99.29122407974735,
        99.15792108351185,
        99.01973675143334,
        98.88977543000252,
        98.75758287983555,
        98.62293120353452,
        98.4924560054656,
        98.36761843773627,
        98.23703052151588,
        98.11012366510207,
        97.99463333622101,
        97.87584046394595,
        97.76028393160912,
        97.62915531281502,
        97.5172621204007,
        97.40746774981099,
        97.28855920607045,
        97.17868952597341,
        97.06308081842238,
        96.95731624480217,
        96.85152139971333,
        96.7425800446541,
        96.6387188819147,
        96.54225478633758,
        96.43327946816721,
        96.3273465556483,
        96.2246322631836,
        96.13093813004032,
        96.0322026898784,
        95.92451329385081,
        95.83030060798892,
        95.73812964654738,
        95.6490232406124,
        95.55275578652659,
        95.46214565154045,
        95.37113583472467,
        95.28099650721396,
        95.19164349955898,
        95.09671266617313,
        95.02234797323904,
        94.9301287743353,
        94.85255062964654,
        94.7623793079007,
        94.67832306892642,
        94.60338395641696,
        94.52441726192352,
        94.44227846207157,
        94.3643090032762,
        94.29004619967553,
        94.2132051529423,
        94.142820296749,
        94.07456428773942,
        93.99183900894657,
        93.91236089891002,
        93.84759767593876,
        93.76875871227634,
        93.69624427057082,
        93.6247817008726,
        93.55577555010396,
        93.49415908321258,
        93.42382689445249,
        93.35782697123867,
        93.29471145137664
    ],