{
    "testproblem": "quadratic_deep",
    "batch_size": 32,
    "num_epochs": 100,
    "random_seed": 44,
    "weight_decay": null,
    "optimizer_name": "SGD",
    "optimizer_hyperparams": {
        "lr": 0.00031622776601683794
    },
    "training_params": {},
    "train_losses": [
        214.18225688319052,
        153.9865259970388,
        128.27820070328252,
        117.13282898933657,
        112.09217637585056,
        109.7627191851216,
        108.38438637025895,
        107.93385905604208,
        107.58071776359311,
        107.14097644436744,
        106.84490942185924,
        106.5125469084709,
        106.25407237391317,
        106.29325522145918,
        105.86006804435483,
        105.72167525752899,
        105.22755505961757,
        105.27965028824345,
        105.10016435192478,
        104.73072888774257,
        104.6348173079952,
        104.3923571186681,
        104.13738595285723,
        103.96500101397115,
        103.76896667480469,
        103.85372924804688,
        103.53157338788432,
        103.32408929640248,
        103.08386919575352,
        102.85997747605846,
        102.74473719443044,
        102.43138663999495,
        102.45053961969191,
        102.19004600278792,
        102.31718297158518,
        101.95730984595514,
        101.76720256190146,
        101.5704114360194,
        101.48263943579889,
        100.96897420575542,
        101.20840921709615,
        100.99100248275265,
        100.70116153840095,
        100.73710460047567,
        100.57613865021736,
        100.41964352515436,
        100.3223399500693,
        100.11582848333543,
        99.84223371936429,
        99.83389823667464,
        99.33154173820249,
        99.59695114627961,
        99.53195091985887,
        99.26607808759135,
        99.05957326581401,
        99.16788851830268,
        98.94967257591986,
        98.61781409478957,
        98.54043283770162,
        98.50049049623551,
        98.50113308814264,
        98.17962154265373,
        98.10474543417654,
        98.11424255371094,
        97.84986705164755,
        97.94735397831086,
        97.82019510576802,
        97.61970815350932,
        97.52584666590536,
        97.61558975711945,
        97.14926590458039,
        97.26112562610257,
        97.25703774729082,
        96.97613230059224,
        96.84159851074219,
        96.9483413696289,
        96.87842953589654,
        96.71655051938949,
        96.45629808979649,
        96.5635001890121,
        96.46925698557207,
        96.2660175446541,
        96.31740102460307,
        96.3212651898784,
        96.2469745759041,
        96.16455594954952,
        95.87589190083165,
        95.83955604799333,
        95.56926604240171,
        95.70399696596208,
        95.56950378417969,
        95.72024856075164,
        95.63374180947581,
        95.55043497393208,
        95.4113043508222,
        95.34930099979523,
        95.13812600412676,
        95.09841820501512,
        95.00233705582157,
        94.82216176679057,
        94.90125569989604
    ],
    "valid_losses": [
        208.91663434428554,
        149.70123930900328,
        124.7185312086536,
        114.00086359823904,
        109.31848685972152,
        107.19734831779233,
        106.18674838158393,
        105.6104256414598,
        105.2269776867282,
        104.93284336213142,
        104.67132396082724,
        104.42876877323273,
        104.20633845175466,
        103.98506386049333,
        103.76880941083354,
        103.54452686925089,
        103.32964398784023,
        103.1050316595262,
        102.90655935964277,
        102.68121042559224,
        102.4740735946163,
        102.27191851215977,
        102.06702201597152,
        101.86454083842617,
        101.67261431294102,
        101.48583270657447,
        101.30721110682333,
        101.11169458204701,
        100.92395880914503,
        100.74355045441658,
        100.56719380040323,
        100.40032196044922,
        100.22043142011088,
        100.04261115289503,
        99.89048619424143,
        99.72647586945564,
        99.56284479941091,
        99.4149659679782,
        99.25662034557712,
        99.09291642712009,
        98.94299488682901,
        98.78489192839592,
        98.62920478082472,
        98.4731196741904,
        98.33001832039126,
        98.18412288542717,
        98.0385990758096,
        97.90307198801348,
        97.76292394822643,
        97.62763214111328,
        97.49193868329448,
        97.35723926175025,
        97.24120724585748,
        97.11132271059098,
        96.97256592781314,
        96.85934079077936,
        96.73447049048639,
        96.60985245243195,
        96.48619153422695,
        96.36873134489983,
        96.25338499007687,
        96.14144085299584,
        96.02972387498424,
        95.92149845246345,
        95.82129398469002,
        95.70133209228516,
        95.59821122692478,
        95.49240604523689,
        95.38743345199093,
        95.28328778666835,
        95.18187147571194,
        95.08282372259325,
        94.98576502646169,
        94.8956776280557,
        94.79997868691721,
        94.70116916779548,
        94.604735343687,
        94.51055145263672,
        94.41603531376008,
        94.33975096671811,
        94.24928259080455,
        94.1627667334772,
        94.05845174481792,
        93.97784669937626,
        93.895264164094,
        93.81459070021107,
        93.7345455538842,
        93.66139344246157,
        93.5800274264428,
        93.49334027690273,
        93.42167811239919,
        93.35447569816343,
        93.2726585634293,
        93.19497631442162,
        93.12664081204322,
        93.0574454030683,
        92.98582138553742,
        92.90493700581212,
        92.84092195572391,
        92.77230539629537,
        92.70916108162173
    ],