{
    "testproblem": "quadratic_deep",
    "batch_size": 32,
    "num_epochs": 100,
    "random_seed": 47,
    "weight_decay": null,
    "optimizer_name": "SGD",
    "optimizer_hyperparams": {
        "lr": 0.00031622776601683794
    },
    "training_params": {},
    "train_losses": [
        179.18785045992942,
        135.40093772642075,
        118.0521225467805,
        111.15665706511467,
        108.03853311846333,
        106.5423574139995,
        105.78079666629914,
        105.21140978413243,
        104.84794419811618,
        104.60678248251638,
        104.4828358311807,
        103.96379138577369,
        103.85748143349925,
        103.52740330849925,
        103.29525486115486,
        103.1644018850019,
        102.78679976924774,
        102.58066878780242,
        102.64400974396736,
        102.13327124810988,
        102.11040865990424,
        101.78386023736769,
        101.79070134316721,
        101.55101554624495,
        101.07755107264364,
        100.9672349499118,
        100.95649817682082,
        100.62413566343245,
        100.54471243581465,
        100.21129878874748,
        100.0020021007907,
        100.11357879638672,
        99.65803896996283,
        99.59117544850996,
        99.42433486446258,
        99.17548493416079,
        99.14771467639554,
        98.91709284628591,
        98.83783844978579,
        98.52705457133632,
        98.43528526060042,
        98.25282459874308,
        98.04749962591356,
        97.88347724176222,
        97.90544792913622,
        97.78929704235446,
        97.46370672410534,
        97.32024801931074,
        97.12022547568044,
        96.9652584445092,
        97.03384350192162,
        96.83774665094191,
        96.77974700927734,
        96.35619255804247,
        96.47809305498677,
        96.08761301348287,
        96.20896739344442,
        95.95222325478831,
        95.85596466064453,
        95.83653923772997,
        95.59923774965348,
        95.46172480429372,
        95.39477760561051,
        95.27761766987462,
        95.03653175600114,
        94.93178459905809,
        94.92571603098223,
        94.8077655915291,
        94.49976102767452,
        94.5479500063004,
        94.46239348380796,
        94.15325804679624,
        94.21553950155935,
        93.99496681459489,
        94.03131325014176,
        93.87489589568108,
        93.7123782250189,
        93.6960966048702,
        93.72523547757056,
        93.25517272949219,
        93.43429737706339,
        93.27445811610067,
        93.2822989186933,
        93.10228360083795,
        93.1624012608682,
        92.95528534919985,
        92.5365479992282,
        92.63708422260899,
        92.62994015601373,
        92.67703936176915,
        92.54317498976185,
        92.43806408297631,
        92.30753104917464,
        92.21716234760899,
        92.27305627638295,
        92.12785216300718,
        92.15101254370904,
        91.78419839182207,
        91.99069484587639,
        91.89000603460497,
        91.81354153540826
    ],
    "valid_losses": [
        181.2564997519216,
        137.21391222553868,
        119.63052294331212,
        112.43433577014554,
        109.30423736572266,
        107.83110809326172,
        107.0155789775233,
        106.52337867982926,
        106.1587406281502,
        105.85359314949282,
        105.58747174662929,
        105.3442877492597,
        105.10570329235446,
        104.87039061515561,
        104.64202142530873,
        104.41197893696446,
        104.19372927758002,
        103.97243868920111,
        103.75502629433909,
        103.5407254618983,
        103.32419610792591,
        103.11471705282888,
        102.90091803766066,
        102.70587724254978,
        102.5065425749748,
        102.31397419591104,
        102.11984326762538,
        101.93247419787991,
        101.74021690122542,
        101.5511715796686,
        101.36587302915511,
        101.18141543480658,
        101.01451553836945,
        100.82929278958228,
        100.65273924796811,
        100.4818363804971,
        100.30832721341041,
        100.13953744211504,
        99.97752823368195,
        99.81166052049205,
        99.64861839048324,
        99.49106228736139,
        99.33439217844317,
        99.18118359965663,
        99.02563821115801,
        98.87179097821635,
        98.71695192398563,
        98.57307606358683,
        98.42261652792654,
        98.28071643460181,
        98.13259789251512,
        97.99878323462701,
        97.86159392326108,
        97.71379138577369,
        97.57830293716923,
        97.45128877701298,
        97.32161540369833,
        97.19163685460245,
        97.0626961492723,
        96.94073461717174,
        96.81551533360636,
        96.68460107618763,
        96.56058206865865,
        96.44705224806263,
        96.3244153914913,
        96.20974928332913,
        96.09938689201108,
        95.97649358933971,
        95.86693892940399,
        95.75273772208921,
        95.64677060034967,
        95.53182761899886,
        95.42707406320879,
        95.32251001173451,
        95.22078064949282,
        95.11313186153289,
        95.00794958299205,
        94.9049547256962,
        94.81069700179562,
        94.71050065563571,
        94.61774075415826,
        94.52403234666393,
        94.43324156730405,
        94.33354014735067,
        94.23366251299458,
        94.14438112320438,
        94.05834099554247,
        93.97697916338521,
        93.87878048804498,
        93.79227373676915,
        93.71070984871157,
        93.62333457700667,
        93.53946907289567,
        93.46075217954574,
        93.37307493148312,
        93.2933096116589,
        93.21017751386088,
        93.13523126417591,
        93.0650873491841,
        92.98841291858304,
        92.91349940146169
    ],