{
    "testproblem": "quadratic_deep",
    "batch_size": 32,
    "num_epochs": 100,
    "random_seed": 45,
    "weight_decay": null,
    "optimizer_name": "SGD",
    "optimizer_hyperparams": {
        "lr": 0.00031622776601683794
    },
    "training_params": {},
    "train_losses": [
        262.74791397586944,
        166.46541915401335,
        128.2637233118857,
        113.15144249700731,
        106.7764902422505,
        103.97893745668473,
        102.79530605193108,
        102.29340165661228,
        101.6732441071541,
        101.59712489958733,
        101.21599701912173,
        101.07138898295742,
        100.77696917133946,
        100.49082405336442,
        100.33636720718876,
        100.18370745258946,
        100.01027384111958,
        99.79621075045678,
        99.66168016003024,
        99.41240864415323,
        99.210203109249,
        99.10972102995842,
        98.76721757458103,
        98.73486328125,
        98.523191390499,
        98.45885935137349,
        98.46095226657006,
        97.97245419409967,
        97.7620123586347,
        97.78211039881552,
        97.52168839977634,
        97.23297266806325,
        97.37827399469191,
        97.19529773342994,
        97.18095250283518,
        96.77071183727634,
        96.69006052324849,
        96.46554417763987,
        96.2957025343372,
        96.42031466576361,
        96.32266850625315,
        96.02760462607107,
        95.92196630662487,
        95.7989743140436,
        95.50365226499495,
        95.35885693950038,
        95.51587086339151,
        95.31911443894909,
        95.19084315146169,
        94.96934509277344,
        94.89188040456465,
        94.85809030840474,
        94.77974799371535,
        94.4356219383978,
        94.5338858327558,
        94.34218105193108,
        94.31025843466482,
        94.24753669000441,
        94.00252779068485,
        94.07598483177924,
        93.9135973530431,
        93.70915000669417,
        93.67815571446573,
        93.4683106945407,
        93.44510035361013,
        93.25789986887285,
        93.2620859453755,
        93.08728273453251,
        93.049317882907,
        93.02281312019595,
        92.972169937626,
        92.66536958755985,
        92.69980153729838,
        92.44866943359375,
        92.67962818761026,
        92.56107724097467,
        92.39180435672883,
        92.26541039251512,
        92.17194292622227,
        92.08041480279738,
        92.0861557991274,
        92.02911869172127,
        91.88659077305948,
        91.89942932128906,
        91.95405775500882,
        91.65768038841986,
        91.52912902832031,
        91.36572560956401,
        91.56352135442918,
        91.28892492478893,
        91.35354884978264,
        91.21061485044417,
        91.04761775847405,
        91.04039715182397,
        90.69668505268712,
        90.94678964922505,
        90.90621751354587,
        90.82227350050404,
        90.79523443406627,
        90.51614798268965,
        90.34840786841607
    ],
    "valid_losses": [
        268.53643158943424,
        170.82283758348035,
        131.57759709512032,
        115.53282436247795,
        108.73203056089339,
        105.71255173221711,
        104.2652587890625,
        103.48826057680192,
        103.03223123858052,
        102.70891374157321,
        102.43413986698273,
        102.1937504429971,
        101.9717286632907,
        101.75894681869015,
        101.54976727885585,
        101.35682776666457,
        101.16991030785346,
        100.98660942815965,
        100.80513295819682,
        100.62489294236705,
        100.43911792385963,
        100.26418230610508,
        100.08640978413243,
        99.91255877094883,
        99.74319408785912,
        99.57616498393398,
        99.41088055026147,
        99.24948021673387,
        99.08530942855343,
        98.92903137207031,
        98.77626185263357,
        98.62780466387349,
        98.48197740124118,
        98.33105714859501,
        98.1865938248173,
        98.03768182569935,
        97.89765462567729,
        97.76034570509388,
        97.61221239643712,
        97.46995519822643,
        97.3397962508663,
        97.20149427844632,
        97.06667746267011,
        96.9389892085906,
        96.80919376496345,
        96.68154070454258,
        96.56350658785912,
        96.44635132820376,
        96.32706574470767,
        96.20806490990424,
        96.08824945265248,
        95.9638671875,
        95.85057953865298,
        95.73711887482673,
        95.62980405745968,
        95.51921795260522,
        95.40521338678175,
        95.29599885017642,
        95.20329850719821,
        95.09742293819305,
        94.99205829251197,
        94.88590683475617,
        94.78272050426853,
        94.68277002150013,
        94.58591239683089,
        94.48643813594695,
        94.39646862399194,
        94.30138052663496,
        94.2119610694147,
        94.1173819265058,
        94.03608186783329,
        93.9449467812815,
        93.85780851302609,
        93.77655767625377,
        93.68875442012664,
        93.6068100467805,
        93.52071725168535,
        93.43599897815335,
        93.3508775772587,
        93.27167289487777,
        93.19821019326487,
        93.1197273500504,
        93.03910212362966,
        92.96383297827936,
        92.88419661983367,
        92.80565520255796,
        92.73044217017389,
        92.66380974554247,
        92.59107946580455,
        92.52192786432082,
        92.44434430522304,
        92.38186743951613,
        92.31482967253655,
        92.2489732311618,
        92.18196745841733,
        92.11962570682648,
        92.05511253110824,
        91.99498330393145,
        91.93109573856476,
        91.86925358926096,
        91.80636768956339
    ],