{
    "testproblem": "quadratic_deep",
    "batch_size": 32,
    "num_epochs": 100,
    "random_seed": 46,
    "weight_decay": null,
    "optimizer_name": "SGD",
    "optimizer_hyperparams": {
        "lr": 0.00031622776601683794
    },
    "training_params": {},
    "train_losses": [
        308.3632330125378,
        199.84710398027974,
        150.463868171938,
        126.95777302403604,
        115.78128962362966,
        110.25852867864793,
        107.6155023882466,
        106.09664818548387,
        105.18753273256364,
        104.33381751275832,
        104.28266217631679,
        103.81759422056136,
        103.62635655556956,
        103.34832517562374,
        103.09855602633569,
        102.81624184885332,
        102.44656470514113,
        102.38125167354461,
        101.88290331440587,
        101.69540799048639,
        101.66926008655179,
        101.33933824108493,
        101.08712645499936,
        101.06458405525454,
        100.76986965056389,
        100.55660666188886,
        100.23674429616621,
        100.15301858225176,
        100.1089839320029,
        99.7706062563004,
        99.67940915015436,
        99.42984082621913,
        99.17108375795426,
        99.17228501842868,
        99.00777927521736,
        98.55204625283518,
        98.74481299615675,
        98.40497638333228,
        98.29031790456465,
        98.07748905304939,
        97.90403599892893,
        97.72309210992628,
        97.61878499677104,
        97.20180363808909,
        97.39718037266886,
        97.29031101349861,
        97.09905562862274,
        96.79403046638735,
        96.8176759289157,
        96.56736189319241,
        96.42438753189579,
        96.49002419748614,
        96.32509145429057,
        96.0732690134356,
        96.05194928569179,
        95.77865846695438,
        95.64491001252205,
        95.38000808223602,
        95.4472904820596,
        95.35097872826361,
        95.16432436050907,
        95.06575529036984,
        94.94511290519468,
        94.90804930656186,
        94.84288074124244,
        94.7082256194084,
        94.36397626323085,
        94.18981416763798,
        94.15513413952243,
        94.2397707047001,
        93.9489974975586,
        93.9090083952873,
        93.90117743707472,
        93.69796162266886,
        93.81796658423639,
        93.62617911061933,
        93.59251649918095,
        93.28833573864353,
        93.10422589701992,
        93.17095331991872,
        93.11407446092174,
        92.87735182239163,
        92.79808881205898,
        92.68633417929372,
        92.6147197600334,
        92.79248686759702,
        92.4857908679593,
        92.39084822131741,
        92.33516225507182,
        92.24675898398122,
        92.38049537904801,
        92.23531563051286,
        92.10886949108493,
        91.95105792630103,
        91.82578548308342,
        91.79377894247732,
        91.64499393586189,
        91.66738596270162,
        91.69409499629852,
        91.59283717986077,
        91.53447944887223
    ],
    "valid_losses": [
        302.0925499700731,
        195.55726672757058,
        147.2503918063256,
        124.78449962985131,
        114.20108352168914,
        109.0796166696856,
        106.49075489659464,
        105.12455355736518,
        104.35731260238155,
        103.8456280616022,
        103.48743709441155,
        103.19254081479964,
        102.93231619558027,
        102.69317774618825,
        102.46246460945376,
        102.226319836032,
        102.00221252441406,
        101.78275422127017,
        101.56360232445502,
        101.34221353838521,
        101.12591085126323,
        100.91915893554688,
        100.7191171953755,
        100.51465582078502,
        100.31175108878843,
        100.10409595120338,
        99.91001153761341,
        99.71944452101185,
        99.53273280974358,
        99.34175774358934,
        99.15783568351499,
        98.9760254890688,
        98.78717114848476,
        98.60074787755167,
        98.43435792000064,
        98.25828896799395,
        98.09262380292338,
        97.91546114029423,
        97.7529776788527,
        97.60075230752268,
        97.4337903914913,
        97.28403571344191,
        97.13473092356035,
        96.97943607453377,
        96.82598926175025,
        96.68370991368448,
        96.53402586906186,
        96.38220830117503,
        96.23797779698526,
        96.09552174229776,
        95.95701476066343,
        95.82520072690902,
        95.68087620888987,
        95.54839201896421,
        95.42062476373488,
        95.29258408084992,
        95.16361335016066,
        95.03018286920363,
        94.90621997464088,
        94.7854956350019,
        94.6550024709394,
        94.53535904422883,
        94.42686782344695,
        94.31249827723349,
        94.19876320131364,
        94.08416206605973,
        93.97618644468245,
        93.86074681435862,
        93.76362979027533,
        93.65477285077495,
        93.5586917015814,
        93.44495194958103,
        93.34159063523815,
        93.23882613643524,
        93.14206080282888,
        93.03721175655242,
        92.94954558341733,
        92.85292004000756,
        92.75296734225365,
        92.65726889333418,
        92.5720468336536,
        92.48058072982296,
        92.39428194107548,
        92.30891935286984,
        92.22057564027848,
        92.12944030761719,
        92.04496765136719,
        91.95791133757561,
        91.86748701526272,
        91.79275291196761,
        91.71753249629852,
        91.64183142877394,
        91.56329173426474,
        91.49165885679183,
        91.41328380953881,
        91.34015310964277,
        91.26165549985824,
        91.1911141180223,
        91.11504683956024,
        91.04237980996409,
        90.97203605405745
    ],