{
    "testproblem": "quadratic_deep",
    "batch_size": 32,
    "num_epochs": 100,
    "random_seed": 48,
    "weight_decay": null,
    "optimizer_name": "SGD",
    "optimizer_hyperparams": {
        "lr": 0.00031622776601683794
    },
    "training_params": {},
    "train_losses": [
        419.3192670268397,
        229.1080583141696,
        153.7686560846144,
        123.95775505804247,
        111.69052271689138,
        106.56857078306136,
        104.29140127858808,
        103.37235013900265,
        102.74753915109942,
        102.20940596057522,
        101.75308350593814,
        101.65346945485761,
        101.42917165448588,
        101.18699990549395,
        101.1279774327432,
        100.93857697517642,
        100.67112830377394,
        100.47843416275516,
        100.16756488430885,
        99.98744103216356,
        99.92177409510458,
        99.58388740785661,
        99.57350158691406,
        99.43484767790764,
        99.04215043590915,
        99.07559524043914,
        98.69261317099294,
        98.27493433798513,
        98.49385538408833,
        98.2404521819084,
        97.86873479043284,
        97.97875508954448,
        97.83883002496535,
        97.4494380335654,
        97.41811272405809,
        97.2938987978043,
        97.1568108835528,
        96.96304321289062,
        96.725343273532,
        96.71868158155873,
        96.67663795717301,
        96.4561767578125,
        96.28304906045237,
        96.0485131048387,
        95.95342722246724,
        95.8148461618731,
        95.68523849979523,
        95.46004535305885,
        95.09842066611013,
        95.37284383466167,
        95.19309579172442,
        94.92918937436995,
        94.9000007875504,
        94.85085838071761,
        94.59947106146043,
        94.49962123747795,
        94.36103722356981,
        94.31238014467301,
        94.17139927033455,
        94.0874764227098,
        93.85296606248424,
        93.84190885482296,
        93.79261238344255,
        93.76833245062059,
        93.47199224656627,
        93.54846019129599,
        93.31693070934665,
        93.07323012813445,
        92.96278848955708,
        92.94027390018586,
        93.03595241423577,
        92.80580089938256,
        92.9316674509356,
        92.64991243423954,
        92.59701587307838,
        92.55282445107737,
        92.22537305278163,
        92.24704028714088,
        92.10401473506805,
        92.1239990726594,
        91.95873678884199,
        91.91249133694556,
        91.9096928258096,
        91.80502048615486,
        91.6310791507844,
        91.5819603704637,
        91.32100702101185,
        91.6369867632466,
        91.29784122590095,
        91.22810388380482,
        91.16105307302168,
        91.16611628378591,
        90.96563228484123,
        90.87708577802104,
        90.90982597104964,
        90.8442614155431,
        90.70784119636782,
        90.87064164684665,
        90.62600683396862,
        90.57711029052734,
        90.35290994951802
    ],
    "valid_losses": [
        416.2615277690272,
        228.11764477145286,
        153.4040276312059,
        123.5812518212103,
        111.51353356146043,
        106.48517239478326,
        104.32037993400327,
        103.29056475239415,
        102.7442388226909,
        102.38097086260396,
        102.09509031234249,
        101.84181139546055,
        101.61093459590789,
        101.39670045914188,
        101.19079245290449,
        100.9817143101846,
        100.77580138175718,
        100.57289172757056,
        100.36927844632056,
        100.17273884434854,
        99.98006882206086,
        99.78906594553301,
        99.60287327920237,
        99.41772485548451,
        99.23773439468876,
        99.05296350294545,
        98.87046863186744,
        98.69171290243825,
        98.51980935373614,
        98.35471540881741,
        98.19154997794858,
        98.02098747991747,
        97.84957984185988,
        97.69006864486202,
        97.53238481090915,
        97.37168170559791,
        97.22322747015184,
        97.06394417055192,
        96.9098867600964,
        96.76257939492503,
        96.6163561421056,
        96.47227428805444,
        96.32369281399635,
        96.18702599310106,
        96.04349788542717,
        95.90924589095577,
        95.77945413897115,
        95.64039218041205,
        95.51376834992439,
        95.38342900430003,
        95.25037113312752,
        95.12499138616747,
        94.99731986753402,
        94.86844659620716,
        94.74234427175215,
        94.63036592545048,
        94.50864730342742,
        94.39052040346208,
        94.27498798985636,
        94.16145718482232,
        94.04756509104082,
        93.93430402201992,
        93.82902428411668,
        93.72151504024383,
        93.60639166062877,
        93.49671985257056,
        93.40105438232422,
        93.29945841143208,
        93.20372772216797,
        93.10042252079133,
        93.00106073194935,
        92.90367101853893,
        92.80454647925592,
        92.70599069902974,
        92.60701653265184,
        92.52057106264176,
        92.42785964473602,
        92.33980831023186,
        92.24989171181956,
        92.16182733351185,
        92.0676527946226,
        91.98511480516002,
        91.9027358024351,
        91.81944791732296,
        91.73648785006615,
        91.66192257788873,
        91.58143000448904,
        91.50398648169732,
        91.42240167433216,
        91.34588869156376,
        91.26842818721649,
        91.19076661140689,
        91.11603004701676,
        91.04209186184791,
        90.9743900914346,
        90.90122469009891,
        90.82772999425089,
        90.75762570288873,
        90.6865736438382,
        90.61978715465915,
        90.55022528863722
    ],