{
    "testproblem": "fmnist_2c2d",
    "batch_size": 128,
    "num_epochs": 1,
    "random_seed": 42,
    "weight_decay": null,
    "optimizer_name": "PreconditionedSGDlog",
    "optimizer_hyperparams": {
        "lr": null
    },
    "training_params": {},
    "train_losses": [
        2.3438027577522473,
        0.4977898945411046
    ],
    "valid_losses": [
        2.346919750555968,
        0.48123538608734423
    ],
    "test_losses": [
        2.3467648946321926,
        0.506514582878504
    ],
    "minibatch_train_losses": [
        2.347477674484253,
        2.332996368408203,
        2.0033507347106934,
        1.383548378944397,
        1.3589736223220825,
        0.9490979909896851,
        1.0879608392715454,
        1.2437000274658203,
        0.8359182476997375,
        0.8088437914848328,
        0.7892653942108154,
        0.6054719090461731,
        0.7360031604766846,
        0.6105489730834961,
        0.518126368522644,
        0.6572957038879395,
        0.5269238352775574,
        0.5804714560508728,
        0.6999931335449219,
        0.5406768321990967,
        0.5225253105163574,
        0.4389219284057617,
        0.47838348150253296,
        0.526437520980835,
        0.5464734435081482,
        0.5477698445320129,
        0.6225599646568298,
        0.6573309898376465,
        0.5198342800140381,
        0.4020281434059143,
        0.6980382204055786,
        0.6692164540290833,
        0.4519379734992981,
        0.4709387421607971,
        0.6673897504806519,
        0.6660828590393066,
        0.4486118257045746,
        0.5512458086013794,
        0.46404945850372314
    ],
    "train_accuracies": [
        0.09575320512820513,
        0.8191105769230769
    ],
    "valid_accuracies": [
        0.09364983974358974,
        0.8231169871794872
    ],
    "test_accuracies": [
        0.09805689102564102,
        0.8185096153846154
    ],
    "grad_norms": [
        40.11626434326172,
        27.55766487121582,
        44.66970443725586,
        24.935773849487305,
        22.75214958190918,
        31.631641387939453,
        34.082908630371094,
        41.9935188293457,
        27.313617706298828,
        43.372344970703125,
        2.8785479068756104,
        32.47157287597656,
        457.70245361328125,
        477.9881591796875,
        2.0528297424316406,
        1.9723987579345703,
        1.8856265544891357,
        1.5939714908599854,
        1.9384247064590454,
        1.7172776460647583,
        2.1837384700775146,
        2.6969821453094482,
        2.2447664737701416,
        2.9096524715423584,
        2.519387722015381,
        3.008653163909912,
        3.71355938911438,
        2.7988524436950684,
        3.308459758758545,
        2.8014140129089355,
        3.9088263511657715,
        6.022832870483398,
        4.811402320861816,
        2.3955211639404297,
        1.9890999794006348,
        2.488806962966919,
        3.723069190979004,
        3.970421075820923,
        3.7264864444732666,
        4.91495943069458,
        5.182784557342529,
        4.331757545471191,
        3.609311819076538,
        3.185615062713623,
        4.024586200714111,
        4.523228168487549,
        4.105841636657715,
        2.484206199645996,
        2.9737389087677,
        3.459815263748169,
        2.6218323707580566,
        3.379066228866577,
        3.9816861152648926,
        3.3305230140686035,
        3.6590847969055176,
        3.464416027069092,
        4.493475437164307,
        5.471395015716553,
        3.397688627243042,
        4.248669624328613,
        3.9916129112243652,
        2.188957929611206,
        1.5127906799316406,
        2.3462536334991455,
        2.3797051906585693,
        2.4548208713531494,
        1.6548513174057007,
        1.5499560832977295,
        2.134341239929199,
        4.275588035583496,
        4.8857245445251465,
        1.7519445419311523,
        2.399684429168701,
        2.2292139530181885,
        1.7013676166534424,
        3.602442502975464,
        6.094240665435791,
        5.24567174911499,
        3.329624891281128,
        3.267298460006714,
        2.5359792709350586,
        1.6037139892578125,
        2.0255565643310547,
        3.5083351135253906,
        4.400547504425049,
        2.238732099533081,
        1.6866350173950195,
        1.9649598598480225,
        2.032485246658325,
        2.4221298694610596,
        3.6775591373443604,
        5.285252571105957,
        3.39115309715271,
        1.897536039352417,
        1.814180612564087,
        1.723035454750061,
        2.0542848110198975,
        2.4522817134857178,
        3.9451074600219727,
        6.22194766998291,
        2.2560856342315674,
        2.2995669841766357,
        3.2562737464904785,
        1.6264050006866455,
        1.075013518333435,
        1.7572877407073975,
        1.6685150861740112,
        1.1605515480041504,
        1.611222505569458,
        1.8064740896224976,
        2.4497017860412598,
        2.7132227420806885,
        3.363999366760254,
        2.7972307205200195,
        2.621356964111328,
        2.9423608779907227,
        2.803232431411743,
        1.844617247581482,
        1.5831252336502075,
        1.9682836532592773,
        3.5754027366638184,
        3.360835313796997,
        3.8623151779174805,
        4.619272232055664,
        2.5571491718292236,
        2.029916286468506,
        1.8202662467956543,
        2.5436317920684814,
        2.3320322036743164,
        1.7030384540557861,
        1.5302939414978027,
        1.5402323007583618,
        1.4507794380187988,
        1.7141999006271362,
        1.6341742277145386,
        1.4653388261795044,
        1.5822879076004028,
        2.182706117630005,
        3.255208969116211,
        2.6169991493225098,
        1.4746017456054688,
        2.07499623298645,
        2.6859707832336426,
        2.2799136638641357,
        2.1689114570617676,
        2.68400239944458,
        3.6182241439819336,
        2.359315872192383,
        2.254995584487915,
        2.3968558311462402,
        3.135925054550171,
        3.4049699306488037,
        3.2114691734313965,
        2.0476372241973877,
        2.960484743118286,
        3.2469820976257324,
        2.0794177055358887,
        1.274157166481018,
        1.8070054054260254,
        2.1782381534576416,
        2.6141138076782227,
        2.351229190826416,
        2.6753089427948,
        1.932189702987671,
        1.7270115613937378,
        2.4860196113586426,
        2.6102776527404785,
        1.3736166954040527,
        1.930496335029602,
        2.6064577102661133,
        2.4522929191589355,
        2.054358720779419,
        2.944166421890259,
        3.944373369216919,
        3.922006368637085,
        2.288700580596924,
        1.6938941478729248,
        1.89784574508667,
        2.2294938564300537,
        1.997839093208313,
        1.4415006637573242,
        2.726818084716797,
        2.5529980659484863,
        3.1403143405914307,
        3.3017382621765137,
        3.167304754257202,
        2.4789435863494873,
        1.5155386924743652,
        1.6731970310211182,
        2.15229868888855,
        2.535611152648926,
        2.477991819381714,
        1.7227388620376587,
        1.7811833620071411,
        2.5336897373199463,
        1.9660744667053223,
        2.3923144340515137,
        2.0864217281341553,
        2.206292152404785,
        1.7898411750793457,
        1.4466475248336792,
        1.4480012655258179,
        1.9505871534347534,
        2.8091182708740234,
        2.345653772354126,
        2.6285948753356934,
        2.0954275131225586,
        3.5579047203063965,
        3.7315051555633545,
        2.387502670288086,
        1.641526222229004,
        2.286370038986206,
        1.8170195817947388,
        1.4035720825195312,
        1.9137707948684692,
        1.696090579032898,
        1.9948538541793823,
        1.8935281038284302,
        1.5843781232833862,
        1.5526453256607056,
