{
    "testproblem": "fmnist_2c2d",
    "batch_size": 128,
    "num_epochs": 1,
    "random_seed": 42,
    "weight_decay": null,
    "optimizer_name": "PreconditionedSGDlog",
    "optimizer_hyperparams": {
        "lr": null
    },
    "training_params": {},
    "train_losses": [
        2.3438027577522473,
        0.49638103330746675
    ],
    "valid_losses": [
        2.346919750555968,
        0.48051580175375325
    ],
    "test_losses": [
        2.3467648946321926,
        0.5053702917618629
    ],
    "minibatch_train_losses": [
        2.347477674484253,
        2.332996368408203,
        1.9249595403671265,
        1.379110336303711,
        1.2439467906951904,
        0.965890645980835,
        1.0787034034729004,
        1.3088973760604858,
        0.8640472292900085,
        0.8063201904296875,
        0.7619446516036987,
        0.6093704700469971,
        0.7348796725273132,
        0.6125074625015259,
        0.516624927520752,
        0.6555314660072327,
        0.5261690616607666,
        0.5769056677818298,
        0.6981697082519531,
        0.5373511910438538,
        0.5229397416114807,
        0.4411197602748871,
        0.4835917055606842,
        0.5255440473556519,
        0.5465682744979858,
        0.5458074808120728,
        0.6228679418563843,
        0.6576809287071228,
        0.519224226474762,
        0.40428590774536133,
        0.6928385496139526,
        0.665581464767456,
        0.4525966942310333,
        0.4691157937049866,
        0.662642240524292,
        0.6734486222267151,
        0.44932934641838074,
        0.552153468132019,
        0.4646216630935669
    ],
    "train_accuracies": [
        0.09575320512820513,
        0.8203125
    ],
    "valid_accuracies": [
        0.09364983974358974,
        0.8236177884615384
    ],
    "test_accuracies": [
        0.09805689102564102,
        0.8198116987179487
    ],
    "grad_norms": [
        40.11626434326172,
        27.55766487121582,
        44.66970443725586,
        24.935773849487305,
        22.75214958190918,
        31.631641387939453,
        34.082908630371094,
        41.9935188293457,
        27.313617706298828,
        43.372344970703125,
        2.8785479068756104,
        32.47157287597656,
        457.70245361328125,
        477.9881591796875,
        1.8041458129882812,
        1.874199390411377,
        1.784143328666687,
        1.694198489189148,
        1.9584885835647583,
        1.778203010559082,
        2.231775999069214,
        2.905285596847534,
        2.381359338760376,
        3.065019130706787,
        2.80688738822937,
        3.254824638366699,
        4.09321403503418,
        2.9510443210601807,
        3.5870425701141357,
        3.031618595123291,
        4.457184791564941,
        6.188076496124268,
        4.319319248199463,
        2.078270673751831,
        1.9167966842651367,
        3.103886842727661,
        4.71236515045166,
        4.018555164337158,
        2.8034157752990723,
        4.074073314666748,
        4.928995609283447,
        4.714541912078857,
        3.5228333473205566,
        3.308509349822998,
        4.418508052825928,
        4.715870380401611,
        4.282999038696289,
        2.2798402309417725,
        3.209695816040039,
        3.802502155303955,
        2.4931421279907227,
        2.6595661640167236,
        3.130331516265869,
        3.093207359313965,
        4.106076717376709,
        3.502619743347168,
        4.185866355895996,
        5.369213581085205,
        3.3022685050964355,
        4.140998363494873,
        4.150327205657959,
        2.347111225128174,
        1.4944733381271362,
        2.247750997543335,
        2.2949728965759277,
        2.3611161708831787,
        1.5964316129684448,
        1.4938417673110962,
        2.2007055282592773,
        4.837050437927246,
        4.826594352722168,
        1.6850190162658691,
        2.565439462661743,
        2.2373361587524414,
        1.4943201541900635,
        2.9892759323120117,
        5.685641765594482,
        4.830244064331055,
        3.0661520957946777,
        3.698230504989624,
        2.6418213844299316,
        1.6829438209533691,
        2.166008710861206,
        3.5610549449920654,
        4.483972072601318,
        2.265810489654541,
        1.747572660446167,
        1.9465793371200562,
        1.9494078159332275,
        2.376575231552124,
        3.6417808532714844,
        5.2503180503845215,
        3.351667881011963,
        1.782962679862976,
        1.740211844444275,
        1.7890238761901855,
        2.161853313446045,
        2.4799513816833496,
        3.8343615531921387,
        5.740345001220703,
        2.193735122680664,
        2.2702548503875732,
        3.2394423484802246,
        1.7415910959243774,
        1.072183609008789,
        1.7533117532730103,
        1.659888505935669,
        1.1915637254714966,
        1.7356023788452148,
        1.918879508972168,
        2.485685110092163,
        2.6055102348327637,
        3.1366219520568848,
        2.6021344661712646,
        2.464879274368286,
        2.9113166332244873,
        3.0021843910217285,
        2.0749311447143555,
        1.5969594717025757,
        1.9592669010162354,
        3.494821071624756,
        3.2808847427368164,
        3.824111223220825,
        4.568802833557129,
        2.565425395965576,
        2.076303243637085,
        1.853636622428894,
        2.581113338470459,
        2.3940086364746094,
        1.7946255207061768,
        1.549407958984375,
        1.576294183731079,
        1.4522016048431396,
        1.6357581615447998,
        1.5475422143936157,
        1.401938796043396,
        1.4984019994735718,
        2.0084962844848633,
        2.9904778003692627,
        2.524524688720703,
        1.5348036289215088,
        2.1713809967041016,
        2.901628255844116,
        2.367347240447998,
        2.5796923637390137,
        3.192034959793091,
        3.8641180992126465,
        2.3751935958862305,
        2.1084933280944824,
        2.4019978046417236,
        3.05596661567688,
        3.274501323699951,
        3.0649452209472656,
        1.9673237800598145,
        2.9474294185638428,
        3.2182581424713135,
        2.106431007385254,
        1.238785743713379,
        1.7299777269363403,
        2.122103691101074,
        2.5787625312805176,
        2.355163335800171,
        2.7038938999176025,
        1.9441618919372559,
        1.6804107427597046,
        2.316765069961548,
        2.4390411376953125,
        1.3386006355285645,
        1.95237398147583,
        2.60593318939209,
        2.4193930625915527,
        2.0146470069885254,
        2.953364372253418,
        3.972872734069824,
        3.8700568675994873,
        2.21649432182312,
        1.6414976119995117,
        1.860785722732544,
        2.2217562198638916,
        1.9874370098114014,
        1.4353337287902832,
        2.637519359588623,
        2.4891154766082764,
        3.183614730834961,
        3.3671631813049316,
        3.1015939712524414,
        2.4149136543273926,
        1.5060348510742188,
        1.6673978567123413,
        2.1481592655181885,
        2.5156235694885254,
        2.514075517654419,
        1.7372195720672607,
        1.8266410827636719,
        2.6503331661224365,
        1.9710291624069214,
        2.3974432945251465,
        2.055803060531616,
        2.1982738971710205,
        1.75841224193573,
        1.4779577255249023,
        1.5072709321975708,
        2.005399703979492,
        2.90820574760437,
        2.359466552734375,
        2.597968816757202,
        2.0831587314605713,
        3.5665431022644043,
        3.768369674682617,
        2.374573230743408,
        1.6723676919937134,
        2.3348965644836426,
        1.8326658010482788,
        1.376129150390625,
        1.8755816221237183,
        1.6577974557876587,
        1.9929373264312744,
        1.8677242994308472,
        1.5671937465667725,
        1.6496355533599854,
        1.9216774702072144,
