{
    "testproblem": "fmnist_2c2d",
    "batch_size": 128,
    "num_epochs": 1,
    "random_seed": 42,
    "weight_decay": null,
    "optimizer_name": "PreconditionedSGDlog",
    "optimizer_hyperparams": {
        "lr": null
    },
    "training_params": {},
    "train_losses": [
        2.3438027577522473,
        0.5233229929820086
    ],
    "valid_losses": [
        2.346919750555968,
        0.5144326369731854
    ],
    "test_losses": [
        2.3467648946321926,
        0.5353011634105291
    ],
    "minibatch_train_losses": [
        2.347477674484253,
        2.332996368408203,
        2.0033507347106934,
        1.383548378944397,
        1.3589736223220825,
        0.9490979909896851,
        1.0879608392715454,
        1.2437000274658203,
        0.8359182476997375,
        0.7414026260375977,
        0.7021653056144714,
        0.5992061495780945,
        0.6730110049247742,
        0.6478124260902405,
        0.5395630598068237,
        0.6241835355758667,
        0.5099772214889526,
        0.5984413027763367,
        0.7302512526512146,
        0.533153235912323,
        0.5506269335746765,
        0.4488844573497772,
        0.5423792600631714,
        0.6006590723991394,
        0.5571470856666565,
        0.601417601108551,
        0.6315582394599915,
        0.6457101106643677,
        0.5675948858261108,
        0.43493029475212097,
        0.6742333173751831,
        0.6923640966415405,
        0.5055744647979736,
        0.5097890496253967,
        0.6361680030822754,
        0.6897344589233398,
        0.49929457902908325,
        0.5856566429138184,
        0.5144606828689575
    ],
    "train_accuracies": [
        0.09575320512820513,
        0.8110977564102564
    ],
    "valid_accuracies": [
        0.09364983974358974,
        0.8170072115384616
    ],
    "test_accuracies": [
        0.09805689102564102,
        0.80859375
    ],
    "grad_norms": [
        40.11626434326172,
        27.55766487121582,
        44.66970443725586,
        24.935773849487305,
        22.75214958190918,
        31.631641387939453,
        34.082908630371094,
        41.9935188293457,
        27.313617706298828,
        43.372344970703125,
        2.8785479068756104,
        32.47157287597656,
        457.70245361328125,
        477.9881591796875,
        2.0528297424316406,
        1.9723987579345703,
        1.8856265544891357,
        1.5939714908599854,
        1.9384247064590454,
        1.7172776460647583,
        2.1837384700775146,
        2.6969821453094482,
        2.2447664737701416,
        2.9096524715423584,
        2.519387722015381,
        3.008653163909912,
        3.71355938911438,
        2.7988524436950684,
        3.308459758758545,
        2.8014140129089355,
        3.9088263511657715,
        6.022832870483398,
        4.811402320861816,
        2.3955211639404297,
        1.9890999794006348,
        2.488806962966919,
        3.723069190979004,
        3.970421075820923,
        3.7264864444732666,
        4.91495943069458,
        5.182784557342529,
        4.331757545471191,
        3.609311819076538,
        3.185615062713623,
        4.024586200714111,
        4.523228168487549,
        4.105841636657715,
        2.484206199645996,
        2.9737389087677,
        3.459815263748169,
        2.6218323707580566,
        3.379066228866577,
        3.9816861152648926,
        3.3305230140686035,
        3.6590847969055176,
        3.464416027069092,
        4.493475437164307,
        5.471395015716553,
        3.397688627243042,
        4.248669624328613,
        3.9916129112243652,
        2.188957929611206,
        1.5127906799316406,
        2.3462536334991455,
        2.3797051906585693,
        2.4548208713531494,
        1.6548513174057007,
        1.5499560832977295,
        2.134341239929199,
        4.275588035583496,
        4.8857245445251465,
        1.7519445419311523,
        2.399684429168701,
        2.2292139530181885,
        1.7013676166534424,
        3.602442502975464,
        6.094240665435791,
        5.24567174911499,
        3.329624891281128,
        3.267298460006714,
        2.5359792709350586,
        1.6037139892578125,
        2.0255565643310547,
        3.5083351135253906,
        4.400547504425049,
        2.238732099533081,
        1.6866350173950195,
        1.9649598598480225,
        0.0,
        57.10353469848633,
        126.09355926513672,
        89.48455047607422,
        89.42901611328125,
        104.0654296875,
        107.861328125,
        95.64202880859375,
        55.029083251953125,
        164.9225311279297,
        3.180065631866455,
        3.7069437503814697,
        516.0543212890625,
        2219.872802734375,
        2.542978048324585,
        1.7690351009368896,
        1.7588932514190674,
        1.6889212131500244,
        1.4853496551513672,
        0.971005916595459,
        1.087567687034607,
        1.633330225944519,
        1.9901010990142822,
        1.8139233589172363,
        1.3282090425491333,
        0.9999821186065674,
        1.4826273918151855,
        1.5868784189224243,
        1.279571771621704,
        1.6847115755081177,
        1.5434736013412476,
        1.7133328914642334,
        2.172947883605957,
        2.103595018386841,
        2.611161231994629,
        1.6748301982879639,
        1.5088448524475098,
        1.9227255582809448,
        1.3480037450790405,
        1.5629394054412842,
        1.4410648345947266,
        1.269238829612732,
        1.4806958436965942,
        1.4503177404403687,
        1.5457836389541626,
        1.7944353818893433,
        1.1859986782073975,
        1.1946357488632202,
        1.2229217290878296,
        1.0818909406661987,
        2.259377956390381,
        1.5505115985870361,
        0.8877496719360352,
        1.4105380773544312,
        1.6100744009017944,
        1.8000706434249878,
        1.5281866788864136,
        1.3591641187667847,
        2.2693474292755127,
        1.1658153533935547,
        1.2228416204452515,
        1.5278651714324951,
        2.6312215328216553,
        2.705467939376831,
        2.180654764175415,
        2.650373697280884,
        4.226572036743164,
        4.356653213500977,
        2.9317209720611572,
        1.2941148281097412,
        1.833722710609436,
        1.8563603162765503,
        2.1524410247802734,
        1.6828091144561768,
        2.556313991546631,
        1.0439741611480713,
        1.7382595539093018,
        2.9395623207092285,
        3.233755350112915,
        1.419283390045166,
        2.7678823471069336,
        2.887152910232544,
        1.7632861137390137,
        1.4008456468582153,
        1.8916621208190918,
        2.194485664367676,
        1.8172403573989868,
        1.8178571462631226,
        1.4641746282577515,
        1.5288305282592773,
        2.565821647644043,
        2.401660919189453,
        1.7497525215148926,
        1.3281000852584839,
        1.5668662786483765,
        2.8679122924804688,
        3.2209322452545166,
        2.269545555114746,
        2.0480082035064697,
        1.8162586688995361,
        2.380105495452881,
        1.7274181842803955,
        1.4752535820007324,
        2.324751138687134,
        1.0858255624771118,
        2.4022910594940186,
        2.9914631843566895,
        2.2604422569274902,
        2.062089443206787,
        1.8264150619506836,
        1.4246876239776611,
        1.6307432651519775,
        1.6531199216842651,
        1.1283968687057495,
        2.192519426345825,
        2.7818777561187744,
        1.8653072118759155,
        3.4122865200042725,
        1.6363515853881836,
        3.494239091873169,
        4.496181964874268,
        3.0903689861297607,
        1.8656213283538818,
        2.9695608615875244,
        2.461494207382202,
        1.6903338432312012,
        1.714333176612854,
        2.0177886486053467,
        2.5304887294769287,
        1.5467060804367065,
        1.8303859233856201,
        2.2616000175476074,
        2.8673453330993652,
