{
    "testproblem": "fmnist_2c2d",
    "batch_size": 128,
    "num_epochs": 1,
    "random_seed": 42,
    "weight_decay": null,
    "optimizer_name": "PreconditionedSGDlog",
    "optimizer_hyperparams": {
        "lr": null
    },
    "training_params": {},
    "train_losses": [
        2.3438027577522473,
        0.624372769624759
    ],
    "valid_losses": [
        2.346919750555968,
        0.623169889052709
    ],
    "test_losses": [
        2.3467648946321926,
        0.6383420060842465
    ],
    "minibatch_train_losses": [
        2.347477674484253,
        2.332996368408203,
        1.9249595403671265,
        1.379110336303711,
        1.2439467906951904,
        1.2904518842697144,
        1.2084972858428955,
        0.9497569799423218,
        0.8372182250022888,
        0.7812693119049072,
        0.7100505828857422,
        0.6742748022079468,
        0.7402815222740173,
        0.721620500087738,
        0.6427099704742432,
        0.6936141848564148,
        0.5850059986114502,
        0.6791739463806152,
        0.7644985318183899,
        0.6299577951431274,
        0.6344537734985352,
        0.5551343560218811,
        0.5973790287971497,
        0.7244905233383179,
        0.6326702833175659,
        0.6920523047447205,
        0.7090432643890381,
        0.7171409130096436,
        0.668215274810791,
        0.5475541949272156,
        0.7662898302078247,
        0.7460436820983887,
        0.5860098600387573,
        0.6375357508659363,
        0.692249596118927,
        0.8203897476196289,
        0.6167325973510742,
        0.6790991425514221,
        0.640923023223877
    ],
    "train_accuracies": [
        0.09575320512820513,
        0.7793469551282052
    ],
    "valid_accuracies": [
        0.09364983974358974,
        0.7774439102564102
    ],
    "test_accuracies": [
        0.09805689102564102,
        0.7705328525641025
    ],
    "grad_norms": [
        40.11626434326172,
        27.55766487121582,
        44.66970443725586,
        24.935773849487305,
        22.75214958190918,
        31.631641387939453,
        34.082908630371094,
        41.9935188293457,
        27.313617706298828,
        43.372344970703125,
        2.8785479068756104,
        32.47157287597656,
        457.70245361328125,
        477.9881591796875,
        1.8041458129882812,
        1.874199390411377,
        1.784143328666687,
        1.694198489189148,
        1.9584885835647583,
        1.778203010559082,
        2.231775999069214,
        2.905285596847534,
        2.381359338760376,
        3.065019130706787,
        2.80688738822937,
        3.254824638366699,
        4.09321403503418,
        2.9510443210601807,
        3.5870425701141357,
        3.031618595123291,
        4.457184791564941,
        6.188076496124268,
        4.319319248199463,
        2.078270673751831,
        1.9167966842651367,
        3.103886842727661,
        4.71236515045166,
        4.018555164337158,
        2.8034157752990723,
        4.074073314666748,
        4.928995609283447,
        4.714541912078857,
        3.5228333473205566,
        3.308509349822998,
        4.418508052825928,
        0.0,
        265.9820251464844,
        162.68626403808594,
        281.7437438964844,
        228.3883819580078,
        214.5851287841797,
        265.2349548339844,
        259.658203125,
        177.42617797851562,
        231.46578979492188,
        4.37195348739624,
        13.951518058776855,
        672.088134765625,
        13362.431640625,
        2.6441891193389893,
        3.3412299156188965,
        2.326929807662964,
        1.881970763206482,
        2.398838520050049,
        1.6431958675384521,
        2.482422113418579,
        1.8752684593200684,
        1.8036682605743408,
        1.5742472410202026,
        2.7445342540740967,
        3.2448606491088867,
        1.0116468667984009,
        2.221975564956665,
        1.9403173923492432,
        1.572322130203247,
        2.2825024127960205,
        4.3430585861206055,
        4.344583988189697,
        3.3855397701263428,
        3.8068296909332275,
        3.270786762237549,
        1.6409815549850464,
        2.2027130126953125,
        2.4261085987091064,
        2.1789562702178955,
        1.3132647275924683,
        2.164330244064331,
        1.7553547620773315,
        1.2857848405838013,
        1.522249460220337,
        0.0,
        92.8893814086914,
        139.7534942626953,
        189.8878631591797,
        155.04676818847656,
        260.24224853515625,
        152.16940307617188,
        233.56076049804688,
        181.14341735839844,
        74.10643768310547,
        3.8065731525421143,
        3.186370372772217,
        2657.432861328125,
        17144.236328125,
        1.6363472938537598,
        1.7673072814941406,
        1.6981499195098877,
        1.096052885055542,
        1.3338549137115479,
        1.552037000656128,
        1.9863896369934082,
        1.982028841972351,
        1.1690129041671753,
        1.024684190750122,
        2.0129051208496094,
        1.8547126054763794,
        1.6714028120040894,
        2.295572280883789,
        2.2043344974517822,
        1.8777035474777222,
        2.5307772159576416,
        2.9190406799316406,
        3.2984156608581543,
        1.7231864929199219,
        1.8860224485397339,
        2.5916008949279785,
        2.201395034790039,
        2.331002712249756,
        2.214291572570801,
        1.954599142074585,
        1.5684611797332764,
        1.7091050148010254,
        1.4746330976486206,
        1.8962346315383911,
        1.462632417678833,
        0.0,
        271.1637268066406,
        223.54689025878906,
        126.52314758300781,
        127.35657501220703,
        111.39225769042969,
        250.0743865966797,
        196.00357055664062,
        191.23216247558594,
        187.42190551757812,
        1.887900471687317,
        175.614013671875,
        17529.509765625,
        37852.90625,
        2.047741651535034,
        2.474627733230591,
        2.2738537788391113,
        2.145477771759033,
        2.0830979347229004,
        3.1742231845855713,
        1.8657352924346924,
        2.0615994930267334,
        1.4632235765457153,
        1.7973830699920654,
        1.3936818838119507,
        1.389334797859192,
        2.0422070026397705,
        3.16680645942688,
        1.2832510471343994,
        2.137204647064209,
        2.0920369625091553,
        2.7192420959472656,
        1.5847069025039673,
        2.8562066555023193,
        1.5539379119873047,
        1.8323876857757568,
        1.344460368156433,
        3.1073083877563477,
        3.150089979171753,
        2.1884002685546875,
        2.1491129398345947,
        2.3075945377349854,
        2.024653673171997,
        2.4992716312408447,
        2.826303243637085,
        0.0,
        595.3152465820312,
        370.4871520996094,
        392.6976318359375,
        677.6137084960938,
        159.16041564941406,
        234.9475860595703,
        456.1754150390625,
        556.1668090820312,
        107.47406768798828,
        2.8929128646850586,
        3.457491636276245,
        2913.925537109375,
        10726.177734375,
        2.010742664337158,
        1.9685460329055786,
        1.5757910013198853,
        1.4807924032211304,
        1.8864978551864624,
        1.506052017211914,
        1.714272379875183,
        1.5013703107833862,
        2.120849132537842,
        2.439288854598999,
        1.5104767084121704,
        2.9336390495300293,
        2.0922043323516846,
        2.666524648666382,
        1.4068236351013184,
        1.4384970664978027,
        1.6281421184539795,
        1.748378872871399,
        2.2656636238098145,
        1.5274617671966553,
        1.7514264583587646,
        1.8403804302215576,
        2.1137781143188477,
        1.571615219116211,
        1.5750577449798584,
        1.7741284370422363,
        2.054319143295288,
        1.277541995048523,
        1.8626327514648438,
        1.498648762702942,
