{
    "testproblem": "fmnist_2c2d",
    "batch_size": 128,
    "num_epochs": 1,
    "random_seed": 42,
    "weight_decay": null,
    "optimizer_name": "PreconditionedSGDlog",
    "optimizer_hyperparams": {
        "lr": null
    },
    "training_params": {},
    "train_losses": [
        2.3438027577522473,
        0.7104997955835782
    ],
    "valid_losses": [
        2.346919750555968,
        0.7088885062780136
    ],
    "test_losses": [
        2.3467648946321926,
        0.7199375262627234
    ],
    "minibatch_train_losses": [
        2.347477674484253,
        2.332996368408203,
        1.9249595403671265,
        1.379110336303711,
        1.2943525314331055,
        1.1545313596725464,
        1.069538950920105,
        1.0818514823913574,
        0.9204632043838501,
        0.8908162713050842,
        0.804591715335846,
        0.8187997341156006,
        0.8350589871406555,
        0.8240124583244324,
        0.7962407469749451,
        0.8179754018783569,
        0.716265857219696,
        0.7787831425666809,
        0.8488152027130127,
        0.7676659822463989,
        0.745635986328125,
        0.6704182028770447,
        0.7203208208084106,
        0.8403528332710266,
        0.716621458530426,
        0.8235844969749451,
        0.7841342091560364,
        0.7903320789337158,
        0.770197331905365,
        0.6487815380096436,
        0.8541648983955383,
        0.8240951895713806,
        0.7048652768135071,
        0.7305333614349365,
        0.7756847143173218,
        0.9491637349128723,
        0.7131887674331665,
        0.7552967071533203,
        0.7232838869094849
    ],
    "train_accuracies": [
        0.09575320512820513,
        0.7477964743589743
    ],
    "valid_accuracies": [
        0.09364983974358974,
        0.7503004807692307
    ],
    "test_accuracies": [
        0.09805689102564102,
        0.7433894230769231
    ],
    "grad_norms": [
        40.11626434326172,
        27.55766487121582,
        44.66970443725586,
        24.935773849487305,
        22.75214958190918,
        31.631641387939453,
        34.082908630371094,
        41.9935188293457,
        27.313617706298828,
        43.372344970703125,
        2.8785479068756104,
        32.47157287597656,
        457.70245361328125,
        477.9881591796875,
        1.8041458129882812,
        1.874199390411377,
        1.784143328666687,
        1.694198489189148,
        1.9584885835647583,
        1.778203010559082,
        2.231775999069214,
        2.905285596847534,
        2.381359338760376,
        3.065019130706787,
        2.80688738822937,
        3.254824638366699,
        4.09321403503418,
        2.9510443210601807,
        3.5870425701141357,
        3.031618595123291,
        0.0,
        162.0553741455078,
        229.9104766845703,
        220.45477294921875,
        148.44029235839844,
        206.1339111328125,
        242.89157104492188,
        211.13516235351562,
        201.86358642578125,
        196.17420959472656,
        3.1762239933013916,
        49.580379486083984,
        174.56805419921875,
        453.0202941894531,
        2.39689302444458,
        2.447622060775757,
        2.1106107234954834,
        2.799099922180176,
        2.348310947418213,
        2.6890454292297363,
        2.3517892360687256,
        2.128664255142212,
        2.8488502502441406,
        1.8592528104782104,
        2.790066719055176,
        2.293083906173706,
        2.9424173831939697,
        3.8040378093719482,
        2.9518768787384033,
        3.206928253173828,
        0.0,
        445.84368896484375,
        401.71881103515625,
        309.3729248046875,
        413.5517578125,
        707.7894287109375,
        402.1689453125,
        385.7984924316406,
        623.0722045898438,
        297.9202880859375,
        4.456265926361084,
        288.2124938964844,
        314232.75,
        477581.0,
        1.9799727201461792,
        3.12449312210083,
        3.146181344985962,
        2.8438022136688232,
        2.7969307899475098,
        3.1425204277038574,
        2.563997268676758,
        2.3081202507019043,
        2.6582448482513428,
        2.18821120262146,
        1.7423559427261353,
        2.2411844730377197,
        2.6850979328155518,
        1.7079598903656006,
        1.569510817527771,
        1.974604845046997,
        0.0,
        127.47591400146484,
        227.06451416015625,
        330.4259033203125,
        264.2541809082031,
        489.42413330078125,
        352.62420654296875,
        430.240478515625,
        393.73284912109375,
        172.9500274658203,
        3.9457449913024902,
        4612.5576171875,
        9416.287109375,
        17646.759765625,
        1.892966389656067,
        2.1025283336639404,
        2.0057296752929688,
        1.4011621475219727,
        1.423949122428894,
        2.294609785079956,
        1.7898286581039429,
        1.6092115640640259,
        1.8881630897521973,
        1.2016466856002808,
        2.4267616271972656,
        2.4640393257141113,
        2.102937698364258,
        1.7732317447662354,
        2.447955846786499,
        1.7930378913879395,
        0.0,
        672.1217651367188,
        534.7015380859375,
        326.30035400390625,
        276.96240234375,
        286.7748107910156,
        234.5809326171875,
        283.2548828125,
        277.62860107421875,
        123.80918884277344,
        4.692628860473633,
        11.050003051757812,
        100014.7890625,
        53767.7421875,
        1.403239130973816,
        1.8332418203353882,
        1.9708857536315918,
        1.3915859460830688,
        2.751706123352051,
        2.3905282020568848,
        1.320729374885559,
        1.3900893926620483,
        2.0931148529052734,
        2.3250513076782227,
        3.620281457901001,
        1.9569255113601685,
        3.645658493041992,
        3.3027656078338623,
        3.6125619411468506,
        2.53421688079834,
        0.0,
        935.5759887695312,
        778.9983520507812,
        439.680419921875,
        727.1905517578125,
        779.8652954101562,
        754.2634887695312,
        335.5223083496094,
        1146.42138671875,
        816.5330200195312,
        4.4420084953308105,
        4.209695339202881,
        27577.8125,
        14751.1044921875,
        2.6674845218658447,
        1.9441356658935547,
        2.9019360542297363,
        1.7575868368148804,
        2.2862610816955566,
        2.329855442047119,
        1.6868849992752075,
        1.3007936477661133,
        2.016739845275879,
        2.191486120223999,
        2.055426597595215,
        2.545942783355713,
        1.9987106323242188,
        1.5793795585632324,
        3.489943027496338,
        1.698691725730896,
        0.0,
        982.4266357421875,
        566.4765625,
        600.5677490234375,
        1133.7603759765625,
        414.3151550292969,
        680.67822265625,
        728.2069091796875,
        927.5046997070312,
        379.05999755859375,
        4.64333438873291,
        3.366680860519409,
        37321.47265625,
        7826.2998046875,
        2.5777363777160645,
        2.7357122898101807,
        2.7643277645111084,
        1.7595618963241577,
        2.139310836791992,
        2.0550081729888916,
        2.386664628982544,
        1.9014791250228882,
        2.3133182525634766,
        2.2839341163635254,
        1.7905954122543335,
        3.64127516746521,
        2.552213430404663,
        3.574291706085205,
        1.1891627311706543,
        1.9002050161361694,
        0.0,
        373.2764892578125,
        427.0653991699219,
        307.6778259277344,
        523.34814453125,
        341.5574645996094,
        206.7942657470703,
        451.6971740722656,
        263.1803283691406,
        699.3311767578125,
        2.955601930618286,
        30.468887329101562,
        3905863.75,
        10417958.0,
        2.7327446937561035,
        2.061746597290039,
        2.8895013332366943,
        2.208233118057251,
