{
    "testproblem": "fmnist_2c2d",
    "batch_size": 128,
    "num_epochs": 1,
    "random_seed": 42,
    "weight_decay": null,
    "optimizer_name": "PreconditionedSGDlog",
    "optimizer_hyperparams": {
        "lr": null
    },
    "training_params": {},
    "train_losses": [
        2.3438027577522473,
        0.60638727973669
    ],
    "valid_losses": [
        2.346919750555968,
        0.590466592938472
    ],
    "test_losses": [
        2.3467648946321926,
        0.6124165184222735
    ],
    "minibatch_train_losses": [
        2.347477674484253,
        2.332996368408203,
        2.0033507347106934,
        1.383548378944397,
        1.52517569065094,
        1.2086986303329468,
        1.0710184574127197,
        1.045102834701538,
        0.8445115685462952,
        0.8715018033981323,
        0.7347416877746582,
        0.6899401545524597,
        0.8004974722862244,
        0.7348767518997192,
        0.6722094416618347,
        0.7450950145721436,
        0.6094433069229126,
        0.7180116772651672,
        0.7906031012535095,
        0.6298637390136719,
        0.607806384563446,
        0.5218547582626343,
        0.597769021987915,
        0.7713723182678223,
        0.5964905023574829,
        0.6435232758522034,
        0.7148946523666382,
        0.6740872263908386,
        0.6452818512916565,
        0.497915655374527,
        0.8043236136436462,
        0.7185925841331482,
        0.5351186394691467,
        0.5570835471153259,
        0.7088326811790466,
        0.825275182723999,
        0.5328275561332703,
        0.6268748044967651,
        0.5491549968719482
    ],
    "train_accuracies": [
        0.09575320512820513,
        0.7829527243589743
    ],
    "valid_accuracies": [
        0.09364983974358974,
        0.7877604166666666
    ],
    "test_accuracies": [
        0.09805689102564102,
        0.7791466346153846
    ],
    "grad_norms": [
        40.11626434326172,
        27.55766487121582,
        44.66970443725586,
        24.935773849487305,
        22.75214958190918,
        31.631641387939453,
        34.082908630371094,
        41.9935188293457,
        27.313617706298828,
        43.372344970703125,
        2.8785479068756104,
        32.47157287597656,
        457.70245361328125,
        477.9881591796875,
        2.0528297424316406,
        1.9723987579345703,
        1.8856265544891357,
        1.5939714908599854,
        1.9384247064590454,
        1.7172776460647583,
        2.1837384700775146,
        2.6969821453094482,
        2.2447664737701416,
        2.9096524715423584,
        2.519387722015381,
        3.008653163909912,
        3.71355938911438,
        2.7988524436950684,
        3.308459758758545,
        2.8014140129089355,
        3.9088263511657715,
        6.022832870483398,
        0.0,
        177.6637725830078,
        119.54188537597656,
        156.33328247070312,
        182.4405975341797,
        182.63247680664062,
        134.3893585205078,
        180.463134765625,
        114.79132080078125,
        132.27976989746094,
        2.9714200496673584,
        14.576848030090332,
        184.6907196044922,
        455.03326416015625,
        4.26803731918335,
        4.2206549644470215,
        3.0582950115203857,
        2.2453207969665527,
        2.364766836166382,
        1.7941563129425049,
        2.39101505279541,
        1.8623950481414795,
        2.1788330078125,
        1.6211339235305786,
        2.5649616718292236,
        2.8255774974823,
        1.7311898469924927,
        2.008173942565918,
        2.918185234069824,
        1.7678476572036743,
        1.6314616203308105,
        1.9446744918823242,
        1.4101158380508423,
        2.0552353858947754,
        1.6702845096588135,
        1.7859466075897217,
        2.11348557472229,
        3.085935354232788,
        4.102583885192871,
        1.6340349912643433,
        3.1295363903045654,
        1.985615849494934,
        1.460536241531372,
        3.099553108215332,
        3.5022428035736084,
        3.3822994232177734,
        2.616260528564453,
        2.4138026237487793,
        2.146555185317993,
        2.751166343688965,
        2.2854559421539307,
        4.007877349853516,
        5.2087483406066895,
        2.135345697402954,
        2.2516977787017822,
        2.0558111667633057,
        1.6532726287841797,
        2.02366304397583,
        3.4708268642425537,
        5.827432155609131,
        4.274803161621094,
        1.9260095357894897,
        1.6360554695129395,
        2.27455472946167,
        1.1714762449264526,
        3.3042755126953125,
        3.1158065795898438,
        2.33003306388855,
        2.507399082183838,
        2.441206932067871,
        3.183396577835083,
        2.3240883350372314,
        1.6226636171340942,
        2.686837911605835,
        2.0436694622039795,
        1.5811220407485962,
        2.5732250213623047,
        2.2707505226135254,
        1.9862889051437378,
        2.841301918029785,
        3.369385242462158,
        3.023196220397949,
        3.279771566390991,
        3.6966638565063477,
        3.7459726333618164,
        2.537090301513672,
        2.048006534576416,
        2.6201226711273193,
        3.96661639213562,
        4.119467258453369,
        4.3353590965271,
        4.146249771118164,
        2.536641836166382,
        2.220907688140869,
        2.927114725112915,
        3.9327971935272217,
        5.093055248260498,
        4.548569679260254,
        1.9975110292434692,
        1.5941240787506104,
        1.189254641532898,
        2.5105948448181152,
        2.8463542461395264,
        2.1822264194488525,
        2.1490817070007324,
        3.2988500595092773,
        4.593637466430664,
        3.3662264347076416,
        2.7478089332580566,
        3.7620060443878174,
        4.100947856903076,
        3.9959537982940674,
        6.031878471374512,
        5.679577827453613,
        5.236774444580078,
        2.243361473083496,
        2.205744743347168,
        2.631143093109131,
        3.832355499267578,
        3.8982818126678467,
        3.877506971359253,
        3.0968093872070312,
        4.2644805908203125,
        4.401501178741455,
        2.971386432647705,
        1.5734179019927979,
        1.6014900207519531,
        1.5092170238494873,
        3.2497315406799316,
        3.313418388366699,
        3.8593533039093018,
        2.4441628456115723,
        2.058622121810913,
        1.7326074838638306,
        3.074711561203003,
        1.9097256660461426,
        3.6598167419433594,
        5.1997857093811035,
        4.034233570098877,
        4.400607585906982,
        5.043423652648926,
        4.525485038757324,
        3.415315866470337,
        2.438002824783325,
        2.5546281337738037,
        1.7278741598129272,
        2.7663230895996094,
        4.002784729003906,
        2.70302152633667,
        2.199781656265259,
        2.7967472076416016,
        3.962867021560669,
        4.6517462730407715,
        3.380714178085327,
        1.8122296333312988,
        2.765486478805542,
        3.0099780559539795,
        3.7674217224121094,
        2.8260817527770996,
        3.2417116165161133,
        1.3013637065887451,
        2.8961873054504395,
        3.77044939994812,
        2.7694573402404785,
        3.0427675247192383,
        1.8968102931976318,
        1.808942437171936,
        1.5829155445098877,
        2.104106903076172,
        1.779624342918396,
        2.2796952724456787,
        2.8796346187591553,
        2.6949188709259033,
        3.8087069988250732,
        2.619633913040161,
        4.095961093902588,
        5.0512003898620605,
        4.044205188751221,
        2.1449100971221924,
        2.201429605484009,
        1.8994436264038086,
        1.4047099351882935,
        1.7088844776153564,
        1.8214219808578491,
        3.0290141105651855,
        1.8894619941711426,
        1.52847158908844,
        2.765141487121582,
        3.2376132011413574,
        1.5957164764404297,
