{
    "testproblem": "fmnist_2c2d",
    "batch_size": 128,
    "num_epochs": 1,
    "random_seed": 42,
    "weight_decay": null,
    "optimizer_name": "PreconditionedSGDlog",
    "optimizer_hyperparams": {
        "lr": null
    },
    "training_params": {},
    "train_losses": [
        2.3438027577522473,
        0.5923673373002273
    ],
    "valid_losses": [
        2.346919750555968,
        0.5871080664487985
    ],
    "test_losses": [
        2.3467648946321926,
        0.6045734515556922
    ],
    "minibatch_train_losses": [
        2.347477674484253,
        2.332996368408203,
        2.0033507347106934,
        1.383548378944397,
        1.3589736223220825,
        0.9490979909896851,
        1.0879608392715454,
        0.787634551525116,
        0.8262888193130493,
        0.7835446000099182,
        0.6606356501579285,
        0.6056311130523682,
        0.7167425155639648,
        0.6985392570495605,
        0.6097918152809143,
        0.6558369398117065,
        0.5557650327682495,
        0.6477190256118774,
        0.760503888130188,
        0.5856419205665588,
        0.5964251160621643,
        0.515886127948761,
        0.5661724209785461,
        0.6799565553665161,
        0.5819210410118103,
        0.6628351211547852,
        0.6984944343566895,
        0.7075989246368408,
        0.64423006772995,
        0.500821590423584,
        0.7013915181159973,
        0.7168972492218018,
        0.5530399084091187,
        0.6419562101364136,
        0.6718868017196655,
        0.7451623678207397,
        0.5699297785758972,
        0.6733385920524597,
        0.5989978909492493
    ],
    "train_accuracies": [
        0.09575320512820513,
        0.7884615384615384
    ],
    "valid_accuracies": [
        0.09364983974358974,
        0.7902644230769231
    ],
    "test_accuracies": [
        0.09805689102564102,
        0.7829527243589743
    ],
    "grad_norms": [
        40.11626434326172,
        27.55766487121582,
        44.66970443725586,
        24.935773849487305,
        22.75214958190918,
        31.631641387939453,
        34.082908630371094,
        41.9935188293457,
        27.313617706298828,
        43.372344970703125,
        2.8785479068756104,
        32.47157287597656,
        457.70245361328125,
        477.9881591796875,
        2.0528297424316406,
        1.9723987579345703,
        1.8856265544891357,
        1.5939714908599854,
        1.9384247064590454,
        1.7172776460647583,
        2.1837384700775146,
        2.6969821453094482,
        2.2447664737701416,
        2.9096524715423584,
        2.519387722015381,
        3.008653163909912,
        3.71355938911438,
        2.7988524436950684,
        3.308459758758545,
        2.8014140129089355,
        3.9088263511657715,
        6.022832870483398,
        4.811402320861816,
        2.3955211639404297,
        1.9890999794006348,
        2.488806962966919,
        3.723069190979004,
        3.970421075820923,
        3.7264864444732666,
        4.91495943069458,
        5.182784557342529,
        4.331757545471191,
        3.609311819076538,
        3.185615062713623,
        4.024586200714111,
        4.523228168487549,
        4.105841636657715,
        2.484206199645996,
        2.9737389087677,
        3.459815263748169,
        2.6218323707580566,
        3.379066228866577,
        3.9816861152648926,
        3.3305230140686035,
        3.6590847969055176,
        3.464416027069092,
        4.493475437164307,
        5.471395015716553,
        3.397688627243042,
        4.248669624328613,
        3.9916129112243652,
        2.188957929611206,
        1.5127906799316406,
        2.3462536334991455,
        2.3797051906585693,
        2.4548208713531494,
        1.6548513174057007,
        1.5499560832977295,
        2.134341239929199,
        0.0,
        136.40444946289062,
        65.99160766601562,
        181.79681396484375,
        216.45706176757812,
        241.29286193847656,
        156.83641052246094,
        341.7904052734375,
        119.999755859375,
        269.3485412597656,
        2.7175745964050293,
        9.655998229980469,
        9752.5986328125,
        10329.7978515625,
        4.5087666511535645,
        2.705777406692505,
        1.145208716392517,
        1.5622650384902954,
        1.616353988647461,
        1.2886948585510254,
        1.2935525178909302,
        2.339277744293213,
        1.6959937810897827,
        1.52680242061615,
        1.6077024936676025,
        1.3409472703933716,
        1.7511639595031738,
        1.4554526805877686,
        1.6821889877319336,
        1.6152175664901733,
        1.4669080972671509,
        1.8768391609191895,
        1.4996871948242188,
        1.9694427251815796,
        1.6211520433425903,
        2.2938730716705322,
        1.492725133895874,
        1.6756494045257568,
        1.0778238773345947,
        1.1640480756759644,
        2.126995325088501,
        1.8264254331588745,
        1.8945448398590088,
        2.055992364883423,
        1.2289565801620483,
        1.7647523880004883,
        1.767951250076294,
        1.3425856828689575,
        2.1725621223449707,
        2.0701558589935303,
        2.0719833374023438,
        0.0,
        328.342529296875,
        197.13894653320312,
        278.81378173828125,
        289.0428771972656,
        186.18832397460938,
        68.08018493652344,
        256.0579528808594,
        99.65655517578125,
        174.67861938476562,
        3.4565677642822266,
        2.903125286102295,
        7281.4306640625,
        2791.650146484375,
        1.862134575843811,
        1.6290911436080933,
        1.5138792991638184,
        1.2017422914505005,
        1.9749778509140015,
        1.56052565574646,
        1.2391979694366455,
        1.6011523008346558,
        1.4496175050735474,
        1.9127182960510254,
        1.5041208267211914,
        1.4789053201675415,
        2.3964946269989014,
        1.361133098602295,
        1.1448942422866821,
        1.8464317321777344,
        2.177288055419922,
        2.2000701427459717,
        1.9035992622375488,
        2.1728858947753906,
        3.0323545932769775,
        2.7475879192352295,
        1.873559832572937,
        1.0257059335708618,
        1.9262655973434448,
        1.5918495655059814,
        2.3682072162628174,
        1.683107852935791,
        2.841707944869995,
        0.9718743562698364,
        1.8079622983932495,
        2.518299102783203,
        2.3906474113464355,
        1.1734546422958374,
        3.8808536529541016,
        1.9966474771499634,
        1.5589419603347778,
        1.1625276803970337,
        1.965455174446106,
        0.0,
        182.01068115234375,
        181.238525390625,
        151.7246856689453,
        97.53775024414062,
        134.66160583496094,
        179.90594482421875,
        194.64414978027344,
        119.68547058105469,
        135.22804260253906,
        3.929412364959717,
        4.387650012969971,
        18276.00390625,
        12896.1181640625,
        2.6288278102874756,
        1.917441725730896,
        2.427189350128174,
        1.6244337558746338,
        2.8393142223358154,
        1.2212059497833252,
        2.346940279006958,
        2.0327463150024414,
        2.2174603939056396,
        1.4696362018585205,
        1.3079798221588135,
        1.6452709436416626,
        1.4601396322250366,
        1.6698987483978271,
        1.299159288406372,
        2.0354626178741455,
        2.310147523880005,
        1.4380943775177002,
        2.5544326305389404,
        2.0719494819641113,
        2.6749870777130127,
        1.136723518371582,
        1.3424590826034546,
        2.1665098667144775,
        2.139451026916504,
        2.090055227279663,
        1.3957116603851318,
        1.8265035152435303,
        1.973615288734436,
        2.1807992458343506,
        1.631929636001587,
        1.5806071758270264,
        1.7310420274734497,
        1.9209916591644287,
        1.2869492769241333,
