{
    "testproblem": "fmnist_2c2d",
    "batch_size": 128,
    "num_epochs": 1,
    "random_seed": 42,
    "weight_decay": null,
    "optimizer_name": "PreconditionedSGDlog",
    "optimizer_hyperparams": {
        "lr": null
    },
    "training_params": {},
    "train_losses": [
        2.3438027577522473,
        0.5708000365740213
    ],
    "valid_losses": [
        2.346919750555968,
        0.5659199933975171
    ],
    "test_losses": [
        2.3467648946321926,
        0.5831319265640699
    ],
    "minibatch_train_losses": [
        2.347477674484253,
        2.332996368408203,
        2.0033507347106934,
        1.383548378944397,
        1.3589736223220825,
        0.9490979909896851,
        1.0879608392715454,
        1.2437000274658203,
        1.0462114810943604,
        0.7542377710342407,
        0.640078067779541,
        0.5962380766868591,
        0.7008833289146423,
        0.7312184572219849,
        0.5997921824455261,
        0.6618154644966125,
        0.537256121635437,
        0.6364783048629761,
        0.7769574522972107,
        0.6216650009155273,
        0.5839342474937439,
        0.49614381790161133,
        0.5563628077507019,
        0.642852783203125,
        0.5763788223266602,
        0.6925646066665649,
        0.6576517224311829,
        0.6792424321174622,
        0.6243252754211426,
        0.47222065925598145,
        0.7275804877281189,
        0.6949034929275513,
        0.5298985838890076,
        0.5497247576713562,
        0.6422085762023926,
        0.6819487810134888,
        0.541276216506958,
        0.641115665435791,
        0.5747752785682678
    ],
    "train_accuracies": [
        0.09575320512820513,
        0.7972756410256411
    ],
    "valid_accuracies": [
        0.09364983974358974,
        0.7983774038461539
    ],
    "test_accuracies": [
        0.09805689102564102,
        0.7910657051282052
    ],
    "grad_norms": [
        40.11626434326172,
        27.55766487121582,
        44.66970443725586,
        24.935773849487305,
        22.75214958190918,
        31.631641387939453,
        34.082908630371094,
        41.9935188293457,
        27.313617706298828,
        43.372344970703125,
        2.8785479068756104,
        32.47157287597656,
        457.70245361328125,
        477.9881591796875,
        2.0528297424316406,
        1.9723987579345703,
        1.8856265544891357,
        1.5939714908599854,
        1.9384247064590454,
        1.7172776460647583,
        2.1837384700775146,
        2.6969821453094482,
        2.2447664737701416,
        2.9096524715423584,
        2.519387722015381,
        3.008653163909912,
        3.71355938911438,
        2.7988524436950684,
        3.308459758758545,
        2.8014140129089355,
        3.9088263511657715,
        6.022832870483398,
        4.811402320861816,
        2.3955211639404297,
        1.9890999794006348,
        2.488806962966919,
        3.723069190979004,
        3.970421075820923,
        3.7264864444732666,
        4.91495943069458,
        5.182784557342529,
        4.331757545471191,
        3.609311819076538,
        3.185615062713623,
        4.024586200714111,
        4.523228168487549,
        4.105841636657715,
        2.484206199645996,
        2.9737389087677,
        3.459815263748169,
        2.6218323707580566,
        3.379066228866577,
        3.9816861152648926,
        3.3305230140686035,
        3.6590847969055176,
        3.464416027069092,
        4.493475437164307,
        5.471395015716553,
        3.397688627243042,
        4.248669624328613,
        3.9916129112243652,
        2.188957929611206,
        1.5127906799316406,
        2.3462536334991455,
        2.3797051906585693,
        2.4548208713531494,
        1.6548513174057007,
        1.5499560832977295,
        2.134341239929199,
        4.275588035583496,
        0.0,
        147.6183624267578,
        144.7455291748047,
        157.12403869628906,
        124.03845977783203,
        190.5883331298828,
        169.26641845703125,
        95.39079284667969,
        201.01181030273438,
        179.12286376953125,
        3.761955499649048,
        4.505570888519287,
        175.2283935546875,
        724.9638061523438,
        5.352843761444092,
        3.8320770263671875,
        2.8247745037078857,
        1.5593591928482056,
        2.004368782043457,
        2.0809035301208496,
        1.9995863437652588,
        1.7450847625732422,
        0.824867308139801,
        1.33591890335083,
        1.2500147819519043,
        2.392188310623169,
        2.2904539108276367,
        2.804316282272339,
        3.6867151260375977,
        3.348196268081665,
        1.3131152391433716,
        1.6003341674804688,
        2.544790744781494,
        1.8025178909301758,
        2.278825283050537,
        2.0056076049804688,
        1.5014928579330444,
        1.0178945064544678,
        1.1181020736694336,
        1.8208200931549072,
        1.9833409786224365,
        2.26882004737854,
        2.1800153255462646,
        1.796748399734497,
        2.038633346557617,
        2.279798746109009,
        1.592758059501648,
        1.2911953926086426,
        1.8080953359603882,
        1.4600111246109009,
        3.2080862522125244,
        0.0,
        177.61489868164062,
        135.1454620361328,
        203.66262817382812,
        111.24906921386719,
        164.07054138183594,
        135.04763793945312,
        202.87994384765625,
        205.91184997558594,
        97.96727752685547,
        3.440770149230957,
        21.32830810546875,
        2431.0986328125,
        3629.5341796875,
        2.8295860290527344,
        2.767664909362793,
        1.3227224349975586,
        2.064378261566162,
        1.8565688133239746,
        1.0829393863677979,
        1.2897617816925049,
        1.5556025505065918,
        1.7851027250289917,
        1.9651366472244263,
        1.370217204093933,
        2.474916696548462,
        2.4799911975860596,
        2.48148512840271,
        1.396227240562439,
        2.4599416255950928,
        2.1881561279296875,
        2.025391101837158,
        2.5023674964904785,
        3.9273555278778076,
        2.286982774734497,
        1.2026480436325073,
        1.1266814470291138,
        1.9863665103912354,
        1.8884036540985107,
        1.7247798442840576,
        1.4835582971572876,
        2.54897403717041,
        0.9840084314346313,
        1.7797250747680664,
        2.081977605819702,
        1.9857474565505981,
        1.9320158958435059,
        2.783500909805298,
        1.4004886150360107,
        1.8311660289764404,
        1.1104776859283447,
        3.0266616344451904,
        0.0,
        184.35992431640625,
        175.87713623046875,
        141.6282196044922,
        76.50273132324219,
        165.57034301757812,
        222.6004180908203,
        176.34481811523438,
        116.48395538330078,
        147.99600219726562,
        5.082482814788818,
        2.757185697555542,
        622.0399780273438,
        9274.841796875,
        1.8512498140335083,
        1.5759460926055908,
        1.8738723993301392,
        1.660191297531128,
        2.0636990070343018,
        1.1889986991882324,
        2.0897905826568604,
        1.8417401313781738,
        2.2578506469726562,
        1.4007161855697632,
        1.2326444387435913,
        1.4233893156051636,
        1.4537416696548462,
        1.7209539413452148,
        1.1658507585525513,
        2.0117411613464355,
        2.4158942699432373,
        1.3584483861923218,
        2.334695816040039,
        2.043015241622925,
        1.8131613731384277,
        1.1430422067642212,
        1.3280906677246094,
        2.051565647125244,
        2.1453237533569336,
        2.00164532661438,
        1.4598164558410645,
        1.5439702272415161,
        1.8130223751068115,
        2.2633228302001953,
        1.4749228954315186,
        1.5439598560333252,
        1.4463756084442139,
        2.106257438659668,
        1.1597199440002441,
