{
    "testproblem": "quadratic_deep",
    "batch_size": 32,
    "num_epochs": 2,
    "random_seed": 42,
    "weight_decay": null,
    "optimizer_name": "PreconditionedSGDlog",
    "optimizer_hyperparams": {
        "lr": null
    },
    "training_params": {},
    "train_losses": [
        225.06795723207534,
        104.03794491675592,
        98.224366218813
    ],
    "valid_losses": [
        230.73556174001385,
        107.03912698068926,
        101.97259127709174
    ],
    "test_losses": [
        228.7590578140751,
        106.27080831220073,
        100.28427616242439
    ],
    "minibatch_train_losses": [
        228.04931640625,
        205.7845001220703,
        133.20948791503906,
        110.38980102539062,
        87.84573364257812,
        102.68478393554688,
        109.31822967529297,
        105.05783081054688
    ],
    "grad_norms": [
        5639.8603515625,
        5922.99267578125,
        5694.2177734375,
        5434.939453125,
        5817.6220703125,
        5696.3798828125,
        5544.4775390625,
        5871.49072265625,
        5636.685546875,
        5753.7802734375,
        207.00233459472656,
        206.7449493408203,
        203.97142028808594,
        218.25381469726562,
        24.53712272644043,
        21.674650192260742,
        19.6649227142334,
        22.83587646484375,
        19.150896072387695,
        22.972116470336914,
        21.27199363708496,
        18.07803726196289,
        22.054216384887695,
        21.302412033081055,
        33.08879470825195,
        20.178394317626953,
        19.362957000732422,
        16.173175811767578,
        22.230188369750977,
        18.576047897338867,
        0.0,
        941.5428466796875,
        1445.644287109375,
        878.6070556640625,
        1287.132080078125,
        1324.721923828125,
        1332.09814453125,
        896.6071166992188,
        1222.126220703125,
        1724.529541015625,
        34.88396072387695,
        38.432132720947266,
        53.00071716308594,
        39.87452697753906,
        9.25208568572998,
        13.337576866149902,
        16.403451919555664,
        17.82382583618164,
        15.67064380645752,
        14.895488739013672,
        11.53426456451416,
        22.848081588745117,
        11.548673629760742,
        11.3242769241333,
        11.814213752746582,
        23.98918342590332,
        16.316469192504883,
        19.906169891357422,
        22.503223419189453,
        20.863805770874023,
        0.0,
        962.8682861328125
    ]
}