{
    "testproblem": "quadratic_deep",
    "batch_size": 32,
    "num_epochs": 100,
    "random_seed": 43,
    "weight_decay": null,
    "optimizer_name": "SGD",
    "optimizer_hyperparams": {
        "lr": 3.162277660168379e-08
    },
    "training_params": {},
    "train_losses": [
        321.82662570091986,
        322.28260458669354,
        321.6035638624622,
        321.4353234075731,
        321.77928801505794,
        321.704841859879,
        321.70225967899444,
        321.79498291015625,
        321.1465503323463,
        321.9620302261845,
        322.19351294732866,
        321.3494607248614,
        321.6492132371472,
        321.42883596112654,
        321.8132068264869,
        321.18482528194306,
        321.5082200573337,
        321.93224211662044,
        321.6342212307838,
        321.79356531943046,
        320.8856053506174,
        321.5533969017767,
        321.3943658644153,
        321.20387514175906,
        321.92693501134073,
        321.86280871975805,
        321.32834945186494,
        321.72676627866684,
        321.55032545520413,
        321.46229405556954,
        321.2047325872606,
        321.1124907462828,
        321.562013687626,
        320.88872897240424,
        321.2903304561492,
        321.45301375850556,
        321.1045502693422,
        321.2141920520413,
        321.50401060042844,
        321.1409626622354,
        321.38738619896674,
        321.18065421811997,
        321.4678275815902,
        321.0236087922127,
        321.55350912770916,
        321.38795520413305,
        321.06288393082156,
        321.31177939138104,
        320.6625435121598,
        321.2823446950605,
        321.2799239620086,
        321.13022736580143,
        321.42335264144407,
        320.3992880544355,
        321.08996089812246,
        321.15869042181197,
        320.8075138215096,
        320.58620132938506,
        320.75453038369454,
        320.9633129489037,
        321.10536243069555,
        320.82088642735636,
        320.9696832472278,
        320.82871763167844,
        321.0393371582031,
        321.15718816941785,
        320.6217454479587,
        321.13829581968247,
        320.4404798938382,
        320.8949496361517,
        320.7390776603453,
        320.5493616903982,
        320.52393759450604,
        320.2876508159022,
        320.9282472672001,
        320.60728996030747,
        320.59478169102823,
        320.3154749716482,
        320.4116604712702,
        320.3548958070817,
        320.7384948730469,
        320.4034167874244,
        320.52119987241684,
        320.447023453251,
        320.4943375126008,
        320.19932703818046,
        320.2397943312122,
        320.03736532888104,
        320.28977326423893,
        320.38057093466483,
        319.7962006599672,
        320.5287377142137,
        320.6998822612147,
        320.4253904281124,
        320.5026008852067,
        320.5562596474924,
        320.2553543583039,
        319.74742569461944,
        320.3060361800655,
        320.00519192603326,
        319.9799292779738
    ],
    "valid_losses": [
        320.9173308341734,
        320.89945245558215,
        320.8815445438508,
        320.86362974105344,
        320.8457464402722,
        320.82784837292087,
        320.80995227444555,
        320.7920414094002,
        320.7741266066028,
        320.75624133694555,
        320.7383334252142,
        320.720457015499,
        320.7025638703377,
        320.68465694304433,
        320.6667962843372,
        320.6489110146799,
        320.6310070407006,
        320.61314638199343,
        320.5952709567162,
        320.57740537581907,
        320.55953881048384,
        320.54170768491684,
        320.5238470262097,
        320.50599227413056,
        320.4881158644153,
        320.47022468813003,
        320.4523364651588,
        320.43445119550154,
        320.4166023500504,
        320.3987456290953,
        320.38089776808215,
        320.36305089150704,
        320.3451656218498,
        320.32731283864666,
        320.30951518397177,
        320.29165747857866,
        320.27378992880546,
        320.2559666787424,
        320.23814933530747,
        320.2202660345262,
        320.202400453629,
        320.184572281376,
        320.1667293425529,
        320.148917905746,
        320.1310779202369,
        320.11324876354587,
        320.0953664472026,
        320.07752744613157,
        320.0596963205645,
        320.04185239730344,
        320.0240232406124,
        320.0061842395413,
        319.98831668976817,
        319.9705072218372,
        319.9526839717742,
        319.93487155052924,
        319.9170630670363,
        319.89925950573337,
        319.88145692886843,
        319.8636189122354,
        319.84579172442034,
        319.82796748991933,
        319.8101560531124,
        319.7923751338836,
        319.7745656659526,
        319.7567778556578,
        319.7389457456527,
        319.7211687641759,
        319.70337898500503,
        319.6855734548261,
        319.6677748157132,
        319.64998208322834,
        319.63220707062754,
        319.61441630701864,
        319.59664523216986,
        319.57886234406504,
        319.56107945596017,
        319.5432375015751,
        319.5254487068422,
        319.50765695879534,
        319.48987505512855,
        319.4721246534778,
        319.454337827621,
        319.4365746282762,
        319.4187818957913,
        319.4010265719506,
        319.3832702636719,
        319.36548146893904,
        319.3477290984123,
        319.32996688350556,
        319.31221746629285,
        319.2944867534022,
        319.2767048497354,
        319.25895346364666,
        319.24117648216986,
        319.22342411164317,
        319.20567272555445,
        319.18790854177166,
        319.1701148248488,
        319.1523949407762,
        319.13463272586944
    ],