{
    "testproblem": "quadratic_deep",
    "batch_size": 32,
    "num_epochs": 100,
    "random_seed": 44,
    "weight_decay": null,
    "optimizer_name": "Preconditioner",
    "optimizer_hyperparams": {
        "lr": 0.00031622776601683794
    },
    "training_params": {},
    "train_losses": [
        462.9751803490423,
        438.9352387459047,
        102.92075372511341,
        95.54244109122983,
        93.03652658770162,
        90.65907558318108,
        89.84286671300089,
        88.73906707763672,
        88.97497214040449,
        88.24643436554939,
        87.6162367789976,
        87.40394887616557,
        86.83055163967994,
        86.17451796993133,
        86.9408950805664,
        86.54830932617188,
        89.79720774004537,
        85.82629862139302,
        86.26048746416646,
        86.83090382237589,
        86.33763540944746,
        87.72647316225114,
        85.47919488722279,
        85.60030832598287,
        86.67907591788999,
        86.32440973097279,
        85.11109456708354,
        87.357422367219,
        85.49135564988659,
        85.78031084614415,
        85.12988453526651,
        86.31883584299395,
        86.06215520058909,
        86.27158478767642,
        86.17198353428995,
        84.76296972459362,
        86.45516081779233,
        85.17198131930444,
        86.08653628441596,
        86.17355272846837,
        86.56925275248867,
        85.15014919157952,
        85.48075546756867,
        87.6878425844254,
        85.76738935901272,
        86.27386769940776,
        84.87391047323904,
        85.36567958708733,
        86.66426430979082,
        85.14844168386152,
        85.76597595214844,
        85.20280136600617,
        85.47195385348412,
        87.33637065272177,
        85.99000007875505,
        85.65467071533203,
        86.31597605059224,
        85.7432597990959,
        85.92281636884135,
        84.95638472034085,
        85.30453368156186,
        86.43506843813005,
        86.55160030241936,
        86.35965827203566,
        85.57710512222782,
        86.20916698824975,
        87.06130489226311,
        85.3336646787582,
        85.66460074147871,
        86.97057613249748,
        86.79500948998236,
        85.40696987029045,
        90.28926307924333,
        86.05269327471333,
        85.20375331755608,
        85.58136626212827,
        84.70843751968876,
        85.89467497794858,
        84.90132953274635,
        85.56520449730658,
        85.97251990533644,
        85.10497160880796,
        85.79175739903604,
        88.39992227861958,
        86.54459971766317,
        86.77408845963016,
        84.90952079526839,
        85.06888826431766,
        85.56217513545867,
        84.55090208976499,
        85.07910894578502,
        85.89811435822517,
        86.71496705086001,
        85.57986548639113,
        85.41263924875567,
        85.08251608571699,
        87.59192559026903,
        87.07604906635899,
        85.75469699982673,
        86.46188649823588,
        86.59578458724484
    ],
    "valid_losses": [
        458.7495944115423,
        434.39481772145916,
        103.89638371621409,
        96.92482289960307,
        94.71266395814958,
        92.14053197060862,
        91.3652803974767,
        89.99032149776336,
        90.27257242510396,
        88.90865744313886,
        88.9486827235068,
        88.94338177096459,
        88.03328335669732,
        87.32927826912173,
        87.79551573722593,
        88.10827242943549,
        90.5359122983871,
        86.78580893239668,
        86.99468871085874,
        87.5764391499181,
        87.5761216686618,
        89.47772709015877,
        86.69498345159715,
        86.94149484942037,
        88.0875977546938,
        86.82588909518334,
        86.35175372708228,
        88.0677480389995,
        86.7321292508033,
        86.99950630434098,
        86.09746846845073,
        86.82838612218058,
        86.79105967860067,
        87.37057421284337,
        87.73927380961757,
        85.88861945367628,
        88.11878450455204,
        86.79763670890561,
        86.97863843364101,
        87.48705291748047,
        88.3626713906565,
        86.15005960772115,
        86.30304742628529,
        88.3011004540228,
        87.22967086299774,
        87.41518279044858,
        85.89909092072517,
        86.40564530895603,
        87.65126529816658,
        86.4254657376197,
        86.67458318894909,
        86.67295591292843,
        86.71292458811114,
        87.83358075541835,
        87.27942706692603,
        86.20338439941406,
        87.57035409250567,
        86.71531652635143,
        87.27811973325667,
        86.36611150926159,
        86.4651622156943,
        87.9539315008348,
        88.45173866518083,
        87.33849556215348,
        86.63839795512538,
        87.32132893223917,
        88.12939034738848,
        86.36391129032258,
        86.99905420118763,
        88.45998825565461,
        88.00228069674584,
        86.60820745652721,
        92.20432798324093,
        87.46257486651021,
        86.33025975381175,
        86.94514760663432,
        85.9572266609438,
        87.32714105421498,
        86.31741062287361,
        86.65781993250692,
        87.48797336701423,
        86.59423483571699,
        87.54261041456654,
        90.0087181829637,
        87.88582660305885,
        87.26169069351688,
        86.06372907084804,
        85.80462178876323,
        86.34535315728957,
        85.65728169102823,
        85.92820099861392,
        86.86501533754411,
        87.97874696793095,
        87.3774921048072,
        86.4644278249433,
        85.99142136112336,
        88.31603930073399,
        88.46893679711127,
        87.24164187523627,
        87.1617670366841,
        87.88011218655494
    ],