{
    "testproblem": "quadratic_deep",
    "batch_size": 32,
    "num_epochs": 100,
    "random_seed": 47,
    "weight_decay": null,
    "optimizer_name": "Preconditioner",
    "optimizer_hyperparams": {
        "lr": 0.00031622776601683794
    },
    "training_params": {},
    "train_losses": [
        188.11448570989793,
        182.93479820989793,
        104.8059315835276,
        98.12257926694808,
        95.4854979976531,
        93.80995842718309,
        93.05863657305318,
        90.67921078589654,
        90.64885687058971,
        93.75717999858242,
        90.44153201195502,
        94.00075850948211,
        89.60536513790008,
        89.21738975278792,
        92.24370451896421,
        88.63246179396107,
        88.52825607792023,
        89.35907696139428,
        87.3369600849767,
        87.68443199896043,
        91.44647142964024,
        87.44992114651588,
        88.18714338733304,
        87.68176663306451,
        88.99206272248298,
        88.71895057924333,
        87.27952674127394,
        88.70100353610131,
        87.45599439067226,
        88.80977532171434,
        91.43119787400768,
        87.35022563319052,
        88.68704543575164,
        86.53771381993448,
        87.55904708370086,
        87.82252896216607,
        88.78732422859439,
        89.63689397996471,
        88.31256251181325,
        87.84296269570628,
        89.53648179577243,
        88.13161788448211,
        90.77981665826613,
        88.00555099979523,
        87.43170042960874,
        87.21053412652785,
        87.46283623480028,
        87.42036684097782,
        88.33130547308153,
        89.69547985446069,
        88.79563411589592,
        87.34633291921308,
        88.44827122842112,
        87.40099162440146,
        88.27244764758694,
        88.27521588725429,
        87.60204192130796,
        86.8761493313697,
        87.93671171126827,
        88.27621238462386,
        90.31945308562248,
        87.72600580030873,
        87.0601299655053,
        88.41492191437752,
        88.5888940134356,
        87.10260034376576,
        87.32212460425592,
        90.33062621085874,
        88.97104152556389,
        88.52977703463647,
        89.84545086276147,
        87.63070137270036,
        86.6792481945407,
        87.28863328503024,
        88.84278918850806,
        90.3984867219002,
        87.33171795260522,
        87.79250606413811,
        87.03675793063256,
        87.09787061137538,
        87.67163430490801,
        88.7237802320911,
        87.01415351129347,
        87.12044746645036,
        87.31048510151524,
        89.4741688389932,
        88.74850193146736,
        86.83290075486705,
        89.49916470435357,
        87.26404325423702,
        87.7499018023091,
        87.90371925600114,
        87.45634042063067,
        89.6451908234627,
        87.55678115352508,
        87.71401805262411,
        88.44062657510081,
        88.0709228515625,
        87.71619169173702,
        87.7849871727728,
        87.59384130662487
    ],
    "valid_losses": [
        185.1658202140562,
        179.88956722136467,
        103.62571568642893,
        97.12306237989857,
        95.12443517869518,
        92.42103921213457,
        91.83777643019154,
        89.57182262789819,
        89.46684215914819,
        92.28285881780809,
        89.61685352940714,
        91.70257937523627,
        88.59788882347846,
        87.9461684688445,
        91.50458255890877,
        87.3584501204952,
        87.69237887474799,
        87.61473428049395,
        86.54963216473979,
        86.9448478452621,
        90.67639701597152,
        86.74828855452999,
        87.07343267625377,
        86.99315274146295,
        87.3113253193517,
        87.12812017625377,
        85.9290284187563,
        88.13485914661038,
        86.35854782596711,
        88.14085388183594,
        90.70950637325164,
        85.93647052395728,
        87.41662302324849,
        85.7453856929656,
        86.92288970947266,
        86.93841331235824,
        88.4021237281061,
        88.61058241321194,
        86.81668066209362,
        86.51814417685232,
        88.61919280021421,
        86.72435760498047,
        88.92466932727444,
        86.94656692012664,
        86.31856020035282,
        86.63280511671498,
        86.52297899799962,
        86.59862961307648,
        86.76969368227067,
        88.7554203156502,
        88.18259159211189,
        86.64096340056389,
        87.7550538586032,
        86.75843466481855,
        87.65633933774886,
        86.7235853133663,
        86.1043194186303,
        85.91587411203692,
        86.32302708779612,
        87.54861597861013,
        90.49507387222782,
        87.28530785345262,
        86.66448137837071,
        86.7421397547568,
        87.96639768538937,
        86.3040062689012,
        86.24650056900516,
        89.06355507143083,
        87.10912052277595,
        87.5140361170615,
        88.81370569044545,
        87.13379989131805,
        85.54101907053301,
        86.90137752409905,
        87.88274408155873,
        90.13313761065083,
        87.11341439524004,
        86.91884194650957,
        85.76307456724105,
        86.76067401516822,
        86.8614482264365,
        87.41280340379284,
        86.30211713237148,
        85.87825086039882,
        85.95809542748236,
        89.08785961520287,
        87.90514324557397,
        85.84905513640373,
        88.82683735509073,
        86.57537817185924,
        87.28414744715536,
        87.22756465788811,
        86.61951372700352,
        88.57138283021989,
        87.19149977161038,
        86.84682932207662,
        87.43152741462954,
        87.05738141459804,
        87.04068042385963,
        86.3134022374307,
        86.38302932247039
    ],