{
    "testproblem": "quadratic_deep",
    "batch_size": 32,
    "num_epochs": 100,
    "random_seed": 48,
    "weight_decay": null,
    "optimizer_name": "Preconditioner",
    "optimizer_hyperparams": {
        "lr": 0.00031622776601683794
    },
    "training_params": {},
    "train_losses": [
        472.07872452274444,
        448.0565825431578,
        105.81894142396989,
        99.45035897531817,
        97.18334370274698,
        93.58966335173577,
        92.18054814492503,
        91.62127759379726,
        91.34273504441784,
        90.22174539873677,
        89.04017639160156,
        90.00348564886278,
        88.23765268633443,
        88.26676891696069,
        88.19152413645098,
        90.6097894483997,
        88.22249701715285,
        89.68946198494204,
        89.59688198950982,
        87.48179995629096,
        88.21746900004726,
        87.17784266318044,
        87.52213410408267,
        88.83515068792528,
        87.61298518027029,
        88.72488427931263,
        88.5894285632718,
        90.39766520838583,
        88.11719783659905,
        88.56329936365927,
        88.49797476491621,
        88.61944407801474,
        88.58704376220703,
        88.08275874968498,
        89.21177451841292,
        90.17522996471774,
        87.59314334008002,
        88.82032898933657,
        88.72298997448337,
        89.2604237218057,
        88.39597099058089,
        87.5861092844317,
        88.4761470671623,
        87.90855850711945,
        89.87231051537299,
        87.74196304813508,
        89.07160851263231,
        87.85202124810988,
        87.2642573695029,
        89.27955578219506,
        89.15861338953817,
        87.7857670937815,
        90.02102636521862,
        86.90084371259135,
        87.18698513892389,
        88.2067612678774,
        88.40984590591923,
        87.71621925600114,
        89.52104605397871,
        87.92167146744266,
        87.47217904367754,
        88.07957679994645,
        87.07304283880418,
        87.8206068469632,
        87.89299700337071,
        87.79317917362336,
        88.79103802096459,
        87.59469752157888,
        90.12978855256111,
        88.09020011655745,
        88.2793950726909,
        88.54659074352634,
        90.18594655682963,
        86.83577703660534,
        89.85807726460118,
        87.95516081779233,
        87.52894838394657,
        88.28349033478767,
        89.12970364478326,
        87.89265638782132,
        87.99268931727255,
        88.74586880591607,
        87.75657899918095,
        88.1549552179152,
        88.94927486296623,
        87.5107163460024,
        87.47903959212765,
        87.942384781376,
        88.97296856295678,
        87.1192166728358,
        87.37034385435042,
        88.77559120424333,
        87.66296115998298,
        87.58358838481288,
        87.37731072210497,
        87.2434589016822,
        87.97743028210056,
        87.71158575242565,
        87.46579127157888,
        87.33243856122417,
        88.1842055782195
    ],
    "valid_losses": [
        462.86363367880546,
        438.9102576471144,
        102.39187966623614,
        96.41736578172252,
        94.03860818186114,
        90.81891041417276,
        88.92880322856288,
        89.18821987029045,
        88.57166536392704,
        87.35851632395098,
        85.89981842041016,
        87.10403466993763,
        85.26258357878655,
        85.26133924914944,
        85.14857138356855,
        87.55380249023438,
        85.36179745581842,
        86.87234103295111,
        86.40613949683404,
        84.7210201140373,
        85.0208506430349,
        84.30608318698022,
        84.70146326864919,
        85.8240253079322,
        84.73850668630293,
        85.6933086764428,
        85.81297499133694,
        87.66150173064202,
        84.79679452219317,
        85.75198487312564,
        85.60768299718058,
        85.53235404722152,
        85.35807701849168,
        85.06255439019972,
        86.17649915141445,
        87.3839586319462,
        84.7246563819147,
        86.16854169291835,
        85.9307396181168,
        86.30235930412046,
        85.68253498692667,
        84.49690664968183,
        85.56302938153667,
        85.08089447021484,
        86.94094971687564,
        85.2034178703062,
        86.05380421300089,
        85.07476978917276,
        84.2257318804341,
        86.42057037353516,
        86.20047095514113,
        84.86650233114919,
        87.00511981594947,
        84.0839351530998,
        83.99766614360195,
        85.11390144594255,
        85.35146233343309,
        85.31986113517515,
        86.75580596923828,
        84.8536874094317,
        84.8627198742282,
        84.92136752220893,
        84.25769116801601,
        84.64695764357045,
        84.67173693256993,
        84.93799664897304,
        85.95754684940461,
        84.54816559822329,
        87.07400660361013,
        85.06792253063571,
        85.38189992597026,
        86.0816650390625,
        87.2218763289913,
        84.05614865210748,
        87.00426409321446,
        85.00333232264364,
        84.73999835598853,
        85.0405027327999,
        85.77378820603893,
        84.9689682991274,
        85.02733021397745,
        85.83213092434791,
        84.81209785707536,
        85.26407721734816,
        86.40403206117692,
        84.57613815799836,
        84.39720473750945,
        84.5590342860068,
        85.90127932640814,
        84.2328126968876,
        84.53614659463206,
        85.30479554207095,
        84.43223227224043,
        84.44594549363659,
        84.34095911825857,
        84.27219809255293,
        84.90148556616998,
        84.95167492282006,
        84.67780353176978,
        84.12841083157447,
        85.26310656147618
    ],