{
    "testproblem": "quadratic_deep",
    "batch_size": 32,
    "num_epochs": 100,
    "random_seed": 50,
    "weight_decay": null,
    "optimizer_name": "Preconditioner",
    "optimizer_hyperparams": {
        "lr": 0.00031622776601683794
    },
    "training_params": {},
    "train_losses": [
        374.51004323651716,
        356.22706062563003,
        104.21647496377268,
        99.58953635923324,
        95.89806119857296,
        92.8421128795993,
        92.80606645153415,
        91.81666909494707,
        89.68117744691911,
        88.82069716915008,
        90.07096198297316,
        90.9543218305034,
        88.49767254244897,
        89.06707739060924,
        88.38212487005418,
        89.03985300371724,
        87.72605157667591,
        89.07713416314894,
        87.27003060617754,
        88.27088903611705,
        88.53363455495527,
        89.16100286668346,
        87.78571270358178,
        88.30470841930759,
        87.42956961354902,
        89.01848553073022,
        89.40713451754662,
        88.55885437996157,
        88.44081854051159,
        88.72127557569935,
        88.63441442674205,
        87.75309605752268,
        87.47116236532888,
        87.53680813697076,
        89.0677020165228,
        88.07837430892452,
        89.41590807514805,
        87.70736251338836,
        89.79657302364227,
        86.54412251134073,
        88.45836122574345,
        87.88303744408393,
        87.41491920717301,
        86.71167410573652,
        87.70855097616872,
        88.25193171347341,
        87.22637865620274,
        87.66812306065714,
        86.34322160290134,
        87.22446023264239,
        88.59901994274509,
        89.66017175489857,
        86.78956407116306,
        88.27624290220199,
        88.04501564271989,
        86.7399437196793,
        87.05489964638987,
        88.69103314799648,
        89.18392968946888,
        89.03385334630167,
        88.07851089969758,
        86.80553042504096,
        88.28614856350806,
        87.68876352617818,
        86.68489197761782,
        87.19836179671749,
        91.30982429750505,
        92.21166253858998,
        88.89742131387034,
        87.86195988808909,
        87.5599101897209,
        88.55441185735887,
        86.55203099404612,
        92.94230135025516,
        87.33215824250252,
        88.44964796496976,
        89.21773799773186,
        86.7643302179152,
        88.6002940516318,
        88.79263625606414,
        87.65743427891886,
        86.83932544339088,
        86.79063735469695,
        87.26625380977508,
        86.82603282313192,
        88.32507078109249,
        88.05291944934476,
        88.86397601712135,
        88.71292212701613,
        88.60221641294417,
        86.56945333173198,
        88.80911722490865,
        88.60239139679939,
        86.68756792622227,
        86.73290548016948,
        88.69428007064327,
        87.05052258891445,
        87.12450507379347,
        86.98347522366431,
        87.68487425773374,
        86.8114774150233
    ],
    "valid_losses": [
        374.272697202621,
        355.8435285014491,
        105.92443158549648,
        101.84402391987462,
        97.27518586189517,
        94.22896059097782,
        94.64745699974799,
        93.36582749889743,
        91.02512925670993,
        90.4608388100901,
        91.95277872393208,
        92.03026285479146,
        90.38841518279045,
        90.07308886128087,
        89.82858079479587,
        90.36391965804562,
        88.74929489627961,
        90.27688844742313,
        88.89399891514933,
        89.57361528950352,
        89.49015783494518,
        90.30389822683027,
        89.34772639120779,
        89.34471942532447,
        89.16753535116872,
        89.81527931459489,
        90.36539582283267,
        89.89774593230217,
        89.14249198667464,
        89.81937063893965,
        89.88200255363218,
        88.9967998381584,
        89.10498342206401,
        88.31670871857673,
        89.92434372440461,
        89.14681071619833,
        90.56911960724861,
        88.60526103358114,
        91.27171178017893,
        87.89812863257623,
        90.10233208440965,
        89.72500068910661,
        89.08341783092868,
        88.07162475585938,
        88.94544392247354,
        89.6366427021642,
        88.49774096089024,
        88.70383674867692,
        87.60018847065587,
        88.59279534124559,
        89.95018669866747,
        91.01442201675907,
        87.91336034959362,
        89.06635087536228,
        89.04193016790575,
        88.1680676860194,
        88.24708434074155,
        89.44932211599043,
        90.32002725908833,
        90.21109673284715,
        89.53182860343686,
        88.31907752252394,
        89.38724074825164,
        89.28360822123867,
        88.39100179364604,
        88.61285621889176,
        92.87795085291708,
        92.98221957299018,
        90.28353881835938,
        88.96744906517768,
        88.41553177372101,
        89.60697863178868,
        87.92268470025832,
        94.31651773760396,
        88.55980756205898,
        89.75743865966797,
        90.74799445367628,
        87.76124129756805,
        89.91082000732422,
        89.67473405407321,
        89.05773064397997,
        88.28074695217994,
        87.99262902044481,
        88.58079405753843,
        88.21214171378843,
        89.88416585614604,
        89.30238170008505,
        89.83338829778856,
        90.34121433381111,
        90.50560711276147,
        87.82505626063192,
        90.46368506646925,
        89.7524155647524,
        88.06190712221208,
        88.20000211654171,
        90.17386504142515,
        88.11244398547757,
        88.21021492250505,
        88.40770450715095,
        88.21332697714529,
        88.01431372857863
    ],