{
    "testproblem": "quadratic_deep",
    "batch_size": 32,
    "num_epochs": 100,
    "random_seed": 51,
    "weight_decay": null,
    "optimizer_name": "Preconditioner",
    "optimizer_hyperparams": {
        "lr": 0.00031622776601683794
    },
    "training_params": {},
    "train_losses": [
        383.300787156628,
        365.25319154800906,
        107.70684986729776,
        99.19261587819746,
        94.70913400957662,
        93.84666688980595,
        92.41444175474105,
        89.63180222049836,
        89.95419385356288,
        90.4652855165543,
        88.03601812547252,
        87.99503129528415,
        87.9478023898217,
        86.99500988375756,
        87.58992348947832,
        89.30431292133946,
        88.27184615596649,
        87.3824704077936,
        91.87428702077558,
        88.52254043086883,
        86.45840724822014,
        87.73581055671939,
        88.87031924340033,
        88.05004464426348,
        86.83060947541267,
        86.3094487344065,
        87.39748308735508,
        87.37593226278982,
        87.20168279832409,
        85.87579788700226,
        89.65442337528351,
        87.03417796473349,
        87.86946844285534,
        87.51228381741431,
        87.32674654068485,
        87.3114277009041,
        86.71078220490486,
        89.27151710756364,
        87.86849114202684,
        88.00380165346208,
        86.84492812618133,
        87.13859090497417,
        87.22071592269405,
        88.64449064193234,
        86.95014289117628,
        88.34004162203881,
        86.8886482484879,
        86.37033893216041,
        86.83678140947896,
        87.88396330802671,
        86.9433362407069,
        88.21695118565714,
        86.54282674481792,
        87.55543911841607,
        86.9218009210402,
        87.51816878780242,
        86.31448093537361,
        87.02910909345073,
        88.60396994313886,
        89.00369853358114,
        86.72382010183027,
        86.78096574352634,
        86.94166958716607,
        86.4592797064012,
        86.49885509860131,
        87.30055113761655,
        87.61549746605658,
        86.84241091820502,
        87.72254574683404,
        86.64484307073778,
        88.00721076227003,
        89.51810159990865,
        86.18941793134135,
        86.31776649721208,
        86.70187254874936,
        86.5673124251827,
        86.57957286219442,
        87.24373946651336,
        86.20902006087765,
        87.03273453251008,
        86.16023697391633,
        87.3885729389806,
        86.9472178797568,
        87.88529476042717,
        86.43543341852003,
        86.99036505914503,
        87.84757109611265,
        87.19450895247921,
        87.3479749618038,
        87.0725582491967,
        88.68227066532258,
        88.88077815886467,
        86.78240203857422,
        87.07350281746157,
        86.53639418079007,
        86.56637770129788,
        87.39105027721774,
        87.90217541110131,
        86.82919434578189,
        88.15275253788117,
        86.70692468458607
    ],
    "valid_losses": [
        381.94547296339465,
        364.35989872101817,
        106.93733584496283,
        98.44940677765877,
        94.03443834858555,
        92.7069091796875,
        91.49136450982863,
        89.01264215284779,
        89.12628001551474,
        89.77342716340095,
        87.12530492967174,
        86.80275997038811,
        87.06646482406124,
        86.14713361186367,
        87.03507331109816,
        87.83694507229713,
        87.9977276709772,
        86.86042834866431,
        90.65941422985446,
        87.50486410817793,
        85.7574482579385,
        87.25794933688256,
        87.69657011955015,
        86.90523578274635,
        86.17634656352382,
        85.5045901883033,
        86.1727782218687,
        86.10948205763295,
        86.51773218954763,
        85.22556378764492,
        88.98331303750315,
        86.215334000126,
        87.31654308688256,
        86.95227739887852,
        85.96710844962827,
        86.57537472632623,
        85.83929000362274,
        88.51836985926474,
        87.17881651847593,
        87.12486119424143,
        85.93049769247732,
        86.0385508383474,
        86.33099069902974,
        87.10524479035408,
        86.19732666015625,
        87.08439390120968,
        85.9407198506017,
        85.40800082299018,
        85.88122115596649,
        87.03634618943737,
        85.93509181853264,
        87.63429900138608,
        85.72676135647681,
        87.08157914684665,
        86.67618683845767,
        86.60875824959048,
        85.13367314492503,
        85.98602860973728,
        88.48886256064138,
        88.52182818997291,
        85.81455673709992,
        85.7493409187563,
        86.02492252472908,
        85.80732948549333,
        85.87212027272871,
        86.19839772870463,
        86.70090164676789,
        85.91092484997165,
        86.79801473309917,
        85.26824409730973,
        86.9228050478043,
        88.70477565642327,
        85.59544028005293,
        85.21024888561618,
        85.82874002764302,
        86.25328088575795,
        85.67986888270224,
        86.61768488730154,
        85.48053618400327,
        86.05293987643334,
        85.24529463245022,
        86.86935720136088,
        86.2356195757466,
        87.55907907793599,
        86.01959745345577,
        86.0504630304152,
        86.71914549796811,
        86.67558190130418,
        86.83441851215977,
        86.50836452361077,
        87.76958736296623,
        88.24059541763798,
        86.28381864486202,
        85.80622396161479,
        85.73919480846774,
        86.04612756544545,
        86.31455772153792,
        87.52601648146107,
        85.96684092860067,
        87.31292035502773,
        86.15262677592617
    ],