{
    "testproblem": "quadratic_deep",
    "batch_size": 32,
    "num_epochs": 100,
    "random_seed": 45,
    "weight_decay": null,
    "optimizer_name": "Preconditioner",
    "optimizer_hyperparams": {
        "lr": 0.00031622776601683794
    },
    "training_params": {},
    "train_losses": [
        193.95078548308342,
        187.867919921875,
        103.02616143995716,
        95.97992509411228,
        94.63477399272304,
        91.52667260939076,
        90.47896428262034,
        89.13083944013042,
        88.01276003929877,
        89.28828528619582,
        87.61741515128843,
        91.18397472750756,
        87.7225821710402,
        86.41805144279233,
        86.96347882670742,
        87.65861068233367,
        85.96199257143083,
        86.43911546276462,
        89.98693232382497,
        86.28523352838332,
        86.9612313547442,
        86.65894588347405,
        86.09705574281755,
        86.4792244203629,
        85.8272953648721,
        88.46942581668976,
        85.48077121857673,
        85.67376758206275,
        85.47664839221585,
        85.29891352499685,
        85.92973278414819,
        87.97542990407636,
        86.34837119810042,
        85.66346765333607,
        86.05811211370653,
        86.41881290558845,
        86.83421940957346,
        85.65865842757687,
        86.40968741140058,
        87.08704696163055,
        85.55558924521169,
        87.2950205649099,
        85.42137908935547,
        85.32340658864668,
        86.74281630977508,
        85.68627117526147,
        85.88783780990109,
        87.52808527792654,
        86.52901458740234,
        85.59888285975302,
        86.79069223711568,
        85.9842265959709,
        85.39440794913999,
        86.95027652863533,
        85.52344882103705,
        86.36622127409905,
        86.28308179301601,
        87.26418673607611,
        85.46758540984123,
        86.05769249700731,
        85.50594871274886,
        85.26884238950667,
        86.48189003236833,
        84.54106976909023,
        85.4931133639428,
        85.77413177490234,
        85.29590680522304,
        86.16697815925845,
        86.84406403572329,
        85.88646328833795,
        85.95711320446384,
        85.95882169661984,
        85.45186565768334,
        85.94105972782258,
        86.1426507273028,
        84.93046988210371,
        87.63768842143398,
        84.67403904084236,
        85.74721797820061,
        84.63055764475176,
        85.55324111446258,
        85.20816827589466,
        86.4958249984249,
        86.16309922741306,
        85.27484155470326,
        85.50987219041393,
        88.45541406446888,
        85.90346133324408,
        84.80399593230217,
        86.89301423103579,
        86.4584485946163,
        84.90175850160661,
        84.89057971585181,
        88.22381591796875,
        85.0359356787897,
        84.60838514758694,
        88.88484954833984,
        88.21742937641758,
        86.21486023933657,
        86.14495431223223,
        85.02446722215221
    ],
    "valid_losses": [
        190.74820635395665,
        184.84497956306703,
        102.67505571919102,
        96.45684937507876,
        94.55572509765625,
        91.61470105571132,
        90.64713041244015,
        89.51021625149635,
        89.03104892853767,
        89.19270398539882,
        87.67546179986769,
        92.46994018554688,
        88.07092531265751,
        86.56585250362274,
        86.93164850050404,
        88.69316051852319,
        85.8500718147524,
        87.04285480130103,
        89.39126365415511,
        86.52692290275327,
        86.49954297465663,
        87.25916216450352,
        87.14026592623803,
        86.56940657092679,
        86.56491088867188,
        89.4261459842805,
        86.29984504945817,
        86.13442550166961,
        85.90609347435736,
        86.00192654517389,
        86.7444078999181,
        89.68825309507308,
        86.80414630520728,
        85.60435953447896,
        86.53716425741872,
        86.74700583181074,
        87.82861032793599,
        86.3939442788401,
        87.84742687594506,
        87.20133775280368,
        86.2186761671497,
        88.21313698061051,
        85.78754129717427,
        86.45741714969758,
        87.11728938933342,
        86.42855884182838,
        86.58937146586757,
        87.9326669016192,
        86.63963490147745,
        85.73313682310042,
        87.13648568430254,
        86.4207037648847,
        86.27690026067918,
        86.71431510679183,
        86.40326149232926,
        86.8709256572108,
        86.28817429081086,
        86.78682142688382,
        85.94812750047252,
        86.7111338953818,
        85.75181702644595,
        85.8077872491652,
        86.87881174395162,
        84.8100120790543,
        85.94832931026336,
        86.45650851341986,
        85.56392743510585,
        86.51856133245653,
        87.53565265286353,
        87.01134392522997,
        86.30668049473917,
        86.36009462418095,
        85.8829335858745,
        86.62303333897745,
        86.29911361202117,
        85.4266123617849,
        87.9177514353106,
        85.35248590284779,
        85.98472250661543,
        85.00732938704952,
        85.95051697761782,
        85.5479756016885,
        86.39805381528792,
        86.42820321359942,
        85.47349006898942,
        86.5192373952558,
        88.98011952061808,
        86.52803261049333,
        85.2255155501827,
        87.4268535490959,
        87.4313477546938,
        85.83434246432397,
        85.45704109438005,
        88.04387517129221,
        85.34800892491495,
        85.43345248314643,
        89.52277521933279,
        87.3229251984627,
        86.64397578085622,
        86.88782378165952,
        86.12686132615612
    ],