{
    "testproblem": "quadratic_deep",
    "batch_size": 32,
    "num_epochs": 100,
    "random_seed": 52,
    "weight_decay": null,
    "optimizer_name": "Preconditioner",
    "optimizer_hyperparams": {
        "lr": 0.00031622776601683794
    },
    "training_params": {},
    "train_losses": [
        509.6308337796119,
        484.26769921087447,
        101.54935036936114,
        96.00674364643712,
        94.3366211921938,
        92.52505936161164,
        90.18754553025768,
        90.84952003725114,
        89.85616794709236,
        88.31784328337639,
        89.04308048371345,
        88.39232290944746,
        88.38175595191217,
        87.43270455637285,
        89.22707932995212,
        89.02784458283455,
        86.89757513230846,
        89.52002174623551,
        87.41106365573022,
        86.89554817445817,
        88.52206445509388,
        86.60831919024068,
        88.1333743679908,
        89.27158970986643,
        87.0477048812374,
        87.25557782573085,
        87.31811966434601,
        88.18854202762726,
        86.68221430624685,
        89.28228612099925,
        87.68222242786038,
        86.41809697305003,
        88.11133575439453,
        87.90287583874118,
        88.10281224404612,
        87.5918237009356,
        89.26680927891886,
        88.37762943390877,
        87.36402425458354,
        86.47049491636214,
        87.28139348183909,
        88.32464648831275,
        86.92564047536543,
        87.67083174182522,
        86.96522521972656,
        88.11124592442667,
        89.2855970321163,
        87.14871289653163,
        87.0336436610068,
        86.73951573525706,
        86.41427883025139,
        86.4032002110635,
        87.37703680223034,
        87.76664512388167,
        86.88253611903036,
        88.20041902603641,
        88.38497211087135,
        89.31801531391758,
        87.68070073281565,
        88.82546775571761,
        87.08455411849484,
        88.45194490494266,
        87.5276353897587,
        86.76373660179877,
        87.24054299631426,
        87.2092016896894,
        87.3423565280053,
        87.14337527367377,
        88.9132094844695,
        86.63809622487715,
        86.77884009576613,
        87.02815492691532,
        86.85116552537487,
        86.35072597380608,
        86.98164466119582,
        87.7528593001827,
        88.32639337355091,
        88.1701903804656,
        86.82321413101688,
        88.05122400099232,
        86.77153015136719,
        87.60577638687626,
        86.80419085102696,
        86.37190861855784,
        87.58252962173954,
        87.31382849908644,
        86.97527830062374,
        86.90480115336757,
        86.28279162991431,
        87.64584547473538,
        86.99694848829701,
        87.26989672260899,
        87.14068111296623,
        87.48455515215474,
        88.56388781147618,
        88.08407174387285,
        86.32961937689012,
        86.26778165755734,
        89.74209151729461,
        88.10098217379662,
        86.72478952715474
    ],
    "valid_losses": [
        506.8799901162424,
        481.146488312752,
        102.15783174576298,
        96.18724306168095,
        94.76738542126071,
        92.81043268019154,
        91.05884798111454,
        91.98197789346018,
        90.34968148508379,
        88.8758803336851,
        89.54787223569808,
        88.90827006678427,
        88.69722230972782,
        88.04938851633379,
        90.20453225412676,
        89.38250535534274,
        87.25512719923451,
        89.22166393649194,
        88.15614097349105,
        87.59801409321446,
        88.96524293961063,
        87.15215473790323,
        88.41542668496409,
        89.39273465064264,
        87.31685564594883,
        87.95426522531817,
        87.65590126283708,
        88.42803856634325,
        87.48959572084489,
        90.43683648878529,
        88.32846561554939,
        87.10550665086315,
        89.22498764530305,
        88.93231176560924,
        88.91124873007497,
        88.0214358914283,
        89.88233110981602,
        88.7478290680916,
        87.94932285431892,
        87.07016188098538,
        87.93826786164314,
        88.51415548016948,
        87.5146971671812,
        88.72833867226878,
        87.36470056349232,
        88.89727512482673,
        90.12082992061492,
        87.8102323470577,
        87.70549848002773,
        87.34521361320249,
        87.43011622275075,
        86.72839650800151,
        87.73988317674205,
        88.6581041889806,
        87.16652556388608,
        88.57142319217805,
        88.53951460315335,
        89.85546407391948,
        88.42767383206275,
        89.35525463473412,
        87.91413264120779,
        88.78325037802419,
        87.96246091781124,
        87.24978933026713,
        87.44148574336883,
        87.95156072801159,
        88.29617235737462,
        87.82743761616368,
        89.31047058105469,
        87.28094137868574,
        87.3143310546875,
        87.67566853184854,
        87.12804683562248,
        86.8327390609249,
        87.32929943453881,
        88.14173593828755,
        88.60233577605217,
        88.79789167834866,
        87.1095696726153,
        88.7987577376827,
        87.20875549316406,
        88.35585120416457,
        87.25084292504096,
        86.79963905580583,
        88.03212147374308,
        88.1457765640751,
        87.29864182010773,
        87.71619513727003,
        86.94155490013861,
        88.50767443256993,
        87.70370434176537,
        87.75798083889869,
        87.74647571194556,
        88.02293223719442,
        88.87268927789503,
        88.33513641357422,
        87.09351594986454,
        86.70279102940714,
        89.97564549599925,
        88.70329161613218,
        87.49889644499748
    ],