{
    "testproblem": "quadratic_deep",
    "batch_size": 32,
    "num_epochs": 100,
    "random_seed": 49,
    "weight_decay": null,
    "optimizer_name": "Preconditioner",
    "optimizer_hyperparams": {
        "lr": 0.00031622776601683794
    },
    "training_params": {},
    "train_losses": [
        349.9488732122606,
        334.18883982012346,
        105.572753414031,
        98.41790746873424,
        96.66901003929877,
        93.9916490124118,
        91.24065251504221,
        93.43224211662046,
        89.68170879733178,
        89.52841161912487,
        88.85618468253843,
        90.72659301757812,
        91.10691365888042,
        90.27172285510647,
        88.69864137711063,
        88.41524333338583,
        87.44581136395854,
        90.1013437086536,
        88.36427233296055,
        89.8053490423387,
        88.2529525756836,
        87.95157032628214,
        87.57828989336568,
        87.40543537755167,
        88.4936043523973,
        87.55992077242944,
        88.0225347703503,
        88.4418699202999,
        87.89107218096333,
        88.3489239600397,
        87.42183119250882,
        88.50491185342112,
        87.11901781635899,
        87.90168097711378,
        87.7784180179719,
        89.26403931648501,
        87.55127248456401,
        87.4444828648721,
        86.52444851783014,
        88.36538770121913,
        87.45400902532762,
        88.45925091158959,
        88.46661943004978,
        87.36327682002899,
        86.92519895492062,
        88.79650263632497,
        87.2187763337166,
        88.43648430608934,
        86.83399175828502,
        87.45165523405998,
        88.43975140971523,
        88.7276874665291,
        87.56099651705834,
        87.98004913330078,
        86.4014907344695,
        87.4457247334142,
        88.8606660904423,
        87.71700040755734,
        88.39778850924584,
        87.21503645373929,
        86.80247005339592,
        88.37873052781627,
        88.09811499810988,
        86.71831414007372,
        87.33145559987715,
        88.8691871396957,
        88.79498143349925,
        88.64019406226373,
        87.61016378095073,
        88.02662978633758,
        88.46026192941973,
        87.19010703794417,
        87.17568083732358,
        87.64408382292717,
        87.05870228428995,
        86.58576497723979,
        88.23838707708543,
        87.04145123881679,
        86.73357612855973,
        87.68382903068296,
        87.64535104074785,
        87.54648614698841,
        87.26349935223979,
        87.97110009962513,
        87.69567403485698,
        89.59488407258064,
        87.22201390420237,
        87.83958213560042,
        86.36838999102193,
        88.17570003386467,
        86.7889165570659,
        87.13146578881049,
        87.85619477302798,
        88.39571725168535,
        86.75673601704258,
        87.3886477562689,
        88.49857650264617,
        86.71735234414378,
        88.73675463276524,
        87.04253805837324,
        87.87010045205393
    ],
    "valid_losses": [
        353.9482126543599,
        337.82726066343247,
        106.30353250811177,
        99.12206686696699,
        96.70887510238155,
        93.87923702116936,
        91.52015587591356,
        93.16854981453189,
        90.14500993297946,
        89.95418548583984,
        89.32078478413243,
        91.2544700868668,
        92.3436749366022,
        90.66372582220262,
        89.79248686759702,
        89.38656517767137,
        87.65252537881175,
        90.17678833007812,
        88.87648674749559,
        89.55789012293661,
        88.26971238659274,
        88.23809765231225,
        87.5035860615392,
        87.46236788841986,
        88.82479243124685,
        88.12869336528163,
        88.73314666748047,
        88.34440711236769,
        88.67739056002709,
        88.58209080849925,
        87.24181070635396,
        88.59298484556136,
        87.36846653107673,
        89.00509594332787,
        88.08583536455708,
        89.90881273823399,
        88.08332775485131,
        87.76136853618007,
        86.96127122448337,
        88.55053046441847,
        87.66375609367124,
        88.6740004016507,
        88.73802824943296,
        87.68877829274824,
        87.77500546363092,
        90.17759999921245,
        87.76369894704511,
        88.62273210094821,
        87.00924288841986,
        87.91107005457724,
        88.90269617880544,
        89.65406233264554,
        87.87110753213206,
        88.77589933333859,
        87.06574249267578,
        88.19371869487148,
        89.11625376055318,
        88.4981957712481,
        88.33054401028541,
        87.33622151036417,
        87.21541792346585,
        88.0910880796371,
        88.33378256520918,
        86.82171187862274,
        87.79532327959615,
        88.5948963780557,
        88.91113625803301,
        88.44006987540952,
        87.91803076959425,
        88.24176025390625,
        88.53131595734627,
        86.93433330905053,
        87.1826669016192,
        87.4813485914661,
        87.79533017066217,
        86.92698398713142,
        88.57833566973287,
        87.37666443855532,
        87.01776319934476,
        88.11603398476878,
        88.01553910778415,
        87.70116572226247,
        87.69764389530305,
        88.08320470010081,
        88.31845068162487,
        90.56611018027029,
        87.6323980516003,
        88.39895802159464,
        86.7632803147839,
        88.08868358981225,
        87.3914775233115,
        87.56273085071194,
        87.63927755048198,
        89.17043205999559,
        87.27245429254347,
        87.48765342466292,
        89.65540215276903,
        87.31188423402848,
        88.81542894917149,
        88.13197080550655,
        88.45548691288117
    ],