{
    "testproblem": "quadratic_deep",
    "batch_size": 32,
    "num_epochs": 100,
    "random_seed": 43,
    "weight_decay": null,
    "optimizer_name": "Preconditioner",
    "optimizer_hyperparams": {
        "lr": 1e-13
    },
    "training_params": {},
    "train_losses": [
        582.5528131300404,
        581.8434074155746,
        107.74149962394468,
        99.20999539283014,
        95.21917946107926,
        92.87057372062436,
        92.11131705007246,
        91.11025902532762,
        89.44846762380293,
        89.77504262616557,
        88.71204376220703,
        89.72350434334048,
        88.17073994298136,
        88.68397768082157,
        89.03285857169858,
        87.88021063035534,
        87.98793374338457,
        87.63333252937564,
        87.68077259678995,
        89.6384545603106,
        88.27259014498803,
        86.98297119140625,
        88.23490954983619,
        86.97713445848034,
        89.16341843143586,
        87.58845716907132,
        87.37426437870148,
        87.31597457393524,
        88.3538358134608,
        87.73548692272556,
        88.67249445761404,
        88.12921117967174,
        87.97849692067793,
        87.50941762616557,
        86.97724225444179,
        88.02071897445187,
        87.8551785868983,
        86.92286362186555,
        89.46005076746786,
        87.62230583929247,
        87.88170574557397,
        86.86881428380167,
        87.91584876275832,
        90.0445061960528,
        87.73550365817162,
        87.73471069335938,
        88.87423459945187,
        88.47413659864857,
        88.28583280501827,
        87.2901591639365,
        87.62231666811051,
        88.17747989777595,
        86.93679686515561,
        87.23818772838962,
        88.85983030257687,
        87.59383687665385,
        87.08413843954763,
        88.1790525374874,
        87.73888889435798,
        87.9945312007781,
        86.72877453219506,
        88.78930294898248,
        87.72831332299018,
        87.95758548859627,
        87.5277340796686,
        87.8984606342931,
        88.66385872133317,
        87.16926008655179,
        88.20873457385647,
        87.67952186830583,
        87.7942396594632,
        88.41548821233934,
        86.92126587898501,
        88.30752661920363,
        86.81602551860195,
        89.84784230878276,
        87.2567899150233,
        86.52786476381364,
        87.1529545937815,
        86.99694799607799,
        87.13148744644657,
        87.85450449297505,
        87.83346163841986,
        87.45303689279864,
        87.5412363852224,
        88.84199597758632,
        87.5336439071163,
        87.74464514947707,
        88.26917857508505,
        86.44834186184791,
        88.2190406553207,
        87.91504743022304,
        88.01025981287802,
        87.78909892420614,
        87.27013741770098,
        88.33686311783329,
        86.74485877252394,
        87.79331576439643,
        86.85055492770287,
        87.19068687192855,
        87.06920426891696
    ],
    "valid_losses": [
        578.1544701360887,
        578.1544701360887,
        104.77972165999874,
        96.55882780013546,
        93.20918987643334,
        91.08631872361705,
        90.56038395051033,
        88.74792751189202,
        87.08461220033708,
        87.56550671977382,
        86.44007701258505,
        87.87789892381237,
        85.72606535880796,
        86.19519535187752,
        87.2757826774351,
        85.70992845104587,
        85.81005022602696,
        85.61871460945376,
        85.47891678348664,
        86.77959343694872,
        85.63276204755229,
        84.83014088292276,
        86.1028562976468,
        84.9162107898343,
        87.22902507166708,
        85.15750811176915,
        85.67043156777659,
        85.03723513695502,
        86.31441645468435,
        85.61863265498992,
        86.54159988895539,
        85.65064461000505,
        85.49485385033393,
        85.09558548465851,
        85.36041358209425,
        85.8205091414913,
        85.76244575746598,
        84.70570201258505,
        87.20557649673954,
        85.79929917858493,
        86.41178721766317,
        84.5953607866841,
        86.0787119711599,
        88.1791236631332,
        85.68501773957283,
        85.40878418953189,
        86.41024361887285,
        86.15386126118321,
        86.23387392105595,
        85.00603731216923,
        85.81563100507182,
        86.52694185318485,
        84.68217246763167,
        85.07667418449155,
        86.5321773405998,
        84.80601427631993,
        85.04038952242944,
        85.65583038330078,
        85.7781010289346,
        85.8257330617597,
        84.28917029596144,
        86.12269616896107,
        85.2717750303207,
        85.46238683885143,
        85.22867215064264,
        85.37819253244707,
        85.85524725144909,
        85.38299978933027,
        86.26217380646736,
        85.58260271626133,
        85.29196486934539,
        85.7137687436996,
        84.46923508182648,
        85.70285944784841,
        84.66725478633758,
        87.79513525193737,
        84.9761224562122,
        84.52960549631426,
        84.90303679435483,
        84.98401469569052,
        84.80351035825667,
        85.80821080361643,
        85.18807934176537,
        84.59031529580393,
        85.34111933554372,
        86.46364101286858,
        85.60502107681766,
        85.97699343773627,
        86.43739958732358,
        84.34963103263608,
        86.58693547402659,
        85.3593991187311,
        85.28822966544858,
        86.26409346057522,
        85.20849289432648,
        86.12912184192288,
        84.95146080755418,
        85.82874544205204,
        84.44164177679247,
        84.49346973050025,
        85.21072043142011
    ],