{
    "testproblem": "quadratic_deep",
    "batch_size": 128,
    "num_epochs": 2,
    "random_seed": 43,
    "weight_decay": null,
    "optimizer_name": "PreconditionedSGDlog",
    "optimizer_hyperparams": {
        "lr": 100
    },
    "training_params": {},
    "train_losses": [
        224.92198181152344,
        223.91436985560827,
        224.83111790248327
    ],
    "valid_losses": [
        230.8928985595703,
        230.8928985595703,
        230.8928985595703
    ],
    "test_losses": [
        228.88948277064733,
        228.88948277064733,
        228.88948277064733
    ],
    "minibatch_train_losses": [
        220.43405151367188,
        227.8450469970703
    ],
    "grad_norms": [
        5468.0947265625,
        5247.75,
        5233.6767578125,
        5690.6142578125,
        5367.578125,
        5782.6416015625,
        5749.41748046875,
        5534.25390625,
        5337.42236328125,
        5259.369140625,
        5730.28173828125,
        5484.53955078125,
        5590.90771484375,
        5514.349609375
    ]
}