{
    "testproblem": "mnist_2c2d",
    "batch_size": 128,
    "num_epochs": 2,
    "random_seed": 42,
    "weight_decay": null,
    "optimizer_name": "Preconditioner",
    "optimizer_hyperparams": {
        "est_rank": 2,
        "num_observations": 5,
        "prior_iterations": 5,
        "lr": null
    },
    "training_params": {},
    "train_losses": [
        2.3819066194387584,
        0.3039852243203383,
        0.219978982821489
    ],
    "valid_losses": [
        2.38106399621719,
        0.31577899421636874,
        0.22657169621342269
    ],
    "test_losses": [
        2.389372174556439,
        0.2932474573548788,
        0.2079354450584222
    ],
    "minibatch_train_losses": [
        2.3661463260650635,
        2.4389448165893555,
        2.2767043113708496,
        2.1818299293518066,
        2.142902374267578,
        2.0826809406280518,
        1.9689666032791138,
        1.9246070384979248,
        1.799226999282837,
        1.726608157157898,
        1.5424025058746338,
        1.4414647817611694,
        1.2026050090789795,
        1.124942660331726,
        1.023142695426941,
        0.8470791578292847,
        0.7217913269996643,
        0.6554368138313293,
        0.6011128425598145,
        0.5687555074691772,
        0.4340686798095703,
        0.5138058066368103,
        0.40876808762550354,
        0.4532683193683624,
        0.44510728120803833,
        0.3867533504962921,
        0.34858065843582153,
        0.4138588607311249,
        0.36653703451156616,
        0.4680328369140625,
        0.28484058380126953,
        0.5003158450126648,
        0.21722254157066345,
        0.3977828025817871,
        0.33482322096824646,
        0.2882455289363861,
        0.38538822531700134,
        0.3528279662132263,
        0.3117080628871918,
        0.37238866090774536,
        0.28328216075897217,
        0.36097270250320435,
        0.35627901554107666,
        0.26468518376350403,
        0.21413373947143555,
        0.3375972509384155,
        0.32463961839675903,
        0.3877553939819336,
        0.29170072078704834,
        0.26001453399658203,
        0.16072651743888855,
        0.30281662940979004,
        0.2156396210193634,
        0.39441514015197754,
        0.2093043476343155,
        0.3377003073692322,
        0.24761855602264404,
        0.3271641731262207,
        0.24513080716133118,
        0.25476008653640747,
        0.2887451946735382,
        0.2652055621147156,
        0.24034759402275085,
        0.39703425765037537,
        0.21136155724525452,
        0.21554595232009888,
        0.2253236174583435,
        0.25633010268211365,
        0.2525012195110321,
        0.24483051896095276,
        0.207407608628273,
        0.1746777892112732,
        0.25179722905158997,
        0.2588987946510315,
        0.193243145942688,
        0.26264429092407227,
        0.2433418482542038,
        0.23989053070545197
    ],
    "train_accuracies": [
        0.061197916666666664,
        0.9110576923076923,
        0.9352964743589743
    ],
    "valid_accuracies": [
        0.06290064102564102,
        0.9100560897435898,
        0.9330929487179487
    ],
    "test_accuracies": [
        0.056790865384615384,
        0.9174679487179487,
        0.9415064102564102
    ]
}