{
    "testproblem": "quadratic_deep",
    "batch_size": 32,
    "num_epochs": 100,
    "random_seed": 49,
    "weight_decay": null,
    "optimizer_name": "SGD",
    "optimizer_hyperparams": {
        "lr": 0.0031622776601683794
    },
    "training_params": {},
    "train_losses": [
        283.27340402910784,
        103.93347044913999,
        101.74777418567288,
        99.86481229720577,
        98.27764695690524,
        96.81824001189202,
        95.42612014278289,
        94.30537882158833,
        93.58494789369645,
        92.59731243502709,
        91.78926627866683,
        91.14280011576992,
        90.41761558286605,
        90.21514277304372,
        89.43241414716167,
        89.0809818390877,
        88.72891579904864,
        88.36386157620338,
        88.22433791622039,
        87.88881437240109,
        87.56809283841041,
        87.37206588252899,
        87.3615481468939,
        87.25267644082346,
        86.7896475022839,
        86.85371694257182,
        86.73194343813005,
        86.5732180687689,
        86.49001066146359,
        86.37103616037676,
        85.99789034935736,
        86.33975293559413,
        86.27947308940273,
        85.69636954030683,
        86.10214553340789,
        86.08229015719506,
        85.85121376283708,
        85.99848051994077,
        85.654295398343,
        85.75185665007561,
        85.66897263065461,
        85.81664596065399,
        85.64712967411164,
        85.72708597490865,
        85.80978196667087,
        85.32913700226814,
        85.40410269460371,
        85.73587995959866,
        85.54269729122039,
        85.51351608768586,
        85.63760228310862,
        85.51639778383317,
        85.35509860131049,
        85.5548585461032,
        85.46910464379096,
        85.48877986784905,
        85.6128672938193,
        85.34288763230846,
        85.40499705653036,
        85.51348975396925,
        85.41991129229146,
        85.32966884489983,
        85.31345958094442,
        85.38908213953817,
        85.38054853870022,
        85.30745893909085,
        85.45077637703189,
        85.51239555112777,
        85.42637658888295,
        85.39056322651524,
        85.17538009151336,
        85.22581211213142,
        85.20367062476373,
        85.27535715410787,
        85.21207058814264,
        85.30586439563382,
        85.3675773374496,
        85.20968578707787,
        85.18668636198967,
        85.3323721116589,
        85.33040865005985,
        85.17069145940965,
        85.21449181341356,
        85.1416977913149,
        85.24645060877646,
        85.2819317233178,
        85.307374523532,
        85.18762600806451,
        85.18978832614037,
        85.17631530761719,
        85.1358910837481,
        85.18258051718435,
        85.21261744345388,
        85.07371348719442,
        85.11946721230784,
        85.17935869770665,
        85.25164031982422,
        85.08513026083669,
        84.96061042047316,
        85.16461501582977,
        84.93158844978579
    ],
    "valid_losses": [
        287.70267904958416,
        106.39408603791267,
        104.05552353397492,
        102.12366928592805,
        100.36096486737651,
        99.00459781769783,
        97.74543885261782,
        96.46930719191029,
        95.85553101570376,
        94.78805271271736,
        93.95295050836378,
        93.27179053521925,
        92.72286150532383,
        92.28931156281502,
        91.73115121164629,
        91.44202890703755,
        90.97965831141317,
        90.68353222262475,
        90.45028415802986,
        90.02668245377079,
        89.83543888215095,
        89.71763069398942,
        89.38590708086568,
        89.38697814941406,
        89.1350338843561,
        89.23592056766633,
        88.89523807648689,
        88.7732910648469,
        88.62462000693044,
        88.71642844907699,
        88.5374517133159,
        88.47346348916331,
        88.41296042165449,
        88.37564431467364,
        88.2751733103106,
        88.40937755953881,
        88.20962721301663,
        88.14358323620212,
        88.08672923426474,
        88.03241631292528,
        88.03550104941091,
        88.1100557388798,
        87.93021220545614,
        87.91229321879726,
        87.90786620109311,
        87.85753631591797,
        87.74828560121598,
        87.82288360595703,
        87.83654440602949,
        87.75230973766696,
        87.83862993794102,
        87.67532865462765,
        87.64717594269783,
        87.69419762396043,
        87.731934578188,
        87.63212634671119,
        87.76962403328189,
        87.63100851735761,
        87.57939098727319,
        87.59556579589844,
        87.5201900851342,
        87.63847277241368,
        87.543699202999,
        87.62882995605469,
        87.66387398012223,
        87.47455080093876,
        87.50473465458039,
        87.57521254016507,
        87.70447294173702,
        87.65407217702558,
        87.46194433396862,
        87.5840567311933,
        87.50906618179813,
        87.51899916125882,
        87.53141760057018,
        87.49756819202054,
        87.58123607020224,
        87.41585811491936,
        87.5317136702999,
        87.57713933144846,
        87.53924265215474,
        87.58829670567667,
        87.40816104027533,
        87.52574206936744,
        87.54287916614163,
        87.55313159573463,
        87.54866273941532,
        87.42496539700416,
        87.48553614462575,
        87.35477767452117,
        87.375001476657,
        87.37659208236202,
        87.51741396996283,
        87.46421543244392,
        87.38866276894846,
        87.33584767003214,
        87.46771658620527,
        87.35600896035471,
        87.4080566898469,
        87.3075214509041,
        87.36322981311429
    ],