{
    "testproblem": "quadratic_deep",
    "batch_size": 32,
    "num_epochs": 100,
    "random_seed": 48,
    "weight_decay": null,
    "optimizer_name": "SGD",
    "optimizer_hyperparams": {
        "lr": 0.0031622776601683794
    },
    "training_params": {},
    "train_losses": [
        308.9477046843498,
        106.19516237320438,
        103.83787635064894,
        101.68538911880985,
        100.06775788337954,
        98.73491693312123,
        97.20775702691847,
        95.99778796780494,
        95.22559627409905,
        94.57829850719821,
        93.84665015435988,
        93.00936545095136,
        92.44035240911668,
        91.8943579889113,
        91.68656330723917,
        91.18477187618133,
        90.8790273358745,
        90.36362088111139,
        90.35242412936303,
        89.97396776753087,
        89.50984585669732,
        89.50655734154486,
        89.67677380961757,
        89.22924558577999,
        89.08416600381175,
        89.11095477688697,
        88.73453792448967,
        88.5138643326298,
        88.63976361674648,
        88.63147243376702,
        88.61955187397618,
        88.57986524028163,
        88.65762009159211,
        88.01285060759514,
        88.1836181148406,
        88.3590087890625,
        88.49506058231476,
        88.16482716221964,
        88.04261287566155,
        88.02955627441406,
        88.14942735241306,
        88.13952021444997,
        87.9004403391192,
        87.97306036180065,
        87.97134891633064,
        87.82755033431515,
        87.64093731295678,
        87.88282849711757,
        87.84502337055821,
        87.89824824179372,
        87.83673858642578,
        87.6416776103358,
        87.82763351932648,
        87.7266090146957,
        87.91144340269027,
        87.65116562381867,
        87.66185268279045,
        87.74251605618385,
        87.32648320351878,
        87.48520168181389,
        87.69661934145036,
        87.55572706653226,
        87.73371788763231,
        87.57650387671686,
        87.41293531848538,
        87.53921361123362,
        87.48233819776966,
        87.61064197171119,
        87.50970951203377,
        87.66803618400327,
        87.61897671607232,
        87.53420183735508,
        87.51847937799269,
        87.48075669811618,
        87.68872562531502,
        87.49548019901398,
        87.48561268468058,
        87.53529677852508,
        87.50677884009576,
        87.47132209039503,
        87.39527277792654,
        87.44778762325164,
        87.40772050426853,
        87.38304679624495,
        87.59499260687059,
        87.32659862887475,
        87.34546562933153,
        87.4077379780431,
        87.38255310058594,
        87.50308129095262,
        87.37281996204007,
        87.35620904737904,
        87.27400625905683,
        87.37415510608304,
        87.36640241069179,
        87.30488709480532,
        87.4938721195344,
        87.30921222317603,
        87.31346450313445,
        87.38727397303427,
        87.48270957700667
    ],
    "valid_losses": [
        309.70167295394407,
        106.39701818650768,
        104.11728717434791,
        102.08161138719127,
        100.4570772724767,
        99.03274363856161,
        97.55494443831905,
        96.58048912786668,
        95.5740479500063,
        94.9417001047442,
        94.15569453085622,
        93.38651349467617,
        92.91884096207157,
        92.32569146925404,
        91.90989709669545,
        91.47230136009955,
        91.09977008450416,
        90.7938003540039,
        90.6313218147524,
        90.38082048969883,
        90.11477734965663,
        89.87402860579952,
        89.83108225176412,
        89.56172573950982,
        89.51734998149257,
        89.47095784833354,
        89.26478970435357,
        89.18209026705834,
        89.00637940437564,
        88.90584096600932,
        88.87132558514995,
        88.87728438838836,
        89.01690132387223,
        88.69257403958228,
        88.58439783896169,
        88.48821184712071,
        88.72232917047316,
        88.49852408132246,
        88.48401149626702,
        88.47071296938005,
        88.46573885025516,
        88.3184834141885,
        88.24355020830708,
        88.35430342151272,
        88.26864181026336,
        88.24411502961189,
        88.12186161164314,
        88.1949226625504,
        88.20326552852508,
        88.25823137837071,
        88.09168391073904,
        88.12018560594127,
        88.26117952408329,
        87.98969342631679,
        88.12098644625756,
        87.99191013459236,
        87.98841291858304,
        87.98998555829448,
        87.9701163999496,
        87.91881831999748,
        87.91194202053931,
        87.91304114557082,
        87.94345929545742,
        87.89752000378024,
        87.90424593033329,
        88.02190448391822,
        87.87874701715285,
        87.91363722278226,
        87.85204265963647,
        87.79617900233114,
        87.91147785802042,
        87.80584224577873,
        87.91798031714654,
        87.85357666015625,
        87.94749844458795,
        87.74465499385711,
        87.80274298883253,
        87.78138289913055,
        87.80696475121283,
        87.78533664826423,
        87.77814778973979,
        87.80839686239919,
        87.78870465678554,
        87.90267353673136,
        87.86544061476185,
        87.78572402461883,
        87.86681193690146,
        87.83882633332283,
        87.72852374661353,
        87.7128423875378,
        87.69362148161858,
        87.7261010446856,
        87.79083005843624,
        87.83665687807145,
        87.73720058318108,
        87.62780343332598,
        87.69871619439894,
        87.69452691847279,
        87.73197715513167,
        87.81620517853767,
        87.76115392869518
    ],