{
    "testproblem": "quadratic_deep",
    "batch_size": 32,
    "num_epochs": 100,
    "random_seed": 52,
    "weight_decay": null,
    "optimizer_name": "SGD",
    "optimizer_hyperparams": {
        "lr": 0.0031622776601683794
    },
    "training_params": {},
    "train_losses": [
        246.66619774603075,
        103.81898473924205,
        101.8059323218561,
        100.29193853562877,
        98.66333303143901,
        97.52508003480973,
        96.31385778611705,
        95.06398674749559,
        94.41446981122417,
        93.50842605098602,
        92.91703451833418,
        92.38610864454701,
        91.68396266814202,
        91.28109815043788,
        90.77821842316658,
        90.50149954518965,
        90.27695489698841,
        89.97699835992628,
        89.68235335811492,
        89.44788828203755,
        89.10418504284274,
        88.76384661274571,
        88.85373072470388,
        88.71110682333669,
        88.35113500779674,
        88.37997264246786,
        88.20874835598853,
        88.09232281100365,
        87.80143319406817,
        87.75380189957157,
        87.76135746125252,
        87.5474336685673,
        87.47689991612589,
        87.37647788755355,
        87.41072796237084,
        87.47755555183657,
        87.21822209512034,
        87.29712209393901,
        87.26164713213521,
        87.36584251157699,
        87.19187508859942,
        87.16031203731414,
        87.15910757741621,
        87.04407501220703,
        87.0749280375819,
        87.01184672694052,
        86.67823250063005,
        86.91644607051727,
        86.96542136899886,
        87.11223700738722,
        86.90545777351626,
        86.71100124236077,
        86.82061964465726,
        86.7328857914094,
        86.96121117376512,
        86.64039414928806,
        86.78169447375882,
        86.73702830653036,
        86.65521215623424,
        86.62688790598223,
        86.71716603925151,
        86.54387812460622,
        86.60406346474925,
        86.5120379540228,
        86.67769573580834,
        86.55593749015561,
        86.57462433845767,
        86.68582473262664,
        86.79837109965663,
        86.557129398469,
        86.60220853744015,
        86.58858022382182,
        86.43719383978075,
        86.52967268420804,
        86.59268336142263,
        86.62220862603957,
        86.6815424273091,
        86.712402835969,
        86.63602422898815,
        86.7879161219443,
        86.30642577140561,
        86.53049739714592,
        86.48207658337009,
        86.49287266885081,
        86.29761825069305,
        86.41689891199911,
        86.30515018586189,
        86.37535513600996,
        86.50269416070753,
        86.3581791539346,
        86.27803187216482,
        86.4061011037519,
        86.1704842352098,
        86.43402394940776,
        86.24651607390373,
        86.30968327676096,
        86.03053406746157,
        86.62619141609439,
        86.40794249503843,
        86.31589188114289,
        86.37298485540575
    ],
    "valid_losses": [
        247.20469960858745,
        102.11047904722152,
        100.18979226389239,
        98.44433323029548,
        96.97372658021989,
        95.67439343852382,
        94.47153866675592,
        93.46695241620463,
        92.63770934074155,
        91.92413871519027,
        91.24324330975932,
        90.56500760970577,
        90.10672956897366,
        89.63285778414819,
        89.03726614675215,
        88.73386013892389,
        88.47390771681263,
        88.13921799198273,
        87.84810909148186,
        87.742675289031,
        87.37836530131679,
        87.22074373306766,
        87.17428638089088,
        86.8982662077873,
        86.75462882749495,
        86.56077575683594,
        86.56806256694179,
        86.28578038369456,
        86.32033145043158,
        86.07002848963583,
        86.14474708803239,
        86.03267669677734,
        85.87080580188382,
        85.82891525760773,
        85.81248966340095,
        85.85583053096649,
        85.64564514160156,
        85.6119148500504,
        85.57724491242439,
        85.51959080849925,
        85.55033382292717,
        85.40154167913622,
        85.33966876614478,
        85.3812012210969,
        85.33841656100365,
        85.31590221774194,
        85.20096883466167,
        85.22468566894531,
        85.12243578510899,
        85.12816226097846,
        85.12513757521107,
        85.1746092765562,
        85.32037575014176,
        85.10560435633505,
        85.1451913156817,
        85.0199678482548,
        84.96056316744897,
        84.91393304640248,
        84.99747417819115,
        84.89433706960371,
        84.98938652776903,
        84.97403889317667,
        84.91266976633379,
        84.88818187098349,
        84.94160313760081,
        84.9076412570092,
        84.89459302348476,
        84.96030869022492,
        84.89059522075038,
        84.8779803860572,
        84.76684914865801,
        84.8240966796875,
        84.82740685247606,
        85.01933140908518,
        84.88681300993889,
        84.78400298087827,
        84.95876779863912,
        84.86368388514364,
        84.98851333125945,
        84.93071722215221,
        84.73948743266445,
        84.8162361883348,
        84.72730156683153,
        84.62563004032258,
        84.79273716095955,
        84.65297428254158,
        84.7766822076613,
        84.62888360792591,
        84.71338875063005,
        84.64056937925277,
        84.75891507056451,
        84.8072753414031,
        84.64737307640814,
        84.80158848916331,
        84.6095487533077,
        84.74965027839907,
        84.73149158108619,
        84.94929627449282,
        84.63309995589718,
        84.77022773988786,
        84.66245860438192
    ],