{
    "testproblem": "quadratic_deep",
    "batch_size": 32,
    "num_epochs": 100,
    "random_seed": 43,
    "weight_decay": null,
    "optimizer_name": "SGD",
    "optimizer_hyperparams": {
        "lr": 3.1622776601683795e-09
    },
    "training_params": {},
    "train_losses": [
        276.7767875425277,
        276.8412825061429,
        276.5481685515373,
        276.25894952589465,
        276.53331781202746,
        276.7357596120527,
        276.75807189941406,
        276.83002742644277,
        276.4843085504347,
        277.00867634434854,
        276.99390780541205,
        276.72125441028226,
        276.2709281675277,
        276.72657431325604,
        277.11465798654865,
        276.41692081574473,
        276.3365247172694,
        276.82220606650077,
        276.6961916031376,
        276.6176039172757,
        276.54387787849674,
        276.3525720411731,
        276.34435050718247,
        276.62674688523816,
        276.4679683562248,
        276.3539856941469,
        276.95714003039944,
        276.31951707409274,
        276.18687192855344,
        276.746825679656,
        276.71724282541584,
        276.24630540417087,
        276.51287792574976,
        276.93331121629285,
        276.1275329589844,
        276.34311995967744,
        276.4969502110635,
        276.61051153367566,
        276.51143227854084,
        276.6436349191973,
        276.62432812106226,
        276.9541389711442,
        276.60327246881303,
        276.57032234438003,
        276.4132075155935,
        276.64774593230214,
        276.47561596285914,
        276.71180577431954,
        276.27866486580143,
        276.81963914440524,
        276.71673387096774,
        276.7825489659463,
        276.64054083055066,
        276.224114694903,
        276.4812499015562,
        276.9498123661164,
        276.6944786810106,
        276.8199585945375,
        276.60797119140625,
        276.5626476657006,
        276.68550405194685,
        276.51431028304563,
        276.64045862997733,
        276.30787461803806,
        276.38267664755546,
        276.53186970372354,
        276.7117772256174,
        276.6943088654549,
        276.15035075526083,
        276.4485892018964,
        276.8963401548324,
        276.58065008348035,
        276.2541735249181,
        276.4239231232674,
        276.60853330550657,
        276.79915348176036,
        276.2622547764932,
        276.26387959141886,
        276.2655034219065,
        276.3764136529738,
        276.8927149618826,
        276.4709866431452,
        276.73017981744584,
        276.4740723640688,
        276.5331263388357,
        276.6147697202621,
        276.2531162385018,
        276.4029417960875,
        276.14132591985884,
        276.7686437791394,
        276.36938230453,
        276.822019515499,
        276.8940597041961,
        276.40858508694555,
        276.71551513671875,
        276.5746243384577,
        276.7715714977634,
        276.4314378307712,
        276.5783903060421,
        276.87874726326237,
        276.5500035439768
    ],
    "valid_losses": [
        277.65099359327746,
        277.64967395413305,
        277.6483626827117,
        277.6470302458732,
        277.6456943635018,
        277.64437324770034,
        277.6430462252709,
        277.6417315083165,
        277.6404069469821,
        277.6390863233997,
        277.6377435499622,
        277.63641997306576,
        277.6351027950164,
        277.6337688815209,
        277.63245564122354,
        277.6311217277281,
        277.6298094718687,
        277.6284947549143,
        277.6271780690839,
        277.6258505544355,
        277.624517625378,
        277.6231930640436,
        277.62187687043223,
        277.6205414802797,
        277.61921839560233,
        277.6178913731729,
        277.61656139742945,
        277.61523339056197,
        277.61390341481854,
        277.61258229901716,
        277.61124838552166,
        277.60992677750124,
        277.60861009167087,
        277.60729488249746,
        277.60596884450604,
        277.6046492053616,
        277.60331578408517,
        277.6019774406187,
        277.6006587859123,
        277.5993406234249,
        277.59801704652847,
        277.5966964229461,
        277.59536841607866,
        277.5940458236202,
        277.5927212622858,
        277.59139719317034,
        277.5900686940839,
        277.5887347805885,
        277.587406773721,
        277.5860827046056,
        277.58474829889116,
        277.5834271830897,
        277.58211049725935,
        277.58077215379285,
        277.57945792905747,
        277.57813435216104,
        277.5768107752646,
        277.5755073793473,
        277.57418331023183,
        277.57286416330646,
        277.571531234249,
        277.57020322738157,
        277.5688786660471,
        277.5675511513987,
        277.56623987997733,
        277.56490891979587,
        277.56358878843247,
        277.562262258222,
        277.5609440957346,
        277.5596219954952,
        277.5582994030368,
        277.55697877945437,
        277.555666523595,
        277.55433654785156,
        277.5530060798891,
        277.55166921307966,
        277.55033726846017,
        277.54901123046875,
        277.54769060688636,
        277.546384749874,
        277.5450641262916,
        277.5437430104902,
        277.5424095892137,
        277.5410919189453,
        277.5397530832598,
        277.5384334441154,
        277.53712118825604,
        277.53580007245466,
        277.5344725578062,
        277.5331386443107,
        277.5318209740423,
        277.53048952164187,
        277.52916939027847,
        277.52784335228705,
        277.5265094387916,
        277.5251671575731,
        277.52384161180066,
        277.52252049599923,
        277.52120774792087,
        277.5198940154045,
        277.5185788062311
    ],