{
    "testproblem": "quadratic_deep",
    "batch_size": 32,
    "num_epochs": 100,
    "random_seed": 48,
    "weight_decay": null,
    "optimizer_name": "SGD",
    "optimizer_hyperparams": {
        "lr": 0.001
    },
    "training_params": {},
    "train_losses": [
        321.81847258537044,
        123.04579359485257,
        106.284180179719,
        103.95459648870653,
        103.15392328077748,
        102.61351308514995,
        102.08870377079133,
        101.38079095655873,
        101.07700077179939,
        100.43456342143398,
        100.03817847467238,
        99.53106714064076,
        98.7649386006017,
        98.52855042488345,
        98.0999029836347,
        97.66470164637411,
        97.43443052230343,
        97.09952618998867,
        96.84268114643712,
        96.27946619833669,
        96.02226724932271,
        95.78168093773627,
        95.62350094702936,
        95.07632150957662,
        94.91451977145287,
        94.78091479885963,
        94.48083668370401,
        93.9780541696856,
        94.10902257119456,
        93.64123067548198,
        93.71421395578692,
        93.45885369085497,
        93.37198318973664,
        92.77696867912046,
        92.92194268011278,
        92.81720019925025,
        92.53070560578377,
        92.23516304262223,
        91.91304655997983,
        91.93458311019405,
        91.939210461032,
        91.68408498456401,
        91.46815170780305,
        91.26802062988281,
        91.28592632662865,
        91.2825917889995,
        90.94201684767201,
        91.0430418445218,
        90.717040031187,
        90.70638201313633,
        90.55977039952433,
        90.44754151375064,
        90.55460062334615,
        90.4934552100397,
        90.3222909742786,
        90.27956611879411,
        90.31734614218435,
        90.01825271114227,
        89.7516115250126,
        89.73062699840915,
        89.84809112548828,
        89.77198250063005,
        89.7488061228106,
        89.67861150926159,
        89.71093110115298,
        89.33932125952936,
        89.27745572982296,
        89.42172044323337,
        89.35382227743825,
        89.09966548796623,
        89.26602566626764,
        88.89198844663558,
        89.11078323856476,
        88.85511361399004,
        88.97032706968245,
        89.00099255961757,
        88.70299702305948,
        88.9306175478043,
        88.97410977271295,
        88.94284549836189,
        88.71875984438005,
        88.59849228397492,
        88.61841115643901,
        88.75606758363786,
        88.57806864092427,
        88.50367244597405,
        88.49272155761719,
        88.68127416795299,
        88.52295192595452,
        88.41357101932648,
        88.43790263514364,
        88.41578895814958,
        88.40336190500567,
        88.38866153840095,
        88.12597680860951,
        88.3191646452873,
        88.32907006048387,
        88.19819222727129,
        88.10188391900832,
        88.24112479917464,
        88.04709895964592
    ],
    "valid_losses": [
        320.9173308341734,
        121.54694415676978,
        104.98387687436995,
        102.58313382056451,
        101.78532089725617,
        101.16145496983683,
        100.57731776083669,
        100.02882311421055,
        99.51348630843624,
        99.01941434798702,
        98.55133696525327,
        98.10054385277533,
        97.6629392562374,
        97.21425013388357,
        96.84586457283267,
        96.46153529997795,
        96.08187226326235,
        95.71479698919481,
        95.37545604090536,
        95.04705564437374,
        94.72915157195061,
        94.42958413400957,
        94.09776379985195,
        93.85709577991116,
        93.57193460772115,
        93.3140620570029,
        93.07956055671939,
        92.84778644192603,
        92.5889877811555,
        92.37452525477255,
        92.16882644161102,
        91.96320047686177,
        91.76775655438823,
        91.58152401831842,
        91.40084863478138,
        91.24253574494392,
        91.08854183073967,
        90.94553621353641,
        90.77104137789819,
        90.63912693146736,
        90.47583770751953,
        90.32539539952433,
        90.20614796300089,
        90.0774194040606,
        89.9669932703818,
        89.80669206188571,
        89.68199649933845,
        89.58952331542969,
        89.47456458307082,
        89.38301677088583,
        89.28314750425277,
        89.17195547780683,
        89.0762220813382,
        88.9895728326613,
        88.9260000413464,
        88.8241431943832,
        88.73798075029927,
        88.65033131261026,
        88.58573249078566,
        88.50828355358493,
        88.43951932845577,
        88.36855586882561,
        88.31097633607926,
        88.26691584433279,
        88.17232710315335,
        88.115964827999,
        88.04210342899445,
        88.00992781116116,
        87.96904557751071,
        87.91558296449723,
        87.8661137242471,
        87.78904945619645,
        87.72938709874308,
        87.6785381686303,
        87.64908944406817,
        87.60136069020918,
        87.54128240769909,
        87.52848643641317,
        87.4906488233997,
        87.43648356776083,
        87.40815119589529,
        87.34962709488407,
        87.30846232752646,
        87.28492761427357,
        87.27976423694241,
        87.23292935279107,
        87.19072821832472,
        87.15946369786417,
        87.12403820407006,
        87.09603414227885,
        87.06194330030873,
        87.03558669551727,
        86.99255961756552,
        86.97504375826928,
        86.9456270279423,
        86.92882907006049,
        86.91863152288622,
        86.85711079259073,
        86.84028674710181,
        86.82494058916646,
        86.80215306435862
    ],