{
    "testproblem": "quadratic_deep",
    "batch_size": 32,
    "num_epochs": 100,
    "random_seed": 46,
    "weight_decay": null,
    "optimizer_name": "SGD",
    "optimizer_hyperparams": {
        "lr": 0.001
    },
    "training_params": {},
    "train_losses": [
        430.7108646515877,
        118.68704494353264,
        105.07540942776588,
        103.78468888805759,
        103.18466112690587,
        102.52288080030873,
        101.97869848435924,
        101.39637682514805,
        100.75933764057774,
        100.04147535754788,
        99.59978460496471,
        98.85880377984816,
        98.49340451148248,
        97.89798588906565,
        97.60750112225932,
        97.08274299867692,
        96.70213810090095,
        96.3780771070911,
        95.99391691146359,
        95.77141940209174,
        95.39949281754032,
        94.9873541555097,
        94.72777655816847,
        94.18982794977003,
        94.02889079432333,
        93.7448265321793,
        93.40185891428301,
        93.28968884868007,
        93.18921661376953,
        92.88823626118321,
        92.74026686145413,
        92.2847181750882,
        92.20523366620463,
        91.96184392129221,
        91.9295405726279,
        91.4051493983115,
        91.50903960197202,
        91.27289236745527,
        91.19543284754599,
        90.95217354066911,
        90.82298943304247,
        90.6712641562185,
        90.82486454133064,
        90.48092257591986,
        90.42142511183216,
        90.27376900949785,
        90.19176458543346,
        89.88133682743195,
        89.86671964583859,
        89.79637145996094,
        89.63870091592112,
        89.68755242132372,
        89.52393661006805,
        89.42047759025327,
        89.30299869660408,
        89.23605100570187,
        89.02576372700352,
        88.9726294240644,
        89.02683356500441,
        88.93038054435483,
        88.92789508450416,
        88.66884096207157,
        88.54229244109123,
        88.72033519129599,
        88.44104569958103,
        88.51692470427483,
        88.37203019665134,
        88.43990399760585,
        88.49824843868133,
        88.19609931207472,
        88.14013450376449,
        88.19285509663243,
        88.13394952589466,
        88.18478270499936,
        88.19522168559413,
        87.98199610556325,
        87.9710932085591,
        87.93313623243763,
        87.80405967466292,
        87.75186255670363,
        87.91003860965851,
        87.85146848617062,
        87.92952186830583,
        87.59376895043158,
        87.72140945926789,
        87.8187509352161,
        87.61366887246409,
        87.61772844868321,
        87.3933829030683,
        87.43490452920237,
        87.54698796426096,
        87.54273150044102,
        87.47044667889995,
        87.38858179892263,
        87.44007381316155,
        87.43381943241242,
        87.32884093253843,
        87.17845350696194,
        87.15000251031691,
        87.32522361509261,
        87.38229813114289
    ],
    "valid_losses": [
        431.91732591198337,
        118.13039619691911,
        104.26595281785534,
        102.81035466347971,
        102.04213591544858,
        101.35611970963016,
        100.74266027635143,
        100.12855677450857,
        99.56266563169417,
        98.99159905218309,
        98.4556139053837,
        97.94444250291393,
        97.47774973223287,
        97.01492752567414,
        96.54915741951235,
        96.12441893546811,
        95.75165656305128,
        95.32932650658393,
        94.96312590568296,
        94.5833011750252,
        94.28391954975743,
        93.96091928789693,
        93.6683364375945,
        93.34569746448147,
        93.07152237430695,
        92.77532515987274,
        92.49911892798639,
        92.23464104437059,
        91.99273460142074,
        91.81087813838836,
        91.58680109823904,
        91.35477644397366,
        91.16645837599232,
        90.9359394196541,
        90.7370858961536,
        90.55968081566596,
        90.44458573864353,
        90.2967760639806,
        90.08072736186367,
        89.92852980090726,
        89.81123573549333,
        89.63521575927734,
        89.50211875669417,
        89.39055731988722,
        89.2320066882718,
        89.18925205353767,
        89.00957292126071,
        88.89938895933089,
        88.76732389388546,
        88.69649234894783,
        88.59597236879411,
        88.52212893578314,
        88.39906212591356,
        88.33508276170299,
        88.2677021641885,
        88.14379267538747,
        88.05159931798136,
        88.00768870692099,
        87.93607133434665,
        87.87282070036858,
        87.76592476137223,
        87.71104283486643,
        87.64698422339654,
        87.6172859438004,
        87.51661952849358,
        87.47919710220829,
        87.36389750819052,
        87.33438356461063,
        87.29991962063697,
        87.2443601546749,
        87.22547912597656,
        87.18433896956905,
        87.1564459031628,
        87.05052234280494,
        87.00240941201487,
        86.97493350121283,
        86.96058236399004,
        86.86359282462827,
        86.82829112391317,
        86.80677253969255,
        86.79934200163811,
        86.76488273374495,
        86.72359072777533,
        86.66580052529612,
        86.61613070580268,
        86.6268797843687,
        86.60058667582851,
        86.55530769594255,
        86.50347162062123,
        86.50129871983683,
        86.49437713623047,
        86.44717358004662,
        86.42826375653667,
        86.42203349451864,
        86.43341802781627,
        86.34047034478957,
        86.31741480673513,
        86.34087937878024,
        86.30555971207157,
        86.25507379347279,
        86.26773046678112
    ],