{
    "testproblem": "quadratic_deep",
    "batch_size": 32,
    "num_epochs": 100,
    "random_seed": 51,
    "weight_decay": null,
    "optimizer_name": "SGD",
    "optimizer_hyperparams": {
        "lr": 0.001
    },
    "training_params": {},
    "train_losses": [
        404.9321850192162,
        123.84446593253843,
        104.24130249023438,
        101.76640172158518,
        100.73519011466733,
        100.60528712118825,
        100.22547001992503,
        99.63803199029738,
        99.19047447942918,
        98.7134529852098,
        98.4000485327936,
        97.97627725908833,
        97.86905251779864,
        97.3354009812878,
        97.00636316114857,
        96.52856765254852,
        96.19757646129978,
        96.29027286652595,
        95.77164582283267,
        95.39009586457283,
        95.37496480634135,
        94.87034680766445,
        94.52973224270728,
        94.65258272232548,
        94.18219510970577,
        94.07094032533708,
        93.80550482965285,
        93.74272204983619,
        93.48583541377899,
        93.18470099664503,
        92.8558839367282,
        92.97339777792654,
        92.65365379087386,
        92.47955666818926,
        92.34585079070061,
        92.23518371582031,
        92.04027828093498,
        91.82321609989289,
        91.80730364399571,
        91.7291011195029,
        91.63077274445564,
        91.1386228992093,
        91.50708598475302,
        91.37650520570817,
        91.1106468939012,
        91.03042381040511,
        90.77757706180695,
        90.82379913330078,
        90.70703666440902,
        90.52137830180507,
        90.50016267838016,
        90.39912685271233,
        90.29186322612148,
        90.21385685090095,
        90.22948849585748,
        89.89504783384261,
        90.02261229484311,
        90.02538594891948,
        89.84899360902848,
        89.64647994502899,
        89.58736911896736,
        89.52074653871598,
        89.43648209110383,
        89.24720099664503,
        89.40884743967364,
        89.28880826888546,
        89.22057194863596,
        89.12572577691847,
        88.93656355334866,
        89.01041313909715,
        88.71037095592868,
        89.08720496393019,
        88.90202946816721,
        88.82471736784905,
        88.86519007528982,
        88.8901600991526,
        88.84144296953755,
        88.62043146933279,
        88.65557689051474,
        88.37420629685924,
        88.55536184003276,
        88.77080855831024,
        88.50917668496409,
        88.47557880032447,
        88.46510290330455,
        88.61179868636593,
        88.43441157187185,
        88.27025013585245,
        88.2865479992282,
        88.3453127953314,
        88.14022704093686,
        88.18653598908455,
        88.27371141987462,
        88.0842797064012,
        88.23212235973728,
        88.13863766577936,
        87.95869642688382,
        87.81826733004662,
        87.97923180364793,
        87.96851521153604,
        87.8413799655053
    ],
    "valid_losses": [
        398.26116549584174,
        120.5689950758411,
        101.93012852822581,
        99.74420953566029,
        99.0261971258348,
        98.50917520830708,
        98.06236660865045,
        97.66098194737589,
        97.26393324329007,
        96.82527579030683,
        96.42217500748173,
        96.05370601530998,
        95.71005125968686,
        95.32750037408644,
        95.00420231972971,
        94.65250322895665,
        94.37775322698778,
        94.10618640530494,
        93.78218989218435,
        93.49769567674205,
        93.22294321367818,
        92.99376333913496,
        92.71893999653477,
        92.55844288487589,
        92.2815930766444,
        92.06484960740612,
        91.8839379587481,
        91.67309176537299,
        91.40918411747101,
        91.218507828251,
        91.05289213119015,
        90.87916663385207,
        90.719480945218,
        90.5651385399603,
        90.3903048115392,
        90.24862547843686,
        90.14349365234375,
        90.02169824415638,
        89.79959574053365,
        89.65229280533329,
        89.55318032541582,
        89.44674879504788,
        89.29518447383758,
        89.19226615659652,
        89.06889269428868,
        88.97644264467301,
        88.90751451061618,
        88.7477308704007,
        88.66666732295867,
        88.55664234776651,
        88.44798008088142,
        88.34282635104272,
        88.26019459386026,
        88.17413108579574,
        88.10499991140058,
        88.0246121806483,
        87.94600406769783,
        87.87476570375505,
        87.80347910235005,
        87.72929382324219,
        87.62167259954637,
        87.5574237454322,
        87.54074392011088,
        87.43309783935547,
        87.3721192882907,
        87.32455173615486,
        87.30175756639049,
        87.24938472624748,
        87.19323189027848,
        87.1387693343624,
        87.08427896807271,
        87.0447751937374,
        86.96196722215221,
        86.89814881355532,
        86.85518154021233,
        86.81524018318423,
        86.77135270641696,
        86.72044274114793,
        86.68675724152595,
        86.62109399610951,
        86.62569821265436,
        86.6050053258096,
        86.55726426647556,
        86.53875018704322,
        86.46694847845262,
        86.45378260458669,
        86.41286960724861,
        86.33346606839088,
        86.31441399358934,
        86.26386556317729,
        86.20776244132749,
        86.16253366777974,
        86.1953368648406,
        86.17758203321888,
        86.11649642452117,
        86.08560599050215,
        86.04717992967174,
        86.0300763037897,
        86.01035087339339,
        86.00255781604397,
        85.9401621664724
    ],