{
    "testproblem": "quadratic_deep",
    "batch_size": 32,
    "num_epochs": 100,
    "random_seed": 47,
    "weight_decay": null,
    "optimizer_name": "SGD",
    "optimizer_hyperparams": {
        "lr": 0.001
    },
    "training_params": {},
    "train_losses": [
        261.0954422489289,
        119.85655163180444,
        108.90772985642955,
        107.02244444816343,
        105.9248782742408,
        105.20650457566784,
        104.28159110776839,
        103.50178995440083,
        102.57596858855217,
        101.91000341599987,
        101.15578263805759,
        100.38800319548577,
        99.79593190839213,
        99.35042719687185,
        98.85906440980973,
        98.08116026847593,
        97.65087644515499,
        97.10994548182333,
        96.66187753985005,
        96.23514852216167,
        95.656249015562,
        95.21783299599925,
        94.95747670819682,
        94.438475085843,
        94.18731246456024,
        93.67046503866872,
        93.56193247149068,
        92.94123323502079,
        92.91661096388295,
        92.55671888782132,
        92.18198419386341,
        92.02858709519909,
        91.89571995888987,
        91.5655010592553,
        91.1971186976279,
        91.08080390191847,
        90.8085706157069,
        90.6145494522587,
        90.44769828550277,
        90.20116227672946,
        89.84455010198778,
        90.04353627850932,
        89.77831588252899,
        89.45870381016886,
        89.45913991620463,
        89.10000930293914,
        88.92302802301222,
        88.93593523579258,
        88.89022950203189,
        88.65127071257561,
        88.57435140302104,
        88.4018818024666,
        88.44670769476122,
        88.22577101184476,
        88.04327294134325,
        87.97631269885647,
        87.94533981815461,
        87.95621195147115,
        87.65114445840159,
        87.62520205590033,
        87.51722102011404,
        87.53741971908077,
        87.54112219041393,
        87.29132670740927,
        87.39070523169732,
        87.30035720332977,
        87.03021609398627,
        86.9292728054908,
        87.12837883733934,
        86.93323664511404,
        87.00250145696825,
        86.59467044953377,
        86.83867300710371,
        86.81849473522556,
        86.81349477460307,
        86.6501221195344,
        86.64268222931892,
        86.62499163227696,
        86.36563307239163,
        86.44517738588395,
        86.38830000354397,
        86.17418473766696,
        86.33231649091167,
        86.3541488647461,
        86.30769200478831,
        86.28143753543976,
        86.13297493227067,
        86.222166492093,
        86.1651864820911,
        86.00183450022051,
        85.99793735627205,
        85.96217567689958,
        86.20108056837513,
        85.91430590229649,
        85.91734141688192,
        85.96185401178175,
        85.73499568816155,
        85.91443830920804,
        85.83589689193234,
        85.78447994109123,
        85.91434060373614
    ],
    "valid_losses": [
        260.6497620613344,
        119.24227413054436,
        108.33297557215536,
        106.50381026729461,
        105.46180774319556,
        104.50580301592427,
        103.6729010305097,
        102.85233799103767,
        102.02415515530494,
        101.32679625480405,
        100.63190017207977,
        99.94697103192729,
        99.31426214402721,
        98.67986691382623,
        98.09730603618007,
        97.5655025359123,
        97.0033227243731,
        96.53744039227885,
        96.03834705968058,
        95.57886972735005,
        95.14754141530683,
        94.72069943335748,
        94.30687122960245,
        93.89480861540764,
        93.55071233933971,
        93.1752417779738,
        92.83411579747354,
        92.55253305742818,
        92.18232923938382,
        91.89402426442793,
        91.65449523925781,
        91.41685633505544,
        91.15301415228075,
        90.9053940311555,
        90.62751080912929,
        90.37790138490739,
        90.20715602751702,
        90.01959425403226,
        89.77382930632561,
        89.56764418079007,
        89.44671532415575,
        89.25380977507561,
        89.11817710630355,
        88.92952875937185,
        88.76125040361958,
        88.64381088749055,
        88.47505261821132,
        88.30423982681766,
        88.19164202290196,
        88.0476556593372,
        88.00272861603767,
        87.87874283329133,
        87.73563704952117,
        87.61099218553112,
        87.54247702321699,
        87.42674846033896,
        87.3191658758348,
        87.22384741998488,
        87.12689873480028,
        87.0232900804089,
        86.96911596482799,
        86.86071014404297,
        86.82707140522618,
        86.76673889160156,
        86.64785545103011,
        86.61354704826108,
        86.52843721451298,
        86.48414242652154,
        86.38338445848034,
        86.31432588638798,
        86.27356744581654,
        86.22775440831339,
        86.19478041125882,
        86.12733533305507,
        86.08657393916961,
        86.03194279824534,
        85.97438713812059,
        85.94000933247227,
        85.91370711788055,
        85.86602955479776,
        85.82871344781691,
        85.75958621117377,
        85.72365053238407,
        85.6897710984753,
        85.62269173899004,
        85.65028848955708,
        85.5733135592553,
        85.57329928490424,
        85.52081544937626,
        85.45470108524445,
        85.45637561428931,
        85.4221439976846,
        85.40044969128024,
        85.33775698754096,
        85.36010373023248,
        85.3088615171371,
        85.28656842631679,
        85.25168142011088,
        85.28026654643398,
        85.2136464272776,
        85.20120017759261
    ],