{
    "testproblem": "quadratic_deep",
    "batch_size": 32,
    "num_epochs": 100,
    "random_seed": 52,
    "weight_decay": null,
    "optimizer_name": "SGD",
    "optimizer_hyperparams": {
        "lr": 0.001
    },
    "training_params": {},
    "train_losses": [
        300.0041740171371,
        114.72558938303301,
        104.11482829432333,
        102.89412196989983,
        102.22351443383002,
        101.40561725247291,
        100.82833911526588,
        100.30948860414567,
        99.98635568926412,
        99.1081791539346,
        98.93375593616116,
        98.26277160644531,
        97.89802920433783,
        97.58770825785976,
        97.13017272949219,
        96.73161783526021,
        96.261474117156,
        96.12906105287614,
        95.72330745573967,
        95.21905173024824,
        95.02517158754411,
        94.3892802576865,
        94.47509937901651,
        94.22193465694305,
        93.9354006859564,
        93.58302700904107,
        93.30650624921245,
        92.99801118912235,
        92.61278632379347,
        92.7017096242597,
        92.47572917322958,
        92.26516699021862,
        92.02407836914062,
        91.95542415495842,
        91.70032575053554,
        91.33351258308657,
        91.44678325037802,
        91.33144846270162,
        90.97496697210497,
        90.75322108114919,
        90.70885369085497,
        90.64298395956716,
        90.51318482429751,
        90.34207104098412,
        90.32109069824219,
        90.13145840552545,
        89.97243918142011,
        89.91911881969821,
        89.84427002937564,
        89.61050538093814,
        89.61875866305444,
        89.59759447651524,
        89.62291742140248,
        89.14598058885143,
        89.24791815973097,
        89.30261698076802,
        88.98509191697643,
        88.93495399721208,
        88.91062582692793,
        88.88052811161164,
        88.86972956503591,
        88.77694603704637,
        88.68750221498551,
        88.68851569391066,
        88.46348448722593,
        88.21639227098034,
        88.50352453416393,
        88.41983696722215,
        88.30776066933909,
        88.35464182207662,
        88.15779310657132,
        88.11513100900957,
        88.00709459858555,
        88.06421956708354,
        88.0028314898091,
        87.98784686673072,
        88.03014078447896,
        87.93627757410849,
        87.88711400185862,
        87.51990164479902,
        87.81899901359311,
        87.97311376756237,
        87.86346460157826,
        87.55216660038117,
        87.60508088142642,
        87.77572311893586,
        87.66694222727129,
        87.7681653422694,
        87.50438173355595,
        87.44572350286668,
        87.59774115777785,
        87.63921725365424,
        87.47397736580142,
        87.33602191555885,
        87.17112461213142,
        87.19649727113786,
        87.19565040834489,
        87.26637637230658,
        87.48622574344758,
        87.14691162109375,
        87.29416951825542
    ],
    "valid_losses": [
        301.7827886766003,
        115.29417714764995,
        104.33653480775895,
        102.95255796370968,
        102.27164729948967,
        101.68770156368133,
        101.09732203329763,
        100.55304102743825,
        100.0290288617534,
        99.52247939571258,
        99.00033347837386,
        98.55554543772051,
        98.12611044606855,
        97.71053707984186,
        97.29344201857045,
        96.9189945344002,
        96.56514715379284,
        96.19937552175215,
        95.87274046867124,
        95.52127493581465,
        95.1919208649666,
        94.92729949951172,
        94.66210002283896,
        94.36251314224735,
        94.09037386986518,
        93.85104419339088,
        93.568359375,
        93.35571978169102,
        93.10328403595955,
        92.89978568784652,
        92.70734503961378,
        92.47793259159211,
        92.2963111631332,
        92.11658059397051,
        91.92091320407006,
        91.73887609666393,
        91.5657695647209,
        91.42872250464654,
        91.30790316674018,
        91.15551536313949,
        90.99721970096711,
        90.86443255024571,
        90.72895936043032,
        90.62187982374623,
        90.53058575045678,
        90.39610044417843,
        90.24276930286038,
        90.16824168543661,
        90.06906300206339,
        89.95511307254914,
        89.84767667708859,
        89.76192252866683,
        89.6526870727539,
        89.5535873905305,
        89.46556829637096,
        89.39353696761593,
        89.30019944713962,
        89.27250474499118,
        89.16620316043976,
        89.09766535605154,
        89.02786550214213,
        88.95152971821446,
        88.90099113218245,
        88.8164293842931,
        88.77713751023815,
        88.70656118085307,
        88.64761032596711,
        88.58990798457977,
        88.55953659549836,
        88.54712135561051,
        88.46728761734501,
        88.4209491360572,
        88.36225275839529,
        88.31479743219191,
        88.28759470293599,
        88.23908012144027,
        88.19524309712071,
        88.14826817666331,
        88.11708708732358,
        88.10681693784652,
        88.04643347955519,
        88.03885675245716,
        87.9672110772902,
        87.90659775272492,
        87.86584718765751,
        87.85862042826992,
        87.83394253638482,
        87.81461703392768,
        87.75113751811367,
        87.7364265688004,
        87.73555706393334,
        87.72977472120716,
        87.68757530950731,
        87.64046822824785,
        87.59581608926096,
        87.57122975011026,
        87.57747084094632,
        87.5441377701298,
        87.50488970356602,
        87.47218052033455,
        87.4571533203125
    ],