{
    "testproblem": "quadratic_deep",
    "batch_size": 32,
    "num_epochs": 100,
    "random_seed": 50,
    "weight_decay": null,
    "optimizer_name": "SGD",
    "optimizer_hyperparams": {
        "lr": 0.001
    },
    "training_params": {},
    "train_losses": [
        276.979494156376,
        119.34984859343498,
        107.72478829660723,
        105.93541963638798,
        104.89595130182082,
        104.12862027075982,
        103.17328520744077,
        102.50770199683404,
        101.88780064736643,
        101.13553939327117,
        100.76767927600491,
        99.95810034967238,
        99.48084012923702,
        98.76452242943549,
        98.43758097002583,
        97.88387397027785,
        97.22086211173765,
        96.88722573557207,
        96.4893569946289,
        96.03244929159841,
        95.71994166220388,
        95.2592291062878,
        94.92584769956527,
        94.53799684586063,
        94.11772623369771,
        93.90505636892011,
        93.59794567477319,
        93.3666283392137,
        93.11029692619077,
        92.7700712142452,
        92.36419456235824,
        92.25597184704196,
        91.82257966072329,
        91.62491952219317,
        91.62389644499748,
        91.38853528422695,
        91.02102513467112,
        90.85648395169166,
        90.74420732067478,
        90.71954444146925,
        90.30236422631049,
        90.3799578758978,
        90.0407476117534,
        90.01993388514364,
        89.79365637994582,
        89.76946603098223,
        89.57618073494204,
        89.4786874094317,
        89.47300351050592,
        89.00824712937877,
        89.04721856886341,
        88.83692981350806,
        89.02357310633505,
        88.82677041330645,
        88.57704384096208,
        88.69231291740171,
        88.40544079196069,
        88.41486653973979,
        88.30288573234311,
        88.12597582417149,
        88.2638677781628,
        88.22423381190146,
        87.99893360753214,
        88.1024908250378,
        88.00905190744707,
        87.75595486548639,
        87.8288808022776,
        87.6375469084709,
        87.72580842048892,
        87.63783436436808,
        87.79391602546939,
        87.47223392609627,
        87.35850451069493,
        87.33400061822707,
        87.46783841040826,
        87.40789007371471,
        87.10680487848097,
        87.13043951219127,
        87.24143785045993,
        87.17117235737462,
        87.00051584551412,
        87.16371400894657,
        86.97497312484249,
        87.05018615722656,
        87.02630664456275,
        87.13362638411984,
        86.8511962890625,
        86.88081852082283,
        86.85357641404674,
        86.81019296953755,
        86.86424526091545,
        86.62098570792905,
        86.90867417858493,
        86.53394366848853,
        86.63291611209992,
        86.61194389097152,
        86.67674624535346,
        86.6105238391507,
        86.54757075155935,
        86.65500690091041,
        86.5369380827873
    ],
    "valid_losses": [
        277.65099359327746,
        120.43124512703189,
        108.45667586788055,
        106.60907991470829,
        105.59574545583418,
        104.77962001677483,
        103.94032336819556,
        103.25121774981099,
        102.52042265861265,
        101.87247467041016,
        101.22529971215033,
        100.70153340985698,
        100.10897753315587,
        99.55291748046875,
        98.97391337733114,
        98.4959475609564,
        98.01745359359249,
        97.54005727460307,
        97.10434304514239,
        96.7392807006836,
        96.31163074124244,
        95.90387381276777,
        95.59028822375882,
        95.23986570296749,
        94.92021129977319,
        94.62239296205583,
        94.28819496400895,
        94.01594764955583,
        93.75630409486833,
        93.46040245794481,
        93.22415677962765,
        93.0010981405935,
        92.78702471333165,
        92.45451133481917,
        92.30621190224925,
        92.07654103925151,
        91.92995772823211,
        91.76496788763231,
        91.53561499810988,
        91.34344211701423,
        91.23502276020665,
        91.03445385348412,
        90.89986272012034,
        90.7511978149414,
        90.62336903233683,
        90.52029689665764,
        90.35325721002394,
        90.27204230523878,
        90.09675967308783,
        89.97854368148312,
        89.92217303860572,
        89.7641842749811,
        89.64925482965285,
        89.59720439295614,
        89.43814579133064,
        89.42257444320187,
        89.27057795370779,
        89.23648785006615,
        89.12461410030242,
        89.04347672001008,
        88.95445202242944,
        88.90016666535408,
        88.79691757694367,
        88.77499709590789,
        88.74189905966482,
        88.64550805860951,
        88.60039864816973,
        88.58688526768839,
        88.50818486367503,
        88.46547329810357,
        88.37688692154423,
        88.3034165905368,
        88.2408183928459,
        88.19046611170614,
        88.17975173457977,
        88.12689898090977,
        88.04381881221649,
        88.07660084386026,
        88.08348181939894,
        87.93696938791582,
        87.86636131040511,
        87.86454526839718,
        87.81568711803806,
        87.78190366683468,
        87.72714085732737,
        87.77042315083165,
        87.71189535817793,
        87.62602012388167,
        87.61066190658077,
        87.58750177198841,
        87.62348987210181,
        87.49859176143524,
        87.4872808148784,
        87.51388672859439,
        87.44076587307838,
        87.40403772169545,
        87.44849814138105,
        87.36873454432333,
        87.3618882702243,
        87.35474986414755,
        87.38057782573085
    ],