{
    "testproblem": "quadratic_deep",
    "batch_size": 32,
    "num_epochs": 100,
    "random_seed": 45,
    "weight_decay": null,
    "optimizer_name": "SGD",
    "optimizer_hyperparams": {
        "lr": 0.001
    },
    "training_params": {},
    "train_losses": [
        317.66754347278226,
        126.57416780533329,
        108.51116106587071,
        105.82354514829574,
        104.84409061554939,
        103.8041514735068,
        103.2428960492534,
        102.4709974719632,
        101.94192923268965,
        101.11781384868007,
        100.42062328707787,
        99.96250201809791,
        99.53800275248867,
        98.63689471829322,
        98.3025387179467,
        97.75351813531691,
        97.4408443820092,
        96.79063637025895,
        96.50426335488596,
        96.05644053797567,
        95.63823798394972,
        95.53506420504662,
        94.99813030612084,
        94.66212094214654,
        94.28577349262852,
        94.11531017672631,
        93.84037534652218,
        93.58700783021989,
        93.12610847719255,
        92.91510058987525,
        92.73916084535661,
        92.6525152883222,
        92.32008238761655,
        92.2042479976531,
        91.92505965694305,
        91.74717737013295,
        91.52455828266758,
        91.46438155635711,
        91.15196572580645,
        91.10408413794732,
        90.90059834141886,
        90.72579808388987,
        90.87791984311995,
        90.62103665259576,
        90.36630495132938,
        90.28237890428112,
        90.26488987092048,
        90.07843583629978,
        90.15068152643019,
        89.87093574770036,
        89.72890693910661,
        89.69189108571699,
        89.58993111887285,
        89.57963438956968,
        89.46086588213521,
        89.41692229240171,
        89.38452960598853,
        89.17623039983934,
        89.08031906620148,
        89.08302257907006,
        88.9556631272839,
        88.7374511226531,
        88.7627927718624,
        88.66672860422442,
        88.5137939453125,
        88.70690548804498,
        88.64909288960118,
        88.75605995424333,
        88.53465664771295,
        88.20985166488155,
        88.35373786187941,
        88.36299477854082,
        88.36027256135017,
        88.2605238883726,
        88.32970576132497,
        88.19478311846333,
        88.14537146783644,
        88.15313179262223,
        88.11656139742944,
        88.03578259868007,
        88.10262766192037,
        88.01100011025706,
        87.99108049946446,
        87.79762858729208,
        88.01763940626576,
        88.08489202683971,
        87.90889296993133,
        87.85849048245338,
        87.85125658589024,
        87.89095084897933,
        87.97010655556956,
        87.7741209460843,
        87.69785407281691,
        87.7256602625693,
        87.75036916425151,
        87.6742681687878,
        87.68804734753024,
        87.40474356374433,
        87.53907332881805,
        87.55075393184539,
        87.54307186988092
    ],
    "valid_losses": [
        316.0946044921875,
        124.81730528800718,
        106.90570068359375,
        104.31782630182082,
        103.33920386529738,
        102.50219480452999,
        101.73954625283518,
        100.99774046867124,
        100.31176782423451,
        99.65782657746345,
        99.02652642034715,
        98.40918756300404,
        97.84986212945753,
        97.32443434192288,
        96.82035803025768,
        96.31930320493636,
        95.87297919488722,
        95.43899462299962,
        95.00668581070438,
        94.6096932195848,
        94.22275666267642,
        93.85950051584551,
        93.50231244487148,
        93.1851801718435,
        92.89861592938823,
        92.57549285888672,
        92.30764622842112,
        92.03004455566406,
        91.75191177860383,
        91.49890825825352,
        91.29412226523122,
        91.06340715962071,
        90.85350774949596,
        90.65073886994392,
        90.4657737978043,
        90.26951033069241,
        90.08998477074408,
        89.8929194788779,
        89.7457994030368,
        89.60176529422883,
        89.4443851594002,
        89.30060774280179,
        89.17246467836442,
        89.04298720821258,
        88.9011976180538,
        88.7853735646894,
        88.6721914968183,
        88.55854378977129,
        88.46788123346144,
        88.36600888159967,
        88.2667945123488,
        88.1608628303774,
        88.07530064736643,
        87.9888404107863,
        87.8973895657447,
        87.83387411794355,
        87.74531776674333,
        87.66153126378214,
        87.6031762399981,
        87.52814680530179,
        87.45669924828314,
        87.42084232453377,
        87.3403556577621,
        87.29223928143901,
        87.23758599065965,
        87.21348374889743,
        87.12330332110005,
        87.07869892735636,
        87.02788666755923,
        86.9781255414409,
        86.9716078235257,
        86.91177589662614,
        86.88543061287173,
        86.82991372385332,
        86.79275168142011,
        86.78013783116495,
        86.73227716261341,
        86.66451066540134,
        86.60226391207787,
        86.59566990021736,
        86.56016294417843,
        86.52264059743574,
        86.48805876701108,
        86.46762626401839,
        86.43738629741054,
        86.40050777312248,
        86.3916517688382,
        86.37121754307901,
        86.34834560271233,
        86.31871574155745,
        86.26051699730658,
        86.23841907132056,
        86.24113464355469,
        86.22049663912865,
        86.16854833787487,
        86.17316535211378,
        86.1415279757592,
        86.12582225184286,
        86.11907072990171,
        86.10332735123173,
        86.05491736627394
    ],