{
    "testproblem": "quadratic_deep",
    "batch_size": 32,
    "num_epochs": 100,
    "random_seed": 49,
    "weight_decay": null,
    "optimizer_name": "SGD",
    "optimizer_hyperparams": {
        "lr": 0.001
    },
    "training_params": {},
    "train_losses": [
        234.04033734721523,
        121.19927658573273,
        111.27612821517452,
        109.39334401776713,
        108.21916617116621,
        107.49912975680444,
        106.62646410542149,
        105.7049319359564,
        104.78285931002709,
        103.9210928640058,
        103.30406336630544,
        102.37818342639554,
        101.91283785912299,
        101.05722341229838,
        100.79253805837324,
        100.00915699620401,
        99.52135738249748,
        98.89022211874685,
        98.32291117022115,
        97.98837058774886,
        97.52325537896925,
        96.90455086000505,
        96.64583710701235,
        96.2386469687185,
        95.70728991108555,
        95.36625105334866,
        95.15679833196825,
        94.67994369999055,
        94.30721307569935,
        94.1626938850649,
        93.832518054593,
        93.64797136860508,
        93.34140285368889,
        93.14159442532447,
        92.86765387750441,
        92.55140538369456,
        92.25480258080268,
        92.114747078188,
        91.53902632190335,
        91.68704765073714,
        91.53542204826108,
        91.28235404722152,
        90.92180387435421,
        90.91697569816343,
        90.94166638774257,
        90.47606708157447,
        90.5879388624622,
        90.51376170496786,
        90.29385597475114,
        90.24582302954889,
        89.99366587977255,
        89.79735491352696,
        89.40470492455268,
        89.76913452148438,
        89.32610493321573,
        89.4043697234123,
        89.33951420937815,
        89.1598144039031,
        89.1658450711158,
        89.0694119853358,
        88.90225785778415,
        88.8916495538527,
        88.76031395696825,
        88.88501665669102,
        88.50841005386845,
        88.48219594647807,
        88.32056599278604,
        88.49645553096649,
        88.45731550647366,
        88.32831007434476,
        88.3558588335591,
        88.2372059975901,
        88.2676507273028,
        88.01857339182207,
        88.03335177513861,
        88.06634570706275,
        87.96255936161164,
        87.80373062626008,
        87.75797025619015,
        87.8274400772587,
        87.73780084425404,
        87.67205687492124,
        87.5132586571478,
        87.74015365108367,
        87.58076870825982,
        87.67247698383946,
        87.5670660695722,
        87.63409423828125,
        87.47871497369582,
        87.53450578258884,
        87.3821285616967,
        87.3964093116022,
        87.35551231138167,
        87.21447926182901,
        87.38549730854649,
        87.09029216151083,
        87.0791493077432,
        87.25497559578189,
        87.17757907990486,
        87.0766360375189,
        87.14636870353452
    ],
    "valid_losses": [
        237.00700230752267,
        121.27235880205708,
        110.7386991439327,
        108.73734824888167,
        107.5921401977539,
        106.66083354334677,
        105.74706342143398,
        104.93284065492692,
        104.01312329692226,
        103.30414778186429,
        102.53097706456339,
        101.8196519420993,
        101.1266597624748,
        100.55636670512538,
        99.9087374287267,
        99.36556096230784,
        98.77631673505229,
        98.2823729976531,
        97.66522266018775,
        97.18914376535723,
        96.71028407927483,
        96.3108397453062,
        95.9053726196289,
        95.47120445005355,
        95.06669198313067,
        94.74915141444052,
        94.31581238777407,
        94.03715121361518,
        93.72289202290196,
        93.41656420307774,
        93.16197352255544,
        92.79363004622921,
        92.48151102373677,
        92.269285140499,
        92.05391988446635,
        91.84296195737777,
        91.60028297670426,
        91.38072303033644,
        91.17679866667717,
        90.95401124031314,
        90.75118280226185,
        90.5534185594128,
        90.34847727129537,
        90.18582817815965,
        90.03241335961127,
        89.9907964891003,
        89.80418297552293,
        89.60127602854082,
        89.49235091670867,
        89.34049864738218,
        89.18594827959615,
        89.05261747298702,
        88.96464587796119,
        88.85812771704889,
        88.79889482067478,
        88.65994016585812,
        88.58834469702936,
        88.47867658061367,
        88.36097225066155,
        88.3064927131899,
        88.17389088292276,
        88.10240050285093,
        88.06959755189958,
        87.9496610087733,
        87.86245727539062,
        87.83416477326423,
        87.75052027548513,
        87.67982778241557,
        87.60878335275957,
        87.57132819391066,
        87.5105492376512,
        87.38614728373867,
        87.41756660707536,
        87.31770275485131,
        87.2892835063319,
        87.21868724207724,
        87.18084790629726,
        87.1682370093561,
        87.1338847990959,
        87.08888663015058,
        87.00788461008379,
        86.98724512900075,
        86.94284205282888,
        86.93069507229713,
        86.89471386324975,
        86.8404531171245,
        86.78540112895351,
        86.80837471254411,
        86.7347183227539,
        86.70318357406124,
        86.70239922308153,
        86.63598042149698,
        86.64567467474168,
        86.5608168571226,
        86.5970943820092,
        86.58035745928365,
        86.5312736265121,
        86.5125503540039,
        86.48947217387538,
        86.47164769326487,
        86.45948939169607
    ],