{
    "testproblem": "mnist_vae",
    "batch_size": 64,
    "num_epochs": 20,
    "random_seed": 45,
    "weight_decay": null,
    "optimizer_name": "PreconditionedSGDlog",
    "optimizer_hyperparams": {
        "lr": null
    },
    "training_params": {},
    "train_losses": [
        181.34820576203174,
        181.34820576203174,
        181.34820576203174,
        181.34820576203174,
        181.34820576203174,
        181.34820576203174,
        181.34820576203174,
        181.34820576203174,
        181.34820576203174,
        181.34820576203174,
        181.34820576203174,
        181.34820576203174,
        181.34820576203174,
        181.34820576203174,
        181.34820576203174,
        181.34820576203174,
        181.34820576203174,
        181.34820576203174,
        181.34820576203174,
        181.34820576203174,
        181.34820576203174
    ],
    "valid_losses": [
        181.31214836316232,
        181.31214836316232,
        181.31214836316232,
        181.31214836316232,
        181.31214836316232,
        181.31214836316232,
        181.31214836316232,
        181.31214836316232,
        181.31214836316232,
        181.31214836316232,
        181.31214836316232,
        181.31214836316232,
        181.31214836316232,
        181.31214836316232,
        181.31214836316232,
        181.31214836316232,
        181.31214836316232,
        181.31214836316232,
        181.31214836316232,
        181.31214836316232,
        181.31214836316232
    ],
    "test_losses": [
        181.39810053507486,
        181.39810053507486,
        181.39810053507486,
        181.39810053507486,
        181.39810053507486,
        181.39810053507486,
        181.39810053507486,
        181.39810053507486,
        181.39810053507486,
        181.39810053507486,
        181.39810053507486,
        181.39810053507486,
        181.39810053507486,
        181.39810053507486,
        181.39810053507486,
        181.39810053507486,
        181.39810053507486,
        181.39810053507486,
        181.39810053507486,
        181.39810053507486,
        181.39810053507486
    ],
    "minibatch_train_losses": [
        181.50303649902344,
        180.8336181640625,
        183.5817413330078,
        658.1419677734375,
        652.2816772460938,
        658.2708129882812,
        663.990478515625,
        670.9569702148438,
        NaN,
        NaN,
        NaN,
        NaN,
        NaN,
        NaN,
        NaN,
        NaN,
        NaN,
        NaN,
        NaN,
        NaN,
        NaN,
        NaN,
        NaN,
        NaN,
        NaN,
        NaN,
        NaN,
        NaN,
        NaN,
        NaN,
        NaN,
        NaN,
        NaN,
        NaN,
        NaN,
        NaN,
        NaN,
        NaN,
        NaN,
        NaN,
        NaN,
        NaN,
        NaN,
        NaN,
        NaN,
        NaN,
        NaN,
        NaN,
        NaN,
        NaN,
        NaN,
        NaN,
        NaN,
        NaN,
        NaN,
        NaN,
        NaN,
        NaN,
        NaN,
        NaN,
        NaN,
        NaN,
        NaN,
        NaN,
        NaN,
        NaN,
        NaN,
        NaN,
        NaN,
        NaN,
        NaN,
        NaN,
        NaN,
        NaN,
        NaN,
        NaN,
        NaN,
        NaN,
        NaN,
        181.50303649902344,
        181.50303649902344,
        181.50303649902344,
        181.50303649902344,
        181.50303649902344,
        181.50303649902344,
        181.50303649902344,
        181.50303649902344,
        181.50303649902344,
        181.50303649902344,
        181.50303649902344,
        181.50303649902344,
        181.50303649902344,
        181.50303649902344,
        181.50303649902344,
        181.50303649902344,
        181.50303649902344,
        181.50303649902344,
        181.50303649902344,
        181.50303649902344
    ],
    "grad_norms": [
        387.15228271484375,
        403.0700988769531,
        376.49822998046875,
        359.0442810058594,
        387.7270812988281,
        366.0173645019531,
        386.3757019042969,
        355.9698791503906,
        358.2862854003906,
        365.1016845703125,
        8.105551719665527,
        1931.495361328125,
        2936.325439453125,
        4207.552734375,
        8.544568061828613,
        7.012807369232178,
        7.7180256843566895,
        8.390812873840332,
        10.329883575439453,
        13.380572319030762,
        18.445842742919922,
        27.96150779724121,
        46.183799743652344,
        90.87056732177734,
        269.1090087890625,
        170.9394989013672,
        31.567737579345703,
        3.8704731464385986,
        1.2674977779388428,
        1.2544773817062378,
        1.142838478088379,
        1.0290671586990356,
        0.9680770039558411,
        0.8487648367881775,
        0.8357478976249695,
        0.8674818873405457,
        0.7636348605155945,
        0.7710044384002686,
        0.7675532698631287,
        0.7459363341331482,
        0.7684921622276306,
        0.7180336713790894,
        0.7733708620071411,
        0.7493265867233276,
        0.7916592955589294,
        0.7372834086418152,
        0.79688560962677,
        0.8040884733200073,
        0.7941323518753052,
        0.9285783767700195,
        0.9401310682296753,
        0.9086352586746216,
        0.9467687606811523,
        1.060964584350586,
        1.1096173524856567,
        1.1681534051895142,
        1.1786531209945679,
        1.1961982250213623,
        1.3449547290802002,
        1.46232271194458,
        1.5585912466049194,
        1.7782360315322876,
        1.8720062971115112,
        2.2744150161743164,
        2.538884162902832,
        2.8290085792541504,
        3.236102819442749,
        3.826845169067383,
        4.533419132232666,
        5.453907012939453,
        6.796359539031982,
        9.39216423034668,
        14.543368339538574,
        25.75558090209961,
        66.24400329589844,
        497.2326354980469,
        NaN,
        NaN,
        NaN,
        NaN,
        NaN,
        NaN,
        NaN,
        NaN,
        NaN,
        NaN,
        NaN,
        NaN,
        NaN,
        NaN,
        NaN,
        NaN,
        NaN,
        NaN,
        NaN,
        NaN,
        NaN,
        NaN,
        NaN,
        NaN,
        NaN,
        NaN,
        NaN,
        NaN,
        NaN,
        NaN,
        NaN,
        NaN,
        NaN,
        NaN,
        NaN,
        NaN,
        NaN,
        NaN,
        NaN,
        NaN,
        NaN,
        NaN,
        NaN,
        NaN,
        NaN,
        NaN,
        NaN,
        NaN,
        NaN,
        NaN,
        NaN,
        NaN,
        NaN,
        NaN,
        NaN,
        NaN,
        NaN,
        NaN,
        NaN,
        NaN,
        NaN,
        NaN,
        NaN,
        NaN,
        NaN,
        NaN,
        NaN,
        NaN,
        NaN,
        NaN,
        NaN,
        NaN,
        NaN,
        NaN,
        NaN,
        NaN,
        NaN,
        NaN,
        NaN,
        NaN,
        NaN,
        NaN,
        NaN,
        NaN,
        NaN,
        NaN,
        NaN,
        NaN,
        NaN,
        NaN,
        NaN,
        NaN,
        NaN,
        NaN,
        NaN,
        NaN,
        NaN,
        NaN,
        NaN,
        NaN,
        NaN,
        NaN,
        NaN,
        NaN,
        NaN,
        NaN,
        NaN,
        NaN,
        NaN,
        NaN,
        NaN,
        NaN,
        NaN,
        NaN,
        NaN,
        NaN,
        NaN,
        NaN,
        NaN,
        NaN,
        NaN,
        NaN,
        NaN,
        NaN,
        NaN,
        NaN,
        NaN,
        NaN,
        NaN,
        NaN,
        NaN,
        NaN,
        NaN,
        NaN,
        NaN,
        NaN,
        NaN,
        NaN,
        NaN,
        NaN,
        NaN,
        NaN,
        NaN,
        NaN,
        NaN,
        NaN,
        NaN,
        NaN,
        NaN,
        NaN,
        NaN,
        NaN,
        NaN,
        NaN,
        NaN,
        NaN,
        NaN,
