{
    "training_params": {},
    "random_seed": 43,
    "optimizer_name": "PreconditionedSGD_noinit",
    "valid_losses": [
        2.6592634243842883,
        2.089585570188669,
        1.592193691394268,
        1.4432609700239623,
        1.3441776105990777,
        1.2338460431649134
    ],
    "weight_decay": null,
    "minibatch_train_losses": [
        2.659033620968843,
        2.651723861694336,
        2.6564505100250244,
        2.650974750518799,
        2.6383941173553467,
        2.616663932800293,
        2.5331132411956787,
        2.6257688999176025,
        2.397275686264038,
        2.5641088485717773,
        2.547168731689453,
        2.4525949954986572,
        2.420139789581299,
        2.444126605987549,
        2.37996244430542,
        2.461085319519043,
        2.372434616088867,
        2.3780250549316406,
        2.645141363143921,
        2.529592990875244,
        2.3979623317718506,
        2.232957363128662,
        2.334705114364624,
        2.457728147506714,
        2.265268325805664,
        2.156163454055786,
        2.195924758911133,
        2.31744384765625,
        2.14516282081604,
        2.256608009338379,
        2.3400771617889404,
        2.2327709197998047,
        2.2197718620300293,
        2.105083703994751,
        2.193753242492676,
        2.2963736057281494,
        2.234196662902832,
        2.1647024154663086,
        2.3494884967803955,
        2.200542449951172,
        2.0556936264038086,
        2.078394651412964,
        1.9926249980926514,
        2.0779967308044434,
        2.3366904258728027,
        2.126966714859009,
        2.329015016555786,
        2.1222522258758545,
        1.9889100790023804,
        2.1771371364593506,
        2.1223366260528564,
        2.044236660003662,
        2.2553741931915283,
        2.0454745292663574,
        2.0893402099609375,
        1.96439790725708,
        1.8930606842041016,
        2.1671881675720215,
        2.162576913833618,
        1.999036431312561,
        1.7629735469818115,
        2.0455052852630615,
        1.9770267009735107,
        2.24000883102417,
        2.193683263583061,
        2.1679959297180176,
        2.2114851474761963,
        1.8441188335418701,
        1.8490113019943237,
        1.9621565341949463,
        1.9228590726852417,
        1.8112424612045288,
        1.8891873359680176,
        1.913959264755249,
        1.8176465034484863,
        1.843296766281128,
        1.7263580560684204,
        1.630490779876709,
        1.823878526687622,
        1.9973865747451782,
        1.6490380764007568,
        1.9458693265914917,
        1.7986609935760498,
        1.682844877243042,
        1.6238040924072266,
        1.4379475116729736,
        1.8251698017120361,
        1.6618542671203613,
        1.830944538116455,
        1.4156302213668823,
        1.7282965183258057,
        1.6592538356781006,
        1.996185541152954,
        1.7407149076461792,
        1.799864411354065,
        1.6831588745117188,
        1.9475668668746948,
        1.5818357467651367,
        1.6439907550811768,
        1.7616922855377197,
        1.6655992269515991,
        1.6353285312652588,
        1.739810585975647,
        1.8769607543945312,
        1.7020084857940674,
        1.7338899374008179,
        1.7291778326034546,
        1.6732763051986694,
        1.6429270505905151,
        1.7202012538909912,
        1.7213163375854492,
        1.7769907712936401,
        1.9433269500732422,
        1.8953200578689575,
        1.6685450077056885,
        1.6813534498214722,
        1.6543750762939453,
        1.6571663618087769,
        1.5714716911315918,
        1.729377031326294,
        1.5705255270004272,
        1.7699000835418701,
        1.6167292594909668,
        1.6649338006973267,
        1.852415919303894,
        1.7779372930526733,
        1.4555230140686035,
        1.5768871307373047,
        1.6482105155785878,
        1.6408796310424805,
        1.5928874015808105,
        1.9652372598648071,
        1.516586422920227,
        1.7004833221435547,
        1.643593668937683,
        1.5332815647125244,
        1.7091392278671265,
        1.5235443115234375,
        1.5199320316314697,
        1.661576747894287,
        1.5340951681137085,
        1.3776144981384277,
        1.612952709197998,
        1.7032958269119263,
        1.544156551361084,
        1.6096657514572144,
        1.3849005699157715,
        1.7056747674942017,
        1.5915507078170776,
        1.4425930976867676,
        1.4825644493103027,
        1.7213177680969238,
        1.8502249717712402,
        1.5503922700881958,
        1.599884271621704,
        1.6548184156417847,
        1.609383463859558,
        1.376501441001892,
        1.6280981302261353,
        1.6959425210952759,
        1.414101243019104,
        1.5422710180282593,
        1.472956657409668,
        1.6486239433288574,
        1.752205491065979,
        1.4517287015914917,
        1.6863255500793457,
        1.4204740524291992,
        2.056100606918335,
        1.401924729347229,
        1.3776209354400635,
        1.4012067317962646,
        1.3867247104644775,
        1.5661429166793823,
        1.4870762825012207,
        1.5136357545852661,
        1.5128295421600342,
        1.2497817277908325,
        1.3164081573486328,
        1.8004179000854492,
        1.6375142335891724,
        1.6010289192199707,
        1.3910712003707886,
        1.3829561471939087,
        1.2834450006484985,
        1.6663398742675781,
        1.4927139282226562,
        1.5053941011428833,
        1.5548509359359741,
        1.5536774396896362,
        1.6788831949234009,
        1.5802947282791138,
        1.4820897632684462,
        1.4079792499542236,
        1.363621711730957,
        1.625434160232544,
        1.3402575254440308,
        1.4015700817108154,
        1.3846540451049805,
        1.2855043411254883,
        1.2157227993011475,
        1.339160680770874,
        1.2704455852508545,
        1.3193849325180054,
        1.3296325206756592,
        1.4735732078552246,
        1.4886584281921387,
        1.4256762266159058,
        1.4187934398651123,
        1.4113006591796875,
        1.327530026435852,
        1.6155104637145996,
        1.3599869012832642,
        1.371002435684204,
        1.258741855621338,
        1.4837231636047363,
        1.4641191959381104,
        1.4701632261276245,
        1.5084476470947266,
        1.387510061264038,
        1.3260449171066284,
        1.4619140625,
        1.2490506172180176,
        1.3728787899017334,
        1.2436412572860718,
        1.6295230388641357,
        1.4756121635437012,
        1.299177646636963,
        1.2277895212173462,
        1.2520848512649536,
        1.428248405456543,
        1.3365979194641113,
        1.5308012962341309,
        1.5601308345794678,
        1.3081661462783813,
        1.4489461183547974,
        1.5965152978897095,
        1.684232234954834,
        1.2709522247314453,
        1.3923351764678955,
        1.340944766998291,
        1.4732072353363037,
        1.321075439453125,
        1.3845162391662598,
        1.5680091381072998,
        1.4058072566986084,
        1.213366150856018,
        1.1574456691741943,
        1.2255136966705322,
        1.4718067646026611,
        1.5262141227722168,
        1.3112112283706665,
        1.1349742412567139,
        1.252488136291504,
        1.5474374294281006,
        1.278050422668457,
        1.390278852902926,
        1.2283644676208496,
        1.1575052738189697,
        1.5967727899551392,
        1.2418192625045776,
        1.3287041187286377,
        1.3198851346969604,
        1.43694007396698,
        1.2740633487701416,
        1.2976205348968506,
        1.4209513664245605,
        1.5133148431777954,
        1.488498330116272,
        1.4092106819152832,
        1.357689619064331,
        1.3308542966842651,
        1.4582475423812866,
        1.3403667211532593,
        1.3512532711029053,
        1.4280922412872314,
