{
    "test_losses": [
        2.6592603600942173,
        1.8513303032288184,
        1.6096622210282545,
        1.418629724245805,
        1.2574957723800952,
        1.1907361161250334
    ],
    "test_accuracies": [
        0.09595352564102565,
        0.39052483974358976,
        0.4973958333333333,
        0.5688100961538461,
        0.6302083333333334,
        0.6543469551282052
    ],
    "optimizer_name": "PreconditionedSGD_noinit",
    "valid_losses": [
        2.6589671679032154,
        1.8477510542441637,
        1.6164940847800329,
        1.4164909613438141,
        1.263025090098381,
        1.1948926150798798
    ],
    "weight_decay": null,
    "optimizer_hyperparams": {
        "lr": null
    },
    "minibatch_train_losses": [
        2.6589659803952927,
        2.6562910079956055,
        2.658271312713623,
        2.6633784770965576,
        2.639920711517334,
        2.6260035037994385,
        2.520280122756958,
        2.6030874252319336,
        2.562929630279541,
        2.4209160804748535,
        2.5923964977264404,
        2.5498828887939453,
        2.542337656021118,
        2.4808220863342285,
        2.4803075790405273,
        2.4683403968811035,
        2.3987319469451904,
        2.3592324256896973,
        2.539804220199585,
        2.5402746200561523,
        2.51007080078125,
        2.564345359802246,
        2.3117895126342773,
        2.4356746673583984,
        2.293242931365967,
        2.4047322273254395,
        2.3636045455932617,
        2.270533800125122,
        2.2206718921661377,
        2.1365087032318115,
        2.248004198074341,
        2.490574598312378,
        2.3181426525115967,
        2.373061180114746,
        2.0641140937805176,
        2.436669111251831,
        2.1045055389404297,
        2.269315719604492,
        2.299588441848755,
        2.260118007659912,
        2.1277709007263184,
        2.1525652408599854,
        2.1726272106170654,
        2.030588388442993,
        2.122845411300659,
        2.058974027633667,
        2.3810503482818604,
        1.933142900466919,
        2.156493902206421,
        2.152989149093628,
        2.051743984222412,
        2.0518181324005127,
        2.155135154724121,
        1.9521960020065308,
        2.1173579692840576,
        1.8898762464523315,
        2.103623390197754,
        2.469363212585449,
        2.005446434020996,
        2.0765457153320312,
        1.9016326665878296,
        1.9888627529144287,
        1.9128049612045288,
        2.122420310974121,
        1.9227134508964343,
        2.082416296005249,
        2.0559351444244385,
        1.922191858291626,
        1.7681126594543457,
        1.8507317304611206,
        2.0693535804748535,
        1.854840636253357,
        2.0324785709381104,
        1.804064393043518,
        1.7841770648956299,
        2.0528182983398438,
        1.609971046447754,
        1.7639819383621216,
        1.9572172164916992,
        1.7497724294662476,
        1.8103177547454834,
        1.8539655208587646,
        1.7658231258392334,
        1.6909022331237793,
        1.7610304355621338,
        1.8293805122375488,
        1.7326477766036987,
        1.9117648601531982,
        1.6764729022979736,
        1.8843295574188232,
        1.9126181602478027,
        1.999921202659607,
        1.633243203163147,
        1.7294116020202637,
        1.6739720106124878,
        1.477800726890564,
        1.8541463613510132,
        1.7593345642089844,
        1.8117057085037231,
        1.599102258682251,
        1.8905068635940552,
        1.6220011711120605,
        1.5446536540985107,
        1.6822094917297363,
        1.6345851421356201,
        1.6398377418518066,
        1.5260417461395264,
        1.6804300546646118,
        1.7371716499328613,
        1.6629501581192017,
        1.6771421432495117,
        1.8522348403930664,
        1.6621922254562378,
        1.8085356950759888,
        1.797002911567688,
        1.6884934902191162,
        1.7436288595199585,
        1.504528284072876,
        1.782741665840149,
        1.324756145477295,
        1.49226713180542,
        1.7762808799743652,
        1.3977406024932861,
        1.5019714832305908,
        1.901718020439148,
        1.6146763563156128,
        1.6794129610061646,
        1.61244797706604,
        1.6761782673689036,
        1.6293308734893799,
        1.6096526384353638,
        1.5429641008377075,
        1.5620404481887817,
        1.63040292263031,
        1.594163179397583,
        1.5112168788909912,
        1.6551696062088013,
        1.3835866451263428,
        1.3744386434555054,
        1.5101032257080078,
        1.4553306102752686,
        1.557112455368042,
        1.4460105895996094,
        1.3832355737686157,
        1.5068186521530151,
        1.2699551582336426,
        1.5104645490646362,
        1.4745749235153198,
        1.4231101274490356,
        1.4045960903167725,
        1.4661859273910522,
        1.429924488067627,
        1.494336485862732,
        1.39162278175354,
        1.2815468311309814,
        1.490920066833496,
        1.3501890897750854,
        1.6161869764328003,
        1.5046250820159912,
        1.6694339513778687,
        1.5800256729125977,
        1.4457448720932007,
        1.3272860050201416,
        1.5384421348571777,
        1.44904625415802,
        1.8362118005752563,
        1.3368898630142212,
        1.5044910907745361,
        1.3549785614013672,
        1.4446038007736206,
        1.393852949142456,
        1.5300683975219727,
        1.4055129289627075,
        1.8143370151519775,
        1.4193814992904663,
        1.450057864189148,
        1.5414600372314453,
        1.2368615865707397,
        1.7549405097961426,
        1.535024642944336,
        1.3386662006378174,
        1.0613279342651367,
        1.5088188648223877,
        1.4806170463562012,
        1.6065336465835571,
        1.2667373418807983,
        1.493341088294983,
        1.2920876741409302,
        1.760772466659546,
        1.5998400449752808,
        1.4487767219543457,
        1.4376003742218018,
        1.4926152252233946,
        1.3131444454193115,
        1.3842105865478516,
        1.315311074256897,
        1.2248823642730713,
        1.5986593961715698,
        1.6131267547607422,
        1.2775812149047852,
        1.498931646347046,
        1.3105703592300415,
        1.587769865989685,
        1.1183013916015625,
        1.4584392309188843,
        1.2916638851165771,
        1.6276322603225708,
        1.3338465690612793,
        1.2810181379318237,
        1.3298357725143433,
        1.4856644868850708,
        1.3610754013061523,
        1.3041324615478516,
        1.2247815132141113,
        1.3625380992889404,
        1.3439189195632935,
        1.2341482639312744,
        1.3916853666305542,
        1.2809889316558838,
        1.3872935771942139,
        1.2830594778060913,
        1.3809226751327515,
        1.2863454818725586,
        1.1525532007217407,
        1.0889592170715332,
        1.2100383043289185,
        1.2374358177185059,
        1.2660865783691406,
        1.0973272323608398,
        1.2649343013763428,
        1.4271093606948853,
        1.2585539817810059,
        1.4251140356063843,
        1.5245392322540283,
        1.3309435844421387,
        1.4439165592193604,
        0.9790492653846741,
        1.4111628532409668,
        1.466223955154419,
        1.4450652599334717,
        1.3860286474227905,
        1.1242713928222656,
        1.2444250583648682,
        1.3792967796325684,
        1.1723699569702148,
        1.406132698059082,
        1.3492730855941772,
        1.2110812664031982,
        1.2393138408660889,
        1.1102840900421143,
        1.329061508178711,
        1.4342265129089355,
        1.348281979560852,
        1.2047791481018066,
        1.3979017734527588,
        1.4953367710113525,
        1.338794043048834,
        1.31815505027771,
        1.4165763854980469,
        1.1849032640457153,
        1.395605444908142,
