{
    "train_accuracies": [
        0.09835737179487179,
        0.30358573717948717,
        0.45983573717948717,
        0.5049078525641025,
        0.5995592948717948,
        0.6186899038461539
    ],
    "test_losses": [
        2.658939405893668,
        2.005967067602353,
        1.608733627276543,
        1.49136093717355,
        1.2945704765808888,
        1.1989103379922035
    ],
    "testproblem": "cifar10_3c3d",
    "random_seed": 47,
    "optimizer_hyperparams": {
        "lr": null
    },
    "optimizer_name": "PreconditionedSGD_noinit",
    "valid_losses": [
        2.6588246470842605,
        2.0165444879959793,
        1.6234035621850917,
        1.4873603926255152,
        1.294955823283929,
        1.1942573617666195
    ],
    "weight_decay": null,
    "training_params": {},
    "batch_size": 64,
    "valid_accuracies": [
        0.10176282051282051,
        0.31009615384615385,
        0.48127003205128205,
        0.5381610576923077,
        0.6080729166666666,
        0.6493389423076923
    ],
    "test_accuracies": [
        0.10016025641025642,
        0.3154046474358974,
        0.48607772435897434,
        0.5346554487179487,
        0.609375,
        0.6433293269230769
    ],
    "train_losses": [
        2.6592519329144406,
        2.064728559591831,
        1.6877619861028132,
        1.575175063732343,
        1.3407409489154816,
        1.265831660765868
    ],
    "minibatch_train_losses": [
        2.6592519329144406,
        2.667708158493042,
        2.653578281402588,
        2.6531295776367188,
        2.639852285385132,
        2.6023752689361572,
        2.5699634552001953,
        2.4959747791290283,
        2.458728790283203,
        2.5570366382598877,
        2.6458425521850586,
        2.388580322265625,
        2.4410300254821777,
        2.4860408306121826,
        2.4890410900115967,
        2.4200427532196045,
        2.480238437652588,
        2.493601083755493,
        2.3683218955993652,
        2.5144896507263184,
        2.4302945137023926,
        2.405602216720581,
        2.417388677597046,
        2.323838233947754,
        3.109900712966919,
        2.5033822059631348,
        2.3668580055236816,
        2.3622007369995117,
        2.2403736114501953,
        2.44938063621521,
        2.424621105194092,
        2.3492345809936523,
        2.3405885696411133,
        2.3063995838165283,
        2.5463919639587402,
        2.239733934402466,
        2.281704902648926,
        2.3146679401397705,
        2.187119960784912,
        2.4907302856445312,
        2.390146017074585,
        2.2384719848632812,
        2.1997199058532715,
        2.1171603202819824,
        2.020352363586426,
        2.2936713695526123,
        2.403705596923828,
        2.2969746589660645,
        2.4938318729400635,
        2.3711912631988525,
        2.0778861045837402,
        2.028907060623169,
        2.1016407012939453,
        2.2140867710113525,
        1.9404301643371582,
        2.2027792930603027,
        2.1383275985717773,
        2.0336873531341553,
        2.1504337787628174,
        1.882852554321289,
        2.175729513168335,
        2.1442909240722656,
        1.9588520526885986,
        2.150442600250244,
        2.064728559591831,
        1.9947625398635864,
        1.9678651094436646,
        2.098175048828125,
        2.151857614517212,
        1.9478731155395508,
        1.8840630054473877,
        1.8644853830337524,
        1.8780581951141357,
        2.1083014011383057,
        1.7334469556808472,
        1.66417396068573,
        1.9291375875473022,
        1.760873556137085,
        2.093825101852417,
        1.7924232482910156,
        1.7920582294464111,
        1.9120863676071167,
        1.8222075700759888,
        1.8145618438720703,
        1.67026948928833,
        1.8454914093017578,
        1.775898814201355,
        1.8004910945892334,
        1.8863027095794678,
        1.8716330528259277,
        1.6602882146835327,
        1.9157220125198364,
        1.8537859916687012,
        1.7797880172729492,
        1.9600321054458618,
        1.6702991724014282,
        1.7184163331985474,
        1.9204920530319214,
        1.7657169103622437,
        1.6910088062286377,
        1.9242373704910278,
        1.7457633018493652,
        1.6610194444656372,
        1.8727233409881592,
        1.6279077529907227,
        1.6655771732330322,
        1.7727307081222534,
        1.8401079177856445,
        1.9541882276535034,
        1.8636915683746338,
        1.8698208332061768,
        1.8224878311157227,
        1.8084038496017456,
        1.7301372289657593,
        1.796753168106079,
        1.7069895267486572,
        1.6382144689559937,
        1.8107659816741943,
        1.705378532409668,
        1.8402605056762695,
        1.9489322900772095,
        1.5629631280899048,
        1.744720697402954,
        1.662062406539917,
        1.685039758682251,
        1.7063100337982178,
        1.611330270767212,
        1.763400912284851,
        1.6877619861028132,
        1.6684508323669434,
        1.8599215745925903,
        1.732593297958374,
        1.4075994491577148,
        1.611619234085083,
        1.7383830547332764,
        1.6221864223480225,
        1.5281249284744263,
        1.9615333080291748,
        1.6928963661193848,
        1.6910301446914673,
        1.5544648170471191,
        1.4071577787399292,
        1.7287322282791138,
        1.6550225019454956,
        1.5383635759353638,
        1.5257154703140259,
        1.7404887676239014,
        1.6200032234191895,
        1.6204612255096436,
        1.531343936920166,
        1.594809651374817,
        1.7034077644348145,
        1.5523402690887451,
        1.8206813335418701,
        1.7145406007766724,
        1.560983657836914,
        1.4267128705978394,
        1.7286707162857056,
        1.6235651969909668,
        1.635249137878418,
        1.626604437828064,
        1.4962636232376099,
        1.6191061735153198,
        1.632132649421692,
        1.841991662979126,
        1.6017428636550903,
        1.6456218957901,
        1.412768840789795,
        1.742067575454712,
        1.8592103719711304,
        1.499997854232788,
        1.5523344278335571,
        1.4209647178649902,
        1.2562973499298096,
        1.3599952459335327,
        1.4231221675872803,
        1.482020616531372,
        1.6999088525772095,
        1.449733853340149,
        1.5679960250854492,
        1.5908554792404175,
        1.4799933433532715,
        1.509735107421875,
        1.610234022140503,
        1.4700454473495483,
        1.3488304615020752,
        1.665357232093811,
        1.5851879119873047,
        1.8954479694366455,
        1.272205114364624,
        1.5368616580963135,
        1.7797855138778687,
        1.575175063732343,
        1.4023085832595825,
        1.4743609428405762,
        1.2054270505905151,
        1.4202899932861328,
        1.5868778228759766,
        1.4893181324005127,
        1.3939534425735474,
        1.5325499773025513,
        1.3923578262329102,
        1.6411746740341187,
        1.3924267292022705,
        1.1977462768554688,
        1.3403493165969849,
        1.6246848106384277,
        1.5480083227157593,
        1.609849452972412,
        1.5923569202423096,
        1.3767027854919434,
        1.4313222169876099,
        1.4511687755584717,
        1.4559639692306519,
        1.4270728826522827,
        1.6439188718795776,
        1.521813988685608,
        1.3176016807556152,
        1.6645134687423706,
        1.450834035873413,
        1.4071545600891113,
        1.4159138202667236,
        1.1841888427734375,
        1.257123589515686,
        1.3794595003128052,
        1.3277150392532349,
        1.3840184211730957,
        1.2553684711456299,
        1.4996049404144287,
        1.4765746593475342,
        1.461632490158081,
        1.4113729000091553,
        1.5524522066116333,
        1.4223068952560425,
        1.5156221389770508,
        1.471936583518982,
