{
    "train_losses": [
        2.6577263948244925,
        2.0554058658771024,
        1.7206709530109014,
        1.5331136179276001,
        1.4628767630992792,
        1.3706536713318946
    ],
    "test_losses": [
        2.6580361143136635,
        1.990604532834811,
        1.6256831120222042,
        1.4625122654132354,
        1.395994050380511,
        1.3143059420279968
    ],
    "weight_decay": null,
    "train_accuracies": [
        0.10426682692307693,
        0.32211538461538464,
        0.44751602564102566,
        0.5180288461538461,
        0.5415665064102564,
        0.5862379807692307
    ],
    "optimizer_hyperparams": {
        "lr": null
    },
    "random_seed": 46,
    "minibatch_train_losses": [
        2.6577263948244925,
        2.671083450317383,
        2.6714181900024414,
        2.652291774749756,
        2.64158296585083,
        2.603255033493042,
        2.6818766593933105,
        2.540682554244995,
        2.8581223487854004,
        2.5454366207122803,
        2.466914653778076,
        2.424314260482788,
        2.534097671508789,
        2.6202642917633057,
        2.4128880500793457,
        2.608288288116455,
        2.5810365676879883,
        2.41176176071167,
        2.554774761199951,
        2.57175874710083,
        2.700789213180542,
        2.714324951171875,
        2.355839967727661,
        2.3839974403381348,
        2.430816411972046,
        2.4931037425994873,
        2.592897415161133,
        2.2368662357330322,
        2.3757643699645996,
        2.224276304244995,
        2.3856382369995117,
        2.2535574436187744,
        2.3837430477142334,
        2.4255218505859375,
        2.34492564201355,
        2.214582920074463,
        2.1834769248962402,
        2.2310447692871094,
        2.4741854667663574,
        2.1820554733276367,
        2.293423652648926,
        2.7831976413726807,
        2.188204288482666,
        2.2095773220062256,
        2.211151361465454,
        2.2451298236846924,
        2.6208033561706543,
        2.2300329208374023,
        2.268019437789917,
        2.227506637573242,
        2.194643497467041,
        2.2380640506744385,
        2.064237356185913,
        2.110611915588379,
        2.352814197540283,
        2.2668910026550293,
        2.0044350624084473,
        2.243849754333496,
        2.1859843730926514,
        2.4947004318237305,
        2.0553297996520996,
        1.9815598726272583,
        2.0985710620880127,
        2.0539190769195557,
        2.0554058658771024,
        2.1301891803741455,
        2.150346040725708,
        1.9947346448898315,
        1.786465048789978,
        1.8442678451538086,
        1.9220530986785889,
        1.9379678964614868,
        1.9953433275222778,
        1.8612775802612305,
        1.8515892028808594,
        1.7975255250930786,
        1.8893394470214844,
        1.9106183052062988,
        1.8550539016723633,
        1.7258294820785522,
        1.7657207250595093,
        1.8796263933181763,
        1.75066077709198,
        1.9432761669158936,
        1.9425418376922607,
        1.6729419231414795,
        1.8488324880599976,
        1.9115092754364014,
        1.6425845623016357,
        1.7062079906463623,
        1.9232782125473022,
        1.7579219341278076,
        1.862578272819519,
        1.7342884540557861,
        1.7848174571990967,
        1.6095032691955566,
        1.8462358713150024,
        1.9803651571273804,
        2.065629243850708,
        1.79776132106781,
        1.698289155960083,
        1.845827579498291,
        1.8587002754211426,
        2.0210888385772705,
        1.656842827796936,
        2.0099005699157715,
        2.0153660774230957,
        1.800998330116272,
        2.081972360610962,
        1.9318219423294067,
        1.936995506286621,
        1.761478304862976,
        1.8762627840042114,
        1.702757477760315,
        1.7806624174118042,
        1.9067103862762451,
        1.8592815399169922,
        1.8479459285736084,
        1.757425308227539,
        1.8059215545654297,
        1.8119271993637085,
        1.7131696939468384,
        1.696702241897583,
        1.6813921928405762,
        1.9398212432861328,
        1.5316475629806519,
        1.852966547012329,
        1.6232701539993286,
        1.7206709530109014,
        1.7102892398834229,
        1.6508890390396118,
        1.5148873329162598,
        1.5550886392593384,
        1.5838813781738281,
        1.6045143604278564,
        1.5551350116729736,
        1.7731562852859497,
        1.7269877195358276,
        1.4804933071136475,
        1.768349051475525,
        1.8660550117492676,
        1.7611311674118042,
        1.6235750913619995,
        1.7447429895401,
        1.3760958909988403,
        1.5469263792037964,
        1.7173348665237427,
        1.7751963138580322,
        1.6990998983383179,
        1.4878803491592407,
        1.3205069303512573,
        1.5303045511245728,
        1.4588000774383545,
        2.017448663711548,
        1.6308040618896484,
        1.8020904064178467,
        1.4620869159698486,
        1.5212801694869995,
        1.6683989763259888,
        1.717557668685913,
        1.5764570236206055,
        1.631147861480713,
        1.3972058296203613,
        1.4189919233322144,
        1.7500237226486206,
        1.6357148885726929,
        1.7757744789123535,
        1.4032024145126343,
        1.6507959365844727,
        1.413291096687317,
        1.4431418180465698,
        1.4754399061203003,
        1.5820143222808838,
        1.39622962474823,
        1.6195423603057861,
        1.6860743761062622,
        1.5814013481140137,
        1.6286523342132568,
        1.2568200826644897,
        1.6307857036590576,
        1.455237627029419,
        1.3126896619796753,
        1.6608556509017944,
        1.580912709236145,
        1.702925205230713,
        1.4028563499450684,
        1.6606650352478027,
        1.558782935142517,
        1.5277698040008545,
        1.4123101234436035,
        1.7556978464126587,
        1.4458051919937134,
        1.5331136179276001,
        1.4210634231567383,
        1.2774107456207275,
        1.5720839500427246,
        1.4986447095870972,
        1.8209654092788696,
        1.6474392414093018,
        1.4711459875106812,
        1.2510132789611816,
        1.5519623756408691,
        1.3665889501571655,
        1.4783884286880493,
        1.4181442260742188,
        1.5333871841430664,
        1.6218091249465942,
        1.628928780555725,
        1.3943078517913818,
        1.4799491167068481,
        1.897221326828003,
        1.4466681480407715,
        1.7840046882629395,
        1.4534227848052979,
        1.476580262184143,
        1.6567343473434448,
        1.4258357286453247,
        1.4656280279159546,
        1.4979151487350464,
        1.5279548168182373,
        1.3375089168548584,
        1.426709532737732,
        1.6574459075927734,
        1.3983930349349976,
        1.5344831943511963,
        1.3416844606399536,
        1.735709547996521,
        1.552671194076538,
        1.331024408340454,
        1.4607900381088257,
        1.6460886001586914,
        1.5441776514053345,
        1.4629098176956177,
        1.5333493947982788,
        1.4913371801376343,
        1.7902519702911377,
        1.3073145151138306,
        1.4871459007263184,
        1.6205095052719116,
        1.314217209815979,
        1.4394440650939941,
        1.4461134672164917,
        1.5060168504714966,
        1.4457716941833496,
        1.476507544517517,
        1.4826494455337524,
        1.5671278238296509,
        1.4148551225662231,
        1.4196027517318726,
        1.6716915369033813,
        1.609269380569458,
        1.502523422241211,
        1.3541769981384277,
        1.457651138305664,
        1.5364664793014526,
        1.66094172000885,
        1.4628767630992792,
        1.36419677734375,
        1.5294301509857178,
        1.3281943798065186,
        1.360421895980835,
        1.4580060243606567,
