{
    "testproblem": "quadratic_deep",
    "batch_size": 32,
    "num_epochs": 100,
    "random_seed": 48,
    "weight_decay": null,
    "optimizer_name": "SGD",
    "optimizer_hyperparams": {
        "lr": 0.01
    },
    "training_params": {},
    "train_losses": [
        199.89603054908014,
        102.14044189453125,
        97.0789799844065,
        94.80965300529233,
        92.63427758985951,
        92.055174304593,
        90.46670852168914,
        90.49410444690335,
        89.89640365108367,
        89.57669781100365,
        89.0342025756836,
        88.84942996117377,
        88.84998813752205,
        88.30195150067729,
        88.26144729122039,
        88.68755955849925,
        88.57337754772556,
        88.28393333188949,
        88.3630614742156,
        88.03568489320817,
        88.22225509151336,
        88.20899077384702,
        88.47215640160346,
        87.87235383064517,
        88.14177359304121,
        88.36303292551348,
        88.32496273902154,
        88.23774079353579,
        88.18145456621724,
        88.09622758434665,
        88.07261485438192,
        88.82839916598412,
        87.9804200203188,
        88.0460965556483,
        88.07301404399257,
        88.40411352342174,
        87.8503174320344,
        88.18435324392011,
        87.71209593742124,
        88.11009117864793,
        88.07969296363092,
        88.14351850940335,
        87.9741449663716,
        87.937743648406,
        87.81426755843624,
        88.14889132591986,
        87.6822494999055,
        88.27547085669732,
        88.46076965332031,
        88.32108036164314,
        87.7862305179719,
        88.4163072647587,
        88.05281263782132,
        88.54926152383128,
        88.14761574037614,
        88.11061736076108,
        87.77056860154674,
        88.1283424131332,
        88.24066063665575,
        87.70126416606288,
        87.75203089560232,
        88.04647802537487,
        88.02567315870716,
        88.12540288125315,
        88.10138850058279,
        87.83555676860195,
        87.71691328479397,
        88.1919208649666,
        88.1425303797568,
        87.84603192729335,
        88.22912843765751,
        88.2426280360068,
        87.93236787857548,
        88.10476807625064,
        87.8880861343876,
        87.79236898114604,
        87.71256895988218,
        87.96334863478138,
        88.03899900374874,
        87.84215914818549,
        88.16589946131552,
        88.5723173079952,
        87.87711285006615,
        87.90614909510458,
        88.08020339473602,
        87.76672953944052,
        87.88101540842364,
        87.89097004552042,
        87.7111080538842,
        87.80921468427104,
        88.07403023012223,
        87.62468424151021,
        87.85384172008884,
        87.80099634970388,
        88.18022992534023,
        87.75973633796939,
        87.92482068461757,
        88.08359010757938,
        88.12406896775768,
        87.56459734516758,
        88.08424845049458
    ],
    "valid_losses": [
        197.08570615706904,
        99.85121204007056,
        94.92173151816091,
        92.45558338780558,
        90.6925789617723,
        89.99517428490424,
        88.24588652580015,
        88.09793041598412,
        87.76804770192793,
        87.72843933105469,
        86.71076448502079,
        86.92884752827305,
        86.5350105531754,
        86.12722802931263,
        86.21332845380229,
        86.51788748464277,
        86.0377192343435,
        86.0675509052892,
        86.11214742352885,
        85.9679430069462,
        86.00577372889364,
        86.2674075711158,
        85.996093257781,
        85.8387682514806,
        86.02224460724861,
        86.3125477452432,
        86.44827836559665,
        86.12559804608745,
        85.81615866384199,
        85.98776515837639,
        85.81652585921749,
        86.84240451935798,
        85.65821223105154,
        85.92050466229838,
        85.84786962693737,
        85.96085357666016,
        85.70581473073652,
        86.06414794921875,
        85.66884539204258,
        85.85228507749495,
        86.08003874747983,
        85.79623585362589,
        85.72123422930318,
        85.77811456495716,
        85.57917367258379,
        86.33715795701549,
        85.70363936885711,
        86.23166853381741,
        86.4184092860068,
        86.20490511002079,
        85.75699344758064,
        86.04192647626323,
        85.9144023772209,
        86.23371911817982,
        85.86534167874244,
        85.75280072612148,
        85.56496183333859,
        86.08192050072455,
        85.94358702628843,
        85.60310536046183,
        85.55408576227003,
        85.98645560972152,
        85.63443805325416,
        86.47025299072266,
        85.59369413314327,
        86.06108240927419,
        85.5349362281061,
        85.65395970498362,
        85.8676245904738,
        85.53097337292087,
        85.87164601972026,
        86.17322811003655,
        85.64481673702117,
        85.89114182995212,
        85.48179971018145,
        85.2441174907069,
        85.45202144499748,
        86.11971455235636,
        85.79664119597405,
        85.28006645940965,
        86.27416106193296,
        86.50238160164126,
        85.85756240352508,
        85.78864952825731,
        86.15255220474735,
        85.41964327904486,
        85.74339909707346,
        85.28643208165323,
        85.65503446517452,
        85.6091798351657,
        85.79159496676537,
        85.44220709031627,
        85.6584989486202,
        85.77671247912991,
        86.20496663739604,
        85.51792513939643,
        85.89155800111833,
        85.87217958511845,
        86.17027454991495,
        85.48755325809601,
        85.4189918271957
    ],