{
    "testproblem": "quadratic_deep",
    "batch_size": 32,
    "num_epochs": 100,
    "random_seed": 49,
    "weight_decay": null,
    "optimizer_name": "SGD",
    "optimizer_hyperparams": {
        "lr": 0.01
    },
    "training_params": {},
    "train_losses": [
        313.59937901650704,
        100.42903777091733,
        96.51865534628591,
        93.66468023484752,
        93.40312145602319,
        92.11889525382749,
        91.23903409896359,
        90.44693952991116,
        90.27476747574345,
        89.27246709023753,
        89.51890342466292,
        89.51276520759829,
        88.92876557380923,
        89.53564231626449,
        88.4815430179719,
        88.78966620660597,
        88.570312992219,
        88.58686410227129,
        87.90232283069241,
        88.2403062389743,
        88.78965636222593,
        87.95127745597593,
        87.86815274146295,
        87.97710837087324,
        87.79943158549648,
        88.1336669921875,
        87.96113438760081,
        87.76152776902721,
        88.46686234012726,
        87.8804690453314,
        87.51556076542023,
        87.8093980358493,
        87.81636908746535,
        88.70901390814012,
        87.76481480752268,
        87.75257332094255,
        87.73089673442226,
        88.13201239801222,
        88.57283192296183,
        87.83499933058216,
        88.32189252299648,
        87.74493186704574,
        87.60012645106161,
        87.96740427324849,
        87.79769085299584,
        87.53675645397556,
        87.9590594383978,
        88.08220894105973,
        87.6696299891318,
        87.70943697037235,
        87.68995321950605,
        88.21690737816596,
        88.36976623535156,
        87.74290244810042,
        88.00379722349105,
        87.68752190374559,
        88.94126178372291,
        88.25988695698399,
        87.7511225054341,
        87.8749497936618,
        87.51467870896862,
        88.19575352822581,
        88.05047361312374,
        87.82601239604335,
        88.07695844096523,
        87.64291775611139,
        87.86278903099799,
        87.98392363517515,
        87.9625477944651,
        87.68894933885143,
        87.8287835890247,
        88.30958901682207,
        88.04755278556577,
        88.38894825596964,
        87.99476008261404,
        87.71089738415134,
        88.19046192784464,
        87.52980066114857,
        87.79209629181892,
        87.80690543882308,
        87.84325236658896,
        88.11694926600302,
        87.93539281045237,
        87.9620107835339,
        87.3469501618416,
        87.58480047410534,
        87.61876875354397,
        87.70473849388861,
        87.61915662211757,
        87.25560096002394,
        88.06044104791457,
        87.60275711551789,
        87.12354770783455,
        87.68521782659715,
        87.82852074407762,
        87.83111449210874,
        87.51684939476752,
        87.7127924273091,
        88.56822622975996,
        88.42742526146674,
        87.63993023287865
    ],
    "valid_losses": [
        315.23829503213204,
        97.6994144070533,
        93.82962774461315,
        91.24104727468183,
        91.38659692579701,
        89.96226206133443,
        88.63608994022492,
        88.07942052041331,
        87.42104142712009,
        86.65353541220388,
        86.92802207700667,
        86.57928171465474,
        86.42839739399571,
        87.35760350381175,
        86.0865234867219,
        86.63764166062877,
        85.73602147256175,
        86.01513056601247,
        85.30277769027218,
        85.73233229114163,
        85.91251201014364,
        85.39947214434224,
        85.36679249425089,
        85.53289450368574,
        85.2168712000693,
        85.5965586016255,
        85.46215229649698,
        85.09425354003906,
        85.88096421764743,
        85.45374101208103,
        85.1813472624748,
        85.07589820123488,
        85.14856227751702,
        86.59125001968876,
        85.09623718261719,
        85.1776612804782,
        85.03483040102067,
        85.9070781584709,
        85.89053098617062,
        85.53643577329574,
        85.43276017712009,
        85.29086082212386,
        84.96579077935988,
        84.89071409163937,
        85.41935557703817,
        84.84020060877646,
        85.48643198320943,
        85.38690136324975,
        85.02211220033708,
        85.08442048103579,
        85.2488745412519,
        85.33172435145224,
        85.3260736773091,
        84.9007061373803,
        85.60681496897051,
        85.0671640211536,
        86.44207591395224,
        85.44308373235887,
        85.34540114864227,
        85.03405146444997,
        84.85189868557838,
        85.54099864344442,
        84.90199673560357,
        84.90231470907888,
        85.78142793716923,
        85.0178481071226,
        84.89855538645098,
        85.11185627598917,
        85.28312461606917,
        84.8593036282447,
        84.88109859343498,
        85.18368234942037,
        85.66168212890625,
        85.08858489990234,
        85.6702154836347,
        84.78128667031565,
        85.23323329802483,
        85.12632702242944,
        85.07089676395539,
        85.32608967442667,
        85.35235275760773,
        85.70844268798828,
        85.3219720163653,
        85.15018093970514,
        84.79061077487084,
        84.86310306672127,
        85.18622466056577,
        85.39808630174205,
        85.06712341308594,
        84.72342460386214,
        85.17883128504599,
        85.30474558184224,
        84.74474679270098,
        85.1552973101216,
        85.2622784030053,
        85.53121037637034,
        85.17422731461063,
        85.24814679545742,
        85.64405010592553,
        85.7582522976783,
        84.97308718773627
    ],