{
    "testproblem": "quadratic_deep",
    "batch_size": 32,
    "num_epochs": 100,
    "random_seed": 50,
    "weight_decay": null,
    "optimizer_name": "SGD",
    "optimizer_hyperparams": {
        "lr": 0.1
    },
    "training_params": {},
    "train_losses": [
        397.67194194178427,
        397.67194194178427,
        397.67194194178427,
        397.67194194178427,
        397.67194194178427,
        397.67194194178427,
        397.67194194178427,
        397.67194194178427,
        397.67194194178427,
        397.67194194178427,
        397.67194194178427,
        397.67194194178427,
        397.67194194178427,
        397.67194194178427,
        397.67194194178427,
        397.67194194178427,
        397.67194194178427,
        397.67194194178427,
        397.67194194178427,
        397.67194194178427,
        397.67194194178427,
        397.67194194178427,
        397.67194194178427,
        397.67194194178427,
        397.67194194178427,
        397.67194194178427,
        397.67194194178427,
        397.67194194178427,
        397.67194194178427,
        397.67194194178427,
        397.67194194178427,
        397.67194194178427,
        397.67194194178427,
        397.67194194178427,
        397.67194194178427,
        397.67194194178427,
        397.67194194178427,
        397.67194194178427,
        397.67194194178427,
        397.67194194178427,
        397.67194194178427,
        397.67194194178427,
        397.67194194178427,
        397.67194194178427,
        397.67194194178427,
        397.67194194178427,
        397.67194194178427,
        397.67194194178427,
        397.67194194178427,
        397.67194194178427,
        397.67194194178427,
        397.67194194178427,
        397.67194194178427,
        397.67194194178427,
        397.67194194178427,
        397.67194194178427,
        397.67194194178427,
        397.67194194178427,
        397.67194194178427,
        397.67194194178427,
        397.67194194178427,
        397.67194194178427,
        397.67194194178427,
        397.67194194178427,
        397.67194194178427,
        397.67194194178427,
        397.67194194178427,
        397.67194194178427,
        397.67194194178427,
        397.67194194178427,
        397.67194194178427,
        397.67194194178427,
        397.67194194178427,
        397.67194194178427,
        397.67194194178427,
        397.67194194178427,
        397.67194194178427,
        397.67194194178427,
        397.67194194178427,
        397.67194194178427,
        397.67194194178427,
        397.67194194178427,
        397.67194194178427,
        397.67194194178427,
        397.67194194178427,
        397.67194194178427,
        397.67194194178427,
        397.67194194178427,
        397.67194194178427,
        397.67194194178427,
        397.67194194178427,
        397.67194194178427,
        397.67194194178427,
        397.67194194178427,
        397.67194194178427,
        397.67194194178427,
        397.67194194178427,
        397.67194194178427,
        397.67194194178427,
        397.67194194178427,
        397.67194194178427
    ],
    "valid_losses": [
        394.8912333826865,
        394.8912333826865,
        394.8912333826865,
        394.8912333826865,
        394.8912333826865,
        394.8912333826865,
        394.8912333826865,
        394.8912333826865,
        394.8912333826865,
        394.8912333826865,
        394.8912333826865,
        394.8912333826865,
        394.8912333826865,
        394.8912333826865,
        394.8912333826865,
        394.8912333826865,
        394.8912333826865,
        394.8912333826865,
        394.8912333826865,
        394.8912333826865,
        394.8912333826865,
        394.8912333826865,
        394.8912333826865,
        394.8912333826865,
        394.8912333826865,
        394.8912333826865,
        394.8912333826865,
        394.8912333826865,
        394.8912333826865,
        394.8912333826865,
        394.8912333826865,
        394.8912333826865,
        394.8912333826865,
        394.8912333826865,
        394.8912333826865,
        394.8912333826865,
        394.8912333826865,
        394.8912333826865,
        394.8912333826865,
        394.8912333826865,
        394.8912333826865,
        394.8912333826865,
        394.8912333826865,
        394.8912333826865,
        394.8912333826865,
        394.8912333826865,
        394.8912333826865,
        394.8912333826865,
        394.8912333826865,
        394.8912333826865,
        394.8912333826865,
        394.8912333826865,
        394.8912333826865,
        394.8912333826865,
        394.8912333826865,
        394.8912333826865,
        394.8912333826865,
        394.8912333826865,
        394.8912333826865,
        394.8912333826865,
        394.8912333826865,
        394.8912333826865,
        394.8912333826865,
        394.8912333826865,
        394.8912333826865,
        394.8912333826865,
        394.8912333826865,
        394.8912333826865,
        394.8912333826865,
        394.8912333826865,
        394.8912333826865,
        394.8912333826865,
        394.8912333826865,
        394.8912333826865,
        394.8912333826865,
        394.8912333826865,
        394.8912333826865,
        394.8912333826865,
        394.8912333826865,
        394.8912333826865,
        394.8912333826865,
        394.8912333826865,
        394.8912333826865,
        394.8912333826865,
        394.8912333826865,
        394.8912333826865,
        394.8912333826865,
        394.8912333826865,
        394.8912333826865,
        394.8912333826865,
        394.8912333826865,
        394.8912333826865,
        394.8912333826865,
        394.8912333826865,
        394.8912333826865,
        394.8912333826865,
        394.8912333826865,
        394.8912333826865,
        394.8912333826865,
        394.8912333826865,
        394.8912333826865
    ],