{
    "testproblem": "quadratic_deep",
    "batch_size": 32,
    "num_epochs": 100,
    "random_seed": 47,
    "weight_decay": null,
    "optimizer_name": "SGD",
    "optimizer_hyperparams": {
        "lr": 0.1
    },
    "training_params": {},
    "train_losses": [
        494.34716501543596,
        494.34716501543596,
        494.34716501543596,
        494.34716501543596,
        494.34716501543596,
        494.34716501543596,
        494.34716501543596,
        494.34716501543596,
        494.34716501543596,
        494.34716501543596,
        494.34716501543596,
        494.34716501543596,
        494.34716501543596,
        494.34716501543596,
        494.34716501543596,
        494.34716501543596,
        494.34716501543596,
        494.34716501543596,
        494.34716501543596,
        494.34716501543596,
        494.34716501543596,
        494.34716501543596,
        494.34716501543596,
        494.34716501543596,
        494.34716501543596,
        494.34716501543596,
        494.34716501543596,
        494.34716501543596,
        494.34716501543596,
        494.34716501543596,
        494.34716501543596,
        494.34716501543596,
        494.34716501543596,
        494.34716501543596,
        494.34716501543596,
        494.34716501543596,
        494.34716501543596,
        494.34716501543596,
        494.34716501543596,
        494.34716501543596,
        494.34716501543596,
        494.34716501543596,
        494.34716501543596,
        494.34716501543596,
        494.34716501543596,
        494.34716501543596,
        494.34716501543596,
        494.34716501543596,
        494.34716501543596,
        494.34716501543596,
        494.34716501543596,
        494.34716501543596,
        494.34716501543596,
        494.34716501543596,
        494.34716501543596,
        494.34716501543596,
        494.34716501543596,
        494.34716501543596,
        494.34716501543596,
        494.34716501543596,
        494.34716501543596,
        494.34716501543596,
        494.34716501543596,
        494.34716501543596,
        494.34716501543596,
        494.34716501543596,
        494.34716501543596,
        494.34716501543596,
        494.34716501543596,
        494.34716501543596,
        494.34716501543596,
        494.34716501543596,
        494.34716501543596,
        494.34716501543596,
        494.34716501543596,
        494.34716501543596,
        494.34716501543596,
        494.34716501543596,
        494.34716501543596,
        494.34716501543596,
        494.34716501543596,
        494.34716501543596,
        494.34716501543596,
        494.34716501543596,
        494.34716501543596,
        494.34716501543596,
        494.34716501543596,
        494.34716501543596,
        494.34716501543596,
        494.34716501543596,
        494.34716501543596,
        494.34716501543596,
        494.34716501543596,
        494.34716501543596,
        494.34716501543596,
        494.34716501543596,
        494.34716501543596,
        494.34716501543596,
        494.34716501543596,
        494.34716501543596,
        494.34716501543596
    ],
    "valid_losses": [
        477.1784028084047,
        477.1784028084047,
        477.1784028084047,
        477.1784028084047,
        477.1784028084047,
        477.1784028084047,
        477.1784028084047,
        477.1784028084047,
        477.1784028084047,
        477.1784028084047,
        477.1784028084047,
        477.1784028084047,
        477.1784028084047,
        477.1784028084047,
        477.1784028084047,
        477.1784028084047,
        477.1784028084047,
        477.1784028084047,
        477.1784028084047,
        477.1784028084047,
        477.1784028084047,
        477.1784028084047,
        477.1784028084047,
        477.1784028084047,
        477.1784028084047,
        477.1784028084047,
        477.1784028084047,
        477.1784028084047,
        477.1784028084047,
        477.1784028084047,
        477.1784028084047,
        477.1784028084047,
        477.1784028084047,
        477.1784028084047,
        477.1784028084047,
        477.1784028084047,
        477.1784028084047,
        477.1784028084047,
        477.1784028084047,
        477.1784028084047,
        477.1784028084047,
        477.1784028084047,
        477.1784028084047,
        477.1784028084047,
        477.1784028084047,
        477.1784028084047,
        477.1784028084047,
        477.1784028084047,
        477.1784028084047,
        477.1784028084047,
        477.1784028084047,
        477.1784028084047,
        477.1784028084047,
        477.1784028084047,
        477.1784028084047,
        477.1784028084047,
        477.1784028084047,
        477.1784028084047,
        477.1784028084047,
        477.1784028084047,
        477.1784028084047,
        477.1784028084047,
        477.1784028084047,
        477.1784028084047,
        477.1784028084047,
        477.1784028084047,
        477.1784028084047,
        477.1784028084047,
        477.1784028084047,
        477.1784028084047,
        477.1784028084047,
        477.1784028084047,
        477.1784028084047,
        477.1784028084047,
        477.1784028084047,
        477.1784028084047,
        477.1784028084047,
        477.1784028084047,
        477.1784028084047,
        477.1784028084047,
        477.1784028084047,
        477.1784028084047,
        477.1784028084047,
        477.1784028084047,
        477.1784028084047,
        477.1784028084047,
        477.1784028084047,
        477.1784028084047,
        477.1784028084047,
        477.1784028084047,
        477.1784028084047,
        477.1784028084047,
        477.1784028084047,
        477.1784028084047,
        477.1784028084047,
        477.1784028084047,
        477.1784028084047,
        477.1784028084047,
        477.1784028084047,
        477.1784028084047,
        477.1784028084047
    ],