{
    "testproblem": "quadratic_deep",
    "batch_size": 32,
    "num_epochs": 100,
    "random_seed": 48,
    "weight_decay": null,
    "optimizer_name": "SGD",
    "optimizer_hyperparams": {
        "lr": 0.1
    },
    "training_params": {},
    "train_losses": [
        294.7196291031376,
        294.7196291031376,
        294.7196291031376,
        294.7196291031376,
        294.7196291031376,
        294.7196291031376,
        294.7196291031376,
        294.7196291031376,
        294.7196291031376,
        294.7196291031376,
        294.7196291031376,
        294.7196291031376,
        294.7196291031376,
        294.7196291031376,
        294.7196291031376,
        294.7196291031376,
        294.7196291031376,
        294.7196291031376,
        294.7196291031376,
        294.7196291031376,
        294.7196291031376,
        294.7196291031376,
        294.7196291031376,
        294.7196291031376,
        294.7196291031376,
        294.7196291031376,
        294.7196291031376,
        294.7196291031376,
        294.7196291031376,
        294.7196291031376,
        294.7196291031376,
        294.7196291031376,
        294.7196291031376,
        294.7196291031376,
        294.7196291031376,
        294.7196291031376,
        294.7196291031376,
        294.7196291031376,
        294.7196291031376,
        294.7196291031376,
        294.7196291031376,
        294.7196291031376,
        294.7196291031376,
        294.7196291031376,
        294.7196291031376,
        294.7196291031376,
        294.7196291031376,
        294.7196291031376,
        294.7196291031376,
        294.7196291031376,
        294.7196291031376,
        294.7196291031376,
        294.7196291031376,
        294.7196291031376,
        294.7196291031376,
        294.7196291031376,
        294.7196291031376,
        294.7196291031376,
        294.7196291031376,
        294.7196291031376,
        294.7196291031376,
        294.7196291031376,
        294.7196291031376,
        294.7196291031376,
        294.7196291031376,
        294.7196291031376,
        294.7196291031376,
        294.7196291031376,
        294.7196291031376,
        294.7196291031376,
        294.7196291031376,
        294.7196291031376,
        294.7196291031376,
        294.7196291031376,
        294.7196291031376,
        294.7196291031376,
        294.7196291031376,
        294.7196291031376,
        294.7196291031376,
        294.7196291031376,
        294.7196291031376,
        294.7196291031376,
        294.7196291031376,
        294.7196291031376,
        294.7196291031376,
        294.7196291031376,
        294.7196291031376,
        294.7196291031376,
        294.7196291031376,
        294.7196291031376,
        294.7196291031376,
        294.7196291031376,
        294.7196291031376,
        294.7196291031376,
        294.7196291031376,
        294.7196291031376,
        294.7196291031376,
        294.7196291031376,
        294.7196291031376,
        294.7196291031376,
        294.7196291031376
    ],
    "valid_losses": [
        292.60965458039317,
        292.60965458039317,
        292.60965458039317,
        292.60965458039317,
        292.60965458039317,
        292.60965458039317,
        292.60965458039317,
        292.60965458039317,
        292.60965458039317,
        292.60965458039317,
        292.60965458039317,
        292.60965458039317,
        292.60965458039317,
        292.60965458039317,
        292.60965458039317,
        292.60965458039317,
        292.60965458039317,
        292.60965458039317,
        292.60965458039317,
        292.60965458039317,
        292.60965458039317,
        292.60965458039317,
        292.60965458039317,
        292.60965458039317,
        292.60965458039317,
        292.60965458039317,
        292.60965458039317,
        292.60965458039317,
        292.60965458039317,
        292.60965458039317,
        292.60965458039317,
        292.60965458039317,
        292.60965458039317,
        292.60965458039317,
        292.60965458039317,
        292.60965458039317,
        292.60965458039317,
        292.60965458039317,
        292.60965458039317,
        292.60965458039317,
        292.60965458039317,
        292.60965458039317,
        292.60965458039317,
        292.60965458039317,
        292.60965458039317,
        292.60965458039317,
        292.60965458039317,
        292.60965458039317,
        292.60965458039317,
        292.60965458039317,
        292.60965458039317,
        292.60965458039317,
        292.60965458039317,
        292.60965458039317,
        292.60965458039317,
        292.60965458039317,
        292.60965458039317,
        292.60965458039317,
        292.60965458039317,
        292.60965458039317,
        292.60965458039317,
        292.60965458039317,
        292.60965458039317,
        292.60965458039317,
        292.60965458039317,
        292.60965458039317,
        292.60965458039317,
        292.60965458039317,
        292.60965458039317,
        292.60965458039317,
        292.60965458039317,
        292.60965458039317,
        292.60965458039317,
        292.60965458039317,
        292.60965458039317,
        292.60965458039317,
        292.60965458039317,
        292.60965458039317,
        292.60965458039317,
        292.60965458039317,
        292.60965458039317,
        292.60965458039317,
        292.60965458039317,
        292.60965458039317,
        292.60965458039317,
        292.60965458039317,
        292.60965458039317,
        292.60965458039317,
        292.60965458039317,
        292.60965458039317,
        292.60965458039317,
        292.60965458039317,
        292.60965458039317,
        292.60965458039317,
        292.60965458039317,
        292.60965458039317,
        292.60965458039317,
        292.60965458039317,
        292.60965458039317,
        292.60965458039317,
        292.60965458039317
    ],