{
    "testproblem": "quadratic_deep",
    "batch_size": 32,
    "num_epochs": 100,
    "random_seed": 43,
    "weight_decay": null,
    "optimizer_name": "SGD",
    "optimizer_hyperparams": {
        "lr": 1e-80
    },
    "training_params": {},
    "train_losses": [
        337.03018286920366,
        337.1711711268271,
        337.10437897712956,
        337.0675531202747,
        337.1962437783518,
        337.1232102917087,
        337.3220628307712,
        337.55712890625,
        336.7341781123992,
        337.22503268334174,
        337.445806687878,
        337.1880168299521,
        337.33943914598035,
        337.12080530966483,
        337.6659496676537,
        337.0596736784904,
        337.46378351026965,
        336.8982888498614,
        337.16090639175906,
        337.22113430884576,
        337.3851820422757,
        337.07732957409274,
        336.3765583653604,
        337.054203156502,
        336.93179715064264,
        336.9557879048009,
        337.416261734501,
        337.25130241147934,
        337.11915145381806,
        337.01973896641886,
        337.0033461047757,
        337.1170910250756,
        337.39308018838204,
        337.44744676159274,
        336.76907939295614,
        337.6559320265247,
        337.06258958385837,
        336.7172319965978,
        337.3126742455267,
        336.7000476467994,
        336.95434668756303,
        337.62064779958416,
        337.1236631331905,
        337.2549221900202,
        337.1848725349672,
        337.25219628118697,
        337.2010222404234,
        337.1920648390247,
        337.15150008663056,
        337.37109375,
        337.57667984501006,
        337.436771515877,
        337.2841983918221,
        337.4232886529738,
        337.2028572328629,
        337.4067924253402,
        337.2167781706779,
        337.1358888687626,
        337.5632176553049,
        337.07262691374746,
        337.56749503843247,
        337.33483985162553,
        337.30541106193294,
        337.214839812248,
        337.1156586677797,
        337.3339371219758,
        336.9998739919355,
        337.2861475790701,
        337.16055888514364,
        337.6008153115549,
        337.28632182459677,
        337.12425576486896,
        336.5960398027974,
        337.41249724357357,
        337.33544232768395,
        337.6160809916835,
        337.32752843056954,
        337.04884584488406,
        337.44997282951107,
        337.3018523185484,
        336.8958966655116,
        337.13878311649444,
        337.3807077715474,
        337.7785890640751,
        337.06126551474296,
        337.4373346144153,
        336.74847018334174,
        337.26622846049645,
        336.99690788022934,
        337.2708681168095,
        337.08980141916584,
        337.48421847435736,
        337.8622781076739,
        337.1168626354587,
        337.4474566059728,
        337.23548446163056,
        337.0541824833039,
        336.8812738233997,
        336.9346923828125,
        337.31878662109375,
        337.2841176679057
    ],
    "valid_losses": [
        333.89869936050906,
        333.89869936050906,
        333.89869936050906,
        333.89869936050906,
        333.89869936050906,
        333.89869936050906,
        333.89869936050906,
        333.89869936050906,
        333.89869936050906,
        333.89869936050906,
        333.89869936050906,
        333.89869936050906,
        333.89869936050906,
        333.89869936050906,
        333.89869936050906,
        333.89869936050906,
        333.89869936050906,
        333.89869936050906,
        333.89869936050906,
        333.89869936050906,
        333.89869936050906,
        333.89869936050906,
        333.89869936050906,
        333.89869936050906,
        333.89869936050906,
        333.89869936050906,
        333.89869936050906,
        333.89869936050906,
        333.89869936050906,
        333.89869936050906,
        333.89869936050906,
        333.89869936050906,
        333.89869936050906,
        333.89869936050906,
        333.89869936050906,
        333.89869936050906,
        333.89869936050906,
        333.89869936050906,
        333.89869936050906,
        333.89869936050906,
        333.89869936050906,
        333.89869936050906,
        333.89869936050906,
        333.89869936050906,
        333.89869936050906,
        333.89869936050906,
        333.89869936050906,
        333.89869936050906,
        333.89869936050906,
        333.89869936050906,
        333.89869936050906,
        333.89869936050906,
        333.89869936050906,
        333.89869936050906,
        333.89869936050906,
        333.89869936050906,
        333.89869936050906,
        333.89869936050906,
        333.89869936050906,
        333.89869936050906,
        333.89869936050906,
        333.89869936050906,
        333.89869936050906,
        333.89869936050906,
        333.89869936050906,
        333.89869936050906,
        333.89869936050906,
        333.89869936050906,
        333.89869936050906,
        333.89869936050906,
        333.89869936050906,
        333.89869936050906,
        333.89869936050906,
        333.89869936050906,
        333.89869936050906,
        333.89869936050906,
        333.89869936050906,
        333.89869936050906,
        333.89869936050906,
        333.89869936050906,
        333.89869936050906,
        333.89869936050906,
        333.89869936050906,
        333.89869936050906,
        333.89869936050906,
        333.89869936050906,
        333.89869936050906,
        333.89869936050906,
        333.89869936050906,
        333.89869936050906,
        333.89869936050906,
        333.89869936050906,
        333.89869936050906,
        333.89869936050906,
        333.89869936050906,
        333.89869936050906,
        333.89869936050906,
        333.89869936050906,
        333.89869936050906,
        333.89869936050906,
        333.89869936050906
    ],