{
    "testproblem": "quadratic_deep",
    "batch_size": 32,
    "num_epochs": 100,
    "random_seed": 47,
    "weight_decay": null,
    "optimizer_name": "Preconditioner",
    "optimizer_hyperparams": {
        "lr": 0.1
    },
    "training_params": {},
    "train_losses": [
        376.2134389569682,
        4.145908263841012e+19,
        1.2830793231905164e+16,
        7597452995050991.0,
        376.2134389569682,
        376.2134389569682,
        376.2134389569682,
        376.2134389569682,
        376.2134389569682,
        376.2134389569682,
        376.2134389569682,
        376.2134389569682,
        376.2134389569682,
        376.2134389569682,
        376.2134389569682,
        376.2134389569682,
        376.2134389569682,
        376.2134389569682,
        376.2134389569682,
        376.2134389569682,
        376.2134389569682,
        376.2134389569682,
        376.2134389569682,
        376.2134389569682,
        376.2134389569682,
        376.2134389569682,
        376.2134389569682,
        376.2134389569682,
        376.2134389569682,
        376.2134389569682,
        376.2134389569682,
        376.2134389569682,
        376.2134389569682,
        376.2134389569682,
        376.2134389569682,
        376.2134389569682,
        376.2134389569682,
        376.2134389569682,
        376.2134389569682,
        376.2134389569682,
        376.2134389569682,
        376.2134389569682,
        376.2134389569682,
        376.2134389569682,
        376.2134389569682,
        376.2134389569682,
        376.2134389569682,
        376.2134389569682,
        376.2134389569682,
        376.2134389569682,
        376.2134389569682,
        376.2134389569682,
        376.2134389569682,
        376.2134389569682,
        376.2134389569682,
        376.2134389569682,
        376.2134389569682,
        376.2134389569682,
        376.2134389569682,
        376.2134389569682,
        376.2134389569682,
        376.2134389569682,
        376.2134389569682,
        376.2134389569682,
        376.2134389569682,
        376.2134389569682,
        376.2134389569682,
        376.2134389569682,
        376.2134389569682,
        376.2134389569682,
        376.2134389569682,
        376.2134389569682,
        376.2134389569682,
        376.2134389569682,
        376.2134389569682,
        376.2134389569682,
        376.2134389569682,
        376.2134389569682,
        376.2134389569682,
        376.2134389569682,
        376.2134389569682,
        376.2134389569682,
        376.2134389569682,
        376.2134389569682,
        376.2134389569682,
        376.2134389569682,
        376.2134389569682,
        376.2134389569682,
        376.2134389569682,
        376.2134389569682,
        376.2134389569682,
        376.2134389569682,
        376.2134389569682,
        376.2134389569682,
        376.2134389569682,
        376.2134389569682,
        376.2134389569682,
        376.2134389569682,
        376.2134389569682,
        376.2134389569682,
        376.2134389569682
    ],
    "valid_losses": [
        371.5962839434224,
        4.145908263841012e+19,
        1.2830793058721e+16,
        7597453254827239.0,
        371.5962839434224,
        371.5962839434224,
        371.5962839434224,
        371.5962839434224,
        371.5962839434224,
        371.5962839434224,
        371.5962839434224,
        371.5962839434224,
        371.5962839434224,
        371.5962839434224,
        371.5962839434224,
        371.5962839434224,
        371.5962839434224,
        371.5962839434224,
        371.5962839434224,
        371.5962839434224,
        371.5962839434224,
        371.5962839434224,
        371.5962839434224,
        371.5962839434224,
        371.5962839434224,
        371.5962839434224,
        371.5962839434224,
        371.5962839434224,
        371.5962839434224,
        371.5962839434224,
        371.5962839434224,
        371.5962839434224,
        371.5962839434224,
        371.5962839434224,
        371.5962839434224,
        371.5962839434224,
        371.5962839434224,
        371.5962839434224,
        371.5962839434224,
        371.5962839434224,
        371.5962839434224,
        371.5962839434224,
        371.5962839434224,
        371.5962839434224,
        371.5962839434224,
        371.5962839434224,
        371.5962839434224,
        371.5962839434224,
        371.5962839434224,
        371.5962839434224,
        371.5962839434224,
        371.5962839434224,
        371.5962839434224,
        371.5962839434224,
        371.5962839434224,
        371.5962839434224,
        371.5962839434224,
        371.5962839434224,
        371.5962839434224,
        371.5962839434224,
        371.5962839434224,
        371.5962839434224,
        371.5962839434224,
        371.5962839434224,
        371.5962839434224,
        371.5962839434224,
        371.5962839434224,
        371.5962839434224,
        371.5962839434224,
        371.5962839434224,
        371.5962839434224,
        371.5962839434224,
        371.5962839434224,
        371.5962839434224,
        371.5962839434224,
        371.5962839434224,
        371.5962839434224,
        371.5962839434224,
        371.5962839434224,
        371.5962839434224,
        371.5962839434224,
        371.5962839434224,
        371.5962839434224,
        371.5962839434224,
        371.5962839434224,
        371.5962839434224,
        371.5962839434224,
        371.5962839434224,
        371.5962839434224,
        371.5962839434224,
        371.5962839434224,
        371.5962839434224,
        371.5962839434224,
        371.5962839434224,
        371.5962839434224,
        371.5962839434224,
        371.5962839434224,
        371.5962839434224,
        371.5962839434224,
        371.5962839434224,
        371.5962839434224
    ],