{
    "train_accuracies": [
        0.09835737179487179,
        0.20693108974358973,
        0.38110977564102566,
        0.433994391025641,
        0.4792668269230769,
        0.5002003205128205
    ],
    "train_losses": [
        2.659251931386116,
        2.303747996305808,
        1.9009063442548115,
        1.7463206358444996,
        1.634832507524735,
        1.5859805238552582
    ],
    "optimizer_name": "PreconditionedSGD_noinit",
    "batch_size": 128,
    "weight_decay": null,
    "test_losses": [
        2.6589394502150707,
        2.266282164133512,
        1.8408263952304156,
        1.6662321151831212,
        1.5717230790700667,
        1.5111786692570417
    ],
    "training_params": {},
    "valid_losses": [
        2.658824636385991,
        2.271076064843398,
        1.8378615455749707,
        1.6585344763902516,
        1.566784103711446,
        1.5036871356841846
    ],
    "minibatch_train_losses": [
        2.659251931386116,
        2.6643965244293213,
        2.662142753601074,
        2.644308567047119,
        2.620445966720581,
        2.633336067199707,
        2.6400108337402344,
        2.618006467819214,
        2.570061445236206,
        2.5956661701202393,
        2.5786030292510986,
        2.574646234512329,
        2.502690553665161,
        2.4908413887023926,
        2.4632766246795654,
        2.4510011672973633,
        2.550123691558838,
        2.509756565093994,
        2.507709503173828,
        2.4988279342651367,
        2.482583999633789,
        2.48966646194458,
        2.315582752227783,
        2.233957290649414,
        2.3170742988586426,
        2.3139705657958984,
        2.245765209197998,
        2.2696287631988525,
        2.1637909412384033,
        2.240433692932129,
        2.759380578994751,
        2.345423936843872,
        2.449824571609497,
        2.303747996305808,
        2.322441339492798,
        2.3045074939727783,
        2.2664620876312256,
        2.210798978805542,
        2.0979392528533936,
        1.9980268478393555,
        2.054504871368408,
        2.021217107772827,
        2.13055419921875,
        2.0726888179779053,
        2.073643207550049,
        2.0417439937591553,
        2.0188241004943848,
        2.087320566177368,
        2.027252435684204,
        2.089639663696289,
        1.9513944387435913,
        1.9565553665161133,
        2.0290303230285645,
        2.0324478149414062,
        1.9177664518356323,
        2.0022614002227783,
        2.013929843902588,
        2.1443581581115723,
        2.0364365577697754,
        1.9396239519119263,
        1.88590407371521,
        2.008232355117798,
        1.8368258476257324,
        1.925508975982666,
        2.0127718448638916,
        2.025862693786621,
        1.9009063442548115,
        1.906740665435791,
        1.7986563444137573,
        1.8435585498809814,
        1.8163142204284668,
        1.9242668151855469,
        1.9129116535186768,
        1.8984489440917969,
        1.8246419429779053,
        1.9031319618225098,
        1.9176206588745117,
        1.6776561737060547,
        1.8700954914093018,
        1.8868427276611328,
        1.7772969007492065,
        1.7512400150299072,
        1.8236970901489258,
        1.6362419128417969,
        1.900735855102539,
        1.8380903005599976,
        1.7992467880249023,
        1.9282481670379639,
        1.8732104301452637,
        1.7427712678909302,
        1.8333282470703125,
        1.8504124879837036,
        1.7370449304580688,
        1.8131059408187866,
        1.905387282371521,
        1.7633205652236938,
        1.869367003440857,
        1.8125940561294556,
        1.724244475364685,
        1.7463206358444996,
        1.6038861274719238,
        1.7164433002471924,
        1.8062111139297485,
        1.727162480354309,
        1.8917900323867798,
        1.8063080310821533,
        1.6178628206253052,
        1.746921420097351,
        1.8025808334350586,
        1.7668616771697998,
        1.774787187576294,
        1.745392084121704,
        1.7321990728378296,
        1.6996577978134155,
        1.7216391563415527,
        1.7134346961975098,
        1.6753138303756714,
        1.5142990350723267,
        1.6977421045303345,
        1.8201230764389038,
        1.7678700685501099,
        1.7800754308700562,
        1.6898566484451294,
        1.6784311532974243,
        1.695421576499939,
        1.6390811204910278,
        1.7251139879226685,
        1.79925537109375,
        1.5412616729736328,
        1.7599189281463623,
        1.5333361625671387,
        1.5531033277511597,
        1.634832507524735,
        1.7305958271026611,
        1.744004726409912,
        1.6164932250976562,
        1.5385886430740356,
        1.6286931037902832,
        1.6450804471969604,
        1.5851058959960938,
        1.5129921436309814,
        1.6269583702087402,
        1.9009238481521606,
        1.517260193824768,
        1.6736247539520264,
        1.4999549388885498,
        1.4993553161621094,
        1.4700812101364136,
        1.6723037958145142,
        1.6929116249084473,
        1.6942973136901855,
        1.6784528493881226,
        1.7532784938812256,
        1.633660078048706,
        1.5251188278198242,
        1.7463124990463257,
        1.5935447216033936,
        1.6517359018325806,
        1.6457436084747314,
        1.5998849868774414,
        1.6016664505004883,
        1.5937846899032593,
        1.5714229345321655,
        1.6522732973098755,
        1.6351113319396973,
        1.5859805238552582
    ],
    "random_seed": 47,
    "test_accuracies": [
        0.10016025641025642,
        0.22896634615384615,
        0.4039463141025641,
        0.4707532051282051,
        0.49759615384615385,
        0.5212339743589743
    ],
    "valid_accuracies": [
        0.10176282051282051,
        0.22235576923076922,
        0.4128605769230769,
        0.4699519230769231,
        0.49919871794871795,
        0.5233373397435898
    ],
    "testproblem": "cifar10_3c3d",
    "num_epochs": 5,
    "optimizer_hyperparams": {
        "lr": null
    }
}