{
    "testproblem": "quadratic_deep",
    "batch_size": 32,
    "num_epochs": 100,
    "random_seed": 44,
    "weight_decay": null,
    "optimizer_name": "Preconditioner",
    "optimizer_hyperparams": {
        "lr": null
    },
    "training_params": {},
    "train_losses": [
        324.86792878181706,
        106.17162741384199,
        99.11452287243259,
        96.65108071604082,
        92.68308848719442,
        91.13160484067855,
        91.52071552891886,
        88.97891506072014,
        89.9969959874307,
        89.35924726916897,
        88.16931915283203,
        88.71532218686995,
        87.88888328306136,
        87.95766153643208,
        86.72552317957724,
        88.12676386679372,
        88.17077095277848,
        88.17644820674774,
        88.34988747873614,
        88.2568829444147,
        86.32713662424395,
        87.82602199431389,
        86.51002207110005,
        90.29083818004978,
        86.72835417716733,
        89.6530281805223,
        86.25927242155998,
        86.36348724365234,
        88.24441528320312,
        88.73411240116242,
        86.69652385096396,
        88.06893797843686,
        86.9143780123803,
        86.26427016719695,
        86.9479741742534,
        88.01861990651777,
        85.99084891042402,
        87.94150617045742,
        87.36975073045299,
        86.12482181672127,
        89.00760872133317,
        87.55936259608114,
        88.5390113092238,
        86.01521842710433,
        86.74945437523627,
        90.20954328967679,
        87.13199492423765,
        87.29964791574785,
        86.92967224121094,
        87.05678189185357,
        86.10380332700667,
        88.66313638994771,
        89.01044660998929,
        86.63957189744518,
        87.40845957110005,
        87.49914132395098,
        87.75947004748929,
        87.21441478113974,
        88.04454089749244,
        87.87942307995212,
        88.70797188051286,
        87.0976050592238,
        86.53933617376512,
        86.7313960905998,
        87.76876117337135,
        87.98557010773689,
        88.79978327597341,
        87.84087371826172,
        87.45168944328061,
        88.07057509883758,
        87.00354816067603,
        88.23812989265689,
        86.62787578951928,
        86.19156671339466,
        86.2653577250819,
        86.94580841064453,
        90.61199680451423,
        86.96486073155558,
        86.96275280367944,
        88.81054195280998,
        87.87656501031691,
        87.2832506241337,
        87.71008596112651,
        86.85770982311618,
        86.75469306207472,
        88.05952453613281,
        87.08624070690524,
        86.25120938208795,
        88.3111557499055,
        86.70466982933783,
        87.54301280360067,
        88.26068164456275,
        88.21630047213647,
        86.19883998747795,
        87.79339624220326,
        87.64273661951864,
        87.82039568501133,
        85.94613204463836,
        87.59792180215159,
        86.94918060302734,
        86.98648661951864
    ],
    "valid_losses": [
        326.2157927482359,
        104.83253232894405,
        98.30122277044481,
        96.30036089497227,
        92.01705661896736,
        89.72705299623551,
        90.73635962701613,
        88.43880905643586,
        88.3080331125567,
        88.94530733170048,
        87.14624392601752,
        87.61570887411794,
        86.57522829117313,
        86.81760480326992,
        85.59032415574596,
        87.3358904930853,
        87.19832389585433,
        87.57420250677293,
        87.82407723703692,
        87.08808800481981,
        85.12691891577936,
        86.55960624448714,
        85.48198035455519,
        89.23481135214529,
        85.35255481350806,
        89.3710674162834,
        85.2850351641255,
        85.76808658722908,
        87.49101774154171,
        87.82535479145665,
        85.52613436791205,
        87.05228202573714,
        86.07790916196761,
        85.38804798741495,
        86.26352371708039,
        86.32323234311995,
        84.86181665235951,
        86.48406637868574,
        86.18730975735572,
        85.04954307310042,
        88.26810996763167,
        86.98828100389049,
        87.48390517696258,
        85.30735951085245,
        85.64599781651651,
        88.19908019035093,
        85.80756009009576,
        86.51195329235446,
        85.51101610737462,
        85.98920219175277,
        85.3502684562437,
        87.9802499586536,
        87.90702819824219,
        85.5065457743983,
        86.46595739549205,
        86.26573993313697,
        86.6973638226909,
        86.5848378827495,
        87.00615889026272,
        86.47608824699155,
        87.41566541118007,
        86.64234678206905,
        85.59141958913496,
        85.94707661290323,
        86.42698620211694,
        86.6269777359501,
        88.01858446674962,
        86.40423633206275,
        86.67146301269531,
        87.30740405667213,
        85.77673561342301,
        87.78890720490486,
        85.84723441831527,
        85.49004733177924,
        85.38552856445312,
        85.45824776926348,
        89.92782666606288,
        85.96941129622921,
        85.99588037306263,
        87.86853322675151,
        86.8224125523721,
        86.62106126354587,
        86.20262096774194,
        85.57928122243574,
        85.66749474310106,
        86.64773707236013,
        86.28393850018901,
        85.18546270555065,
        87.78859070808657,
        85.55906504969442,
        86.91369505851499,
        87.15213332637664,
        87.4137191772461,
        85.42054896200857,
        86.88184209023753,
        86.06004013553742,
        86.51484630953881,
        85.04047590686429,
        86.9458495109312,
        86.39962473223287,
        86.5425282139932
    ],