{
    "testproblem": "quadratic_deep",
    "batch_size": 32,
    "num_epochs": 100,
    "random_seed": 50,
    "weight_decay": null,
    "optimizer_name": "Preconditioner",
    "optimizer_hyperparams": {
        "lr": null
    },
    "training_params": {},
    "train_losses": [
        286.38834208826864,
        105.41814594884073,
        100.00253246676537,
        95.74579374251827,
        92.52015735257056,
        92.26584059192288,
        90.28978187807145,
        90.04955931632749,
        89.66868345199093,
        89.1426019976216,
        88.03042454873362,
        88.6694594352476,
        88.34418512159779,
        88.6842543079007,
        87.53790652367377,
        88.31127535912299,
        87.6463861773091,
        87.64637584071005,
        88.25053159652218,
        88.98547117171749,
        89.23289169803742,
        89.03974225444179,
        87.91724641861454,
        87.10159375590663,
        88.64284072383758,
        88.19608183830015,
        89.09539868754726,
        88.15741631292528,
        86.73595477688697,
        87.20531291346396,
        87.75370936239919,
        87.49115851617628,
        87.41685485839844,
        87.56596276067918,
        87.00596864761845,
        86.83294407013923,
        88.89766520838583,
        87.94336503551853,
        87.0966065929782,
        89.56149095104587,
        88.2328387844947,
        87.34532337803995,
        87.68055971207157,
        86.8941660235005,
        86.78164549796811,
        88.34417060113722,
        88.17615927419355,
        88.08659830401021,
        87.77260072769657,
        87.16721540881741,
        89.13926918275895,
        87.98421109107232,
        86.67391081779233,
        88.58315178655809,
        87.39762484642768,
        91.66110401768839,
        88.57793967954574,
        86.81647343789378,
        88.3601554132277,
        88.5922339654738,
        87.55354998188633,
        87.29283634308845,
        87.68992959299395,
        89.50281721545804,
        87.27821177821005,
        87.0533937023532,
        88.99461512411794,
        90.14580560499623,
        88.58594586772304,
        87.17508894397366,
        90.29469348538306,
        87.50756368329448,
        89.06352283108619,
        90.27116344821069,
        88.36869295181766,
        86.64801050001576,
        87.66968462544102,
        89.12877113588395,
        87.38157826085245,
        88.9298836492723,
        87.15677249047064,
        86.77996703117124,
        88.70458541377899,
        87.95110862485824,
        91.35798128189579,
        86.76139708488218,
        88.7963377429593,
        87.17733395484186,
        88.04356261222593,
        87.5307137273973,
        87.92788917787614,
        90.54937325754473,
        88.14490976641255,
        88.6732672414472,
        86.92916870117188,
        86.99735850672567,
        87.20636601601878,
        88.61554250409526,
        87.00314404887538,
        87.83459743376702,
        88.3775403422694
    ],
    "valid_losses": [
        286.11244053994454,
        106.48478083456716,
        101.32140202676096,
        96.98749320737777,
        93.60315925844255,
        93.77229259860131,
        91.32683735509073,
        90.95718925229964,
        90.66102280155305,
        89.84289378504599,
        89.00824097664126,
        89.46728220293599,
        89.21465473790323,
        89.62119736209992,
        88.39993187689012,
        89.27587767570249,
        88.08744787400768,
        88.39419432609311,
        88.78087665188697,
        89.47783857776272,
        89.8871356594947,
        89.58224191973287,
        89.09225094702936,
        87.87762131229523,
        89.39434100735572,
        88.94544662967805,
        89.75276577857232,
        88.62964777792654,
        87.61107241722846,
        88.38600601688508,
        88.93875737344065,
        88.65760507891255,
        88.83387805569556,
        88.89988019389492,
        87.85349765900642,
        87.97964231429562,
        90.26182826872795,
        89.33097987021169,
        88.02027130126953,
        90.45434447257749,
        88.83118660219255,
        87.87696764546055,
        88.8003161030431,
        87.68971596994707,
        87.373290523406,
        89.2957520023469,
        88.98345873432774,
        88.84591034919985,
        88.90680793023878,
        87.86961044803742,
        90.57998460338962,
        88.64451968285346,
        87.72275912377143,
        89.45518961260396,
        88.62771261892011,
        93.21978735154674,
        89.34974744243007,
        88.17913301529423,
        89.02691748834425,
        89.38130212599232,
        88.1438217163086,
        88.22501028737715,
        88.1946064118416,
        90.88325500488281,
        87.78611706149194,
        88.02710822320753,
        90.60204118297946,
        90.74420830511278,
        89.27927915511593,
        88.23242507442352,
        91.14939437373992,
        88.65128178750315,
        90.25869529478011,
        91.40762378323463,
        88.72018211118636,
        87.6009996475712,
        88.55178611509261,
        90.4533445296749,
        88.52549891318044,
        89.55378034037929,
        88.19876344742313,
        87.61906580771169,
        90.043211906187,
        88.85095854728452,
        92.6775384718372,
        87.75998097081339,
        89.59710717970326,
        87.62818342639554,
        88.72964502150013,
        88.84574102586315,
        88.84902929490612,
        91.42843455653036,
        89.64722368794102,
        89.48984699864542,
        87.87028158864668,
        88.03958646712765,
        88.64632612659085,
        89.94115472608998,
        87.89911454723728,
        88.93388883529171,
        89.39647699171498
    ],