{
    "testproblem": "quadratic_deep",
    "batch_size": 32,
    "num_epochs": 100,
    "random_seed": 51,
    "weight_decay": null,
    "optimizer_name": "Preconditioner",
    "optimizer_hyperparams": {
        "lr": null
    },
    "training_params": {},
    "train_losses": [
        245.88656222435736,
        105.1094261907762,
        98.41061229090536,
        95.13116627354776,
        94.30347418016002,
        91.8818851594002,
        90.35067552135837,
        88.75586897327054,
        90.70931243896484,
        89.0152319631269,
        88.11070719072896,
        89.45668054396107,
        88.33575316398374,
        87.72886657714844,
        87.02972928939327,
        87.09839580905053,
        87.89020390664378,
        87.46543662778792,
        88.0983655375819,
        87.82924405990109,
        87.0498772898028,
        86.44827787337765,
        87.58080217915196,
        86.81464582873929,
        87.70640342466292,
        86.86597541070753,
        86.88911339544481,
        87.51119650563886,
        87.47524482973161,
        88.50787894956527,
        87.03204985587827,
        88.59103098223287,
        87.49666546237084,
        87.11989027454007,
        87.37620224491242,
        86.94940973097279,
        86.60770194761214,
        86.70734257851878,
        86.45931539227885,
        87.2913803592805,
        87.92236968009702,
        86.59211017239478,
        86.96080460086945,
        87.49328982445502,
        86.20142290669102,
        86.34356566398374,
        86.51374841505482,
        87.0096201742849,
        87.64484750070879,
        86.33883986934539,
        86.75781373054751,
        86.61752811554939,
        87.94306428970829,
        86.63498220136088,
        87.00766237320438,
        86.31912034557712,
        88.48743069556451,
        87.3427000968687,
        86.33593110115298,
        87.9286597467238,
        87.58551394554877,
        87.13664245605469,
        89.16649898405998,
        88.94757350798577,
        88.45831889490927,
        87.14413452148438,
        88.78174664897304,
        87.44836696501702,
        86.82554601853893,
        88.91591545843309,
        86.6719731976909,
        87.08256284652218,
        87.62756692209551,
        86.90123502669796,
        87.36336861887285,
        88.14475840906942,
        86.32822885820943,
        87.67473356185421,
        89.3738263037897,
        88.1212401851531,
        86.29232394310736,
        87.9829566709457,
        87.16826580416772,
        86.74143415881741,
        86.74523015176096,
        87.81109840639176,
        87.18760164322391,
        86.18692779541016,
        88.70906977499685,
        88.22884664227885,
        88.57977344143775,
        86.71348891719695,
        86.79154106878465,
        88.25155664259388,
        88.06397887199155,
        87.55965645082536,
        89.07161589591733,
        86.66999915338332,
        86.94766333795363,
        87.45976257324219,
        86.67968996109501
    ],
    "valid_losses": [
        244.339596656061,
        106.54289097939768,
        99.52891786636845,
        96.22754669189453,
        95.5129911361202,
        92.60093984296245,
        91.4073481405935,
        90.07488201510522,
        92.07956941666141,
        90.31203386860508,
        89.00785015475365,
        90.56352381552419,
        89.44155637679562,
        88.75420773413873,
        87.67043993549962,
        88.30286505914503,
        89.45126662715789,
        88.42436169039819,
        88.77103670181766,
        88.63421433971774,
        88.2024437689012,
        87.23859036353326,
        88.32094352476058,
        87.7843487647272,
        89.2737793460969,
        88.47696390459615,
        88.33904463245022,
        88.05014185751638,
        89.13101368565714,
        89.3119605279738,
        88.30307228334489,
        90.04786755961757,
        88.43362549812564,
        88.49163842970326,
        88.40909231862715,
        87.31549146098476,
        87.51934765231225,
        87.2625225436303,
        87.36376682404548,
        87.99909185594127,
        88.22342140443864,
        87.9717286632907,
        87.45076382544732,
        88.38673893097908,
        87.3661841115644,
        87.66360325967112,
        87.56665063673451,
        88.02252467986077,
        88.52025899579448,
        87.45572096301663,
        87.78563936295048,
        86.90701195501512,
        88.86594587756741,
        87.55128183672505,
        87.56922691099105,
        87.16256738478138,
        88.61050661148563,
        87.82946063626197,
        87.36727191555885,
        88.75626668622417,
        89.13533832180885,
        88.25895247920867,
        89.5641112789031,
        90.51090240478516,
        89.11761966828377,
        87.85546235115298,
        89.56149119715536,
        88.41643745668473,
        88.01213639782321,
        89.86881502213016,
        87.76873926962575,
        88.47171734225365,
        88.6175775835591,
        87.20427088583669,
        87.69702788322202,
        89.16517442272556,
        87.07652479602444,
        88.8276859406502,
        90.5987083681168,
        88.72301015546245,
        87.42218780517578,
        89.51426401445943,
        88.5070091985887,
        87.80507118471208,
        88.23184253323463,
        89.53892664755544,
        88.76986325171686,
        87.52280622912991,
        89.59815437563005,
        89.37219509001702,
        89.62178310271233,
        87.25265379874936,
        87.83175585346837,
        89.48918151855469,
        89.26510792393839,
        88.88276869250882,
        90.70247600924584,
        88.17681761710874,
        87.71045980145854,
        87.93753765475365,
        87.7822017054404
    ],