{
    "testproblem": "cifar10_3c3d",
    "random_seed": 44,
    "test_losses": [
        3.587762719545609,
        2.5559146878046866,
        2.2477041391225963,
        2.1634905284796004,
        2.035501166796073,
        1.9269953522926722
    ],
    "optimizer_name": "PreconditionedSGD",
    "optimizer_hyperparams": {
        "lr": null
    },
    "training_params": {},
    "train_accuracies": [
        0.10957532051282051,
        0.4245793269230769,
        0.5397636217948718,
        0.5534855769230769,
        0.6201923076923077,
        0.6530448717948718
    ],
    "num_epochs": 5,
    "minibatch_train_losses": [
        3.5905374869322166,
        3.5849432945251465,
        3.5968403816223145,
        3.5407609939575195,
        3.5814080238342285,
        3.626678466796875,
        3.3202261924743652,
        3.5640556812286377,
        3.227623462677002,
        3.3257179260253906,
        3.3798277378082275,
        3.1809568405151367,
        3.4104082584381104,
        3.2024288177490234,
        3.043379306793213,
        3.177865982055664,
        3.191453695297241,
        3.1010146141052246,
        3.056873321533203,
        3.1562089920043945,
        3.2159485816955566,
        2.9850730895996094,
        3.1872503757476807,
        3.0256752967834473,
        2.8408045768737793,
        3.1060609817504883,
        3.1257052421569824,
        3.106329917907715,
        2.935492515563965,
        2.9881248474121094,
        3.0139999389648438,
        3.1409120559692383,
        3.401309013366699,
        2.8398585319519043,
        2.951892852783203,
        2.995800018310547,
        2.965446949005127,
        2.9156458377838135,
        2.9966259002685547,
        2.9763097763061523,
        2.70206356048584,
        2.981905460357666,
        2.9310226440429688,
        2.845980644226074,
        2.890690326690674,
        2.726774215698242,
        2.7786688804626465,
        2.875697612762451,
        2.924635410308838,
        2.7590765953063965,
        2.8032937049865723,
        2.7834722995758057,
        2.7290804386138916,
        2.896047830581665,
        2.873065710067749,
        3.089715003967285,
        2.6781489849090576,
        2.702022075653076,
        2.8761825561523438,
        2.6661746501922607,
        2.725048303604126,
        2.8356595039367676,
        2.7765896320343018,
        2.5488791465759277,
        2.681696430230752,
        2.748255491256714,
        2.60384202003479,
        2.9538674354553223,
        2.6737403869628906,
        2.5202012062072754,
        2.4781181812286377,
        2.40198016166687,
        2.634572982788086,
        2.5975074768066406,
        2.5741288661956787,
        2.4634032249450684,
        2.472743511199951,
        2.8119027614593506,
        2.507394790649414,
        2.669735908508301,
        2.490342378616333,
        2.6318702697753906,
        2.623523473739624,
        2.608126640319824,
        2.330594539642334,
        2.441737651824951,
        2.480539321899414,
        2.4188942909240723,
        2.4182229042053223,
        2.603421211242676,
        2.621084690093994,
        2.517110824584961,
        2.4451794624328613,
        2.6132731437683105,
        2.4086666107177734,
        2.557032585144043,
        2.591191291809082,
        2.722567081451416,
        2.6434597969055176,
        2.3400120735168457,
        2.5825390815734863,
        2.4750304222106934,
        2.235013961791992,
        2.4431207180023193,
        2.3339755535125732,
        2.420407772064209,
        2.470266342163086,
        2.20129132270813,
        2.454101085662842,
        2.3439037799835205,
        2.4257965087890625,
        2.7878918647766113,
        2.227788209915161,
        2.5820512771606445,
        2.482186794281006,
        2.4180760383605957,
        2.403378486633301,
        2.4083385467529297,
        2.386834144592285,
        2.5344457626342773,
        2.4850528240203857,
        2.1499593257904053,
        2.363929510116577,
        2.3404946327209473,
        2.6070520877838135,
        2.4620418548583984,
        2.170071601867676,
        2.4119296073913574,
        2.351846124881353,
        2.2989377975463867,
        2.414806604385376,
        2.3336215019226074,
        2.3836634159088135,
        2.1522960662841797,
        2.1207356452941895,
        2.410579204559326,
        2.327786445617676,
        2.4025802612304688,
        2.4894769191741943,
        2.4744246006011963,
        2.262826442718506,
        2.4271292686462402,
        2.3275814056396484,
        2.3818209171295166,
        2.24495267868042,
        2.1487183570861816,
        2.2740094661712646,
        2.213538646697998,
        2.050968647003174,
        2.3741631507873535,
        2.1977171897888184,
        2.0628132820129395,
        2.3964085578918457,
        2.5075490474700928,
        2.3206138610839844,
        2.347888231277466,
        2.2136693000793457,
        2.25856614112854,
        2.2814226150512695,
        2.1718993186950684,
        2.231832504272461,
        2.2434487342834473,
        2.108792781829834,
        2.1948280334472656,
        2.538663148880005,
        2.2277002334594727,
        2.1627750396728516,
        2.2174715995788574,
        2.2399253845214844,
        2.0452346801757812,
        2.151266098022461,
        2.2762093544006348,
        2.2015879154205322,
        2.245553970336914,
        2.247647285461426,
        2.127375602722168,
        2.5743088722229004,
        2.2488741874694824,
        1.9988787174224854,
        2.157258987426758,
        2.3374953269958496,
        2.1665589809417725,
        2.2331371307373047,
        2.2545125484466553,
        2.2779033184051514,
        2.2017836570739746,
        2.427016258239746,
        2.148184299468994,
        2.23113751411438,
        2.258370876312256,
        2.1881892681121826,
        1.9922420978546143,
        2.2630644830373616,
        2.1694982051849365,
        2.3398826122283936,
        2.164510726928711,
        2.0672099590301514,
        2.1846671104431152,
        2.3646469116210938,
        2.4455554485321045,
        2.1082730293273926,
        2.145928382873535,
        2.418760061264038,
        1.8604016304016113,
        2.259253740310669,
        2.2488162517547607,
        2.274010181427002,
        2.167818784713745,
        2.1094884872436523,
        1.9030723571777344,
        2.115544557571411,
        1.7926546335220337,
        2.0837864875793457,
        2.0554232597351074,
        2.091435432434082,
        2.0576882362365723,
        2.0020456314086914,
        2.147822380065918,
        2.128842830657959,
        2.161578416824341,
        1.9556982517242432,
        2.0905356407165527,
        2.183706760406494,
        2.2371838092803955,
        2.0970840454101562,
        1.932084560394287,
        2.29396915435791,
        2.305696964263916,
        1.9099657535552979,
        2.062155246734619,
        2.0957016944885254,
        2.203131914138794,
        2.2445921897888184,
        2.0819344520568848,
        2.23013973236084,
        2.30820369720459,
        2.028996467590332,
        2.362464427947998,
        2.289628028869629,
        2.024585723876953,
        2.1665005683898926,
        2.0473718643188477,
        2.3774123191833496,
        2.287846565246582,
        1.9417035579681396,
        1.909806251525879,
        1.9813807010650635,
        1.9628715515136719,
        2.1643588542938232,
        2.0784976482391357,
        2.005321979522705,
        2.032402753829956,
        2.400879383087158,
        2.183320999145508,
        1.8644475936889648,
        2.242870330810547,
        2.0954449956233683,
        2.0464634895324707,
        2.1405677795410156,
        2.048219680786133,
        1.80765962600708,
        2.024895191192627,
        1.883779525756836,
        2.186424732208252,
        2.018514633178711,
        2.1257810592651367,
        2.1178526878356934,
