{
    "weight_decay": null,
    "optimizer_hyperparams": {
        "lr": null
    },
    "train_accuracies": [
        0.10196314102564102,
        0.35877403846153844,
        0.5365584935897436,
        0.5732171474358975,
        0.6105769230769231,
        0.6410256410256411
    ],
    "batch_size": 64,
    "test_losses": [
        3.5823680743193016,
        2.7412447379185605,
        2.250845817419199,
        2.122557444450183,
        2.0047540687597714,
        1.9156846763231816
    ],
    "test_accuracies": [
        0.09985977564102565,
        0.40474759615384615,
        0.5647035256410257,
        0.6008613782051282,
        0.6404246794871795,
        0.6656650641025641
    ],
    "optimizer_name": "PreconditionedSGD",
    "random_seed": 42,
    "num_epochs": 5,
    "valid_accuracies": [
        0.0967548076923077,
        0.40404647435897434,
        0.5702123397435898,
        0.6075721153846154,
        0.6413261217948718,
        0.6688701923076923
    ],
    "train_losses": [
        3.5806766549746194,
        2.859018160746648,
        2.347516472523029,
        2.2105135291050644,
        2.080439807512821,
        1.9722594297849214
    ],
    "minibatch_train_losses": [
        3.5806766549746194,
        3.6078379154205322,
        3.606534719467163,
        3.495905876159668,
        3.3945460319519043,
        3.54888916015625,
        3.3119640350341797,
        3.370119094848633,
        3.2350564002990723,
        3.216017246246338,
        3.3726892471313477,
        3.3148727416992188,
        3.3494315147399902,
        3.346193790435791,
        3.199695110321045,
        3.368406295776367,
        3.1467971801757812,
        3.2359461784362793,
        2.911249876022339,
        3.113345146179199,
        3.104943037033081,
        3.156327486038208,
        2.9807443618774414,
        2.959263563156128,
        2.792663335800171,
        2.868259906768799,
        3.0314879417419434,
        2.9185123443603516,
        2.980989456176758,
        3.192143440246582,
        2.78944730758667,
        2.9493796825408936,
        2.8864316940307617,
        2.962132453918457,
        2.8828835487365723,
        2.805239677429199,
        2.7821249961853027,
        3.141841411590576,
        2.9734482765197754,
        2.759206771850586,
        2.8543715476989746,
        2.8970675468444824,
        2.898669719696045,
        3.0794060230255127,
        2.751849889755249,
        3.0430312156677246,
        3.115908145904541,
        2.703540563583374,
        2.775146722793579,
        2.816068649291992,
        2.8084397315979004,
        2.8702940940856934,
        2.7338390350341797,
        2.7643818855285645,
        2.4801406860351562,
        2.9709129333496094,
        2.5977416038513184,
        2.6394615173339844,
        3.00370717048645,
        2.9048714637756348,
        2.618361473083496,
        2.6405327320098877,
        2.876397132873535,
        2.6515941619873047,
        2.859018160746648,
        2.9976186752319336,
        3.0414886474609375,
        2.512829303741455,
        2.4415926933288574,
        2.714250087738037,
        2.6284022331237793,
        2.517533779144287,
        2.400472402572632,
        2.559953212738037,
        2.4847826957702637,
        2.3570685386657715,
        2.5069525241851807,
        2.4848251342773438,
        2.4479150772094727,
        2.3553733825683594,
        2.461376190185547,
        2.4440155029296875,
        2.4989101886749268,
        2.4806742668151855,
        2.541724681854248,
        2.6614060401916504,
        2.596982717514038,
        2.6136717796325684,
        2.4099619388580322,
        2.282435894012451,
        2.4059653282165527,
        2.570338726043701,
        2.3402976989746094,
        2.5948233604431152,
        2.3539743423461914,
        2.8711791038513184,
        2.3779711723327637,
        2.3382651805877686,
        2.4947757720947266,
        2.5087451934814453,
        2.4647040367126465,
        2.6711220741271973,
        2.4542675018310547,
        2.6218011379241943,
        2.376565456390381,
        2.421138286590576,
        2.3120367527008057,
        2.443357467651367,
        2.239015817642212,
        2.377223014831543,
        2.3469696044921875,
        2.2426891326904297,
        2.411040782928467,
        2.379507064819336,
        2.392266273498535,
        2.2926366329193115,
        2.2664480209350586,
        2.1503114700317383,
        2.417510986328125,
        2.6407628059387207,
        2.3350424766540527,
        2.155470848083496,
        2.3359618186950684,
        2.1903886795043945,
        2.440030574798584,
        2.6327459812164307,
        2.484093189239502,
        2.3824546337127686,
        2.347516472523029,
        2.248502254486084,
        2.166118860244751,
        2.334134340286255,
        2.2055954933166504,
        2.3850412368774414,
        2.3352952003479004,
        2.2009363174438477,
        2.1978273391723633,
        2.22133731842041,
        2.3537681102752686,
        2.292231559753418,
        2.29551362991333,
        2.2271437644958496,
        2.336409091949463,
        2.4641222953796387,
        2.247504472732544,
        2.19065260887146,
        2.281529426574707,
        2.6489624977111816,
        2.226386308670044,
        2.309459686279297,
        2.374938488006592,
        2.250560760498047,
        2.210578441619873,
        2.393880605697632,
        2.4229869842529297,
        2.149351119995117,
        2.250755786895752,
        1.9922608137130737,
        2.309037685394287,
        2.4167401790618896,
        2.093843936920166,
        2.2871806621551514,
        2.155266761779785,
        2.2334187030792236,
        2.348860740661621,
        2.202146053314209,
        2.19887113571167,
        2.579465389251709,
        2.417302131652832,
        2.4141530990600586,
        2.2612733840942383,
        2.129901885986328,
        2.1601343154907227,
        2.1088080406188965,
        2.3597917556762695,
        2.246553421020508,
        2.257693290710449,
        2.1723785400390625,
        2.0877890586853027,
        2.0820889472961426,
        1.9905869960784912,
        2.324233055114746,
        2.124281644821167,
        2.010711669921875,
        2.064023017883301,
        2.1284983158111572,
        2.1521542072296143,
        1.937453269958496,
        2.276899814605713,
        2.3033227920532227,
        2.15413236618042,
        2.2070181369781494,
        2.2105135291050644,
        2.3936803340911865,
        2.1805310249328613,
        2.304619312286377,
        2.195268154144287,
        2.027466297149658,
        2.2035601139068604,
        2.165757179260254,
        2.019509792327881,
        2.2293848991394043,
        2.096240758895874,
        2.169558525085449,
        2.1023404598236084,
        2.2261250019073486,
        2.131664276123047,
        2.134502649307251,
        2.3476362228393555,
        1.9933006763458252,
        1.9036893844604492,
        2.268789052963257,
        2.1646769046783447,
        2.313685894012451,
        2.0844149589538574,
        2.2416486740112305,
        1.899083137512207,
        2.237858295440674,
        2.166215181350708,
        2.0243239402770996,
        1.9271432161331177,
        2.071322202682495,
        2.276196002960205,
        2.2345337867736816,
        2.237248659133911,
        2.1503238677978516,
        2.2352824211120605,
        1.937260627746582,
        2.1772024631500244,
        2.122088670730591,
        2.2329087257385254,
        2.1620984077453613,
        2.2414662837982178,
        2.0911693572998047,
        2.349987745285034,
        1.9617494344711304,
        2.1308083534240723,
        2.2177364826202393,
        1.9175561666488647,
        1.9266197681427002,
        2.2421393394470215,
        2.1530063152313232,
        1.9421117305755615,
        1.9285155534744263,
        1.9971394538879395,
        2.2369110584259033,
