{
    "train_accuracies": [
        0.10727163461538461,
        0.4489182692307692,
        0.5290464743589743,
        0.5924479166666666,
        0.6396233974358975,
        0.6752804487179487
    ],
    "test_losses": [
        3.5723000871829496,
        2.49424694898801,
        2.20003447165856,
        2.030564311223152,
        1.8305459435169513,
        1.7513114290359693
    ],
    "testproblem": "cifar10_3c3d",
    "random_seed": 47,
    "optimizer_hyperparams": {
        "lr": null
    },
    "optimizer_name": "PreconditionedSGD",
    "valid_losses": [
        3.5732549092708488,
        2.4951847241475034,
        2.2039506473602395,
        2.0195683309665093,
        1.8269266562584119,
        1.7440948004905994
    ],
    "weight_decay": null,
    "training_params": {},
    "batch_size": 64,
    "valid_accuracies": [
        0.10627003205128205,
        0.4811698717948718,
        0.5440705128205128,
        0.6144831730769231,
        0.6676682692307693,
        0.7016225961538461
    ],
    "test_accuracies": [
        0.10837339743589744,
        0.4697516025641026,
        0.5428685897435898,
        0.6060697115384616,
        0.66796875,
        0.6983173076923077
    ],
    "train_losses": [
        3.571929005476145,
        2.590513120859097,
        2.2550009328585405,
        2.106536254668847,
        1.908454648195169,
        1.80566661632978
    ],
    "minibatch_train_losses": [
        3.571929005476145,
        3.5751588344573975,
        3.555758476257324,
        3.496734380722046,
        3.464158535003662,
        3.603847026824951,
        3.43037748336792,
        3.2435953617095947,
        3.5103352069854736,
        3.3383493423461914,
        3.484586477279663,
        3.3282556533813477,
        3.1926441192626953,
        3.2452211380004883,
        3.2327542304992676,
        2.9779670238494873,
        3.030139446258545,
        3.300323486328125,
        3.200739860534668,
        3.100198984146118,
        3.139000654220581,
        2.9625606536865234,
        3.1019277572631836,
        2.8104071617126465,
        2.97245454788208,
        3.085709571838379,
        3.050440549850464,
        3.028430223464966,
        3.093106746673584,
        2.9344635009765625,
        2.982199192047119,
        3.2582850456237793,
        2.9006147384643555,
        2.8625378608703613,
        3.007420063018799,
        2.984006404876709,
        3.2041282653808594,
        2.926650047302246,
        2.8363120555877686,
        3.2020373344421387,
        2.7157816886901855,
        2.752985954284668,
        2.9749720096588135,
        2.692272663116455,
        2.7503395080566406,
        2.718224287033081,
        2.819568634033203,
        2.7308664321899414,
        2.6050338745117188,
        2.83501935005188,
        2.789173126220703,
        2.827815055847168,
        2.570754051208496,
        2.723437786102295,
        2.7841954231262207,
        2.74578857421875,
        2.5956740379333496,
        2.546314239501953,
        2.6987290382385254,
        2.577671527862549,
        2.81661057472229,
        2.977889060974121,
        2.5514392852783203,
        2.5395774841308594,
        2.590513120859097,
        2.5837290287017822,
        2.515491485595703,
        2.693549633026123,
        2.4094581604003906,
        2.4134011268615723,
        2.379395008087158,
        2.415670871734619,
        2.5795416831970215,
        2.530877113342285,
        2.211967945098877,
        2.35414457321167,
        2.497532367706299,
        2.3863563537597656,
        2.5023398399353027,
        2.5549306869506836,
        2.2819032669067383,
        2.376587390899658,
        2.3919286727905273,
        2.4661865234375,
        2.388118267059326,
        2.2228236198425293,
        2.60056209564209,
        2.3543810844421387,
        2.4957385063171387,
        2.436513900756836,
        2.230685234069824,
        2.4213409423828125,
        2.53395938873291,
        2.1980388164520264,
        2.3845865726470947,
        2.4050745964050293,
        2.3412270545959473,
        2.0466198921203613,
        2.5281803607940674,
        2.365687131881714,
        2.1325998306274414,
        2.3485121726989746,
        2.208679676055908,
        2.4589264392852783,
        2.341153383255005,
        2.366629123687744,
        2.238823890686035,
        2.3818609714508057,
        2.1969070434570312,
        2.4152040481567383,
        2.2745680809020996,
        2.219496488571167,
        2.327730655670166,
        2.190639019012451,
        2.462348699569702,
        2.287324905395508,
        2.095872640609741,
        2.4610579013824463,
        2.2482495307922363,
        2.2443783283233643,
        2.1942152976989746,
        2.35182523727417,
        2.292614698410034,
        2.048853635787964,
        2.165807008743286,
        2.2452402114868164,
        2.1632182598114014,
        2.388843297958374,
        2.2550009328585405,
        2.1671576499938965,
        2.1026458740234375,
        2.1586406230926514,
        2.040522813796997,
        2.032672882080078,
        2.2703065872192383,
        2.1148500442504883,
        2.1200761795043945,
        2.1120777130126953,
        2.0436668395996094,
        2.163811206817627,
        2.158292055130005,
        1.9464532136917114,
        2.2419514656066895,
        2.095992088317871,
        2.2158069610595703,
        1.8943824768066406,
        2.1770644187927246,
        2.09110164642334,
        2.1563985347747803,
        2.256768226623535,
        2.114454746246338,
        2.0141890048980713,
        2.1282339096069336,
        2.3212924003601074,
        2.136697769165039,
        2.163327693939209,
        1.9961843490600586,
        2.020800828933716,
        2.0899887084960938,
        2.066586494445801,
        2.168851375579834,
        2.0640766620635986,
        2.2277297973632812,
        2.1400156021118164,
        1.8879053592681885,
        2.0990867614746094,
        2.051063060760498,
        1.9910626411437988,
        1.8949410915374756,
        2.015023708343506,
        2.0287556648254395,
        1.961775541305542,
        2.1077208518981934,
        2.136932849884033,
        2.151517391204834,
        1.9635543823242188,
        1.9104561805725098,
        2.0593271255493164,
        1.8509318828582764,
        2.077577829360962,
        2.0078649520874023,
        2.0813040733337402,
        1.9863821268081665,
        2.051339864730835,
        1.8973687887191772,
        1.9270668029785156,
        2.0366714000701904,
        2.037120819091797,
        1.9404239654541016,
        2.0394740104675293,
        2.085955858230591,
        2.063448905944824,
        2.106536254668847,
        2.3733410835266113,
        2.413334369659424,
        2.075214385986328,
        1.6612813472747803,
        2.0896599292755127,
        2.1637465953826904,
        2.243133544921875,
        1.970828652381897,
        1.8979839086532593,
        1.8493098020553589,
        2.0369396209716797,
        2.0346314907073975,
        1.949143648147583,
        1.8695430755615234,
        1.9148423671722412,
        2.1791563034057617,
        1.9698857069015503,
        1.931915521621704,
        2.019742727279663,
        2.172430992126465,
        1.9873300790786743,
        1.926131248474121,
        1.8816850185394287,
        1.8725430965423584,
        2.1461963653564453,
        2.033092975616455,
        1.8213911056518555,
        1.8619709014892578,
        1.8846244812011719,
        1.9940862655639648,
        2.1435441970825195,
        1.9673435688018799,
        1.9715319871902466,
        1.786959171295166,
        1.9056613445281982,
        1.761780858039856,
        2.1864123344421387,
        1.9152677059173584,
        1.8365390300750732,
        1.9456353187561035,
        2.058292865753174,
        1.9391582012176514,
        2.05562162399292,
        1.8564612865447998,
        1.9140655994415283,
