{
    "test_losses": [
        3.605017750691145,
        2.621737636052645,
        2.2895123011026626,
        2.1285096949491744,
        2.0627012986403246,
        1.962586841522119
    ],
    "test_accuracies": [
        0.09525240384615384,
        0.46404246794871795,
        0.5766225961538461,
        0.6128806089743589,
        0.6344150641025641,
        0.6629607371794872
    ],
    "optimizer_name": "PreconditionedSGD",
    "valid_losses": [
        3.6024772570683408,
        2.6285653083752365,
        2.2988503315509896,
        2.1325247631623196,
        2.0720808567144933,
        1.9672221098190699
    ],
    "weight_decay": null,
    "optimizer_hyperparams": {
        "lr": null
    },
    "minibatch_train_losses": [
        3.6039308722202597,
        3.5561537742614746,
        3.6269211769104004,
        3.5485401153564453,
        3.4469635486602783,
        3.3819055557250977,
        3.3691654205322266,
        3.3842339515686035,
        3.306124448776245,
        3.231374740600586,
        3.374128818511963,
        3.3350491523742676,
        3.2422070503234863,
        3.313004493713379,
        3.249390125274658,
        3.348130941390991,
        3.3947911262512207,
        3.2373335361480713,
        3.3223071098327637,
        3.2194690704345703,
        2.989192247390747,
        3.364513874053955,
        3.1674318313598633,
        3.333629608154297,
        3.0729570388793945,
        2.731959342956543,
        3.09883975982666,
        3.152130603790283,
        3.05210280418396,
        2.9417781829833984,
        2.886270523071289,
        3.042263984680176,
        2.7634353637695312,
        3.0331292152404785,
        2.8290209770202637,
        2.879711866378784,
        3.1570467948913574,
        2.963118076324463,
        2.885775089263916,
        2.8162460327148438,
        2.733377456665039,
        2.8329949378967285,
        2.8439278602600098,
        2.9955403804779053,
        2.7975502014160156,
        2.8701343536376953,
        3.028559684753418,
        2.885371208190918,
        2.74233341217041,
        2.8246426582336426,
        2.7315025329589844,
        2.6903414726257324,
        2.9662246704101562,
        2.9007821083068848,
        2.6108145713806152,
        2.723432779312134,
        2.6014537811279297,
        2.7665789127349854,
        2.7088117599487305,
        2.7413482666015625,
        3.146230697631836,
        2.945596218109131,
        2.650146484375,
        2.527212142944336,
        2.724111090867947,
        2.7641563415527344,
        2.763571262359619,
        2.521786689758301,
        2.537431001663208,
        2.52237606048584,
        2.7362804412841797,
        2.6936511993408203,
        2.7709827423095703,
        2.35666561126709,
        2.6181397438049316,
        2.58825945854187,
        2.3995614051818848,
        2.808854103088379,
        2.4922096729278564,
        2.6676571369171143,
        2.511545181274414,
        2.772966146469116,
        2.5656371116638184,
        2.524414539337158,
        2.423156261444092,
        2.617455244064331,
        2.4946601390838623,
        2.517669916152954,
        2.447568893432617,
        2.4589695930480957,
        2.6495487689971924,
        2.614009380340576,
        2.4795098304748535,
        2.537667751312256,
        2.6359329223632812,
        2.5524349212646484,
        2.650057315826416,
        2.4678492546081543,
        2.539182662963867,
        2.5218305587768555,
        2.294631004333496,
        2.6210927963256836,
        2.461838722229004,
        2.5111284255981445,
        2.505101442337036,
        2.62172269821167,
        2.5134429931640625,
        2.549672842025757,
        2.3350887298583984,
        2.2590341567993164,
        2.3844428062438965,
        2.5384442806243896,
        2.7323365211486816,
        2.549490451812744,
        2.4302475452423096,
        2.238499879837036,
        2.4136266708374023,
        2.315141201019287,
        2.636229991912842,
        2.4385147094726562,
        2.3190269470214844,
        2.4430274963378906,
        2.4964466094970703,
        2.4283833503723145,
        2.521599054336548,
        2.439378261566162,
        2.5277395248413086,
        2.5038857460021973,
        2.3737640785865293,
        2.544537305831909,
        2.376507520675659,
        2.5237724781036377,
        2.393329381942749,
        2.278815269470215,
        2.4489192962646484,
        2.387899160385132,
        2.3407528400421143,
        2.2532482147216797,
        2.265444278717041,
        2.4120564460754395,
        2.4629950523376465,
        2.2188522815704346,
        2.330991268157959,
        2.278952121734619,
        2.496037721633911,
        2.238722801208496,
        2.471038341522217,
        2.261442184448242,
        2.1130661964416504,
        2.225860357284546,
        2.1733551025390625,
        2.410259962081909,
        2.479898452758789,
        2.269379138946533,
        2.1697089672088623,
        2.440554618835449,
        1.9957208633422852,
        2.0780181884765625,
        2.24631929397583,
        2.0795187950134277,
        2.3672823905944824,
        2.257120370864868,
        2.2204816341400146,
        2.259089946746826,
        2.5024402141571045,
        2.2288694381713867,
        2.291299819946289,
        2.0388903617858887,
        2.2746214866638184,
        2.445828437805176,
        2.129117012023926,
        2.212538719177246,
        2.163973331451416,
        2.238154888153076,
        2.548849582672119,
        2.4359865188598633,
        2.0529565811157227,
        2.358071804046631,
        2.2040975093841553,
        2.6072959899902344,
        2.1613850593566895,
        2.4755074977874756,
        2.2037739753723145,
        2.1817686557769775,
        2.297041893005371,
        2.3482682704925537,
        2.2363057136535645,
        2.443089246749878,
        2.228449821472168,
        2.0223257541656494,
        2.653571605682373,
        2.328491449356079,
        2.2078677392922916,
        2.219956874847412,
        2.217207670211792,
        2.406416416168213,
        2.2898499965667725,
        2.119159698486328,
        2.400961399078369,
        2.002974033355713,
        2.0771422386169434,
        2.2954821586608887,
        2.2444167137145996,
        2.153625011444092,
        2.2957963943481445,
        2.16906476020813,
        2.4371604919433594,
        2.139864921569824,
        2.167243480682373,
        2.3670473098754883,
        1.945070743560791,
        2.240537166595459,
        2.320120334625244,
        2.302459239959717,
        2.200085163116455,
        2.25128173828125,
        2.107355833053589,
        2.186192035675049,
        2.219630002975464,
        2.136512517929077,
        2.3449792861938477,
        2.12813401222229,
        2.263601779937744,
        2.1711502075195312,
        2.158048152923584,
        2.1735951900482178,
        2.054741621017456,
        2.0682125091552734,
        2.18918776512146,
        2.1930181980133057,
        2.2533793449401855,
        2.153212547302246,
        2.038043975830078,
        2.0913586616516113,
        2.0697402954101562,
        2.021477699279785,
        1.7991552352905273,
        2.2125535011291504,
        1.9991931915283203,
        2.098616123199463,
        2.1013283729553223,
        2.0808486938476562,
        1.9743223190307617,
        2.0103392601013184,
        2.0740280151367188,
        2.393709659576416,
        2.001262664794922,
        2.180037260055542,
        2.1696817874908447,
        2.388904094696045,
        2.0999183654785156,
        1.9935996532440186,
        1.9729503393173218,
        2.1966769695281982,
        1.9738150835037231,
        2.2121870517730713,
        2.1173483484830613,
        2.307323455810547,
        2.1743431091308594,
        2.1440582275390625,
        1.9451746940612793,
        1.957773208618164,
        2.175333023071289,
        2.1416196823120117,
