{
    "train_losses": [
        3.5859177708625793,
        2.688781820810758,
        2.3579290020160184,
        2.1816876263190537,
        2.0560839749299564,
        1.985925160921537
    ],
    "optimizer_hyperparams": {
        "lr": null
    },
    "test_losses": [
        3.58756667528397,
        2.594049166410397,
        2.2755726209053626,
        2.092909989448694,
        1.9881445818986647,
        1.92967372521376
    ],
    "valid_accuracies": [
        0.09635416666666667,
        0.45302483974358976,
        0.5589943910256411,
        0.6185897435897436,
        0.649238782051282,
        0.6660657051282052
    ],
    "valid_losses": [
        3.5919325214165907,
        2.5938121722294736,
        2.2701033644187145,
        2.0873294350428457,
        1.977429646712083,
        1.9205468724935482
    ],
    "weight_decay": null,
    "training_params": {},
    "train_accuracies": [
        0.10216346153846154,
        0.4160657051282051,
        0.5366586538461539,
        0.5793269230769231,
        0.6245993589743589,
        0.6484375
    ],
    "minibatch_train_losses": [
        3.5859177708625793,
        3.5763185024261475,
        3.582552194595337,
        3.491647958755493,
        3.5314037799835205,
        3.399747133255005,
        3.3646469116210938,
        3.4766721725463867,
        3.190462827682495,
        3.2522573471069336,
        3.321598529815674,
        3.2679338455200195,
        3.3794808387756348,
        3.211989641189575,
        3.085822105407715,
        3.1995651721954346,
        3.216841220855713,
        3.3081228733062744,
        3.260815143585205,
        3.259944438934326,
        3.261345386505127,
        3.233034610748291,
        3.0795233249664307,
        3.2355895042419434,
        2.8907759189605713,
        2.873689651489258,
        3.000223159790039,
        2.826190948486328,
        3.089775562286377,
        3.0559072494506836,
        3.114523410797119,
        2.8557770252227783,
        2.912959098815918,
        2.935575485229492,
        3.049745559692383,
        2.7423927783966064,
        2.8752691745758057,
        2.778376579284668,
        3.009115695953369,
        2.8238730430603027,
        2.8352181911468506,
        2.9072790145874023,
        2.832550287246704,
        2.9694318771362305,
        2.840510368347168,
        2.821071147918701,
        3.034921646118164,
        2.8097805976867676,
        2.6779356002807617,
        2.9759960174560547,
        2.9496805667877197,
        2.7591304779052734,
        2.666832447052002,
        2.670701026916504,
        2.6989736557006836,
        2.8145246505737305,
        2.657942295074463,
        3.062533378601074,
        2.755373001098633,
        2.708209276199341,
        2.711902141571045,
        2.5895590782165527,
        2.6135237216949463,
        2.8442745208740234,
        2.688781820810758,
        2.7543015480041504,
        2.803143262863159,
        2.7212038040161133,
        2.602593421936035,
        2.5657689571380615,
        2.4402108192443848,
        2.4699032306671143,
        2.6018214225769043,
        2.4117908477783203,
        2.5381760597229004,
        2.547161817550659,
        2.3156065940856934,
        2.3392281532287598,
        2.5411033630371094,
        2.237351655960083,
        2.5063416957855225,
        2.655301570892334,
        2.6509156227111816,
        2.7108869552612305,
        2.6044094562530518,
        2.50130033493042,
        2.614367961883545,
        2.6552412509918213,
        2.390681266784668,
        2.3893139362335205,
        2.3601787090301514,
        2.620185375213623,
        2.4084701538085938,
        2.3696699142456055,
        2.3154962062835693,
        2.289942741394043,
        2.391056537628174,
        2.452332019805908,
        2.5685648918151855,
        2.4364829063415527,
        2.4452829360961914,
        2.497934341430664,
        2.1191024780273438,
        2.556408405303955,
        2.5429346561431885,
        2.412616729736328,
        2.266918659210205,
        2.331151008605957,
        2.444492816925049,
        2.3901257514953613,
        2.3665857315063477,
        2.233539581298828,
        2.349118709564209,
        2.2874979972839355,
        2.4472453594207764,
        2.2424628734588623,
        2.8048579692840576,
        2.6274614334106445,
        2.3075551986694336,
        2.37522554397583,
        2.473043441772461,
        2.1991610527038574,
        2.5098509788513184,
        2.32963228225708,
        2.376957416534424,
        2.6262450218200684,
        2.4975643157958984,
        2.202829360961914,
        2.3579290020160184,
        2.2424612045288086,
        2.4790196418762207,
        2.229375123977661,
        2.0665690898895264,
        2.2417492866516113,
        2.263716697692871,
        2.1881027221679688,
        2.2156057357788086,
        2.376317262649536,
        2.2145705223083496,
        2.2185890674591064,
        2.381448984146118,
        2.111060619354248,
        2.191716194152832,
        2.1175973415374756,
        2.308607578277588,
        2.3642373085021973,
        2.220994472503662,
        2.2712502479553223,
        2.370147705078125,
        2.1205954551696777,
        2.403733968734741,
        2.243692398071289,
        2.477813243865967,
        2.2915964126586914,
        2.404529333114624,
        2.3316216468811035,
        2.087637424468994,
        1.9947150945663452,
        2.445284843444824,
        2.24503493309021,
        2.192814350128174,
        2.302480459213257,
        2.2512636184692383,
        2.170866012573242,
        2.3121256828308105,
        2.4312071800231934,
        2.13934326171875,
        2.218031883239746,
        2.168968915939331,
        2.292506694793701,
        2.330186367034912,
        2.104135274887085,
        2.2349867820739746,
        2.2838375568389893,
        2.2324142456054688,
        2.2928876876831055,
        2.1984527111053467,
        2.231513023376465,
        2.320134162902832,
        1.9740943908691406,
        2.595353126525879,
        2.1953775882720947,
        2.4100043773651123,
        2.2576489448547363,
        2.0384488105773926,
        2.10178542137146,
        2.1103644371032715,
        2.3172712326049805,
        1.8861424922943115,
        2.1544911861419678,
        2.262697458267212,
        2.2479848861694336,
        2.1816876263190537,
        2.3448634147644043,
        1.9942493438720703,
        2.2933554649353027,
        1.8388233184814453,
        2.0435500144958496,
        2.1060450077056885,
        2.0866363048553467,
        2.0523557662963867,
        2.1360363960266113,
        2.186861515045166,
        2.0518317222595215,
        2.2104406356811523,
        2.1054704189300537,
        2.2407357692718506,
        2.1633968353271484,
        2.1973538398742676,
        1.980004072189331,
        2.0925352573394775,
        2.092165470123291,
        2.1750714778900146,
        2.0688536167144775,
        2.1495132446289062,
        1.9900856018066406,
        1.9666976928710938,
        2.140390634536743,
        2.1108591556549072,
        1.9126672744750977,
        2.2890625,
        2.0620548725128174,
        2.2448694705963135,
        2.1480932235717773,
        2.1027565002441406,
        2.171123743057251,
        2.307061195373535,
        2.098783016204834,
        1.990114450454712,
        2.0600361824035645,
        2.1674153804779053,
        2.135296583175659,
        1.987583041191101,
        1.9548828601837158,
        2.0365874767303467,
        1.8163203001022339,
        2.1223807334899902,
        2.3437507152557373,
        1.9786376953125,
        2.1708037853240967,
        1.9913578033447266,
        2.067619562149048,
        2.0788352489471436,
        2.1250805854797363,
        2.0015697479248047,
        2.177764892578125,
        2.3170273303985596,
        1.9412405490875244,
        2.2104971408843994,
        2.0743207931518555,
