{
    "testproblem": "quadratic_deep",
    "batch_size": 32,
    "num_epochs": 100,
    "random_seed": 43,
    "weight_decay": null,
    "optimizer_name": "Preconditioner",
    "optimizer_hyperparams": {
        "lr": 3.162277660168379e-08
    },
    "training_params": {},
    "train_losses": [
        463.3139874858241,
        463.40350735572076,
        105.29495657643965,
        98.80900573730469,
        96.51778338032383,
        95.1752444851783,
        92.98914140270603,
        93.01529127551663,
        91.4396234327747,
        91.2119376890121,
        92.03003397295552,
        91.60019954558342,
        91.5017338414346,
        90.1288316788212,
        91.03542795488912,
        90.20586050710371,
        91.32181696737966,
        90.88494159329322,
        89.14728053923577,
        89.33130104311051,
        89.2359139227098,
        89.245360835906,
        89.0431395499937,
        89.20975494384766,
        90.13514315697455,
        89.07525167157573,
        89.45409442532447,
        89.06257777060232,
        88.93292310160976,
        88.94201955487651,
        89.24587225144909,
        89.42430533132246,
        90.32122212071573,
        88.49083635883946,
        92.10447520594442,
        89.02542237312564,
        91.65153971026021,
        88.29108158234627,
        89.72476590064264,
        89.30613142444241,
        88.93635805191532,
        89.27518315469065,
        89.19313689201108,
        88.18959389963457,
        92.19517590922695,
        88.31322282360446,
        90.1914301226216,
        88.67001195107737,
        89.63476193335748,
        88.70588634860131,
        89.03485205865675,
        89.33700413857737,
        89.3757055959394,
        89.13953596545804,
        90.37239123928931,
        88.16547000023627,
        88.48661533478767,
        88.09953874157321,
        88.89948026595577,
        88.2289293350712,
        90.40316575573337,
        88.47286839638987,
        89.10081235824093,
        88.91635205668788,
        88.5053952124811,
        90.35249279391381,
        89.64118809853831,
        90.05129045055759,
        90.22655979279548,
        89.39953022618448,
        88.62166103239983,
        88.7503196962418,
        89.3767550068517,
        89.35626343757876,
        89.75963075699345,
        88.37835594915575,
        88.61600494384766,
        88.85382744573778,
        91.210447249874,
        90.55511942217427,
        88.34120399721208,
        88.99521784628591,
        91.69548871440273,
        89.12240846695438,
        90.9889654344128,
        89.45246887207031,
        89.35330667803365,
        90.31910164125505,
        89.06283889278289,
        89.2118633639428,
        87.95242875622165,
        88.8475821710402,
        90.00094013829386,
        88.61048667661605,
        90.31673554451235,
        89.91933121219758,
        89.90194456038937,
        89.17764971333165,
        88.2584703506962,
        89.53757526028541,
        89.2613055321478
    ],
    "valid_losses": [
        454.9857886529738,
        454.98336004441785,
        102.38528245495212,
        95.67669013238722,
        94.10443410565776,
        92.49677104334677,
        89.83458315941596,
        89.97135014687815,
        87.96275698754096,
        88.57765394641507,
        89.12228615053239,
        89.24331763482863,
        88.63474815122542,
        87.40864882930633,
        87.73410132623488,
        87.1352068993353,
        88.23082806987148,
        88.42002573320943,
        86.8409930813697,
        86.36512584071005,
        85.7173329014932,
        86.72275764711442,
        85.74310130457724,
        86.04359608311808,
        86.85068610406691,
        85.70492676765689,
        86.09058035573652,
        86.2428935881584,
        86.442381335843,
        85.74197092363912,
        86.29983692784464,
        87.34507726853893,
        87.62515160345262,
        85.09267917756111,
        89.29649131528792,
        86.37827645578692,
        89.92240831928868,
        85.28947374897618,
        87.55087181829637,
        86.09862026091545,
        86.11641594671434,
        86.29549654068485,
        86.82793401902721,
        85.90021637947329,
        89.08133402178365,
        85.1831295874811,
        87.59987098939958,
        85.75984487225932,
        86.1790038078062,
        85.75047597577495,
        86.15751647949219,
        86.50877306538243,
        86.63535628780242,
        85.6299785490959,
        87.92254687893775,
        85.1244130288401,
        86.04495706865865,
        85.7983629780431,
        86.8427466115644,
        85.2633536554152,
        87.44104914511404,
        85.36532395885837,
        86.05225101594002,
        85.98252893263295,
        85.83910665204448,
        86.57445427679247,
        86.72642517089844,
        87.7996589906754,
        87.13901618219191,
        86.51156813098538,
        85.36364253874748,
        85.74951811759702,
        85.90917156588647,
        87.28381593765751,
        87.06746673583984,
        85.8754390593498,
        85.74717564736643,
        85.38390990226499,
        88.48920317619077,
        88.20687472435736,
        85.55003676875945,
        86.04685309625441,
        88.13705592001638,
        86.17854210638231,
        88.86852042905745,
        87.12404854066911,
        86.48483817808089,
        87.81549490651777,
        86.00209734516758,
        85.84255784557712,
        85.09478021437123,
        85.71859445879537,
        87.09255120062059,
        85.4391115250126,
        88.26471168764176,
        87.21291055986958,
        86.90552619195753,
        86.5788104149603,
        85.45176549111643,
        86.05260885915449,
        86.02640336559665
    ],