{
    "testproblem": "mnist_vae",
    "batch_size": 64,
    "num_epochs": 1,
    "random_seed": 42,
    "weight_decay": null,
    "optimizer_name": "Preconditioner",
    "optimizer_hyperparams": {
        "lr": 0.0774263682681127
    },
    "training_params": {},
    "train_losses": [
        181.4545510120881,
        102.28528218391614
    ],
    "valid_losses": [
        181.46218666663538,
        102.32223667242589
    ],
    "test_losses": [
        181.50602526542468,
        102.69838558099208
    ],
    "minibatch_train_losses": [
        180.8994903564453,
        181.23825073242188,
        110.44061279296875,
        113.62255096435547,
        108.38335418701172,
        110.33944702148438,
        107.36141967773438,
        113.07329559326172,
        99.79915618896484,
        107.507080078125,
        105.44803619384766,
        103.82923126220703,
        100.17876434326172,
        102.60924530029297,
        102.34712982177734,
        100.8238296508789,
        104.39435577392578,
        102.2702407836914,
        102.57449340820312,
        103.32707977294922,
        104.33585357666016,
        102.42774200439453,
        100.7856674194336,
        106.15739440917969,
        100.17827606201172,
        102.017822265625,
        101.78595733642578,
        102.77314758300781,
        101.60746002197266,
        103.06819915771484,
        107.83477783203125,
        103.01596069335938,
        102.46058654785156,
        101.44346618652344,
        101.7092514038086,
        97.87698364257812,
        99.83822631835938,
        99.59181213378906,
        99.62193298339844,
        101.86827850341797,
        105.01605987548828,
        100.70218658447266,
        100.3714599609375,
        107.08248138427734,
        100.5918197631836,
        99.36209869384766,
        97.58428955078125,
        102.79695892333984,
        101.85050201416016,
        104.0091552734375,
        104.3276138305664,
        107.25930786132812,
        103.7409439086914,
        101.61017608642578,
        101.9661865234375,
        106.13763427734375,
        102.14024353027344,
        105.94935607910156,
        105.02609252929688,
        105.33157348632812,
        99.3166732788086,
        103.98470306396484,
        105.98912048339844,
        102.20829010009766,
        107.67522430419922,
        104.06742858886719,
        101.51359558105469,
        102.8100357055664,
        102.40215301513672,
        101.65547943115234,
        97.80850982666016,
        100.70193481445312,
        103.78097534179688,
        101.24395751953125,
        101.5114517211914,
        100.97879028320312,
        100.26781463623047,
        108.0983657836914,
        105.07833862304688
    ]
}