{
    "testproblem": "quadratic_deep",
    "batch_size": 32,
    "num_epochs": 100,
    "random_seed": 48,
    "weight_decay": null,
    "optimizer_name": "Preconditioner",
    "optimizer_hyperparams": {
        "lr": 0.01
    },
    "training_params": {},
    "train_losses": [
        503.26439051474296,
        146.54449019893522,
        99.12333605366368,
        95.51194492463142,
        93.2363512592931,
        93.33833829818234,
        90.42860707929057,
        90.65256180301789,
        89.93402887159779,
        90.26540128646359,
        89.76705391176286,
        90.08871041574785,
        88.3694800100019,
        88.03617071336315,
        88.05694629300025,
        86.89817539338142,
        89.06867341072329,
        86.58199605634135,
        86.44434824297505,
        87.44943729523689,
        86.87464658675655,
        87.31811351160849,
        89.5433354531565,
        87.05079921599358,
        88.6992689563382,
        87.32005728444746,
        87.17554498487904,
        88.45524055727067,
        87.16821805892452,
        87.9353768133348,
        87.49452258694556,
        87.49993453487274,
        86.7188226023028,
        89.48972689720893,
        88.53043217812815,
        87.89941037085748,
        86.77477215182397,
        86.81360429333103,
        87.0862060054656,
        86.91129155312815,
        87.49307620140814,
        86.95243589339718,
        86.99895624960622,
        87.5873545985068,
        86.65801091347971,
        87.39075223861202,
        86.63812157415575,
        86.60437651603452,
        86.51756655785346,
        88.32042398760396,
        87.15406380930254,
        87.70977807814076,
        86.8662842781313,
        86.95236747495589,
        86.93013049710181,
        87.43640702770603,
        88.80879802088583,
        86.41086824478641,
        87.02298244353264,
        89.14086421843498,
        86.89806735131049,
        87.57433565201298,
        90.56914421819872,
        87.54790619880923,
        88.27392602735951,
        87.2428935881584,
        87.78647859634891,
        87.58925431774509,
        87.92996043543661,
        86.4655503303774,
        87.12900986209992,
        87.20022681451613,
        86.7833483296056,
        87.60465831141317,
        87.13936639601185,
        87.3180172827936,
        87.35077322683027,
        87.45769820674774,
        87.12031579786732,
        87.62132976901147,
        87.11781901697958,
        87.20123241793725,
        87.38780064736643,
        88.93155374834615,
        87.35471122495589,
        87.9117670366841,
        88.45055020240045,
        89.02606078117124,
        87.16342483028289,
        87.18420065602949,
        86.44131814279864,
        87.74668342836442,
        86.94636437200731,
        86.78636292488345,
        87.41769286124936,
        85.96776703865298,
        87.85018034904233,
        87.43937658494518,
        89.74065546835622,
        86.63026600499308,
        92.1211651217553
    ],
    "valid_losses": [
        503.4208157447077,
        146.3744083527596,
        98.91354443950038,
        94.90709686279297,
        93.26574953140751,
        92.967042984501,
        89.68511470671623,
        90.26222352058657,
        88.93625148650139,
        89.69860052293346,
        89.49089468679121,
        89.39017535794166,
        88.22990195981917,
        87.61611077093309,
        87.77493802962765,
        86.51479979484311,
        88.47738647460938,
        86.18451986005229,
        86.24181193690146,
        87.46741288708103,
        86.59823682231288,
        87.09173854704827,
        89.35547859438005,
        87.12484691989037,
        88.51306176954701,
        87.66297764931956,
        87.1654298843876,
        88.73427114179057,
        86.72786368093183,
        87.15603539251512,
        87.35311988092238,
        86.78407976704258,
        86.2479730421497,
        88.67441854169292,
        88.64269404257497,
        87.045412125126,
        86.86374811972341,
        86.47025176017515,
        87.08127003331339,
        85.84948755079701,
        86.88175029139364,
        86.2603998491841,
        86.1595727243731,
        87.07066419047695,
        86.51046728318737,
        86.32583347443611,
        86.0433836906187,
        85.53209489391696,
        86.22843613163117,
        87.84327230145854,
        86.62374361099735,
        87.66343688964844,
        86.48903385285408,
        86.0311020881899,
        86.15028036794355,
        87.10599567044166,
        88.56319722821635,
        86.15262776036417,
        86.76223951770413,
        89.29747796827748,
        86.32950468986265,
        86.65905786329701,
        89.48895116006175,
        87.29916578723538,
        87.94908683530745,
        86.87646730484501,
        87.39014360981602,
        86.97123619817918,
        87.9486093828755,
        86.03503171859249,
        86.66162576983052,
        87.4927491218813,
        86.59110629174018,
        86.76804967080393,
        86.00865591725996,
        86.71783964095577,
        87.46755046229208,
        86.8677488757718,
        86.21937265703755,
        87.13663039668914,
        86.73311073549333,
        87.09839974680254,
        86.57952462473223,
        87.71565960299584,
        86.64818819107548,
        87.05338115076864,
        88.05294750582787,
        87.73538257229713,
        86.58016549387285,
        86.51527601672757,
        86.19733305900327,
        86.64965106594947,
        86.39838483256679,
        86.35076682798324,
        87.25302468576739,
        85.73099714709866,
        87.07981257284841,
        87.23877937563005,
        90.55328541417276,
        86.30442170173892,
        91.40605114352319
    ],