{
    "testproblem": "quadratic_deep",
    "batch_size": 32,
    "num_epochs": 100,
    "random_seed": 52,
    "weight_decay": null,
    "optimizer_name": "Preconditioner",
    "optimizer_hyperparams": {
        "lr": 0.01
    },
    "training_params": {},
    "train_losses": [
        357.8334399807838,
        131.16229223435926,
        97.91146481421686,
        93.42786235194052,
        93.00133169850996,
        90.39477662117251,
        88.45512168638167,
        88.04709945186492,
        87.35119284352949,
        86.88868737989857,
        88.69510404525265,
        86.14321038030809,
        85.75624748968309,
        86.37756421489101,
        85.48026004914314,
        85.15263932751071,
        85.58884922150642,
        86.7444837016444,
        85.18678086803806,
        84.93206442556074,
        84.25071790141445,
        85.62210427561114,
        85.3814945836221,
        84.9151357835339,
        84.70415964434224,
        84.7544208649666,
        84.50703676285282,
        84.57703522712954,
        84.66304902107485,
        84.56388411983367,
        86.54646744266633,
        87.83905570737777,
        83.98178223640689,
        84.90206663070187,
        84.0912357453377,
        86.24736761277721,
        84.09245989399571,
        85.08954866470829,
        84.95787368282195,
        85.50889390514743,
        87.03625094506049,
        85.70184572281376,
        84.57248072470388,
        85.97581851097846,
        86.58066608059791,
        85.67848722396359,
        84.01427090552545,
        85.66852446525327,
        84.83460457094255,
        85.62019938807333,
        87.02025555026147,
        86.84663711055633,
        84.16447227231917,
        84.54305144279233,
        84.81106985768965,
        84.21749508765436,
        84.90111467915196,
        84.70420788180444,
        86.18807540401336,
        87.01016112296811,
        85.62162362375567,
        83.81362472041961,
        84.23664289905179,
        85.16166539346018,
        84.84497857862904,
        84.95034839260963,
        84.53658491565335,
        84.55705138175718,
        84.12117398169732,
        83.78959311208418,
        85.20534392326108,
        86.39386183215726,
        84.73776072840536,
        85.50545354043284,
        83.70818451912173,
        85.04995924426663,
        86.7157250681231,
        84.95152676490045,
        85.67146571989983,
        84.57537841796875,
        84.76903361658896,
        86.60126643027029,
        84.00164130426222,
        85.63683491368448,
        84.92823151619204,
        83.81221549741683,
        84.32670027209866,
        84.02806632749495,
        84.69930661109186,
        84.20321286109186,
        85.51276028540826,
        84.86895235123173,
        84.88812009749874,
        84.69027439240486,
        83.98382445304624,
        86.53239145586568,
        84.08043449155745,
        83.81260336599043,
        84.59050676899571,
        85.05538891207787,
        86.1829105500252
    ],
    "valid_losses": [
        359.5491677561114,
        132.52111176521547,
        98.86441556869015,
        94.27220646027595,
        94.23203819028792,
        91.95628258489793,
        89.43671220348728,
        89.37265309979838,
        88.69563416511782,
        87.9705308483493,
        89.64278633363786,
        87.22723117951423,
        86.313963859312,
        87.88794166811051,
        86.45202661329701,
        86.39220871463898,
        86.50048828125,
        88.7530025359123,
        86.43157909762475,
        85.33333661479335,
        85.26348089402721,
        86.40063599617251,
        86.18541889805948,
        86.7131844797442,
        85.81045729114163,
        85.34355631182271,
        86.00096745644846,
        86.11741908904045,
        85.7123036538401,
        86.02504582558909,
        87.89113124724358,
        88.7357881607548,
        84.76756951116747,
        85.7420420492849,
        84.88009348223287,
        87.67055486863659,
        85.22994035290134,
        86.186769054782,
        86.25305397279801,
        86.75921138640373,
        87.2843755906628,
        86.63789367675781,
        85.67978249826739,
        87.59872091970136,
        88.23680606965095,
        87.38536711662046,
        85.04347081338206,
        87.02950089977634,
        85.42873751732611,
        86.7129147437311,
        87.33836094025642,
        88.68433306294102,
        84.98891301308909,
        85.23765687019595,
        85.34922544417843,
        85.58112015262726,
        85.80055802868259,
        85.54235618345199,
        87.60508752638295,
        88.68821544031942,
        86.07312307050151,
        84.73232121621409,
        84.9305166429089,
        85.8488289617723,
        85.95858666204637,
        86.11787414550781,
        85.66436324581024,
        86.13094354444935,
        85.21212079448085,
        85.10977492793914,
        86.06771752142137,
        87.26149528257308,
        86.03211285991054,
        85.48141184160787,
        84.81165215276903,
        86.80345719860446,
        87.45215975853705,
        85.63935802828881,
        86.9988304876512,
        86.15566942768712,
        85.92323327833607,
        87.55406016688192,
        84.8425772882277,
        86.97494309948337,
        85.78685883552798,
        84.94064454109439,
        85.5868899437689,
        85.30568473569808,
        86.2052250523721,
        85.72517936460433,
        87.05472786195817,
        85.41638158982799,
        85.85730349633002,
        85.38136857555759,
        84.94320457212386,
        88.53756664645287,
        84.97832587457472,
        84.92662688224546,
        85.78661543323147,
        86.36842444635207,
        86.65956214166457
    ],