{
    "testproblem": "quadratic_deep",
    "batch_size": 32,
    "num_epochs": 100,
    "random_seed": 47,
    "weight_decay": null,
    "optimizer_name": "Preconditioner",
    "optimizer_hyperparams": {
        "lr": 0.01
    },
    "training_params": {},
    "train_losses": [
        224.27520653509325,
        117.09323981500441,
        100.71248380599484,
        98.2026849562122,
        94.08178686326549,
        92.99075514270413,
        92.13445257371471,
        93.90393657069052,
        91.32596342025265,
        90.0956049273091,
        91.22459140900642,
        89.04500136836883,
        89.49227486887285,
        89.27882114533455,
        88.55718575754473,
        89.36720521988407,
        90.6258559688445,
        88.6214365805349,
        88.03999230169481,
        89.47217042984501,
        88.67425364832724,
        87.90231397075038,
        88.88040358020413,
        88.03106812507876,
        89.91914367675781,
        88.28647392026839,
        88.09062957763672,
        89.27156608335433,
        87.39960455125377,
        89.61979109241116,
        88.95833784534085,
        87.73097918110508,
        88.6721686086347,
        90.03832171040196,
        87.74316750803301,
        87.58177480389995,
        88.30130324825164,
        88.03675005512852,
        87.26429477814705,
        89.93643360753214,
        88.3163828695974,
        88.0476342478106,
        88.36605884182838,
        88.63000808223602,
        87.6247821930916,
        88.15486858737084,
        87.60692399547946,
        87.14868927001953,
        88.21799001386088,
        90.88185439571258,
        87.17468384773501,
        90.22700795819682,
        88.47682263774257,
        89.02020042173324,
        90.26154352003529,
        88.10583939090851,
        87.27437148555633,
        87.4671170634608,
        89.08180778257308,
        88.49757409864857,
        87.26852712323588,
        87.84395697809035,
        87.49216190461189,
        88.13299339048324,
        88.55840793732673,
        88.61578147642074,
        87.03999402446132,
        87.52410396452873,
        89.82268327282321,
        87.85772508190524,
        87.2020997078188,
        90.54574240407636,
        89.51515050088206,
        89.02906503985005,
        86.78407927482358,
        90.18430968253843,
        89.31909819572202,
        88.68732255504978,
        87.92071090206024,
        89.54681839481476,
        87.75089756135017,
        87.08635933168473,
        87.93635879024383,
        87.74688474593624,
        87.9280508718183,
        88.72222506615424,
        88.43048587922127,
        88.23641746274886,
        87.74689434420678,
        88.88538828203755,
        87.70800485918599,
        88.19788606705204,
        88.35718388711253,
        88.08649321525327,
        87.35533978862148,
        89.3221920382592,
        88.72298529840285,
        89.1144293508222,
        87.39506432317918,
        88.36497743668095,
        88.15546466458228
    ],
    "valid_losses": [
        224.87125175229966,
        117.63690677765877,
        101.53517839985508,
        98.94069179411858,
        94.27992888419858,
        93.39077315791961,
        92.54184969009891,
        94.26991370416457,
        91.41937058971774,
        90.08599065965221,
        90.5593746554467,
        89.1595975814327,
        89.76344225483555,
        89.1458233248803,
        88.78555494739163,
        89.69354641822076,
        91.01004052931263,
        88.6790291570848,
        88.00848708614227,
        90.2209716304656,
        88.71100764120779,
        88.2518042287519,
        88.66262029832409,
        88.42525580621535,
        90.01156493156186,
        88.68187172182145,
        88.6642084429341,
        89.0672137352728,
        87.50742610808342,
        89.55503869825795,
        90.39854209653792,
        88.15746208929247,
        88.6707035187752,
        90.40690760458669,
        88.06100685365739,
        88.28185690602949,
        89.24470815350932,
        88.62490007954258,
        88.00602426836568,
        90.49491759269468,
        89.56418904950542,
        88.31519416070753,
        87.79148274083292,
        89.09579812326739,
        87.76422857469127,
        89.26258185602003,
        87.88343589536605,
        87.47043904950542,
        87.80958163353705,
        91.71332574659779,
        87.90108145436933,
        90.7536874586536,
        88.66407308270854,
        89.06953504008632,
        90.63287181238974,
        88.9067626460906,
        87.98668670654297,
        87.6328585224767,
        89.9902592320596,
        89.04632789857926,
        87.6039541921308,
        87.85834158620527,
        87.32494108138546,
        88.89818326888546,
        88.96280522500315,
        89.51952509726247,
        87.29677532565209,
        88.27642748432774,
        90.31708182058027,
        88.35631462835497,
        87.64578370125064,
        91.03591623613912,
        89.4733173001197,
        88.5922096006332,
        87.10563192059917,
        90.58065156013735,
        89.56784033006237,
        89.78019542078817,
        88.29675809798702,
        89.40457079487462,
        87.57174116565335,
        87.65696470199093,
        88.103270992156,
        87.51367212110951,
        87.99038893176663,
        89.0060316516507,
        88.8264398882466,
        88.94058399815714,
        88.33772893105784,
        89.5354488741967,
        88.26783211000505,
        88.46617618683845,
        88.14221880512852,
        87.78324840914819,
        87.80329895019531,
        90.28855452998992,
        88.92183882190335,
        88.56671142578125,
        87.91521380024571,
        89.17769942745086,
        87.98941286148563
    ],