{
    "testproblem": "quadratic_deep",
    "batch_size": 32,
    "num_epochs": 100,
    "random_seed": 50,
    "weight_decay": null,
    "optimizer_name": "Preconditioner",
    "optimizer_hyperparams": {
        "lr": 0.01
    },
    "training_params": {},
    "train_losses": [
        252.83060233823716,
        124.73352838331654,
        104.75511046378843,
        100.42320522185295,
        97.91635377945438,
        93.74877142137096,
        93.22381148799774,
        91.2652075982863,
        90.32259664227885,
        90.69319768105784,
        91.44991819320187,
        93.01663700226814,
        89.97510528564453,
        88.96512406872165,
        90.19760993219191,
        90.71402371314264,
        90.08217153241557,
        88.52147576116747,
        89.45274623747795,
        87.93748818674395,
        88.9628660140499,
        88.32072104177168,
        91.40980111399004,
        88.61086543913811,
        89.8893292334772,
        88.4975083874118,
        88.300536124937,
        88.8436515561996,
        90.03408419701361,
        90.7383550828503,
        88.4288315311555,
        90.18435890443864,
        89.44091230823147,
        88.99719509001702,
        88.83611494495022,
        88.29806346278036,
        88.361328125,
        88.80763736847908,
        89.26505599483367,
        91.30035818776777,
        88.11190426734186,
        88.95722198486328,
        88.8697969990392,
        89.65950061428931,
        87.92868189657888,
        88.3573982484879,
        89.1020968037267,
        88.41297887986705,
        88.70379786337575,
        89.43230905840474,
        88.96922597577495,
        89.07402555404171,
        89.16762419669858,
        89.99944330030873,
        88.94185146208733,
        89.86058708929247,
        89.28416959701046,
        89.68338258804813,
        88.62030472293976,
        89.29545470206968,
        89.68750123054751,
        88.26144187681136,
        88.21185548843876,
        88.34429907029674,
        88.48749419181577,
        87.57796675159085,
        89.97942795292023,
        89.15595245361328,
        89.92051130725491,
        88.42313409620716,
        88.30304053521925,
        88.7336942611202,
        88.16888280068675,
        89.99104727468183,
        89.4553714875252,
        88.95140321793095,
        88.36670857091104,
        88.43443790558845,
        88.26312083582724,
        91.17592423962009,
        89.12412828014743,
        89.6468023484753,
        88.67117506457913,
        89.5199461906187,
        89.7641124110068,
        88.30817487162929,
        88.67125898791897,
        90.60665007560483,
        88.9670875303207,
        89.86642431443737,
        88.1685052687122,
        89.66077570761404,
        89.92920266428301,
        88.60736207039126,
        89.08285448628087,
        88.0385016164472,
        87.85661217474168,
        89.6653789397209,
        88.53509915259576,
        89.09759816815776,
        89.41528197257749
    ],
    "valid_losses": [
        254.03524337276335,
        124.74119001819241,
        104.00086950486705,
        100.24913738619897,
        97.49995889971333,
        93.24059935538999,
        92.21912457866054,
        90.87518728933027,
        89.65840050481981,
        90.06884445682648,
        90.73451626685357,
        91.27660763648248,
        89.22828354374055,
        88.18577600294545,
        89.13595457999936,
        89.97105924544796,
        90.15145332582536,
        88.13883307672316,
        88.722169445407,
        87.40246188256049,
        88.56781522689327,
        87.47505827872983,
        91.05860137939453,
        87.6310060562626,
        89.76731380339592,
        88.15013417889995,
        87.70489920339277,
        88.00736654958418,
        89.91125562114101,
        90.29807552214592,
        87.39149721207157,
        89.56700577274445,
        88.56516315091041,
        88.0026368171938,
        87.66486186365927,
        87.6683329920615,
        87.94116506268901,
        88.62206169866747,
        89.13562405493951,
        91.02350961008379,
        87.53729272657826,
        88.11609994211504,
        88.79685703400642,
        88.4878916586599,
        87.15548312279486,
        87.32159030052924,
        88.52310205275013,
        88.1537106421686,
        87.43830453195879,
        89.07849908644154,
        88.21818099483367,
        88.1380346975019,
        88.39828023602885,
        89.756836429719,
        87.85986672678301,
        89.63513158982799,
        88.79488815799836,
        88.90598912392893,
        87.85279526249055,
        88.61730686310798,
        88.7390862741778,
        87.46195122503465,
        87.49852408132246,
        88.18907116305444,
        87.87842264483052,
        87.04709182247039,
        88.71476794827369,
        88.37945285920173,
        88.8721692485194,
        87.94216032951108,
        87.54482589229461,
        87.51534074352634,
        87.10929107666016,
        89.3794422764932,
        89.11279936759702,
        88.18912555325416,
        87.67461715206024,
        87.52134876866495,
        87.20456006450038,
        90.38751245314076,
        87.66195358768586,
        88.9854219498173,
        88.30225569202054,
        89.24571252638295,
        89.03986432475429,
        87.5885733327558,
        88.97025372905117,
        89.27593083535471,
        87.94395692886845,
        88.87604867258379,
        87.23745555262411,
        89.12054640246976,
        89.62477604035408,
        88.15722631639049,
        89.09859909549836,
        87.41844521799395,
        87.35780629804057,
        88.78966374551096,
        87.80672036447832,
        87.72693609422252,
        88.51985365344632
    ],