{
    "testproblem": "quadratic_deep",
    "batch_size": 32,
    "num_epochs": 100,
    "random_seed": 46,
    "weight_decay": null,
    "optimizer_name": "Preconditioner",
    "optimizer_hyperparams": {
        "lr": 0.01
    },
    "training_params": {},
    "train_losses": [
        250.449708015688,
        121.65631817233178,
        101.83479752079133,
        99.0461179671749,
        96.1657254618983,
        93.62293735627205,
        95.5402598227224,
        92.18811871928554,
        93.76489996141002,
        91.31304217923072,
        89.96378572525516,
        89.66897312287361,
        91.41055790070564,
        89.01197347333354,
        89.61755937145603,
        89.67044067382812,
        90.68115258985951,
        89.62491878386467,
        89.68270627913937,
        89.61242085118448,
        88.35633677821005,
        89.22657923544607,
        88.56570114627961,
        88.38934326171875,
        90.80944356610698,
        88.88259050923008,
        88.44756218694872,
        89.85961348010647,
        88.23025438862462,
        91.46149518412929,
        88.95487951463268,
        88.9666752969065,
        90.41715978807018,
        89.24521710795742,
        89.94085988690776,
        88.50561917212701,
        89.89407447076613,
        90.42309644145351,
        91.78400298087827,
        88.57887095789755,
        88.65445389286164,
        89.86055977113786,
        88.76605446107926,
        89.22486459055254,
        88.16910134592364,
        89.05804517192226,
        91.22691689768145,
        90.57292052238218,
        89.61165102066532,
        88.2806401406565,
        89.24671739147556,
        89.74173145909464,
        89.17334058207851,
        88.92604286439958,
        89.48267758277154,
        88.20173817296183,
        88.04788084953061,
        89.6471190914031,
        87.96542038456086,
        90.06810415944746,
        89.53882180490801,
        89.04202910392515,
        88.90884768578314,
        87.50888553742439,
        88.66866474766886,
        88.35367485784715,
        89.20802282517955,
        87.98155950730846,
        88.73976750527659,
        88.8160169047694,
        89.65607157061177,
        89.05174722979146,
        88.84919738769531,
        88.53528668803554,
        88.3105727164976,
        89.99722437704763,
        88.67115980579007,
        88.5977778280935,
        90.13302513860887,
        90.1512963079637,
        88.19640744116998,
        87.98575764317667,
        88.66833373038999,
        88.28280295095136,
        88.81176117927798,
        90.13661809121409,
        88.71314362556704,
        89.4146231374433,
        88.60505577825731,
        89.12972087244833,
        88.1033202140562,
        90.12423312279486,
        89.03977720199093,
        89.2040503717238,
        90.64752492597026,
        89.5286621585969,
        88.3103280836536,
        89.4139881749307,
        88.51450667842742,
        91.25613378709362,
        90.97573901760963
    ],
    "valid_losses": [
        247.0075944469821,
        119.04761283628402,
        99.78822646602508,
        96.47617389309791,
        94.273924796812,
        92.0929203648721,
        93.60086404123614,
        89.96386792582851,
        91.54666457637664,
        89.76028393160912,
        88.3257544732863,
        87.54001174434539,
        89.90508787093624,
        87.45091616722846,
        87.84757429553616,
        87.18279881631175,
        88.9714847687752,
        87.88195628504599,
        87.16002187421245,
        87.40789155037173,
        86.71470248314643,
        87.29190235753214,
        86.64082188760081,
        86.58546373921055,
        88.92237435617754,
        87.00230284660093,
        86.78913904005482,
        87.72369827762726,
        86.3614765290291,
        89.05430676860195,
        87.25270277454007,
        87.02231105681389,
        88.12518704322076,
        87.67003582369897,
        87.97085694343814,
        86.24510365147745,
        88.19522143948463,
        88.6879422587733,
        89.09889048914755,
        86.93311728200605,
        86.72957980248236,
        87.62166595458984,
        86.80331863895539,
        87.08101604830834,
        86.18433207850302,
        87.3385765321793,
        89.15404485887096,
        88.65838352326423,
        87.94373050812752,
        86.30515412361392,
        86.98119354248047,
        87.5382596908077,
        87.51086819556451,
        87.2493431337418,
        87.70142684444305,
        86.1034442532447,
        86.14356896185106,
        88.30118634623867,
        86.00579415598223,
        88.34076444564327,
        87.75456016294417,
        87.02025850357548,
        86.94948528658959,
        85.66553964922505,
        86.48175565658077,
        86.21319506245274,
        87.99969433199975,
        86.0944083429152,
        87.02357901296308,
        87.11975122267201,
        86.90875145696825,
        87.41985616376323,
        86.6802252492597,
        86.56293733658329,
        86.66428006079889,
        87.55703612296811,
        86.60028248448526,
        86.97028153942478,
        87.95980022799584,
        87.97804604807207,
        86.2757821852161,
        86.11496020901588,
        86.83871656848538,
        86.83124493014428,
        86.89606623495779,
        88.79444245369204,
        86.78257357689643,
        87.83711734894783,
        86.45550610942226,
        87.96237724058089,
        86.0939185850082,
        88.35829088764805,
        86.85364532470703,
        87.05007491573211,
        88.84978509718373,
        87.5699932959772,
        86.71825605823147,
        87.17902251212827,
        86.79998188634073,
        88.77113637616557,
        89.04952756820187
    ],