{
    "testproblem": "quadratic_deep",
    "batch_size": 32,
    "num_epochs": 100,
    "random_seed": 45,
    "weight_decay": null,
    "optimizer_name": "Preconditioner",
    "optimizer_hyperparams": {
        "lr": 0.01
    },
    "training_params": {},
    "train_losses": [
        467.527345718876,
        139.60751564271987,
        100.08080119471396,
        96.8705082554971,
        96.09246850782826,
        93.31805321478075,
        91.63651890908518,
        91.87111245432207,
        91.74409681750882,
        89.67024378622732,
        89.12560346049648,
        89.58431982224987,
        90.06916956747732,
        88.9339117234753,
        89.52254141530683,
        88.97075874574723,
        88.27188504126764,
        88.14436980216733,
        90.0674554148028,
        87.88237639396421,
        88.62408373432774,
        87.74197559971964,
        95.06700183499244,
        87.70885073754096,
        87.90373057703817,
        88.84589681317729,
        87.95591022122291,
        87.6688719718687,
        88.61145487139302,
        90.75551113005608,
        88.5803739486202,
        88.30706147224673,
        89.13140450754473,
        88.83072883852067,
        87.62872905115927,
        88.28844993345199,
        88.26393348939958,
        88.39553931451613,
        88.37621208929247,
        88.04737854003906,
        87.59853166149509,
        89.01812202699723,
        88.16727964339718,
        88.58121761198967,
        88.52768067390689,
        87.56090619487148,
        88.40408817414314,
        89.03175329392955,
        88.89941898469002,
        87.41025740100491,
        88.80381873346144,
        87.93518435570502,
        89.00332543157762,
        87.92765463552168,
        90.00954880252961,
        87.33146273705268,
        89.8187735772902,
        88.31205700289819,
        89.43564704156691,
        88.68638906171245,
        88.17650653469947,
        87.93835916826802,
        90.5448475499307,
        89.08315695485761,
        88.21205040716356,
        89.76672732445502,
        87.66612858926096,
        88.58362308625252,
        89.00328826904297,
        88.87612890428112,
        88.24687293268019,
        88.68058653800718,
        88.27862499606225,
        89.5450176115959,
        88.3355466781124,
        88.87408028879473,
        90.90221208141696,
        88.80455041700795,
        92.66001375259891,
        88.71250866305444,
        89.6082025343372,
        87.62115478515625,
        89.15719087662235,
        90.05211713237148,
        87.70261407667591,
        87.71806212394468,
        88.69081657163558,
        89.93577846404045,
        89.50369902580015,
        89.17499886789629,
        88.54430364793346,
        87.40659627606792,
        88.04436640585622,
        88.88860271823022,
        90.22634567752961,
        87.90223275461504,
        88.23257397067162,
        88.70635346443423,
        88.31707123787173,
        87.85435264341292,
        88.18845761206842
    ],
    "valid_losses": [
        471.3938834897933,
        140.8312230263987,
        99.20164834299395,
        95.8451631607548,
        96.03244412329889,
        92.28906963717553,
        90.71783914873677,
        90.55940394247732,
        90.94642712993007,
        89.33659165905368,
        88.35297541464529,
        88.45387464954007,
        88.58393146145728,
        88.00120913597846,
        88.75111216883505,
        88.74829446115801,
        87.60093664353893,
        87.4673594813193,
        88.67596386324975,
        87.02984053088772,
        88.33751801521548,
        86.85299461118636,
        93.60036394673008,
        86.72672345561367,
        87.70623385521674,
        87.91993319603705,
        87.28792498188633,
        86.87343498968309,
        87.90684829219695,
        89.41565335181451,
        87.9071763561618,
        87.65464241273942,
        88.0687974499118,
        87.68654509513608,
        86.98689294630482,
        87.0833223404423,
        87.71946544031942,
        87.93438130040323,
        88.29207168086883,
        87.54752915905368,
        86.65764962473223,
        88.05578317949849,
        87.0300772882277,
        87.9170667586788,
        88.01042003016317,
        87.50293141026651,
        87.83765559042654,
        88.13190017207977,
        88.66316444643083,
        86.52008794969127,
        88.67795833464592,
        87.65977084252143,
        88.23284665999874,
        87.05716705322266,
        89.80320690524194,
        86.84403031872165,
        89.35071096112651,
        87.65720564319241,
        89.11960700250441,
        88.18532488423008,
        87.3987291397587,
        87.04292346585181,
        90.45025560932774,
        88.78117050663117,
        87.31043464906755,
        89.25765252882435,
        87.0542725593813,
        88.0235831968246,
        88.62768382410849,
        88.45737506497291,
        87.42485464772871,
        87.7514916696856,
        87.21131995416457,
        88.04237414944556,
        87.22731436452558,
        88.00773005331716,
        90.2388192453692,
        87.73696013419858,
        92.32928097632623,
        87.6422616281817,
        88.42049038794732,
        87.29216421804121,
        88.42791206605973,
        88.93035002677671,
        86.86347075431577,
        86.8518812118038,
        88.37493994928175,
        88.85594275689894,
        88.67454307310042,
        88.58517234556136,
        88.25868840371409,
        86.87632185412991,
        87.58294087071573,
        87.99359229303175,
        88.35631585890248,
        86.90517942367062,
        87.17176769625756,
        87.66043632261214,
        87.79650337465348,
        87.21873228011593,
        87.48641795496786
    ],