{
    "testproblem": "quadratic_deep",
    "batch_size": 32,
    "num_epochs": 100,
    "random_seed": 49,
    "weight_decay": null,
    "optimizer_name": "Preconditioner",
    "optimizer_hyperparams": {
        "lr": 0.01
    },
    "training_params": {},
    "train_losses": [
        224.59347189626385,
        122.0094966273154,
        100.64858934956212,
        98.92198501094695,
        95.16582759734123,
        92.39607238769531,
        92.22858182845577,
        91.0542479484312,
        90.17021129977319,
        89.33708092474168,
        89.41179509316721,
        90.46097269365865,
        90.19148303616431,
        88.52688549410912,
        89.37225784793976,
        87.9904539046749,
        88.61905596333165,
        87.96072633804813,
        88.6737774264428,
        89.6704359977476,
        88.03689968970514,
        87.77350665676978,
        87.88017199116368,
        88.94559577203566,
        89.06982101932648,
        88.15809065295804,
        88.07777207897556,
        87.70743560791016,
        88.95925583377961,
        88.60564717938823,
        89.07960534864857,
        87.38684574250252,
        88.38656025548136,
        88.70058662660661,
        87.1834702030305,
        88.15855826100996,
        88.08452950754473,
        88.10595063240298,
        88.82492311539188,
        87.3263891896894,
        87.83514502740675,
        87.18656453778667,
        87.1098145515688,
        88.2600594797442,
        88.21098130749118,
        87.04755155501827,
        88.59078954881237,
        87.47450551679057,
        87.62749555034023,
        88.45573425292969,
        88.17590799639302,
        89.02974774760585,
        87.75270351286858,
        89.3016837335402,
        87.1224850070092,
        89.17172561153289,
        89.76957259639617,
        88.20037546465474,
        87.36165988060736,
        88.1780023882466,
        89.53394588347405,
        88.26605864494077,
        88.36180188578945,
        88.0683111375378,
        88.00281770767704,
        89.15621185302734,
        87.62608091292843,
        89.24844360351562,
        88.3870103897587,
        88.14550904304751,
        88.16981998566658,
        90.55349386892011,
        89.64504832606161,
        89.3773208125945,
        87.08184519121724,
        87.44214039464151,
        89.6163071663149,
        86.91061672087639,
        87.19432338591545,
        89.49975462882749,
        88.62684655958607,
        89.15787973711568,
        86.64215580109627,
        88.89251832039126,
        87.62419645247921,
        87.67217106972971,
        89.91031548284715,
        86.88863077471333,
        87.42552677277595,
        89.15892816358998,
        87.98911900674143,
        88.14889698643839,
        87.10936171008694,
        88.33948615289503,
        89.27274199455015,
        88.2268551241967,
        87.30941526351437,
        88.60628312633884,
        88.8497582712481,
        88.47656988328502,
        86.81341282013923
    ],
    "valid_losses": [
        222.86718897665702,
        120.87684065295804,
        100.09447848412299,
        98.72245788574219,
        95.00151923394972,
        91.73473776540449,
        91.0673094718687,
        90.55677943075857,
        89.31642470821258,
        88.66491477720199,
        88.63037896925404,
        90.2650879890688,
        89.91050892491495,
        87.80258080267137,
        88.12995073872227,
        87.79664882536858,
        87.34461113714403,
        86.50149856075164,
        88.12217663180444,
        88.72195311515561,
        86.83831491777974,
        86.82987213134766,
        86.70008973152407,
        87.72881243305821,
        88.77588210567352,
        87.08085607713268,
        87.44006470711001,
        86.68008373629662,
        88.77953855452999,
        88.12305696548954,
        88.01900309901083,
        86.2488543602728,
        87.47355331913117,
        87.5403570359753,
        86.13209066083354,
        87.48165819721837,
        87.5116707586473,
        87.73795786211568,
        87.70519773421749,
        86.21420558806389,
        86.99456245668473,
        85.72407753236833,
        86.33404639459425,
        87.40379751882246,
        87.64640365108367,
        86.15386298394972,
        88.6614251905872,
        86.67831150177986,
        87.1141842257592,
        88.31265603342364,
        87.23334577006679,
        88.13147563319052,
        87.56236931585497,
        87.94888871715915,
        86.41525760773689,
        87.93829124204574,
        89.00099329794607,
        87.33133402178365,
        85.92764676001764,
        87.19751764112904,
        88.142578617219,
        87.47668776973602,
        87.40563891010899,
        86.34706312610257,
        87.72741526942099,
        87.32418872464088,
        86.48000778690461,
        87.80163648051601,
        86.91561988092238,
        86.84540434806577,
        86.568360851657,
        90.1575196789157,
        88.13771278627458,
        87.61380989320817,
        86.16256221648186,
        86.54289220994518,
        88.2048598258726,
        86.19544047694052,
        86.3922138829385,
        89.19575820430633,
        87.60824535739037,
        89.54755401611328,
        85.92464200911984,
        87.91176974388861,
        85.94437211559665,
        86.78439306443737,
        89.79593584614415,
        85.8977545461347,
        86.9985105452999,
        88.1937964654738,
        87.4084209319084,
        86.85047371156755,
        86.27897791708669,
        87.6252916397587,
        88.52311091269216,
        87.27572730279738,
        86.04363324565273,
        87.39542339694115,
        87.61319683444115,
        87.79962478145477,
        85.91447005733367
    ],