{
    "testproblem": "quadratic_deep",
    "batch_size": 32,
    "num_epochs": 100,
    "random_seed": 44,
    "weight_decay": null,
    "optimizer_name": "Preconditioner",
    "optimizer_hyperparams": {
        "lr": 0.01
    },
    "training_params": {},
    "train_losses": [
        232.95699285691785,
        120.53573460732737,
        102.9247793382214,
        98.9015160837481,
        97.23411043228641,
        94.27242549773186,
        93.40815784085181,
        91.61596212079448,
        91.57217013451361,
        90.78591008340159,
        90.51575199250252,
        91.21852530202558,
        90.61405895602319,
        89.27706195462135,
        90.60916556081465,
        88.92911012711063,
        91.34383023169732,
        88.48427114179057,
        88.47306823730469,
        89.13307780604208,
        88.62331710323211,
        89.14349291401524,
        90.36311783329133,
        89.26992354854461,
        88.75953551261655,
        89.78162630142704,
        88.29465115454889,
        89.85329978696761,
        88.71435177710748,
        88.13692425143334,
        88.87684754402407,
        88.95001885198778,
        89.47027587890625,
        88.59171024445564,
        89.2571283155872,
        92.32566808885143,
        88.47579586890436,
        88.04050002559539,
        91.08382440382435,
        89.69725381174395,
        88.3533175068517,
        89.73318727554813,
        90.06056188767955,
        88.61841435586253,
        88.49529561688823,
        91.52614962670111,
        88.19431427986392,
        88.78055006457913,
        88.72937922323904,
        88.34420013427734,
        88.46706611879411,
        88.09631372267201,
        90.36257909959362,
        88.31899138419858,
        88.48039910101122,
        88.12569919709236,
        88.90464733492944,
        89.1134493427892,
        88.20660572667276,
        87.63724370156565,
        87.71425111832157,
        89.48058811310798,
        87.80682889876827,
        88.9004174509356,
        88.13925441618889,
        90.11143665928995,
        89.79061028265184,
        88.0953885970577,
        89.60218737202305,
        88.84592019357989,
        88.81992118589339,
        87.76538922709804,
        87.72119952786353,
        88.63767439319241,
        88.93204129126764,
        89.17348135671308,
        88.70417637978831,
        90.70933975711945,
        87.38285113919166,
        88.22242539928806,
        88.47226813531691,
        87.81580008229902,
        90.2402592320596,
        89.96477926931074,
        87.87448120117188,
        89.37636369274509,
        88.89321038030809,
        87.55635021578881,
        89.2994121428459,
        88.55156904651272,
        89.64575736753402,
        88.32305465206024,
        88.07387518113659,
        88.0037098546182,
        88.31283766223538,
        88.64549895255796,
        88.18822922245148,
        87.64325615667528,
        88.08345031738281,
        88.04881335842994,
        90.2549091462166
    ],
    "valid_losses": [
        230.28779995825982,
        119.49692953786543,
        102.66156522689327,
        98.42666970529864,
        97.58887432467553,
        94.10766823061051,
        93.13481804632372,
        91.10555636498236,
        90.94075036817982,
        90.41029456353957,
        89.8947010655557,
        91.08274176812941,
        90.28230605586883,
        88.94509567752961,
        90.05789086126512,
        88.5774171890751,
        91.77121808451992,
        88.45098089402721,
        88.54662027666646,
        88.37118924048639,
        87.8424552179152,
        88.91997183522871,
        90.41613892586001,
        88.45104069863596,
        88.47064725814327,
        89.51299679663873,
        87.83178390995148,
        89.78498102003529,
        88.59268213087513,
        87.55010641774824,
        88.80069585000315,
        88.56999994093373,
        88.87249509749874,
        88.28548406785534,
        88.86549278997606,
        91.62184389175907,
        87.97697965560421,
        87.66479984406502,
        89.8455830235635,
        89.10048650926159,
        87.98362658100743,
        89.18436358051915,
        89.50118304837135,
        87.82074712937877,
        88.14154249621976,
        90.70463094403667,
        87.97300621771043,
        88.34428873369771,
        87.85918967954574,
        88.32926473309917,
        87.98257569343814,
        87.43529658163747,
        90.65923949210874,
        87.95368489911479,
        88.02022134104082,
        87.67184595907888,
        88.70524031116116,
        88.14939978814894,
        87.78968983311808,
        87.55339739399571,
        87.06517422583795,
        89.89964515932145,
        87.56606834165511,
        88.31473959645918,
        87.96150773571384,
        90.53291517688382,
        88.78491137104649,
        87.15765257804624,
        89.1351783506332,
        88.24988703573904,
        88.50069378268334,
        87.44524383544922,
        87.38845775973412,
        88.04701159077305,
        88.38522117368636,
        88.40540092222152,
        87.89050711354902,
        91.08152081889492,
        87.12890452723349,
        87.95879487068423,
        87.85541116037676,
        87.23632271059098,
        89.29531515798261,
        89.18665313720703,
        87.69774356965095,
        88.45931809948337,
        88.75805639451549,
        87.10428373275265,
        88.84365647838962,
        88.1329330936555,
        89.33334892026839,
        88.03807929254347,
        87.76419953377017,
        87.9419922367219,
        88.14527228570753,
        88.0437499015562,
        88.22177616242439,
        87.23547904722152,
        88.12257409864857,
        87.49270802159464,
        90.2839116742534
    ],