{
    "testproblem": "mnist_2c2d",
    "batch_size": 128,
    "num_epochs": 2,
    "random_seed": 42,
    "weight_decay": null,
    "optimizer_name": "Preconditioner",
    "optimizer_hyperparams": {
        "lr": 0.054488428
    },
    "training_params": {},
    "train_losses": [
        2.3819066194387584,
        0.1333156421971627,
        0.07969661386540303
    ],
    "valid_losses": [
        2.38106399621719,
        0.14289638657982534,
        0.08823112505846299
    ],
    "test_losses": [
        2.389372174556439,
        0.12286485860554072,
        0.07405423454176156
    ],
    "minibatch_train_losses": [
        2.3661463260650635,
        2.4389448165893555,
        2.2038967609405518,
        1.7636960744857788,
        1.2170236110687256,
        0.7552286386489868,
        0.6504636406898499,
        0.5041608214378357,
        0.3619983196258545,
        0.354606032371521,
        0.39621809124946594,
        0.3257771134376526,
        0.2489980161190033,
        0.29819682240486145,
        0.23265598714351654,
        0.2787459194660187,
        0.20010487735271454,
        0.1794472187757492,
        0.17497168481349945,
        0.1491975039243698,
        0.11816439032554626,
        0.17954204976558685,
        0.09804736822843552,
        0.16715718805789948,
        0.172014057636261,
        0.2139069139957428,
        0.08236456662416458,
        0.22489681839942932,
        0.11055369675159454,
        0.22784212231636047,
        0.10314622521400452,
        0.24468347430229187,
        0.0705837830901146,
        0.21085616946220398,
        0.10665517300367355,
        0.09979906678199768,
        0.19524571299552917,
        0.10555332154035568,
        0.12618163228034973,
        0.13395732641220093,
        0.09065884351730347,
        0.16312003135681152,
        0.23126119375228882,
        0.1983039826154709,
        0.06952836364507675,
        0.1346515566110611,
        0.1257200539112091,
        0.14121723175048828,
        0.15100722014904022,
        0.12330877035856247,
        0.06738471984863281,
        0.11592892557382584,
        0.0878819152712822,
        0.1744007170200348,
        0.07722946256399155,
        0.1169281154870987,
        0.056316930800676346,
        0.12600651383399963,
        0.1063462495803833,
        0.060411375015974045,
        0.1359676718711853,
        0.09335024654865265,
        0.06170840561389923,
        0.17691928148269653,
        0.05827772989869118,
        0.054638780653476715,
        0.07478390634059906,
        0.10899605602025986,
        0.08310442417860031,
        0.0933045744895935,
        0.060792531818151474,
        0.060456011444330215,
        0.0836206004023552,
        0.10955827683210373,
        0.06418777257204056,
        0.13673603534698486,
        0.0728486031293869,
        0.08116459846496582
    ],
    "train_accuracies": [
        0.061197916666666664,
        0.9564302884615384,
        0.9765625
    ],
    "valid_accuracies": [
        0.06290064102564102,
        0.9555288461538461,
        0.9733573717948718
    ],
    "test_accuracies": [
        0.056790865384615384,
        0.9605368589743589,
        0.9772636217948718
    ]
}