{
    "testproblem": "cifar100_allcnnc",
    "batch_size": 256,
    "num_epochs": 1,
    "random_seed": 42,
    "weight_decay": null,
    "optimizer_name": "Preconditioner",
    "optimizer_hyperparams": {
        "lr": 0.01
    },
    "training_params": {},
    "train_losses": [
        4.9278992628439875,
        4.9140891295212965
    ],
    "valid_losses": [
        4.928973234616793,
        4.914688623868502
    ],
    "test_losses": [
        4.927714885809483,
        4.913970702733749
    ],
    "minibatch_train_losses": [
        4.9149065017700195,
        4.943963527679443,
        4.924217224121094,
        4.916824817657471,
        4.90681791305542,
        4.917646884918213,
        4.9228386878967285,
        4.921238422393799,
        4.928333282470703,
        4.913763523101807,
        4.910805702209473,
        4.9151763916015625,
        4.9115095138549805,
        4.917474269866943,
        4.931638717651367,
        4.917723655700684
    ],
    "train_accuracies": [
        0.008313301282051282,
        0.010717147435897436
    ],
    "valid_accuracies": [
        0.00891426282051282,
        0.010416666666666666
    ],
    "test_accuracies": [
        0.010016025641025642,
        0.011217948717948718
    ]
}