{
    "testproblem": "quadratic_deep",
    "batch_size": 32,
    "num_epochs": 100,
    "random_seed": 51,
    "weight_decay": null,
    "optimizer_name": "SGD",
    "optimizer_hyperparams": {
        "lr": 3.1622776601683795e-05
    },
    "training_params": {},
    "train_losses": [
        305.4733345277848,
        286.5787766979587,
        269.24361148957286,
        253.88440876622354,
        239.62976320328252,
        226.98877691453504,
        215.50931229129915,
        204.89433091686618,
        195.61424206149192,
        186.79764433830016,
        179.40331686696697,
        172.14947066768522,
        165.96064118416078,
        160.18261472640498,
        154.79268326297884,
        149.87839581889492,
        145.62576884608114,
        141.69517615533644,
        138.0270011655746,
        134.84547891924458,
        132.11443624188823,
        129.65735576998802,
        127.14503405171055,
        125.02505173221711,
        123.09716033935547,
        121.4092510592553,
        119.59038396035471,
        118.190673828125,
        116.65708726452243,
        115.82389511600617,
        114.43311137537802,
        113.54490489344442,
        112.84830450242565,
        111.97596765333607,
        110.97788336969191,
        110.25991919732863,
        109.78670772429436,
        109.24925896429247,
        108.5946298414661,
        108.28029509513608,
        107.54702758789062,
        107.32227571548954,
        107.0398677702873,
        106.76516945131364,
        106.51196978169102,
        106.2018307101342,
        105.85244603310862,
        105.65911496070123,
        105.4004376319147,
        105.05854132867628,
        105.05636916622039,
        104.90510805191532,
        104.62082893617692,
        104.55863288141066,
        104.4971909061555,
        104.44248297906691,
        104.2601050100019,
        104.06686598254788,
        103.94591792937248,
        103.88617386356476,
        103.77183631158644,
        103.88378143310547,
        103.74112922914567,
        103.5380379461473,
        103.52253083259829,
        103.45114677183089,
        103.26074981689453,
        103.49302673339844,
        103.34003497708228,
        103.21741559428554,
        103.16482814665764,
        103.15692384781376,
        103.18212127685547,
        103.13106143090033,
        103.02215157785723,
        103.01838585638231,
        102.96962024319556,
        102.75015874062815,
        102.899414554719,
        102.81321716308594,
        102.83550631615424,
        102.82279377598917,
        102.81092022311303,
        102.79052857429751,
        102.78053874354208,
        102.61835307459677,
        102.68899708409464,
        102.65643335157826,
        102.72651672363281,
        102.60323776737336,
        102.55487405100176,
        102.54681814870527,
        102.5555912140877,
        102.59574274862966,
        102.45343805128529,
        102.56988082393524,
        102.41641235351562,
        102.37477628646359,
        102.47593122912991,
        102.42829181301978,
        102.11788620487336
    ],
    "valid_losses": [
        312.250978531376,
        292.91488155241933,
        275.4319315264302,
        259.5641282604587,
        245.21404684743572,
        232.18240061113912,
        220.3720506237399,
        209.67329751291584,
        199.9834698092553,
        191.1824714906754,
        183.20096120526713,
        175.97434948336692,
        169.4043672623173,
        163.45324017924648,
        158.05064835086947,
        153.14215875441027,
        148.69559011151713,
        144.6550066548009,
        140.99267430459298,
        137.6631838890814,
        134.62862273185485,
        131.8778585618542,
        129.3788348782447,
        127.1110323013798,
        125.04831474058089,
        123.17849411502961,
        121.46413840017011,
        119.90589338733304,
        118.4838598928144,
        117.18814628354964,
        116.01301476263231,
        114.93495129000756,
        113.95277773949408,
        113.05560622676727,
        112.24149740895918,
        111.49188847695628,
        110.8128408616589,
        110.19452716458228,
        109.62532240344632,
        109.10797660581527,
        108.62910732146233,
        108.19063051285282,
        107.78943117203251,
        107.42216220978767,
        107.08448643838206,
        106.77560178695187,
        106.48705931632749,
        106.22440854964718,
        105.98304059428554,
        105.76039172757056,
        105.5540311259608,
        105.36225251228579,
        105.18545606059413,
        105.0207996983682,
        104.87013933735508,
        104.7288328601468,
        104.59882600845829,
        104.47573852539062,
        104.3621122298702,
        104.25453850530809,
        104.15471526115171,
        104.06121457007623,
        103.97333378945628,
        103.89087504725302,
        103.81383268294796,
        103.74074062224358,
        103.6712169031943,
        103.60489605319115,
        103.54366622432586,
        103.48631311232045,
        103.430663570281,
        103.37774805868825,
        103.32786240116242,
        103.27972781273627,
        103.23414587205455,
        103.19070606846964,
        103.14856572305003,
        103.10793845884261,
        103.07004227176789,
        103.03221696422946,
        102.99527592812815,
        102.96009555939705,
        102.92528386269846,
        102.89220330022997,
        102.8598881383096,
        102.82844445013231,
        102.79756410660282,
        102.76765835669732,
        102.73838560042843,
        102.70867870699975,
        102.68025724349484,
        102.65284778225806,
        102.62603735154674,
        102.59913118423954,
        102.57299927742251,
        102.54680682766822,
        102.52142137096774,
        102.49604969639933,
        102.47109960740612,
        102.44546410345262,
        102.42055142310357
    ],