{
    "testproblem": "quadratic_deep",
    "batch_size": 32,
    "num_epochs": 100,
    "random_seed": 46,
    "weight_decay": null,
    "optimizer_name": "SGD",
    "optimizer_hyperparams": {
        "lr": 3.1622776601683795e-05
    },
    "training_params": {},
    "train_losses": [
        554.3704351609753,
        512.7007702242944,
        474.5278507355721,
        440.56001823179184,
        409.7146734422253,
        381.4563706920993,
        356.11109579763104,
        332.6371016963836,
        311.54724810200355,
        292.11181542181197,
        274.6912802419355,
        258.88084805396295,
        245.2122989777596,
        232.322266609438,
        220.53994652532762,
        209.58872296733242,
        199.75179512270034,
        191.29356925718247,
        183.12652243337322,
        175.69439057380922,
        169.25165188697076,
        163.31463426159274,
        157.67482683735508,
        152.8621816327495,
        148.4341312531502,
        144.17384190713204,
        140.47101519184727,
        137.00299096876574,
        134.045775628859,
        131.3194095242408,
        128.42303712906377,
        126.05642749417213,
        124.17365461780179,
        122.14019504670173,
        120.4366932530557,
        118.73147312287361,
        117.24835795740927,
        116.03659106839088,
        114.84201394357989,
        113.59846718080583,
        112.74202679049584,
        111.72542030580583,
        111.01210292693108,
        110.04400265601373,
        109.41465513167843,
        108.78492023098853,
        108.12901724538496,
        107.61278115549395,
        107.09464411581716,
        106.68289135348412,
        106.30002003331339,
        105.83681045040008,
        105.49048294559601,
        105.20073453841671,
        104.91055617793914,
        104.67301793252268,
        104.37532486454133,
        104.16822150445753,
        104.02809118455455,
        103.77486124346333,
        103.38629519554877,
        103.19513160951676,
        103.23793448171308,
        102.98626807428175,
        102.72336898311492,
        102.7632074663716,
        102.497804211032,
        102.49930720175466,
        102.46934607721144,
        102.38978502827305,
        102.36950265207598,
        102.14554522114415,
        102.13054706204322,
        102.07512640183971,
        102.07133410053868,
        101.99709000126008,
        101.84106888309601,
        101.78848734209615,
        101.76891400737148,
        101.59525348294166,
        101.72427860383064,
        101.65962809901083,
        101.42778901130923,
        101.39449482579386,
        101.49177502047631,
        101.55456985965851,
        101.27935520295173,
        101.28757870581842,
        101.31370150658393,
        101.37995393814579,
        101.43013148153982,
        101.35470802553239,
        101.2529803860572,
        101.12567335559476,
        101.10101982855028,
        101.20199018909085,
        101.19047177222467,
        100.91631341749623,
        101.07537767964024,
        101.05651560137349,
        101.05582354145665
    ],
    "valid_losses": [
        549.6072141585812,
        508.22298702116933,
        470.715828188004,
        436.7143928773942,
        405.8733097199471,
        377.90208976499497,
        352.5104399650328,
        329.48805876701107,
        308.61952455582156,
        289.7032736501386,
        272.55553214780747,
        256.9718032344695,
        242.83451547930318,
        230.0158184420678,
        218.37756101546748,
        207.83610485446067,
        198.2538314327117,
        189.5516854563067,
        181.6514134560862,
        174.47917716733872,
        167.9512176513672,
        162.02101086032005,
        156.63680390388734,
        151.75290950652092,
        147.30620698005922,
        143.27347392420614,
        139.59916047127015,
        136.26512662826045,
        133.23314962079448,
        130.47003395326675,
        127.9632588048135,
        125.67936337378717,
        123.59918286723476,
        121.70820765341482,
        119.97779796969506,
        118.4038563389932,
        116.97393700384325,
        115.67359505930254,
        114.48412569107548,
        113.3966773248488,
        112.40561700636341,
        111.50447353239983,
        110.68086808727634,
        109.9277860579952,
        109.23821726152974,
        108.6109365647839,
        108.03723415251702,
        107.51420076431766,
        107.03345981720955,
        106.59283644153226,
        106.18892029793032,
        105.82162426364037,
        105.48204828077748,
        105.16779253559727,
        104.88159204298451,
        104.61797948037425,
        104.37669003394342,
        104.15348766696069,
        103.94752600885207,
        103.75935855988533,
        103.58463508852067,
        103.42545933877268,
        103.27487724058089,
        103.13602890506867,
        103.0074219242219,
        102.88966369628906,
        102.77891048308342,
        102.67632490588772,
        102.5818845687374,
        102.49302796394595,
        102.40966575376449,
        102.33213240100491,
        102.25820849018712,
        102.18810395271548,
        102.12262873495779,
        102.06270451699534,
        102.00536814043599,
        101.95133603003717,
        101.89947632820376,
        101.85038585047567,
        101.8036371046497,
        101.75902631205898,
        101.7169674288842,
        101.67652794622606,
        101.63814175513482,
        101.60225308325982,
        101.56677787534652,
        101.53087345246345,
        101.49671542259955,
        101.46413692351311,
        101.43427030501827,
        101.40308970789755,
        101.37452870030558,
        101.34595661778604,
        101.31873986028856,
        101.2912841304656,
        101.26561860115298,
        101.23946799001386,
        101.21418934483683,
        101.18881767026839,
        101.16454635127899
    ],