{
    "testproblem": "quadratic_deep",
    "batch_size": 32,
    "num_epochs": 100,
    "random_seed": 49,
    "weight_decay": null,
    "optimizer_name": "SGD",
    "optimizer_hyperparams": {
        "lr": 0.0001
    },
    "training_params": {},
    "train_losses": [
        428.0441520444808,
        353.10632816437754,
        296.51792858492945,
        253.1855695170741,
        219.8410870951991,
        194.7746291622039,
        174.68441772460938,
        159.7262228688886,
        148.01735318091607,
        138.92023172686177,
        131.62767644082345,
        126.12498990951046,
        121.80831638459236,
        118.41380506946194,
        115.63310143255418,
        113.55363218245968,
        111.76607439594883,
        110.48786458661479,
        109.0576400756836,
        108.52129610123173,
        107.63245342623803,
        107.08800457369897,
        106.73737999700731,
        106.20533407888105,
        105.81732300789126,
        105.48123981106666,
        105.1841056577621,
        104.83962914251512,
        104.87374410321635,
        104.72765301119897,
        104.41578920425907,
        104.32295817713583,
        103.99307841639364,
        104.13361284809727,
        104.19910160187752,
        103.94624796221333,
        103.86261306270477,
        103.72203088575795,
        103.67798343781502,
        103.40576836370653,
        103.53377582180885,
        103.37943144767515,
        103.40463552167338,
        103.15742345010081,
        103.10758160006615,
        103.0107665523406,
        102.93956830424648,
        103.07016114265689,
        102.920411140688,
        102.69841101861769,
        102.6954335858745,
        102.9058828046245,
        102.55621879331527,
        102.57310042842742,
        102.46747170725176,
        102.49692092403289,
        102.46184195241621,
        102.37601298670614,
        102.2203829365392,
        102.19551455590033,
        101.83483049946446,
        102.05225962977255,
        101.83714885096396,
        101.97017128236833,
        101.71831315563571,
        101.79342552923387,
        101.6512911396642,
        101.75325209094632,
        101.55078764884702,
        101.56425008466167,
        101.44920053789693,
        101.50432389782321,
        101.4346923828125,
        101.34603118896484,
        101.17353082472279,
        101.13749227216167,
        100.89634655367944,
        100.98617873653289,
        100.94610398815524,
        100.89970053395918,
        100.55013225924584,
        100.61058216710245,
        100.68249807050151,
        100.67368981146043,
        100.51722151233304,
        100.53092119770665,
        100.49406408494518,
        100.4357646819084,
        100.38087118825605,
        100.2191420524351,
        100.17040646460748,
        100.18731738675025,
        100.01087262553554,
        100.0495854039346,
        100.04020124866116,
        100.00503490817162,
        99.93448097475114,
        99.86031415385585,
        99.99342050860005,
        99.6203359788464,
        99.73794555664062
    ],
    "valid_losses": [
        426.9782134025328,
        352.5128547914567,
        295.7720031738281,
        252.3979733374811,
        219.21559536841607,
        193.72564352712322,
        174.10969789566533,
        158.95999243951613,
        147.23232097010458,
        138.09388412967806,
        130.98885419291835,
        125.44802511892011,
        121.08179646153604,
        117.6622555640436,
        114.94944689350743,
        112.79117953392768,
        111.07633283061367,
        109.69619775587513,
        108.59070685602003,
        107.70109090497417,
        106.9737794937626,
        106.37544718096333,
        105.88037576983052,
        105.46818690146169,
        105.12269346175655,
        104.8286629953692,
        104.57633627614668,
        104.36172657628214,
        104.1736085953251,
        104.00539324360508,
        103.85753237816596,
        103.72351566437752,
        103.6002192343435,
        103.48661484256867,
        103.38162920551915,
        103.28331338205645,
        103.18889765585622,
        103.0992675289031,
        103.01356506347656,
        102.93065741754347,
        102.85089086717174,
        102.77394054782006,
        102.69707612068423,
        102.61886055238786,
        102.54512663810483,
        102.47162923505229,
        102.39930429766255,
        102.32621617471018,
        102.25673035652407,
        102.18498697588521,
        102.11545956519342,
        102.04638253488848,
        101.97695529076361,
        101.90856269098097,
        101.84361340922695,
        101.77626086819556,
        101.70849067934098,
        101.64320964197958,
        101.57765542307207,
        101.51060264341292,
        101.44615444060295,
        101.38091819517074,
        101.31727477042905,
        101.25305840276903,
        101.18870150658393,
        101.12439358618951,
        101.05932371077999,
        100.99646660589403,
        100.93433921567855,
        100.87184758340159,
        100.81170752740675,
        100.74900670205393,
        100.68657561271421,
        100.62332325596964,
        100.56201541039252,
        100.50013191469255,
        100.43901849562123,
        100.37849721600932,
        100.31878932829827,
        100.2573978054908,
        100.1965829172442,
        100.13656123991936,
        100.07824633198399,
        100.01956545922064,
        99.96090402910787,
        99.9042720179404,
        99.8472659203314,
        99.78885478358114,
        99.73033560475996,
        99.67280578613281,
        99.61551690870716,
        99.55644078408518,
        99.49953928301412,
        99.4452396515877,
        99.38921577699723,
        99.33068183160597,
        99.27476230744392,
        99.22018137285787,
        99.16507105673513,
        99.1100830570344,
        99.05613486997542
    ],