{
    "testproblem": "quadratic_deep",
    "batch_size": 32,
    "num_epochs": 100,
    "random_seed": 44,
    "weight_decay": null,
    "optimizer_name": "SGD",
    "optimizer_hyperparams": {
        "lr": 0.0001
    },
    "training_params": {},
    "train_losses": [
        204.72122783045614,
        179.96961925875755,
        161.04621001212828,
        146.63254940894342,
        136.0541760844569,
        127.79183073966733,
        121.53253050773374,
        116.95146819083921,
        113.48876583960748,
        110.82904126567226,
        108.58946720246345,
        106.98592918149886,
        105.91242833291331,
        105.09944989604335,
        104.27880883985951,
        103.8419204219695,
        103.30567021523753,
        103.04728501842868,
        102.80893854941091,
        102.40578879079511,
        102.38192527524886,
        102.10733893609816,
        101.91720384167087,
        101.9790302399666,
        101.93443052230343,
        101.73259882773122,
        101.59833108225176,
        101.42637880386845,
        101.33777200022051,
        101.3970206476027,
        101.25486189319241,
        101.23910497849987,
        101.2116234071793,
        101.07399183704007,
        101.18945583220452,
        101.37906917448967,
        100.9105711906187,
        101.07822541267642,
        100.97012206046811,
        100.82815945533014,
        100.76854976530998,
        100.90177695981917,
        100.90455898161858,
        100.92029546922252,
        100.74422011836883,
        100.56566841371598,
        100.53170751756237,
        100.4595683928459,
        100.55393932711694,
        100.42066069572202,
        100.49250891900832,
        100.42792437153477,
        100.44255828857422,
        100.37943710819367,
        100.35086059570312,
        100.07008952479208,
        100.26630549277029,
        100.11828121062248,
        100.16250216576361,
        99.9511950092931,
        100.11662120203817,
        99.86533503378591,
        99.90044206188571,
        99.90397791708669,
        99.97189183388987,
        99.8395038727791,
        99.84408593946888,
        99.88525415235951,
        99.70513916015625,
        99.60560534077305,
        99.60168801584551,
        99.66345903950352,
        99.65139229066911,
        99.4486595892137,
        99.35208105271862,
        99.59151852515436,
        99.31248326455393,
        99.3041758383474,
        99.26244058916646,
        99.31214314122354,
        99.31845166606288,
        99.0794926304971,
        99.12158326179751,
        99.10261880197832,
        99.03858996975806,
        98.97866772067162,
        99.03250663511214,
        98.89517974853516,
        98.72295896468624,
        98.83683530745968,
        98.81418166622039,
        98.98300195509388,
        98.8605472195533,
        98.8713637321226,
        98.73336472049836,
        98.58078199817288,
        98.65853217340285,
        98.78449126212827,
        98.55130595545614,
        98.3991467875819,
        98.35260674261278
    ],
    "valid_losses": [
        203.1329645956716,
        178.23159494707662,
        159.45447663337953,
        145.34236415739983,
        134.69210815429688,
        126.7273687547253,
        120.69650342387538,
        116.14925458354335,
        112.70862136348602,
        110.09490819131175,
        108.11919649185673,
        106.62437562019595,
        105.4794195851972,
        104.61277844828945,
        103.9442894228043,
        103.42889404296875,
        103.02664184570312,
        102.71232112761467,
        102.46519863990045,
        102.26749100223664,
        102.10388872700352,
        101.96786942020539,
        101.8563212733115,
        101.76273099837765,
        101.68163496448147,
        101.60924210086945,
        101.54249720419607,
        101.48133677821005,
        101.4243892546623,
        101.37182297245148,
        101.31983061759702,
        101.26939785865045,
        101.22049393192414,
        101.17059129284274,
        101.12486094813192,
        101.07910869967553,
        101.0334231468939,
        100.98990261939264,
        100.94496770058909,
        100.89929322273501,
        100.85460589008946,
        100.80864887852823,
        100.76428862540952,
        100.71985921552104,
        100.67540544079196,
        100.6322270054971,
        100.58972241801601,
        100.54604881040511,
        100.50193663566343,
        100.45840306435862,
        100.4170647898028,
        100.37542650776524,
        100.33086641373173,
        100.2877709173387,
        100.24553631198022,
        100.20186614990234,
        100.15772567256805,
        100.1149395358178,
        100.0725356071226,
        100.03130709740424,
        99.98928808396862,
        99.94692648610761,
        99.90484102310673,
        99.86448915543095,
        99.82403539842174,
        99.78470267018965,
        99.74381748322517,
        99.70369228239983,
        99.66337511616368,
        99.62377314413747,
        99.58472270350302,
        99.54428420528289,
        99.50561941823652,
        99.46585969002017,
        99.42635123960433,
        99.38717848254788,
        99.34916244014617,
        99.31009674072266,
        99.27023635372039,
        99.23198995282573,
        99.19356118479082,
        99.15508221041772,
        99.11700882450226,
        99.07600476664882,
        99.03915626771989,
        99.00194746448147,
        98.96531628024194,
        98.92731500441029,
        98.89134068642893,
        98.85389094198904,
        98.81695605862525,
        98.78058451990927,
        98.74430625669417,
        98.70674453243133,
        98.6690176686933,
        98.63402434318296,
        98.59750661542338,
        98.5618901406565,
        98.52719313098538,
        98.49166550174836,
        98.4569111485635
    ],