{
    "testproblem": "quadratic_deep",
    "batch_size": 32,
    "num_epochs": 100,
    "random_seed": 48,
    "weight_decay": null,
    "optimizer_name": "SGD",
    "optimizer_hyperparams": {
        "lr": 0.0001
    },
    "training_params": {},
    "train_losses": [
        197.83411136750252,
        175.14945540889616,
        158.69396037440146,
        146.37365574990548,
        137.0496545607044,
        130.53587513585245,
        125.52108420095136,
        121.6106948852539,
        119.15196966355846,
        116.94835367510396,
        115.15568591702369,
        113.91225113407258,
        113.0884305892452,
        112.20965822281376,
        111.65932932207662,
        111.0748534664031,
        110.86825881465789,
        110.49453489242062,
        110.350343765751,
        110.07176380772745,
        109.67884826660156,
        109.44161495085686,
        109.76971607823526,
        109.2682623094128,
        109.23837083385837,
        109.08470473750945,
        108.95172340639176,
        108.9356426115959,
        108.68858042070943,
        108.81443663566343,
        108.69259151335686,
        108.51504344324911,
        108.65566105996409,
        108.05016794512349,
        108.25784252535912,
        108.25089313137916,
        108.12307197816911,
        107.95790124708607,
        107.81544322352255,
        107.70283582133632,
        107.94351762340915,
        107.83461613808909,
        107.56016885080645,
        107.37112254481161,
        107.46478616037676,
        107.19754840481666,
        106.94904228948778,
        107.1752201203377,
        107.04837577573714,
        107.02254584527785,
        106.73534885529548,
        106.72783734721523,
        106.6661357264365,
        106.64229042299333,
        106.69798992526147,
        106.53534329322076,
        106.44192209551412,
        106.47606166716545,
        106.0090595368416,
        106.0370350499307,
        106.01584945186492,
        106.16923104563067,
        106.05052898776147,
        105.61126241376323,
        105.80599507977885,
        105.69402977728075,
        105.65228320706275,
        105.48809912896925,
        105.4230720766129,
        105.44686471262285,
        105.38524750740298,
        105.10035311791205,
        105.13927262829196,
        104.96219093568864,
        104.96326914141255,
        104.9406246062248,
        104.65201396326864,
        104.5912099038401,
        104.7106680100964,
        104.71857698502079,
        104.62195390270603,
        104.45330416771674,
        104.54998016357422,
        104.3162105929467,
        104.34610157628214,
        104.06879154328377,
        104.19316199518019,
        104.12672399705455,
        104.09302766861454,
        103.98577339418473,
        104.01527084842805,
        103.96197066768524,
        103.64815988848287,
        103.6501942296182,
        103.4305688181231,
        103.63635475404801,
        103.33968574770036,
        103.31514493880734,
        103.40987617738786,
        103.17076603058845,
        103.15440590150895
    ],
    "valid_losses": [
        189.65893603909402,
        167.8504879859186,
        151.86805183656753,
        140.10621938397807,
        131.47070583220452,
        125.10255604405558,
        120.40598838560042,
        116.94006593765751,
        114.36055337229082,
        112.44327372889364,
        111.0090063771894,
        109.93843324722782,
        109.12650963567918,
        108.50535681939894,
        108.02393611784905,
        107.64402327998992,
        107.34097437704763,
        107.09835840040638,
        106.89638839229461,
        106.72436277327999,
        106.57655457527407,
        106.44547001008064,
        106.32602814705142,
        106.21559118455455,
        106.11073893885458,
        106.01133408084992,
        105.91676453621157,
        105.82491499377835,
        105.73352641444052,
        105.64513372605846,
        105.55824944280809,
        105.47141413534841,
        105.38418357603011,
        105.29749076597152,
        105.21076103948778,
        105.12519073486328,
        105.038575203188,
        104.95308439193234,
        104.86921002787929,
        104.7841533537834,
        104.69974640877017,
        104.61546325683594,
        104.53138486800655,
        104.44583843600365,
        104.36133427773753,
        104.27771291425151,
        104.19440509426978,
        104.11069636191091,
        104.02745548371345,
        103.94444201069493,
        103.86136381087765,
        103.77843795284149,
        103.69673575124433,
        103.61625499110067,
        103.53540334393901,
        103.4540260068832,
        103.37213946926978,
        103.29155583535471,
        103.2130855437248,
        103.13178228562877,
        103.05370773807648,
        102.97398007300592,
        102.89375428230532,
        102.815916492093,
        102.73808706960371,
        102.6604232788086,
        102.5849380493164,
        102.5087430400233,
        102.43248871834048,
        102.3578346006332,
        102.28243009505734,
        102.20869962630734,
        102.13364779564643,
        102.05943913613596,
        101.9838626000189,
        101.9098153883411,
        101.83646638931766,
        101.76190850042528,
        101.69004181892642,
        101.6180931829637,
        101.54413653958228,
        101.4733182845577,
        101.40260733327558,
        101.33214962866998,
        101.26122382379347,
        101.19242858886719,
        101.12143830330142,
        101.04909736879411,
        100.97824933451992,
        100.91051163211945,
        100.84111761277721,
        100.7705833681168,
        100.70229782596711,
        100.63501911778604,
        100.56800694619456,
        100.5003403694399,
        100.43434020011655,
        100.36718922276651,
        100.30168201077369,
        100.23519528296686,
        100.1703341084142
    ],