{
    "testproblem": "quadratic_deep",
    "batch_size": 32,
    "num_epochs": 100,
    "random_seed": 47,
    "weight_decay": null,
    "optimizer_name": "SGD",
    "optimizer_hyperparams": {
        "lr": 0.0001
    },
    "training_params": {},
    "train_losses": [
        402.553220687374,
        329.3849438082787,
        275.00551088394656,
        234.53780635710686,
        203.21648776146674,
        180.3763885498047,
        162.9884294079196,
        149.51634117864793,
        139.5932823919481,
        131.83479382914882,
        125.80642650973412,
        121.45701992896295,
        117.73188363352129,
        114.91964180238786,
        112.9392564835087,
        111.20084651823967,
        109.78909498645413,
        108.94681942847467,
        108.10266728555003,
        107.44205745573967,
        106.84204569170552,
        106.27282788676601,
        106.09578926332536,
        105.68966920914188,
        105.38689939437374,
        105.09317385765814,
        105.12534479941091,
        104.9109125444966,
        104.76310557703817,
        104.61006312216482,
        104.5031484788464,
        104.40804635324785,
        104.31112744731288,
        104.21160174954322,
        104.0761470179404,
        104.07050175820628,
        103.80074827132687,
        103.91058546496976,
        103.73680213189894,
        103.72845385151524,
        103.41078259868007,
        103.60552264798072,
        103.55872591080204,
        103.33599459740424,
        103.37173658801663,
        103.29513008363786,
        103.18144324518019,
        102.99170906313005,
        102.90829492384388,
        103.01126590851814,
        102.89783871558404,
        102.79707410258632,
        102.69964353499874,
        102.59169597010458,
        102.6385729389806,
        102.54781341552734,
        102.49669991770098,
        102.39542339694115,
        102.35423254197643,
        102.17888665968373,
        102.28842433806389,
        102.01197519610005,
        102.00869701754662,
        102.17112830377394,
        101.9546144547001,
        101.97937774658203,
        101.89329381142893,
        101.70497303624308,
        101.78142990604523,
        101.46465596845073,
        101.62069406817037,
        101.39502297678301,
        101.52509110973728,
        101.43502930671939,
        101.1972173875378,
        101.2857429750504,
        101.20440575384325,
        101.13862609863281,
        101.17680924938571,
        100.95203621156755,
        100.9737312563004,
        100.89361104657573,
        100.84777807420299,
        100.84957984185988,
        100.70665593301096,
        100.63631266932333,
        100.46842267436367,
        100.59596523161858,
        100.69995363297001,
        100.36833338583669,
        100.3584469210717,
        100.26173154769405,
        100.34142155801096,
        100.36032965875441,
        100.12653006276777,
        100.20673616470829,
        100.07535109981414,
        100.0710956204322,
        99.99042412542528,
        99.76348458566973,
        100.14048422536543
    ],
    "valid_losses": [
        402.3417594663558,
        329.4992094962828,
        275.0006452991116,
        234.08177332724296,
        203.28937752016128,
        180.11195767310357,
        162.55800456385458,
        149.2146980531754,
        139.03999820832283,
        131.26644011466735,
        125.28350165582472,
        120.65769884663243,
        117.08007640223349,
        114.29430192516696,
        112.11307796355217,
        110.4000952935988,
        109.03315980972782,
        107.95269775390625,
        107.08366270988218,
        106.38035509663243,
        105.80627958236202,
        105.33286580731792,
        104.9352768928774,
        104.60155610115298,
        104.31527513073337,
        104.06942035305885,
        103.85605744392642,
        103.66885769751764,
        103.50195337110951,
        103.35667542488345,
        103.21927815098917,
        103.09332152335874,
        102.9766855547505,
        102.86619346372542,
        102.76026867282006,
        102.66245589717742,
        102.57071144350114,
        102.47919390278477,
        102.38766233382687,
        102.3020499444777,
        102.21765801214403,
        102.13821460354713,
        102.05987474995274,
        101.98115687216482,
        101.90379801104146,
        101.82912937287361,
        101.75330672725555,
        101.67921103200605,
        101.60657722719255,
        101.5334711382466,
        101.46224704865486,
        101.3934589509041,
        101.32281666417276,
        101.25384078487274,
        101.1827372889365,
        101.11642406832787,
        101.04898046678112,
        100.98018473963583,
        100.91419047694052,
        100.84690413936492,
        100.780275406376,
        100.71501996440273,
        100.6491937944966,
        100.58482656171245,
        100.52112530123803,
        100.45690598026398,
        100.39262144027218,
        100.32833320863786,
        100.26383160006615,
        100.20155580582157,
        100.13931520523563,
        100.07811392507246,
        100.01672855500252,
        99.95415718324723,
        99.89346928750315,
        99.83136380103326,
        99.77179865683279,
        99.71134924119518,
        99.65066626764113,
        99.58978468371976,
        99.53060790031186,
        99.47135900682018,
        99.41133609894783,
        99.35319937429121,
        99.29498069517074,
        99.23841661022556,
        99.18218871085874,
        99.12445782076928,
        99.06869162282636,
        99.01224173268965,
        98.95584623275265,
        98.8988780360068,
        98.84305006457913,
        98.78668828164378,
        98.73097745833859,
        98.67639406265751,
        98.620851086032,
        98.56597162062123,
        98.5117433609501,
        98.4578131398847,
        98.40260413385207
    ],