{
    "testproblem": "quadratic_deep",
    "batch_size": 32,
    "num_epochs": 20,
    "random_seed": 42,
    "weight_decay": null,
    "optimizer_name": "PreconditionedAdam",
    "optimizer_hyperparams": {
        "lr": 0.01
    },
    "training_params": {},
    "train_losses": [
        225.06795772429436,
        150.96983238958543,
        103.1223858248803,
        100.43716799828314,
        96.85418922670426,
        94.59551583566973,
        93.71065275130734,
        91.64128924954322,
        91.60003514443675,
        90.0994147023847,
        89.32856947375882,
        89.29093440886467,
        88.51005185034967,
        87.4102074407762,
        87.13727372692478,
        87.34787061137538,
        87.41647683420489,
        86.71563154651272,
        86.10007821359942,
        86.00172695036858,
        86.69593983311808
    ],
    "valid_losses": [
        230.73556026335686,
        155.220461937689,
        106.46358736099735,
        103.2643555671938,
        99.71796121904927,
        97.64239698840726,
        97.0602557274603,
        95.15284729003906,
        94.63384345269972,
        93.40232726066343,
        92.30298959055254,
        92.49040640554121,
        91.0466793429467,
        90.32517365486392,
        90.33318131969821,
        90.47892416677168,
        90.66086209204889,
        89.43629504788306,
        89.09380291354272,
        89.23143694477696,
        90.42805677844632
    ],
    "test_losses": [
        228.7590573218561,
        153.95105472687752,
        105.25493326494771,
        102.16569494432018,
        98.52711609871157,
        96.40082500826928,
        95.60437626992503,
        94.01481726861769,
        93.4906483311807,
        91.96488017420614,
        91.37765084543535,
        91.73253065539944,
        90.48570472963395,
        89.42073452857232,
        89.21034142278856,
        89.59513510427168,
        89.26608547087639,
        88.4117446407195,
        88.09823017735636,
        87.84007853846396,
        89.09123033092868
    ],
    "minibatch_train_losses": [
        228.04931640625,
        205.78448486328125,
        201.1374053955078,
        155.5438232421875,
        137.89813232421875,
        154.173095703125,
        131.07229614257812,
        109.13005065917969,
        103.8060302734375,
        105.07122039794922,
        93.43891906738281,
        95.54927062988281,
        106.6304702758789,
        89.96976470947266,
        87.13763427734375,
        96.2468490600586,
        94.53617095947266,
        97.8306655883789,
        90.74937438964844,
        92.82546997070312,
        81.71429443359375,
        87.98504638671875,
        102.5013198852539,
        87.972412109375,
        94.48129272460938,
        107.68651580810547,
        85.68702697753906,
        94.50667572021484,
        98.4515151977539,
        88.28807067871094,
        79.66683197021484,
        98.12294006347656,
        93.66032409667969,
        96.95013427734375,
        79.61102294921875,
        82.61580657958984,
        83.94195556640625,
        95.16964721679688,
        88.19194030761719,
        82.5414810180664,
        73.0126724243164,
        100.99048614501953,
        82.54042053222656,
        103.09002685546875,
        90.13256072998047,
        95.8807601928711,
        89.01433563232422,
        86.20398712158203,
        86.24761199951172,
        83.51203918457031,
        91.33255767822266,
        87.37245178222656,
        87.7140121459961,
        82.50379943847656,
        97.2649154663086,
        93.19674682617188,
        93.10221099853516,
        81.6879653930664,
        98.57715606689453,
        79.51638793945312,
        102.32760620117188,
        88.59321594238281,
        88.45582580566406,
        79.39710998535156,
        94.16339874267578,
        84.19956970214844,
        87.4090805053711,
        81.70124053955078,
        76.84785461425781,
        98.05990600585938,
        85.66141510009766,
        79.46773529052734,
        87.31617736816406,
        80.64043426513672,
        87.06224060058594,
        85.82698059082031,
        83.32084655761719,
        77.560302734375,
        85.51305389404297,
        86.18003845214844
    ]
}