{
    "testproblem": "quadratic_deep",
    "batch_size": 32,
    "num_epochs": 100,
    "random_seed": 44,
    "weight_decay": null,
    "optimizer_name": "Preconditioner",
    "optimizer_hyperparams": {
        "lr": 1e-05
    },
    "training_params": {},
    "train_losses": [
        324.86792878181706,
        324.60396551316785,
        104.93773724955898,
        99.6145255796371,
        95.0205548194147,
        92.57825346915952,
        92.46895082535282,
        89.67739056002709,
        90.48131905832598,
        89.69131986556515,
        88.42281784549836,
        88.90245326872795,
        88.02985480523878,
        88.06289672851562,
        86.8114496046497,
        88.19575918874433,
        88.22711083196825,
        88.22325503441596,
        88.38932529572517,
        88.29049879504788,
        86.35622209118259,
        87.85094205794796,
        86.53145697809035,
        90.30926710559476,
        86.74498970277848,
        89.66759860131049,
        86.27260909541961,
        86.37521214638987,
        88.25503810759514,
        88.7437008273217,
        86.7052467100082,
        88.07682628016317,
        86.92172315043788,
        86.27092718308971,
        86.95415915212324,
        88.02431364982358,
        85.99607726066343,
        87.94637003252583,
        87.37427151587701,
        86.12896950014176,
        89.01144532234439,
        87.56292429277974,
        88.54231828258884,
        86.01836764427924,
        86.7524150725334,
        90.21230217718309,
        87.13460516160534,
        87.30209596695438,
        86.93198419386341,
        87.05895159321446,
        86.1058583413401,
        88.66506884174962,
        89.01229907620338,
        86.64131509104082,
        87.41011342694682,
        87.5007055959394,
        87.76093907510081,
        87.21582055860951,
        88.04588662424395,
        87.88070063437185,
        88.70919110698085,
        87.09875562114101,
        86.54044169764364,
        86.73246051419166,
        87.76977932837701,
        87.98654667023689,
        88.80071750763923,
        87.84176906462639,
        87.45254984209615,
        88.07139710457095,
        87.00433964883128,
        88.23888840213898,
        86.62860328920426,
        86.19226738714403,
        86.26602861958165,
        86.94645518641317,
        90.61260961717174,
        86.9654560704385,
        86.96332746936429,
        88.81110209803427,
        87.87709783738659,
        87.28377262238533,
        87.71057842623803,
        86.85819121330015,
        86.75515550182712,
        88.05996950211063,
        87.08666770688949,
        86.25162038495463,
        88.31155198620212,
        86.7050540062689,
        87.54338541338521,
        88.26104367163873,
        88.2166484709709,
        86.19917789582283,
        87.79372036841607,
        87.64304991691343,
        87.82070012246409,
        85.94642565327305,
        87.59820802750126,
        86.94945501512096,
        86.98675192556074
    ],
    "valid_losses": [
        326.2157927482359,
        325.78013758505546,
        104.26260794362715,
        99.2882099766885,
        94.40736167661605,
        91.20703592608052,
        91.65225268948463,
        89.13216104815083,
        88.82127921811995,
        89.28767419630482,
        87.39863734091482,
        87.80104754048008,
        86.71426563878214,
        86.92069662770918,
        85.67454873361895,
        87.40352482949534,
        87.253907234438,
        87.62057076731035,
        87.86316385576802,
        87.12136397823211,
        85.1556160219254,
        86.5839575490644,
        85.50303600680444,
        89.25311993014428,
        85.36893192414314,
        89.3854490710843,
        85.29823549332157,
        85.77964290495842,
        87.50151209677419,
        87.8348152406754,
        85.53473761773878,
        87.06005637876449,
        86.08515290291079,
        85.39460852838332,
        86.26966119581654,
        86.32887514175907,
        84.86696206369707,
        86.48887880386845,
        86.19176335488596,
        85.05363193635017,
        88.27187298190209,
        86.99180110808342,
        87.48717941776398,
        85.31046245944115,
        85.64890855358493,
        88.20179133261404,
        85.81013734879032,
        86.51437181042087,
        85.5133051718435,
        85.99135048158708,
        85.352296398532,
        87.98216912054247,
        87.90885457684917,
        85.5082769086284,
        86.46759230090726,
        86.26728919244582,
        86.6988294047694,
        86.5862296319777,
        87.00749846427671,
        86.47735964867377,
        87.41688168433404,
        86.64349242179624,
        85.59252142137096,
        85.94814177482358,
        86.42800411101311,
        86.6279525756836,
        88.01952042118195,
        86.40513241675592,
        86.67232267318234,
        87.30822926182901,
        85.77752882434476,
        87.78966792937248,
        85.84796880906627,
        85.49074874385711,
        85.3862056116904,
        85.45889872889364,
        89.9284436625819,
        85.97001377228767,
        85.9964619298135,
        87.86909804805633,
        86.82295546993133,
        86.62158375401651,
        86.20312155446699,
        85.57976901146674,
        85.66796530446699,
        86.64818942162299,
        86.2843746062248,
        85.18588429112589,
        87.78899580432522,
        85.55945734823904,
        86.91407185216104,
        87.15250322895665,
        87.41407308270854,
        85.42089253087198,
        86.88217704526839,
        86.06036327731225,
        86.5151608374811,
        85.04077886766002,
        86.9461433656754,
        86.39990972703502,
        86.54280434885332
    ],