{
    "testproblem": "quadratic_deep",
    "batch_size": 32,
    "num_epochs": 100,
    "random_seed": 47,
    "weight_decay": null,
    "optimizer_name": "Preconditioner",
    "optimizer_hyperparams": {
        "lr": 1e-05
    },
    "training_params": {},
    "train_losses": [
        404.89266573998236,
        404.05393932711695,
        105.7857191024288,
        100.49564140073714,
        97.7280015022524,
        96.59463845529864,
        93.60603554018083,
        92.74053364415323,
        92.87391810263357,
        91.72762963079637,
        91.66808540590348,
        91.360106929656,
        90.9523194836032,
        90.77831563641948,
        91.58900870046308,
        92.13812083582724,
        89.97639416110131,
        89.50640918362525,
        90.36308436239919,
        92.03451981083039,
        89.69913039668914,
        91.04254864108178,
        91.11173986619518,
        91.04785377748551,
        89.40908542756111,
        90.8261950092931,
        89.35432754024383,
        89.68703337638608,
        89.7665048414661,
        90.4850577077558,
        90.57374917307207,
        89.18558428364415,
        91.51053471719065,
        91.37860919583228,
        89.3386474117156,
        92.69675986997542,
        92.0615711827432,
        89.94618791149509,
        90.26162719726562,
        90.62415855161605,
        89.14030973372921,
        89.71802569973853,
        94.26816804947391,
        89.48206747731855,
        88.76299261277721,
        89.76399747786984,
        89.45829403784967,
        89.03436033187374,
        89.46974059074155,
        89.76024160077495,
        90.9081782679404,
        93.12200164794922,
        89.08094959874308,
        89.04318680301789,
        89.85099743258569,
        90.68676930089151,
        90.4955340969947,
        90.28351691461378,
        90.55242181593373,
        90.49344856508317,
        90.7642812421245,
        89.29670936830583,
        91.3698959350586,
        88.8322510257844,
        89.2025626397902,
        89.73368663172567,
        88.40059661865234,
        93.21850118329448,
        91.09556948754096,
        90.2516132477791,
        92.08756280714466,
        90.51783087945753,
        89.35111654958418,
        89.02990255048198,
        89.46095202046055,
        90.05318057152533,
        90.15358340355658,
        89.13937328707787,
        89.60174954322076,
        88.78952026367188,
        88.59684162755167,
        88.99540464339718,
        88.82860146799395,
        89.77038992604902,
        90.22484170236895,
        89.1223651516822,
        88.61597836402154,
        89.29120291433027,
        90.06509251748362,
        88.9282696631647,
        88.55825264223161,
        89.8036373507592,
        89.00347974223476,
        89.63951110839844,
        91.17954352594191,
        92.49688942201676,
        89.64994442847467,
        89.67218362131426,
        89.35549779092112,
        91.37622907084804,
        89.56459193075857
    ],
    "valid_losses": [
        406.84625441028226,
        406.1560314547631,
        103.32528637301537,
        97.93202135639805,
        95.30418765160346,
        94.64775922221523,
        91.02511449013987,
        89.76085170622795,
        89.99068893924836,
        89.4333026024603,
        89.00345291629914,
        88.25971984863281,
        88.2028057959772,
        88.51847101026966,
        88.78504427017704,
        89.7068850609564,
        87.2594257477791,
        87.28961009363974,
        87.96751083866242,
        90.2107905726279,
        87.11243610997354,
        88.18126284691596,
        88.05504485099546,
        88.62671882875505,
        87.07457610099546,
        87.74439239501953,
        86.7379910868983,
        87.13506957023374,
        87.25794219970703,
        88.61014113887664,
        88.65634967434791,
        86.44255582747921,
        88.3326652280746,
        89.30438798473728,
        86.65008618754726,
        90.4759991553522,
        89.84312266688192,
        87.21592663180444,
        87.56133467151272,
        88.13422147689327,
        86.89092549970073,
        87.38363622849987,
        91.13245342623803,
        86.82378436673072,
        86.39230199013987,
        87.75181431924143,
        86.7065171272524,
        86.64283604775706,
        86.61233914283014,
        87.47415259576613,
        88.584472164031,
        90.70779295890561,
        86.89724805278163,
        86.53512376354587,
        87.04582829629221,
        88.472657234438,
        88.21033330117503,
        87.57291929183468,
        88.20924402052357,
        87.99010590584048,
        88.92041089457851,
        86.77292017782888,
        89.11484207645539,
        86.31329296481225,
        86.47994724396736,
        86.9195044732863,
        85.93421739147556,
        90.8245094053207,
        88.66967330440399,
        87.60776150611139,
        89.41968880930254,
        87.70750402635143,
        86.3507803640058,
        86.20108647500315,
        86.61777077951739,
        87.78152859595514,
        87.46360729586694,
        86.71889175907258,
        87.14776340607673,
        86.55295045914188,
        86.18239519673008,
        86.48617061491936,
        86.12568861438382,
        87.40026510915449,
        87.10992948470577,
        86.70464669504473,
        86.44749844458795,
        86.56437313941217,
        87.21446129583543,
        86.37836136356476,
        86.20975445162865,
        87.16385010750064,
        86.31762966032952,
        86.52798732634514,
        89.00543582054877,
        90.37771926387664,
        86.84286056026336,
        87.24436433853641,
        86.51087385608304,
        88.97676849365234,
        87.087159679782
    ],