{
    "testproblem": "quadratic_deep",
    "batch_size": 32,
    "num_epochs": 100,
    "random_seed": 50,
    "weight_decay": null,
    "optimizer_name": "Preconditioner",
    "optimizer_hyperparams": {
        "lr": 1e-05
    },
    "training_params": {},
    "train_losses": [
        286.38834208826864,
        286.0844972672001,
        105.22126253189579,
        98.58635465560421,
        94.59499974404612,
        93.7132314866589,
        91.37546662361392,
        90.8231905045048,
        90.22559307467553,
        89.57807011758128,
        88.3520977881647,
        88.92313581897366,
        88.53348368983114,
        88.8313743837418,
        87.65972974223476,
        88.40566967379662,
        87.73009860131049,
        87.7162382064327,
        88.30835674655053,
        89.04086525209489,
        89.27681264569682,
        89.08004760742188,
        87.95230717812815,
        87.13279822564894,
        88.67047955912929,
        88.22057022586945,
        89.11770580660912,
        88.1774164015247,
        86.75424489667338,
        87.22191939815399,
        87.76861572265625,
        87.5049800257529,
        87.42944778934601,
        87.57758528186429,
        87.01660845356602,
        86.84274784211189,
        88.90659381497291,
        87.95164292858493,
        87.10437085551601,
        89.56850261072958,
        88.23948447935042,
        87.35151893861833,
        87.68621752339024,
        86.89949749362084,
        86.78660878827495,
        88.34879450644216,
        88.18044773224861,
        88.09063523815524,
        87.77638638404107,
        87.17077932050151,
        89.14260962701613,
        87.98734258836315,
        86.6768779139365,
        88.58594242219002,
        87.40026732413999,
        91.66355797552293,
        88.58031562066847,
        86.81873986028856,
        88.36228967482045,
        88.59427987375567,
        87.55546668268019,
        87.29466469057145,
        87.69166614163306,
        89.5044663952243,
        87.27978810956401,
        87.05489669307586,
        88.99603123818675,
        90.14717741935483,
        88.58725221695438,
        87.17633056640625,
        90.29589031588647,
        87.50870981524068,
        89.06461875669417,
        90.27220695249495,
        88.36969486359627,
        86.64897672591671,
        87.67060704385081,
        89.12965836063508,
        87.38243496802545,
        88.93070713166267,
        87.15756200974987,
        86.78072209512034,
        88.70531685121598,
        87.95180880638861,
        91.35865488360005,
        86.76204287621283,
        88.79695966166835,
        87.17792806317729,
        88.04413407848728,
        87.53126255158455,
        87.92842298938382,
        90.54988565752583,
        88.14540247763357,
        88.67373706448463,
        86.92962548040575,
        86.99779953495148,
        87.20679400044102,
        88.61594956920993,
        87.00354077739101,
        87.83498038015058,
        88.37791073706842
    ],
    "valid_losses": [
        286.11244053994454,
        285.73452857232866,
        106.45123930900327,
        99.82000633978075,
        95.74704520933089,
        95.13576384513608,
        92.42578838717553,
        91.70713707708543,
        91.21330162786668,
        90.27867052631993,
        89.326903804656,
        89.71627290787235,
        89.39974778698337,
        89.76947242982926,
        88.52212598246913,
        89.36824084866431,
        88.17103182884955,
        88.46357308664629,
        88.83862132410849,
        89.53309459071005,
        89.9314956665039,
        89.62279731996598,
        89.12745863391507,
        87.90897393995716,
        89.42206475042528,
        88.97004748928931,
        89.77513713221396,
        88.64990603539252,
        87.62951684767201,
        88.40280274421939,
        88.95386948124055,
        88.6715811452558,
        88.84661274571573,
        88.91164225916708,
        87.86429399059665,
        87.9895506828062,
        90.27086073352444,
        89.33936728200605,
        88.0281517274918,
        90.46147081928868,
        88.83788668724799,
        87.88324392995527,
        88.80605266940209,
        87.69510749078566,
        87.37830795780305,
        89.30040593301096,
        88.98779616817352,
        88.84998592253655,
        88.91064330070249,
        87.87322112052671,
        90.5833511352539,
        88.64769572596396,
        87.72575378417969,
        89.45801273469002,
        88.63038905974358,
        93.2222671508789,
        89.35213987288937,
        88.1814201108871,
        89.02907291535408,
        89.38336452361077,
        88.14576155139554,
        88.2268573391822,
        88.1963641258978,
        90.88491476735761,
        87.78771037440146,
        88.02862499606225,
        90.60347723191784,
        90.74559611658896,
        89.28059657927483,
        88.23368490895918,
        91.15059834141886,
        88.65243677939138,
        90.25979761923513,
        91.40868402296498,
        88.72119460567352,
        87.60197399508569,
        88.55272083897745,
        90.45424258324408,
        88.52636349585748,
        89.55460628386467,
        88.19955493557838,
        87.6198255477413,
        90.04394801970452,
        88.8516609438004,
        92.67821674962198,
        87.76063020767704,
        89.5977298367408,
        87.62878245692099,
        88.73022190217048,
        88.84629206503591,
        88.84956458307082,
        91.42895187870148,
        89.64771762970955,
        89.49032272831086,
        87.87073910620904,
        88.04003044866747,
        88.64675115769909,
        89.94156203731414,
        87.8995127524099,
        88.93426981279927,
        89.3968491092805
    ],