{
    "testproblem": "quadratic_deep",
    "batch_size": 32,
    "num_epochs": 100,
    "random_seed": 43,
    "weight_decay": null,
    "optimizer_name": "Preconditioner",
    "optimizer_hyperparams": {
        "lr": 3.162277660168379e-07
    },
    "training_params": {},
    "train_losses": [
        331.9912867392263,
        330.9989555112777,
        109.77817781509891,
        102.40902709960938,
        97.17047783636278,
        96.20004001740486,
        95.44661318871283,
        94.81903026949975,
        93.6024401264806,
        91.99756376204952,
        90.7072264148343,
        91.91463913456086,
        90.84682243101058,
        89.80872664913055,
        90.32714056199596,
        90.16525071667087,
        90.84189704156691,
        91.21802865305254,
        89.4100073537519,
        90.86551740092617,
        90.18910291118007,
        90.1142085905998,
        91.47346693469632,
        89.8993680400233,
        89.71047629079511,
        89.66167671449723,
        89.59909894389492,
        89.71693789574408,
        89.55788175521359,
        89.00606438421434,
        89.84821024248677,
        91.3193595640121,
        92.16052639868951,
        91.99013125511908,
        90.54529030092301,
        90.50256076935798,
        89.84405960575226,
        90.15424248480028,
        91.53362594112274,
        89.56514690768334,
        89.33512336977067,
        89.68338726412865,
        93.52174426663306,
        90.10256465788811,
        90.75963297197896,
        89.2559834141885,
        88.94266411565965,
        88.71740845711001,
        89.98665028233683,
        89.44954336843183,
        89.0825941024288,
        90.21736489572832,
        89.98468878961378,
        90.13049045685798,
        90.27139257615612,
        90.40394198509955,
        89.41982983004662,
        88.53177987375567,
        89.61825167748236,
        89.38486972931892,
        89.21025749944872,
        89.45733421079574,
        89.01864008749685,
        90.08851352814705,
        89.61911453739289,
        91.24388417889995,
        90.36160007599861,
        89.48818674395162,
        89.67101509340348,
        90.49681337418095,
        90.19505260836694,
        90.81512303506175,
        90.6492919921875,
        89.03060937696888,
        89.41208747125441,
        90.06366065240675,
        91.6246586461221,
        89.05752711142263,
        90.99451987974105,
        88.53136271815146,
        89.77277128158077,
        88.93445734823904,
        91.06628787133002,
        90.37944646035471,
        90.59172968710622,
        90.20270144554877,
        91.44064552553239,
        89.86431909376576,
        89.41500952935988,
        90.6325929703251,
        89.69944566295993,
        89.44516532651839,
        89.67242923859627,
        91.01446803923577,
        89.99620449927545,
        91.19642909880608,
        88.61295023272115,
        89.6238026772776,
        89.50902163597846,
        90.68223817886845,
        89.64341711228893
    ],
    "valid_losses": [
        327.4473936019405,
        327.43196450510334,
        106.69466350924584,
        100.44820527107485,
        95.52407886135963,
        95.22996816327495,
        95.02157297442037,
        93.34497513309601,
        92.81497438492313,
        91.27057180097026,
        89.55112974105343,
        90.65030842442667,
        88.88855940295804,
        88.9637694820281,
        89.24051100207913,
        89.16683886128087,
        89.00686867006364,
        89.85147193170363,
        88.38684697305003,
        89.77649048836001,
        88.53540654336253,
        88.68833332677042,
        89.31175699541646,
        88.5232920492849,
        88.68858066681892,
        88.14512781943044,
        87.5314682991274,
        88.47209635088521,
        87.82521007907006,
        87.52253575478831,
        89.04976284888482,
        90.3268572899603,
        91.8916246967931,
        90.25961697486139,
        89.43234056042087,
        88.99826246692288,
        89.19942498976185,
        88.35494921284337,
        90.00319893129411,
        88.77281951904297,
        87.8855716336158,
        88.30843722435736,
        92.60060685680759,
        89.69848214426348,
        89.77948514876827,
        88.32371520996094,
        87.85792492282006,
        87.96130026540449,
        88.16136981594947,
        87.71126999393586,
        87.69493029194493,
        88.5457532328944,
        88.52947924214024,
        88.82168751378214,
        88.63863791188886,
        89.23607832385647,
        88.54549580235636,
        87.1467523882466,
        87.93121953164378,
        88.13588689988659,
        88.57084704983619,
        88.29777428411668,
        87.67303663684476,
        88.93043542677357,
        88.62645303049395,
        89.70628996818296,
        88.54539095970893,
        88.24872613722279,
        87.61124346333165,
        88.79156026532573,
        89.02348032305318,
        89.54991666732296,
        88.66199050411102,
        88.13627550678868,
        88.72662845734627,
        88.64507096813571,
        89.97383782171434,
        88.09219877181515,
        88.8286836685673,
        86.94573383946573,
        88.50589161534464,
        88.0119382796749,
        89.16041687996157,
        89.13913037700038,
        88.88770121912802,
        89.07638746692288,
        89.82898392215851,
        88.69218370991368,
        88.33938524799962,
        89.4667739868164,
        87.7680179226783,
        87.71833899713332,
        88.70579307310042,
        90.58555996802545,
        89.4376722766507,
        89.60322620022681,
        87.59983604185042,
        88.29853156305128,
        87.8458990281628,
        88.86495528682586,
        88.40772345758253
    ],