{
    "testproblem": "quadratic_deep",
    "batch_size": 32,
    "num_epochs": 100,
    "random_seed": 43,
    "weight_decay": null,
    "optimizer_name": "SGD",
    "optimizer_hyperparams": {
        "lr": 1e-140
    },
    "training_params": {},
    "train_losses": [
        210.00240202872985,
        209.84578827888734,
        210.353517593876,
        210.20723945863784,
        210.2398223876953,
        210.09454198037423,
        210.2049329203944,
        209.9651592623803,
        210.23308686287172,
        209.91001399870842,
        209.88175767467868,
        210.1344949045489,
        210.07466617707283,
        210.22257798717868,
        209.8790800033077,
        209.61429029895413,
        210.38055764475178,
        210.12558820170742,
        209.92517532840853,
        210.1538322202621,
        210.13506833968623,
        210.33554027926536,
        210.05453688098538,
        210.10111753402217,
        210.10431991084928,
        209.62154659148186,
        210.10508777249245,
        210.24541251890122,
        210.28162064090853,
        210.50184089906753,
        209.6990011892011,
        210.22544368620842,
        209.97711575415826,
        209.92848402454007,
        210.5575192359186,
        209.9241180419922,
        210.21908077116936,
        210.07951059649068,
        210.09049249464465,
        209.69917986469883,
        210.15890256820185,
        210.15813322990172,
        210.19969423355596,
        209.88260970577116,
        210.01941164078252,
        210.57825888356854,
        210.40491411762852,
        209.98599932270665,
        210.2664529123614,
        210.0846237674836,
        209.96056046024447,
        210.27098083496094,
        210.3637882355721,
        210.2781775689894,
        210.30450094899822,
        210.2547420378654,
        210.04053423481602,
        210.0787840812437,
        209.97692083543348,
        209.76541974467617,
        210.39186785298008,
        210.32736501386088,
        210.42881282683342,
        210.13104100381173,
        209.74922623172884,
        210.2395556049962,
        210.21432298229587,
        210.07569885253906,
        210.0674310499622,
        210.32592527327998,
        210.18677496141004,
        210.10969838788432,
        209.91811100129158,
        210.04221614714592,
        210.00570875598538,
        209.98640491116433,
        210.32891845703125,
        210.16011884135585,
        210.3304970033707,
        210.13579830046623,
        210.17194292622227,
        209.98499175040953,
        209.97655413227696,
        209.84200459141886,
        209.8973688925466,
        209.86964711835307,
        210.3394022295552,
        209.7934831188571,
        210.4487777217742,
        210.21479994250882,
        210.1430157076928,
        209.70060188539566,
        210.19783167685233,
        210.184325187437,
        210.01397705078125,
        210.1967517483619,
        210.29236578172254,
        209.97258733933973,
        210.14368168000252,
        210.21858658329134,
        210.14739941012473
    ],
    "valid_losses": [
        205.0477324455015,
        205.0477324455015,
        205.0477324455015,
        205.0477324455015,
        205.0477324455015,
        205.0477324455015,
        205.0477324455015,
        205.0477324455015,
        205.0477324455015,
        205.0477324455015,
        205.0477324455015,
        205.0477324455015,
        205.0477324455015,
        205.0477324455015,
        205.0477324455015,
        205.0477324455015,
        205.0477324455015,
        205.0477324455015,
        205.0477324455015,
        205.0477324455015,
        205.0477324455015,
        205.0477324455015,
        205.0477324455015,
        205.0477324455015,
        205.0477324455015,
        205.0477324455015,
        205.0477324455015,
        205.0477324455015,
        205.0477324455015,
        205.0477324455015,
        205.0477324455015,
        205.0477324455015,
        205.0477324455015,
        205.0477324455015,
        205.0477324455015,
        205.0477324455015,
        205.0477324455015,
        205.0477324455015,
        205.0477324455015,
        205.0477324455015,
        205.0477324455015,
        205.0477324455015,
        205.0477324455015,
        205.0477324455015,
        205.0477324455015,
        205.0477324455015,
        205.0477324455015,
        205.0477324455015,
        205.0477324455015,
        205.0477324455015,
        205.0477324455015,
        205.0477324455015,
        205.0477324455015,
        205.0477324455015,
        205.0477324455015,
        205.0477324455015,
        205.0477324455015,
        205.0477324455015,
        205.0477324455015,
        205.0477324455015,
        205.0477324455015,
        205.0477324455015,
        205.0477324455015,
        205.0477324455015,
        205.0477324455015,
        205.0477324455015,
        205.0477324455015,
        205.0477324455015,
        205.0477324455015,
        205.0477324455015,
        205.0477324455015,
        205.0477324455015,
        205.0477324455015,
        205.0477324455015,
        205.0477324455015,
        205.0477324455015,
        205.0477324455015,
        205.0477324455015,
        205.0477324455015,
        205.0477324455015,
        205.0477324455015,
        205.0477324455015,
        205.0477324455015,
        205.0477324455015,
        205.0477324455015,
        205.0477324455015,
        205.0477324455015,
        205.0477324455015,
        205.0477324455015,
        205.0477324455015,
        205.0477324455015,
        205.0477324455015,
        205.0477324455015,
        205.0477324455015,
        205.0477324455015,
        205.0477324455015,
        205.0477324455015,
        205.0477324455015,
        205.0477324455015,
        205.0477324455015,
        205.0477324455015
    ],