{
    "testproblem": "quadratic_deep",
    "batch_size": 32,
    "num_epochs": 100,
    "random_seed": 43,
    "weight_decay": null,
    "optimizer_name": "SGD",
    "optimizer_hyperparams": {
        "lr": 3.162277660168379e-07
    },
    "training_params": {},
    "train_losses": [
        430.6798115391885,
        430.30682373046875,
        430.20592277280747,
        429.00182121030747,
        429.2857252551663,
        428.6622275075605,
        428.2673881284652,
        427.78152958039317,
        427.79713686050906,
        428.40564260175154,
        427.6484955818422,
        426.76480200982866,
        426.3976597939768,
        427.10287278698337,
        425.98433463804184,
        425.98165401335683,
        425.52374267578125,
        425.1110111359627,
        424.69054486674645,
        424.53780635710683,
        424.251458937122,
        423.94883875693046,
        423.56900319745466,
        423.18363804971017,
        422.7315152075983,
        422.37828408518146,
        422.20987922914566,
        422.3825457173009,
        421.93259552986393,
        421.06539621660784,
        420.1915076471144,
        420.4556628811744,
        420.77464638986896,
        419.47440953408517,
        419.69693386939264,
        419.197747999622,
        419.1626911778604,
        419.0028617612777,
        418.70779812720514,
        418.1277003134451,
        417.5877941500756,
        417.15922398721017,
        417.25047745243194,
        417.1814722861013,
        416.4922140798261,
        416.65623228011594,
        416.50658195249497,
        416.029302781628,
        415.5132643176663,
        415.4215914818548,
        414.6285833543347,
        414.4560290921119,
        414.1966365691154,
        413.8657000141759,
        413.8222469206779,
        414.1243069556452,
        413.31949344758067,
        412.77012978830646,
        412.3282756190146,
        411.63709185200355,
        411.5839410597278,
        412.0267028808594,
        411.27933231476817,
        410.52855165543093,
        410.1976977932838,
        410.3797981508317,
        409.79223534368697,
        410.1240933325983,
        409.3531198809224,
        408.67786628969253,
        409.3484841623614,
        408.47025717458416,
        408.92196556829634,
        407.5551964544481,
        407.2603198635963,
        407.1902554419733,
        406.8828686129662,
        406.75207617975053,
        406.29503508537044,
        406.1029613864037,
        405.29071635584677,
        405.85093639742945,
        405.3213185956401,
        404.6261754189768,
        404.01936881772934,
        403.81504378780244,
        403.92496908864666,
        403.2497991746472,
        403.6968748031124,
        402.88209779800906,
        402.83158136183215,
        402.8760021578881,
        402.16058349609375,
        402.10608008600053,
        401.73926470356605,
        400.9989318847656,
        401.10609189925657,
        400.4376752299647,
        400.46063626197076,
        400.3834307270665,
        399.94112962292087
    ],
    "valid_losses": [
        431.91732591198337,
        431.5939714985509,
        431.2706751669607,
        430.94788582094253,
        430.62569993542087,
        430.3035307853453,
        429.981695359753,
        429.66001645980344,
        429.3389744912424,
        429.0180496708039,
        428.6974113218246,
        428.37718742124497,
        428.0573474514869,
        427.7377388246598,
        427.41864210559476,
        427.09967434790826,
        426.780767625378,
        426.4622763356855,
        426.14427628055694,
        425.8266020744078,
        425.50916708669354,
        425.1923099640877,
        424.8755562074723,
        424.55953881048384,
        424.24354405556954,
        423.92784463205646,
        423.6122466056578,
        423.296882875504,
        422.9822318784652,
        422.66760155462447,
        422.35326065555694,
        422.03944150863157,
        421.7260348412298,
        421.41283293693294,
        421.10029749716483,
        420.7877029911164,
        420.4753890498992,
        420.1637336977067,
        419.8522447155368,
        419.5409988895539,
        419.22959260017643,
        418.91900831653226,
        418.60855496314264,
        418.29857709330895,
        417.98895263671875,
        417.6796707645539,
        417.3702894641507,
        417.06112080235636,
        416.75260383852066,
        416.4439264112903,
        416.13590068201864,
        415.82824411699846,
        415.5207312799269,
        415.2135856382308,
        414.90702278383316,
        414.6006115328881,
        414.2942810058594,
        413.98838560042844,
        413.6827825730847,
        413.3774601105721,
        413.07243002614666,
        412.76773366620466,
        412.4634753811744,
        412.15979102350053,
        411.8556981240549,
        411.5521614320817,
        411.2489939043599,
        410.9462703581779,
        410.6438529722152,
        410.3414789015247,
        410.0394867927797,
        409.73780281313003,
        409.43636789629534,
        409.13541633852066,
        408.83480736517134,
        408.5344750189012,
        408.2344439106603,
        407.9344275689894,
        407.63519877772177,
        407.3362554734753,
        407.03750708795366,
        406.73899595199094,
        406.4405005670363,
        406.14234579763104,
        405.84440071352066,
        405.54704137002267,
        405.2498483965474,
        404.95287987493697,
        404.65633663054433,
        404.36014286164317,
        404.0643103814894,
        403.76902131111393,
        403.47385923324094,
        403.1790190665953,
        402.88417693107357,
        402.5898850963962,
        402.2958344490297,
        402.00221301663305,
        401.7087933940272,
        401.41551848380794,
        401.1224138813634
    ],