{
    "testproblem": "mnist_2c2d",
    "batch_size": 128,
    "num_epochs": 1,
    "random_seed": 42,
    "weight_decay": null,
    "optimizer_name": "Preconditioner",
    "optimizer_hyperparams": {
        "est_rank": 2,
        "num_observations": 5,
        "prior_iterations": 10,
        "set_lr": false
    },
    "training_params": {},
    "train_losses": [
        2.381906650005243,
        0.07504152088688734
    ],
    "test_losses": [
        2.389372183726384,
        0.08350904565304518
    ],
    "minibatch_train_losses": [
        2.3841288089752197,
        2.4170210361480713,
        2.2699809074401855,
        1.9151477813720703,
        0.7265453934669495,
        0.7754319906234741,
        1.1555589437484741,
        0.24866428971290588,
        0.4075641334056854,
        0.149410218000412,
        0.16388095915317535,
        0.17240218818187714,
        0.2871667146682739,
        0.1452602744102478,
        0.20988216996192932,
        0.15510664880275726,
        0.38896751403808594,
        0.06673809140920639,
        0.15969344973564148,
        0.07559403777122498,
        0.2418806254863739,
        0.10480313003063202,
        0.16938000917434692,
        0.17477338016033173,
        0.07686722278594971,
        0.13731347024440765,
        0.1634121835231781,
        0.1266578584909439,
        0.14676176011562347,
        0.14838087558746338,
        0.05204501003026962,
        0.0598943829536438,
        0.05697852745652199,
        0.046271372586488724,
        0.0937536358833313,
        0.20809721946716309,
        0.025254616513848305,
        0.09555425494909286,
        0.038996096700429916,
        0.038358669728040695,
        0.05772983282804489,
        0.11904973536729813,
        0.09432272613048553,
        0.057264477014541626,
        0.12105216085910797,
        0.00943344458937645,
        0.2619600296020508
    ],
    "train_accuracies": [
        0.061197916666666664,
        0.9772636217948718
    ],
    "test_accuracies": [
        0.056790865384615384,
        0.9743589743589743
    ]
}