{
    "testproblem": "quadratic_deep",
    "batch_size": 32,
    "num_epochs": 100,
    "random_seed": 43,
    "weight_decay": null,
    "optimizer_name": "SGD",
    "optimizer_hyperparams": {
        "lr": 1e-06
    },
    "training_params": {},
    "train_losses": [
        264.12988773469004,
        263.6485610469695,
        262.9018820485761,
        262.34562092442667,
        262.27222910235,
        261.53271582818803,
        261.38479811145413,
        261.0312268657069,
        260.1583754016507,
        259.80340526949976,
        259.3352941697644,
        258.91654377598917,
        258.529290476153,
        257.78522171512725,
        257.2321019326487,
        257.36210041661417,
        256.7862465150895,
        256.74601007276965,
        255.83780694776965,
        255.80572165212322,
        255.01905182869203,
        254.6990203857422,
        254.25008466166835,
        253.74156188964844,
        253.21973493022304,
        252.67358152327998,
        252.44371032714844,
        252.01547093545236,
        251.82995260915447,
        251.70188903808594,
        250.73942270586568,
        250.16193316059727,
        250.14175808814264,
        249.52270753922002,
        248.98269554876512,
        248.77615848664314,
        248.3698533581149,
        248.1797165409211,
        247.67342991982736,
        247.3238043016003,
        247.14986690398186,
        246.56115476546748,
        245.8934355705015,
        245.24605191138482,
        245.30882607736896,
        245.04510104271674,
        244.3290784282069,
        243.82070086079258,
        243.50183646909653,
        243.54452268538935,
        243.08260074738533,
        242.50318318028604,
        242.32597252630418,
        241.1062735280683,
        241.2562748078377,
        240.86111991636216,
        240.8073036439957,
        239.88366453109248,
        239.66150640672254,
        239.17315919937627,
        238.96323567052042,
        238.456057640814,
        238.489505890877,
        237.62430695564515,
        237.40593793315273,
        236.8406278548702,
        236.34857866840977,
        236.09076173843877,
        236.1563228484123,
        235.600099625126,
        235.35989576770413,
        234.74965150894658,
        234.2284176734186,
        234.28629721364666,
        234.00875706826486,
        233.39956812704764,
        233.24900571761592,
        232.82720061271422,
        232.54376269925027,
        232.2818903769216,
        231.5895759828629,
        231.3202632780998,
        231.04485591765373,
        230.47455621534777,
        230.53197159305697,
        229.93323098459553,
        229.51280606177545,
        228.69424979917466,
        228.97722305790072,
        228.56629254741054,
        227.85360471663935,
        227.8906033423639,
        227.47402018885458,
        227.2913611627394,
        226.7995068950038,
        226.32244331605972,
        226.04918695265246,
        225.52165960496473,
        225.59337739021547,
        225.32376590851814,
        224.89490090647053
    ],
    "valid_losses": [
        261.704602149225,
        261.25523967127646,
        260.8077146468624,
        260.36034417921496,
        259.91490960890246,
        259.4710240517893,
        259.02826567619076,
        258.5864518688571,
        258.14698988391507,
        257.7083056049962,
        257.27103596348917,
        256.8345204014932,
        256.3999722388483,
        255.96675159085183,
        255.53485205865675,
        255.1036140688004,
        254.67462256646925,
        254.2461168842931,
        253.81898203203755,
        253.3932145641696,
        252.9692663377331,
        252.54579261041457,
        252.12349282541584,
        251.70309399020286,
        251.28372536936115,
        250.86529885568928,
        250.44859363186745,
        250.03326366793723,
        249.61933357484878,
        249.20650605232484,
        248.7945359753024,
        248.38380629016507,
        247.97430026146674,
        247.56636834913684,
        247.1598614108178,
        246.75444670646422,
        246.34974867297757,
        245.94625657604587,
        245.5438709874307,
        245.14252299647177,
        244.7423819265058,
        244.3437268657069,
        243.9459745345577,
        243.54972297914566,
        243.15442928191155,
        242.76022191201486,
        242.36739373976184,
        241.97628882623488,
        241.58617228846396,
        241.1969722624748,
        240.8087630733367,
        240.42188041440903,
        240.03617219002015,
        239.65150057884955,
        239.26812842584425,
        238.88565900248867,
        238.5043694280809,
        238.12471451297884,
        237.7461631528793,
        237.3680646342616,
        236.99126655824722,
        236.61617549773186,
        236.2422081731981,
        235.86851993683845,
        235.4965126283707,
        235.1256113360005,
        234.75562901650704,
        234.3867423765121,
        234.01884362005418,
        233.65198344569052,
        233.2862248574534,
        232.92193062074722,
        232.55875864336568,
        232.19652040543096,
        231.83559343891758,
        231.47538215883316,
        231.11649593230217,
        230.75862564579134,
        230.4020705684539,
        230.0464054230721,
        229.6919201266381,
        229.33852854082662,
        228.98612926852317,
        228.6344235327936,
        228.28376031691027,
        227.93474948021674,
        227.58674178584928,
        227.23937643727947,
        226.8933336811681,
        226.54793080975932,
        226.2035670126638,
        225.85985589796496,
        225.51732315555697,
        225.17581915086316,
        224.8353734170237,
        224.49597660187752,
        224.15795012443297,
        223.82037698068928,
        223.48428787723665,
        223.14894054782005,
        222.8146701935799
    ],