{
    "testproblem": "quadratic_deep",
    "batch_size": 32,
    "num_epochs": 100,
    "random_seed": 45,
    "weight_decay": null,
    "optimizer_name": "SGD",
    "optimizer_hyperparams": {
        "lr": 0.1
    },
    "training_params": {},
    "train_losses": [
        322.5385535455519,
        322.5385535455519,
        322.5385535455519,
        322.5385535455519,
        322.5385535455519,
        322.5385535455519,
        322.5385535455519,
        322.5385535455519,
        322.5385535455519,
        322.5385535455519,
        322.5385535455519,
        322.5385535455519,
        322.5385535455519,
        322.5385535455519,
        322.5385535455519,
        322.5385535455519,
        322.5385535455519,
        322.5385535455519,
        322.5385535455519,
        322.5385535455519,
        322.5385535455519,
        322.5385535455519,
        322.5385535455519,
        322.5385535455519,
        322.5385535455519,
        322.5385535455519,
        322.5385535455519,
        322.5385535455519,
        322.5385535455519,
        322.5385535455519,
        322.5385535455519,
        322.5385535455519,
        322.5385535455519,
        322.5385535455519,
        322.5385535455519,
        322.5385535455519,
        322.5385535455519,
        322.5385535455519,
        322.5385535455519,
        322.5385535455519,
        322.5385535455519,
        322.5385535455519,
        322.5385535455519,
        322.5385535455519,
        322.5385535455519,
        322.5385535455519,
        322.5385535455519,
        322.5385535455519,
        322.5385535455519,
        322.5385535455519,
        322.5385535455519,
        322.5385535455519,
        322.5385535455519,
        322.5385535455519,
        322.5385535455519,
        322.5385535455519,
        322.5385535455519,
        322.5385535455519,
        322.5385535455519,
        322.5385535455519,
        322.5385535455519,
        322.5385535455519,
        322.5385535455519,
        322.5385535455519,
        322.5385535455519,
        322.5385535455519,
        322.5385535455519,
        322.5385535455519,
        322.5385535455519,
        322.5385535455519,
        322.5385535455519,
        322.5385535455519,
        322.5385535455519,
        322.5385535455519,
        322.5385535455519,
        322.5385535455519,
        322.5385535455519,
        322.5385535455519,
        322.5385535455519,
        322.5385535455519,
        322.5385535455519,
        322.5385535455519,
        322.5385535455519,
        322.5385535455519,
        322.5385535455519,
        322.5385535455519,
        322.5385535455519,
        322.5385535455519,
        322.5385535455519,
        322.5385535455519,
        322.5385535455519,
        322.5385535455519,
        322.5385535455519,
        322.5385535455519,
        322.5385535455519,
        322.5385535455519,
        322.5385535455519,
        322.5385535455519,
        322.5385535455519,
        322.5385535455519,
        322.5385535455519
    ],
    "valid_losses": [
        321.8959813271799,
        321.8959813271799,
        321.8959813271799,
        321.8959813271799,
        321.8959813271799,
        321.8959813271799,
        321.8959813271799,
        321.8959813271799,
        321.8959813271799,
        321.8959813271799,
        321.8959813271799,
        321.8959813271799,
        321.8959813271799,
        321.8959813271799,
        321.8959813271799,
        321.8959813271799,
        321.8959813271799,
        321.8959813271799,
        321.8959813271799,
        321.8959813271799,
        321.8959813271799,
        321.8959813271799,
        321.8959813271799,
        321.8959813271799,
        321.8959813271799,
        321.8959813271799,
        321.8959813271799,
        321.8959813271799,
        321.8959813271799,
        321.8959813271799,
        321.8959813271799,
        321.8959813271799,
        321.8959813271799,
        321.8959813271799,
        321.8959813271799,
        321.8959813271799,
        321.8959813271799,
        321.8959813271799,
        321.8959813271799,
        321.8959813271799,
        321.8959813271799,
        321.8959813271799,
        321.8959813271799,
        321.8959813271799,
        321.8959813271799,
        321.8959813271799,
        321.8959813271799,
        321.8959813271799,
        321.8959813271799,
        321.8959813271799,
        321.8959813271799,
        321.8959813271799,
        321.8959813271799,
        321.8959813271799,
        321.8959813271799,
        321.8959813271799,
        321.8959813271799,
        321.8959813271799,
        321.8959813271799,
        321.8959813271799,
        321.8959813271799,
        321.8959813271799,
        321.8959813271799,
        321.8959813271799,
        321.8959813271799,
        321.8959813271799,
        321.8959813271799,
        321.8959813271799,
        321.8959813271799,
        321.8959813271799,
        321.8959813271799,
        321.8959813271799,
        321.8959813271799,
        321.8959813271799,
        321.8959813271799,
        321.8959813271799,
        321.8959813271799,
        321.8959813271799,
        321.8959813271799,
        321.8959813271799,
        321.8959813271799,
        321.8959813271799,
        321.8959813271799,
        321.8959813271799,
        321.8959813271799,
        321.8959813271799,
        321.8959813271799,
        321.8959813271799,
        321.8959813271799,
        321.8959813271799,
        321.8959813271799,
        321.8959813271799,
        321.8959813271799,
        321.8959813271799,
        321.8959813271799,
        321.8959813271799,
        321.8959813271799,
        321.8959813271799,
        321.8959813271799,
        321.8959813271799,
        321.8959813271799
    ],