{
    "testproblem": "quadratic_deep",
    "batch_size": 32,
    "num_epochs": 100,
    "random_seed": 51,
    "weight_decay": null,
    "optimizer_name": "SGD",
    "optimizer_hyperparams": {
        "lr": 0.1
    },
    "training_params": {},
    "train_losses": [
        224.84886809318297,
        224.84886809318297,
        224.84886809318297,
        224.84886809318297,
        224.84886809318297,
        224.84886809318297,
        224.84886809318297,
        224.84886809318297,
        224.84886809318297,
        224.84886809318297,
        224.84886809318297,
        224.84886809318297,
        224.84886809318297,
        224.84886809318297,
        224.84886809318297,
        224.84886809318297,
        224.84886809318297,
        224.84886809318297,
        224.84886809318297,
        224.84886809318297,
        224.84886809318297,
        224.84886809318297,
        224.84886809318297,
        224.84886809318297,
        224.84886809318297,
        224.84886809318297,
        224.84886809318297,
        224.84886809318297,
        224.84886809318297,
        224.84886809318297,
        224.84886809318297,
        224.84886809318297,
        224.84886809318297,
        224.84886809318297,
        224.84886809318297,
        224.84886809318297,
        224.84886809318297,
        224.84886809318297,
        224.84886809318297,
        224.84886809318297,
        224.84886809318297,
        224.84886809318297,
        224.84886809318297,
        224.84886809318297,
        224.84886809318297,
        224.84886809318297,
        224.84886809318297,
        224.84886809318297,
        224.84886809318297,
        224.84886809318297,
        224.84886809318297,
        224.84886809318297,
        224.84886809318297,
        224.84886809318297,
        224.84886809318297,
        224.84886809318297,
        224.84886809318297,
        224.84886809318297,
        224.84886809318297,
        224.84886809318297,
        224.84886809318297,
        224.84886809318297,
        224.84886809318297,
        224.84886809318297,
        224.84886809318297,
        224.84886809318297,
        224.84886809318297,
        224.84886809318297,
        224.84886809318297,
        224.84886809318297,
        224.84886809318297,
        224.84886809318297,
        224.84886809318297,
        224.84886809318297,
        224.84886809318297,
        224.84886809318297,
        224.84886809318297,
        224.84886809318297,
        224.84886809318297,
        224.84886809318297,
        224.84886809318297,
        224.84886809318297,
        224.84886809318297,
        224.84886809318297,
        224.84886809318297,
        224.84886809318297,
        224.84886809318297,
        224.84886809318297,
        224.84886809318297,
        224.84886809318297,
        224.84886809318297,
        224.84886809318297,
        224.84886809318297,
        224.84886809318297,
        224.84886809318297,
        224.84886809318297,
        224.84886809318297,
        224.84886809318297,
        224.84886809318297,
        224.84886809318297,
        224.84886809318297
    ],
    "valid_losses": [
        230.73556174001385,
        230.73556174001385,
        230.73556174001385,
        230.73556174001385,
        230.73556174001385,
        230.73556174001385,
        230.73556174001385,
        230.73556174001385,
        230.73556174001385,
        230.73556174001385,
        230.73556174001385,
        230.73556174001385,
        230.73556174001385,
        230.73556174001385,
        230.73556174001385,
        230.73556174001385,
        230.73556174001385,
        230.73556174001385,
        230.73556174001385,
        230.73556174001385,
        230.73556174001385,
        230.73556174001385,
        230.73556174001385,
        230.73556174001385,
        230.73556174001385,
        230.73556174001385,
        230.73556174001385,
        230.73556174001385,
        230.73556174001385,
        230.73556174001385,
        230.73556174001385,
        230.73556174001385,
        230.73556174001385,
        230.73556174001385,
        230.73556174001385,
        230.73556174001385,
        230.73556174001385,
        230.73556174001385,
        230.73556174001385,
        230.73556174001385,
        230.73556174001385,
        230.73556174001385,
        230.73556174001385,
        230.73556174001385,
        230.73556174001385,
        230.73556174001385,
        230.73556174001385,
        230.73556174001385,
        230.73556174001385,
        230.73556174001385,
        230.73556174001385,
        230.73556174001385,
        230.73556174001385,
        230.73556174001385,
        230.73556174001385,
        230.73556174001385,
        230.73556174001385,
        230.73556174001385,
        230.73556174001385,
        230.73556174001385,
        230.73556174001385,
        230.73556174001385,
        230.73556174001385,
        230.73556174001385,
        230.73556174001385,
        230.73556174001385,
        230.73556174001385,
        230.73556174001385,
        230.73556174001385,
        230.73556174001385,
        230.73556174001385,
        230.73556174001385,
        230.73556174001385,
        230.73556174001385,
        230.73556174001385,
        230.73556174001385,
        230.73556174001385,
        230.73556174001385,
        230.73556174001385,
        230.73556174001385,
        230.73556174001385,
        230.73556174001385,
        230.73556174001385,
        230.73556174001385,
        230.73556174001385,
        230.73556174001385,
        230.73556174001385,
        230.73556174001385,
        230.73556174001385,
        230.73556174001385,
        230.73556174001385,
        230.73556174001385,
        230.73556174001385,
        230.73556174001385,
        230.73556174001385,
        230.73556174001385,
        230.73556174001385,
        230.73556174001385,
        230.73556174001385,
        230.73556174001385,
        230.73556174001385
    ],