{
    "testproblem": "quadratic_deep",
    "batch_size": 32,
    "num_epochs": 100,
    "random_seed": 44,
    "weight_decay": null,
    "optimizer_name": "SGD",
    "optimizer_hyperparams": {
        "lr": 0.1
    },
    "training_params": {},
    "train_losses": [
        252.57157061176915,
        252.57157061176915,
        252.57157061176915,
        252.57157061176915,
        252.57157061176915,
        252.57157061176915,
        252.57157061176915,
        252.57157061176915,
        252.57157061176915,
        252.57157061176915,
        252.57157061176915,
        252.57157061176915,
        252.57157061176915,
        252.57157061176915,
        252.57157061176915,
        252.57157061176915,
        252.57157061176915,
        252.57157061176915,
        252.57157061176915,
        252.57157061176915,
        252.57157061176915,
        252.57157061176915,
        252.57157061176915,
        252.57157061176915,
        252.57157061176915,
        252.57157061176915,
        252.57157061176915,
        252.57157061176915,
        252.57157061176915,
        252.57157061176915,
        252.57157061176915,
        252.57157061176915,
        252.57157061176915,
        252.57157061176915,
        252.57157061176915,
        252.57157061176915,
        252.57157061176915,
        252.57157061176915,
        252.57157061176915,
        252.57157061176915,
        252.57157061176915,
        252.57157061176915,
        252.57157061176915,
        252.57157061176915,
        252.57157061176915,
        252.57157061176915,
        252.57157061176915,
        252.57157061176915,
        252.57157061176915,
        252.57157061176915,
        252.57157061176915,
        252.57157061176915,
        252.57157061176915,
        252.57157061176915,
        252.57157061176915,
        252.57157061176915,
        252.57157061176915,
        252.57157061176915,
        252.57157061176915,
        252.57157061176915,
        252.57157061176915,
        252.57157061176915,
        252.57157061176915,
        252.57157061176915,
        252.57157061176915,
        252.57157061176915,
        252.57157061176915,
        252.57157061176915,
        252.57157061176915,
        252.57157061176915,
        252.57157061176915,
        252.57157061176915,
        252.57157061176915,
        252.57157061176915,
        252.57157061176915,
        252.57157061176915,
        252.57157061176915,
        252.57157061176915,
        252.57157061176915,
        252.57157061176915,
        252.57157061176915,
        252.57157061176915,
        252.57157061176915,
        252.57157061176915,
        252.57157061176915,
        252.57157061176915,
        252.57157061176915,
        252.57157061176915,
        252.57157061176915,
        252.57157061176915,
        252.57157061176915,
        252.57157061176915,
        252.57157061176915,
        252.57157061176915,
        252.57157061176915,
        252.57157061176915,
        252.57157061176915,
        252.57157061176915,
        252.57157061176915,
        252.57157061176915,
        252.57157061176915
    ],
    "valid_losses": [
        254.46992049678678,
        254.46992049678678,
        254.46992049678678,
        254.46992049678678,
        254.46992049678678,
        254.46992049678678,
        254.46992049678678,
        254.46992049678678,
        254.46992049678678,
        254.46992049678678,
        254.46992049678678,
        254.46992049678678,
        254.46992049678678,
        254.46992049678678,
        254.46992049678678,
        254.46992049678678,
        254.46992049678678,
        254.46992049678678,
        254.46992049678678,
        254.46992049678678,
        254.46992049678678,
        254.46992049678678,
        254.46992049678678,
        254.46992049678678,
        254.46992049678678,
        254.46992049678678,
        254.46992049678678,
        254.46992049678678,
        254.46992049678678,
        254.46992049678678,
        254.46992049678678,
        254.46992049678678,
        254.46992049678678,
        254.46992049678678,
        254.46992049678678,
        254.46992049678678,
        254.46992049678678,
        254.46992049678678,
        254.46992049678678,
        254.46992049678678,
        254.46992049678678,
        254.46992049678678,
        254.46992049678678,
        254.46992049678678,
        254.46992049678678,
        254.46992049678678,
        254.46992049678678,
        254.46992049678678,
        254.46992049678678,
        254.46992049678678,
        254.46992049678678,
        254.46992049678678,
        254.46992049678678,
        254.46992049678678,
        254.46992049678678,
        254.46992049678678,
        254.46992049678678,
        254.46992049678678,
        254.46992049678678,
        254.46992049678678,
        254.46992049678678,
        254.46992049678678,
        254.46992049678678,
        254.46992049678678,
        254.46992049678678,
        254.46992049678678,
        254.46992049678678,
        254.46992049678678,
        254.46992049678678,
        254.46992049678678,
        254.46992049678678,
        254.46992049678678,
        254.46992049678678,
        254.46992049678678,
        254.46992049678678,
        254.46992049678678,
        254.46992049678678,
        254.46992049678678,
        254.46992049678678,
        254.46992049678678,
        254.46992049678678,
        254.46992049678678,
        254.46992049678678,
        254.46992049678678,
        254.46992049678678,
        254.46992049678678,
        254.46992049678678,
        254.46992049678678,
        254.46992049678678,
        254.46992049678678,
        254.46992049678678,
        254.46992049678678,
        254.46992049678678,
        254.46992049678678,
        254.46992049678678,
        254.46992049678678,
        254.46992049678678,
        254.46992049678678,
        254.46992049678678,
        254.46992049678678,
        254.46992049678678
    ],