{
    "testproblem": "quadratic_deep",
    "batch_size": 32,
    "num_epochs": 100,
    "random_seed": 49,
    "weight_decay": null,
    "optimizer_name": "SGD",
    "optimizer_hyperparams": {
        "lr": 0.1
    },
    "training_params": {},
    "train_losses": [
        429.1009560861895,
        429.1009560861895,
        429.1009560861895,
        429.1009560861895,
        429.1009560861895,
        429.1009560861895,
        429.1009560861895,
        429.1009560861895,
        429.1009560861895,
        429.1009560861895,
        429.1009560861895,
        429.1009560861895,
        429.1009560861895,
        429.1009560861895,
        429.1009560861895,
        429.1009560861895,
        429.1009560861895,
        429.1009560861895,
        429.1009560861895,
        429.1009560861895,
        429.1009560861895,
        429.1009560861895,
        429.1009560861895,
        429.1009560861895,
        429.1009560861895,
        429.1009560861895,
        429.1009560861895,
        429.1009560861895,
        429.1009560861895,
        429.1009560861895,
        429.1009560861895,
        429.1009560861895,
        429.1009560861895,
        429.1009560861895,
        429.1009560861895,
        429.1009560861895,
        429.1009560861895,
        429.1009560861895,
        429.1009560861895,
        429.1009560861895,
        429.1009560861895,
        429.1009560861895,
        429.1009560861895,
        429.1009560861895,
        429.1009560861895,
        429.1009560861895,
        429.1009560861895,
        429.1009560861895,
        429.1009560861895,
        429.1009560861895,
        429.1009560861895,
        429.1009560861895,
        429.1009560861895,
        429.1009560861895,
        429.1009560861895,
        429.1009560861895,
        429.1009560861895,
        429.1009560861895,
        429.1009560861895,
        429.1009560861895,
        429.1009560861895,
        429.1009560861895,
        429.1009560861895,
        429.1009560861895,
        429.1009560861895,
        429.1009560861895,
        429.1009560861895,
        429.1009560861895,
        429.1009560861895,
        429.1009560861895,
        429.1009560861895,
        429.1009560861895,
        429.1009560861895,
        429.1009560861895,
        429.1009560861895,
        429.1009560861895,
        429.1009560861895,
        429.1009560861895,
        429.1009560861895,
        429.1009560861895,
        429.1009560861895,
        429.1009560861895,
        429.1009560861895,
        429.1009560861895,
        429.1009560861895,
        429.1009560861895,
        429.1009560861895,
        429.1009560861895,
        429.1009560861895,
        429.1009560861895,
        429.1009560861895,
        429.1009560861895,
        429.1009560861895,
        429.1009560861895,
        429.1009560861895,
        429.1009560861895,
        429.1009560861895,
        429.1009560861895,
        429.1009560861895,
        429.1009560861895,
        429.1009560861895
    ],
    "valid_losses": [
        424.6150384718372,
        424.6150384718372,
        424.6150384718372,
        424.6150384718372,
        424.6150384718372,
        424.6150384718372,
        424.6150384718372,
        424.6150384718372,
        424.6150384718372,
        424.6150384718372,
        424.6150384718372,
        424.6150384718372,
        424.6150384718372,
        424.6150384718372,
        424.6150384718372,
        424.6150384718372,
        424.6150384718372,
        424.6150384718372,
        424.6150384718372,
        424.6150384718372,
        424.6150384718372,
        424.6150384718372,
        424.6150384718372,
        424.6150384718372,
        424.6150384718372,
        424.6150384718372,
        424.6150384718372,
        424.6150384718372,
        424.6150384718372,
        424.6150384718372,
        424.6150384718372,
        424.6150384718372,
        424.6150384718372,
        424.6150384718372,
        424.6150384718372,
        424.6150384718372,
        424.6150384718372,
        424.6150384718372,
        424.6150384718372,
        424.6150384718372,
        424.6150384718372,
        424.6150384718372,
        424.6150384718372,
        424.6150384718372,
        424.6150384718372,
        424.6150384718372,
        424.6150384718372,
        424.6150384718372,
        424.6150384718372,
        424.6150384718372,
        424.6150384718372,
        424.6150384718372,
        424.6150384718372,
        424.6150384718372,
        424.6150384718372,
        424.6150384718372,
        424.6150384718372,
        424.6150384718372,
        424.6150384718372,
        424.6150384718372,
        424.6150384718372,
        424.6150384718372,
        424.6150384718372,
        424.6150384718372,
        424.6150384718372,
        424.6150384718372,
        424.6150384718372,
        424.6150384718372,
        424.6150384718372,
        424.6150384718372,
        424.6150384718372,
        424.6150384718372,
        424.6150384718372,
        424.6150384718372,
        424.6150384718372,
        424.6150384718372,
        424.6150384718372,
        424.6150384718372,
        424.6150384718372,
        424.6150384718372,
        424.6150384718372,
        424.6150384718372,
        424.6150384718372,
        424.6150384718372,
        424.6150384718372,
        424.6150384718372,
        424.6150384718372,
        424.6150384718372,
        424.6150384718372,
        424.6150384718372,
        424.6150384718372,
        424.6150384718372,
        424.6150384718372,
        424.6150384718372,
        424.6150384718372,
        424.6150384718372,
        424.6150384718372,
        424.6150384718372,
        424.6150384718372,
        424.6150384718372,
        424.6150384718372
    ],