{
    "testproblem": "quadratic_deep",
    "batch_size": 32,
    "num_epochs": 100,
    "random_seed": 44,
    "weight_decay": null,
    "optimizer_name": "SGD",
    "optimizer_hyperparams": {
        "lr": 3.1622776601683795e-05
    },
    "training_params": {},
    "train_losses": [
        339.14733985162553,
        319.36363860099544,
        300.6347390451739,
        284.2233325589088,
        268.8936826644405,
        254.72283443327873,
        241.92008824502267,
        230.52669746645034,
        220.15042360367315,
        210.3445296748992,
        200.93214711835307,
        193.45010671307963,
        185.8032492360761,
        178.88995262884325,
        172.93333238170993,
        167.26277554419732,
        161.92700441422002,
        157.0803473687941,
        153.00225928521925,
        149.18661597467238,
        145.32093540314705,
        142.1505850515058,
        139.00193885064894,
        136.23769009497857,
        133.74807936145413,
        131.57013136340726,
        129.43029834378152,
        127.41244851389239,
        125.60963538385207,
        123.7694340367471,
        122.50123227027154,
        121.02572877945438,
        119.81786124936995,
        118.58745427285471,
        117.45457261608493,
        116.68096382387223,
        115.63166809082031,
        114.94511290519468,
        114.20088614186933,
        113.28936472246724,
        113.00880382907006,
        112.29714941209362,
        111.82051775532383,
        111.15960742581275,
        110.75411347419985,
        110.48767434397051,
        109.9668465891192,
        109.57858030257687,
        109.2463873586347,
        108.78269712386593,
        108.57125411495086,
        108.30572829707977,
        108.18058432302168,
        107.92182085590977,
        107.5882083523658,
        107.54512319257182,
        107.39965180427798,
        107.22717457432901,
        107.02051347301853,
        106.92970620432207,
        106.6731468939012,
        106.56402218726373,
        106.5271736883348,
        106.45563433247227,
        106.16870560184601,
        105.99005594561177,
        106.04601878504599,
        106.00728139569682,
        105.88546851373488,
        105.87623965355658,
        105.7801781931231,
        105.7245389876827,
        105.48845844884073,
        105.4588379398469,
        105.37559681553995,
        105.29147412700038,
        105.18168024862966,
        105.2549071773406,
        105.23436269452495,
        105.41938363352129,
        105.0793688374181,
        105.11341956353957,
        105.10894332393524,
        105.08968353271484,
        105.09562289330268,
        104.9729764384608,
        104.82315752583165,
        104.9042476530998,
        104.89507416755923,
        104.65734174174648,
        104.72235402753276,
        104.81531943044355,
        104.82891894925025,
        104.6075176115959,
        104.65548312279486,
        104.77049526091545,
        104.5089340209961,
        104.55699379213395,
        104.45919036865234,
        104.48148444391066,
        104.39273981894216
    ],
    "valid_losses": [
        333.07791728358114,
        313.23218757875503,
        295.1294998661164,
        278.6183068060106,
        263.57474936208416,
        249.84960789834298,
        237.33698100428427,
        225.91609782557333,
        215.49505467568673,
        205.97659597089213,
        197.2910407281691,
        189.3691632670741,
        182.13103805049772,
        175.520016577936,
        169.48861694335938,
        163.98404816658265,
        158.95543646043348,
        154.36742081180697,
        150.17218116021925,
        146.34729717623802,
        142.8450908045615,
        139.64990283596902,
        136.7255143196352,
        134.05899244739163,
        131.61837350168537,
        129.38672588717552,
        127.3499248873803,
        125.48349983461442,
        123.77648162841797,
        122.21492521224484,
        120.78451734973538,
        119.4735838367093,
        118.27788543701172,
        117.18270972467238,
        116.18360433270854,
        115.26392339891002,
        114.42050983059791,
        113.6473152406754,
        112.94291834677419,
        112.29528537873298,
        111.70062354303175,
        111.15389079432333,
        110.65034583307082,
        110.19183866439327,
        109.76871490478516,
        109.37923480618385,
        109.02182917441091,
        108.6914822978358,
        108.38620265837639,
        108.10672120125064,
        107.84973661361202,
        107.60990487375567,
        107.38985221616683,
        107.1855712398406,
        106.99791446808845,
        106.82400808026713,
        106.66326559743574,
        106.51482489801222,
        106.37635827833607,
        106.24739714591733,
        106.12812903619582,
        106.0157706968246,
        105.90996871456024,
        105.8112037412582,
        105.71970908872542,
        105.63267566311744,
        105.55205511277721,
        105.47507624472341,
        105.4031253937752,
        105.33519424930695,
        105.27098674158896,
        105.20997841127458,
        105.15216113675025,
        105.09711579353579,
        105.0439930577432,
        104.99436360020792,
        104.94594254032258,
        104.89968379851311,
        104.8549090969947,
        104.81220491470829,
        104.7711430211221,
        104.73088762837071,
        104.69227575486705,
        104.6549087032195,
        104.61806315760458,
        104.58199630245086,
        104.54686712449596,
        104.51313068020728,
        104.47959161573841,
        104.44673870455834,
        104.41462855185232,
        104.38340808499244,
        104.35303915700605,
        104.32265324746409,
        104.29280090332031,
        104.2631341257403,
        104.23365832913306,
        104.20505745180192,
        104.1762217860068,
        104.14850665676978,
        104.12055230909779
    ],