{
    "testproblem": "quadratic_deep",
    "batch_size": 32,
    "num_epochs": 100,
    "random_seed": 48,
    "weight_decay": null,
    "optimizer_name": "SGD",
    "optimizer_hyperparams": {
        "lr": 3.1622776601683795e-05
    },
    "training_params": {},
    "train_losses": [
        329.74258619739163,
        312.6452036211568,
        297.0813756142893,
        282.9028773153982,
        268.85781811129664,
        256.93605484501006,
        245.3413789810673,
        235.07359953849547,
        225.4155002717049,
        216.76261754189767,
        208.2238031202747,
        200.87293563350553,
        193.83299304592995,
        187.6258544921875,
        181.48303074990548,
        176.18373501685357,
        171.28411225349672,
        166.39897992534023,
        162.54296185893398,
        158.4887488580519,
        154.76722520397556,
        151.4489052064957,
        148.51636972735005,
        145.19232940673828,
        142.7577667236328,
        140.47533022972846,
        138.2083491663779,
        135.81715540732108,
        133.73162324966924,
        132.27089198943108,
        130.4526645291236,
        128.95960137151903,
        127.7538073139806,
        126.19752748550907,
        124.99380394720262,
        124.03984955818423,
        122.78028721963206,
        121.91228731216923,
        120.91722402264995,
        119.8842012959142,
        119.19386734501008,
        118.66978159258443,
        117.75303157683342,
        117.37503667031565,
        116.64812395649571,
        116.37924120503087,
        115.48765834685295,
        115.13460663826235,
        114.58077682987336,
        114.4825171193769,
        113.9773180561681,
        113.50152661723476,
        113.2674063405683,
        113.03810759513608,
        112.65051097254599,
        112.36604259860131,
        112.15657560286984,
        111.9122065882529,
        111.69273130355343,
        111.44966371597782,
        111.06814772082913,
        111.22049565469065,
        110.99735383064517,
        110.86609354326802,
        110.56014670095136,
        110.34840417677357,
        110.37208187964654,
        110.24137041645665,
        110.1721934656943,
        110.02962297008884,
        110.01592722246724,
        109.71394421977382,
        109.71932712677986,
        109.5810059578188,
        109.49685693556263,
        109.54176798174458,
        109.31906300206339,
        109.33924275059854,
        109.30722193564138,
        109.16252234674269,
        108.95906682168284,
        108.91649184688445,
        109.17111599829889,
        108.96226427631993,
        108.84193691130608,
        108.84319157754221,
        108.70252941500756,
        108.67417858492944,
        108.63026255946005,
        108.6908677624118,
        108.51715309389176,
        108.52169849026588,
        108.46094069942352,
        108.60281987344065,
        108.56292724609375,
        108.52027450069305,
        108.4475592336347,
        108.3038071663149,
        108.31123499716482,
        108.31972134497857,
        108.18160493912235
    ],
    "valid_losses": [
        325.1044380434098,
        308.00327424080143,
        292.2663072155368,
        277.7824441232989,
        264.44136391916584,
        252.17606624480217,
        240.8647716891381,
        230.44479222451486,
        220.85308837890625,
        212.01445548765122,
        203.874751921623,
        196.36812025500882,
        189.45223703692037,
        183.06890524587322,
        177.1970953172253,
        171.78158667779738,
        166.77572484170236,
        162.15518483807963,
        157.89806193690146,
        153.96638685657132,
        150.32586030037172,
        146.96390902611518,
        143.8650635750063,
        140.99408623480028,
        138.3483884257655,
        135.89786997149068,
        133.6423101117534,
        131.54903116533833,
        129.61012194233555,
        127.8181856216923,
        126.15783765239101,
        124.62794002409905,
        123.20935993809854,
        121.89496194162676,
        120.67514308806389,
        119.5516337733115,
        118.5077369443832,
        117.5378659156061,
        116.63921971474925,
        115.80824796615109,
        115.03558201943675,
        114.31933421473349,
        113.65021761002079,
        113.03514566729146,
        112.46267527918661,
        111.9325655045048,
        111.43580602830455,
        110.97404258481917,
        110.54395909463206,
        110.14256705007246,
        109.77151759978264,
        109.42282227546939,
        109.09899336291897,
        108.79616423576108,
        108.51421774587324,
        108.2541011687248,
        108.00865173339844,
        107.77820611769154,
        107.56348050025201,
        107.36334499236077,
        107.17598010647681,
        107.00066424954322,
        106.83790440713206,
        106.68405495920489,
        106.53907529769405,
        106.40244933097593,
        106.27533525036228,
        106.15540018389302,
        106.04113154257497,
        105.93474972632623,
        105.83370774792087,
        105.73694610595703,
        105.64669430640436,
        105.56099971648186,
        105.47952935003465,
        105.40263219033518,
        105.32905726278982,
        105.25921704692226,
        105.1927241663779,
        105.13060489777595,
        105.07048748385522,
        105.0127666842553,
        104.95709646901777,
        104.90466948478452,
        104.85365689185357,
        104.80518144176853,
        104.7569838493101,
        104.7106178037582,
        104.66530929073211,
        104.62296713552168,
        104.58174034856981,
        104.54225872408959,
        104.50310221026021,
        104.46606888309601,
        104.43018784061555,
        104.39425437681136,
        104.35950494581654,
        104.32509071596208,
        104.29197742092994,
        104.25935265325731,
        104.22708745156565
    ],