{
    "testproblem": "quadratic_deep",
    "batch_size": 32,
    "num_epochs": 100,
    "random_seed": 45,
    "weight_decay": null,
    "optimizer_name": "SGD",
    "optimizer_hyperparams": {
        "lr": 3.1622776601683795e-05
    },
    "training_params": {},
    "train_losses": [
        269.21575927734375,
        255.24639252693422,
        243.13717749810988,
        231.55868087276335,
        221.4814246393019,
        211.29945570422757,
        202.8010450793851,
        194.74665094191027,
        187.52543344805318,
        180.94202250819052,
        174.82617138278098,
        169.06630091513358,
        164.14184127315397,
        159.34589312153477,
        155.1574214812248,
        151.71732847152217,
        148.01510127898186,
        144.37667206794984,
        141.38568066012473,
        138.67068727554815,
        136.17381138955392,
        133.8886967320596,
        131.9271675848192,
        130.0334480039535,
        128.16470804522115,
        126.79245290448588,
        125.06121038621471,
        123.86902741462954,
        122.49070985855595,
        121.43550552860383,
        120.29135525611139,
        119.48422167378087,
        118.7090572234123,
        117.40908468923261,
        116.80821990966797,
        116.10898737753591,
        115.60378905265561,
        114.82538900067729,
        114.46191676970452,
        114.06783147012034,
        113.53392004197643,
        113.02210210984752,
        112.6848887781943,
        112.41908387214907,
        111.8724128969254,
        111.8024432274603,
        111.41229174214024,
        111.1132563929404,
        110.97461700439453,
        110.53714161534464,
        110.22087072557018,
        110.2158946375693,
        110.15383788078061,
        109.87983605169481,
        109.85529228948778,
        109.52193475538685,
        109.35486553561303,
        109.25384546095326,
        109.02616119384766,
        109.05182253929877,
        109.04515149516445,
        108.79942247944493,
        108.53572476294732,
        108.48240735453945,
        108.5760234709709,
        108.44215909896359,
        108.36815569477696,
        108.4256102038968,
        108.06034014301915,
        107.98863170992944,
        107.93441969348538,
        108.09277516026651,
        107.94420180782195,
        107.85649773382372,
        107.91954114360195,
        107.95042665543095,
        107.72298702116936,
        107.74697826754662,
        107.69907477594191,
        107.71547231366557,
        107.66003836354902,
        107.6282198506017,
        107.54453868250692,
        107.64133601034841,
        107.47288833125945,
        107.42409023161858,
        107.38621348719442,
        107.42574802521736,
        107.18732526225429,
        107.28173311295048,
        107.2371594828944,
        107.19645247920867,
        107.1815650693832,
        107.33575660951676,
        107.07958516766948,
        107.18355166527533,
        106.95021081739857,
        106.86897327053931,
        106.87817161313949,
        106.8777104039346,
        106.91366675592238
    ],
    "valid_losses": [
        266.2394507623488,
        252.6072008686681,
        240.15938543504285,
        228.80605783770162,
        218.43990055207283,
        208.95601777107484,
        200.31175182711692,
        192.4151384907384,
        185.19850207913308,
        178.59478759765625,
        172.57402580015122,
        167.06871032714844,
        162.03943658644152,
        157.43460772114415,
        153.2386513986895,
        149.3884299493605,
        145.87693072903542,
        142.65338676206528,
        139.70667882119454,
        137.0129650485131,
        134.546998793079,
        132.28200088008757,
        130.2143367644279,
        128.3192379859186,
        126.57944857689643,
        124.9844210224767,
        123.52062077676096,
        122.18245672410534,
        120.95102863927042,
        119.82057780604208,
        118.78014742943549,
        117.82986622471964,
        116.95578815091041,
        116.14925138411984,
        115.40991949266002,
        114.72657062161353,
        114.10037182223412,
        113.52489397602696,
        112.99129584527785,
        112.5007565406061,
        112.04997770247921,
        111.63113895539314,
        111.24640950848979,
        110.89099244148501,
        110.56253667031565,
        110.25767984697896,
        109.97831406131867,
        109.71731567382812,
        109.47395521594632,
        109.24892154816658,
        109.0394803939327,
        108.84363900461504,
        108.66257796748992,
        108.4910408758348,
        108.33249787361392,
        108.18385511829007,
        108.04460119432018,
        107.9150154359879,
        107.79273543819305,
        107.67854259860131,
        107.5714834890058,
        107.46951490832913,
        107.3734886415543,
        107.28255757977885,
        107.19561152304372,
        107.11430457330519,
        107.03713890814012,
        106.96319038637223,
        106.89301275437877,
        106.82668525941911,
        106.76314864620086,
        106.70264139483052,
        106.64488860099546,
        106.58920460362589,
        106.53534181656376,
        106.48285748881679,
        106.43263121574155,
        106.38400490053239,
        106.33674769247732,
        106.29133138348979,
        106.24660861107611,
        106.20391501149824,
        106.16143085110572,
        106.12063450967112,
        106.08064983737084,
        106.04175395350302,
        106.00347260505923,
        105.96608438799458,
        105.92991539739793,
        105.89410720332977,
        105.8585950789913,
        105.8241690358808,
        105.79006785731161,
        105.75665775422127,
        105.72309900099232,
        105.68997709212765,
        105.65781796363092,
        105.62533003284085,
        105.59375639884702,
        105.56324546567855,
        105.53174295733052
    ],