{
    "testproblem": "quadratic_deep",
    "batch_size": 32,
    "num_epochs": 100,
    "random_seed": 49,
    "weight_decay": null,
    "optimizer_name": "SGD",
    "optimizer_hyperparams": {
        "lr": 3.1622776601683795e-05
    },
    "training_params": {},
    "train_losses": [
        399.6618091214088,
        372.77764892578125,
        347.3785912298387,
        324.53808298418596,
        303.7049767278856,
        286.0620698005922,
        268.68023287865424,
        253.51675513482863,
        240.19634665212322,
        227.6635058003087,
        216.57460514191658,
        206.1781990297379,
        196.99629900532383,
        188.77824352633567,
        180.94815801805066,
        174.1476794827369,
        167.70448992329258,
        162.29704186224168,
        157.30846035865045,
        152.8908922749181,
        148.6979015719506,
        145.05196872834236,
        141.40421024445564,
        138.35249771610384,
        135.37176956668978,
        132.77891638971144,
        130.73146254016507,
        128.22857272240424,
        126.59871919693485,
        124.57982807774698,
        123.27044505457724,
        121.88198754095262,
        120.45436145413306,
        119.16154947588521,
        118.2233153312437,
        117.31350609564012,
        116.21170437720514,
        115.63358282273815,
        114.84255759946761,
        114.08969165432838,
        113.78089117234752,
        113.11877047631049,
        112.56552567020539,
        112.10391899847215,
        111.85089578936177,
        111.40773256363407,
        110.8057396181168,
        110.65365206810736,
        110.40198344569052,
        110.00541170181766,
        109.77499094317037,
        109.5390140164283,
        109.29790718324723,
        109.36332382694367,
        108.87875095490486,
        108.89647773004347,
        108.63200058475617,
        108.45337996944305,
        108.48980319115424,
        108.33169432609311,
        108.10239976452243,
        108.0469463717553,
        107.88925220120338,
        107.96568322950795,
        107.68857697517642,
        107.88414862848097,
        107.55885093442855,
        107.4594468147524,
        107.53237004433909,
        107.580320788968,
        107.53512081023186,
        107.41312457669166,
        107.18351302608367,
        107.06734491163685,
        107.25055325415826,
        107.05548858642578,
        107.01814122353831,
        107.05929540818737,
        107.16029874740109,
        107.05010863273374,
        106.91151846608808,
        106.73843285345262,
        106.69893375519783,
        106.96665339316091,
        106.81994875015751,
        106.67394428868448,
        106.74419526130923,
        106.65399169921875,
        106.5665034632529,
        106.4932157454952,
        106.42369940973097,
        106.47310220041582,
        106.3622296241022,
        106.31844009891633,
        106.51878406155494,
        106.31451834401777,
        106.44356339977634,
        106.22012944375315,
        106.28126058270854,
        106.24213089481476,
        106.37057249007687
    ],
    "valid_losses": [
        400.5250391806326,
        372.8539212134577,
        347.83687566941785,
        325.17030777469756,
        304.7107327368952,
        286.15223743069555,
        269.3919682656565,
        254.21588577762728,
        240.4444840954196,
        227.99195664928806,
        216.7416239092427,
        206.54713341497606,
        197.31844009891634,
        188.9649658203125,
        181.39514800040953,
        174.53447895665323,
        168.33355073005922,
        162.69707858177924,
        157.60973235099547,
        152.99613706527217,
        148.8114294236706,
        145.03226790889616,
        141.59359298213835,
        138.483281535487,
        135.65274170906312,
        133.09100957070626,
        130.76195378457345,
        128.64580658943422,
        126.73603353192729,
        124.99407171433971,
        123.41585614604335,
        121.98388967206401,
        120.68218748031124,
        119.49864492108745,
        118.42857163952243,
        117.4527592812815,
        116.56081242715159,
        115.7593504382718,
        115.02258940665952,
        114.35459998346144,
        113.74156361241495,
        113.1868891562185,
        112.67816039054624,
        112.21362698462701,
        111.78937112131426,
        111.39993655297064,
        111.04623659195438,
        110.7210927163401,
        110.42390294228831,
        110.15058283652029,
        109.90146809239542,
        109.67242185531124,
        109.45978029312626,
        109.26495607437626,
        109.08585579164567,
        108.92025363060736,
        108.76678245298324,
        108.62406256891066,
        108.49149396342617,
        108.3687010734312,
        108.25563344647807,
        108.15004164172757,
        108.05024842293032,
        107.95872891333795,
        107.87199008080268,
        107.78900318761026,
        107.71120723601311,
        107.63805487848097,
        107.56966720088836,
        107.5047376078944,
        107.44304509316721,
        107.38423476680633,
        107.3286851452243,
        107.27413103657383,
        107.22289300733998,
        107.17389309790826,
        107.12668732673892,
        107.0802715670678,
        107.03611656927293,
        106.99311927057082,
        106.95112634474232,
        106.91050523327243,
        106.87152173442226,
        106.83276588686051,
        106.79534838276524,
        106.75836575415826,
        106.722410632718,
        106.68684756371283,
        106.65171518633443,
        106.6172610867408,
        106.58389872889364,
        106.55052455779045,
        106.51781660510647,
        106.48565353885773,
        106.4533949821226,
        106.42165177868259,
        106.39083000921434,
        106.36016451927924,
        106.32957113942793,
        106.2990247664913,
        106.26901417393839
    ],