{
    "testproblem": "quadratic_deep",
    "batch_size": 32,
    "num_epochs": 100,
    "random_seed": 47,
    "weight_decay": null,
    "optimizer_name": "SGD",
    "optimizer_hyperparams": {
        "lr": 3.1622776601683795e-05
    },
    "training_params": {},
    "train_losses": [
        336.8136193060106,
        318.7798117360761,
        302.35094033518146,
        286.56924635364163,
        272.10567646641886,
        259.0815862840222,
        247.4443895893712,
        236.26510029454386,
        226.33785469301284,
        216.93994189846902,
        207.94961744739163,
        200.14280946793096,
        192.93606764270413,
        186.00459437216483,
        180.24108000724547,
        174.3001014955582,
        169.1904774327432,
        164.3059313374181,
        160.05870006930442,
        155.71966355846774,
        151.9756799513294,
        148.52117378480972,
        145.52313330865675,
        142.29381487446446,
        139.35338444863595,
        136.916874301049,
        134.62172255977507,
        132.28827790291078,
        130.40787604547316,
        128.31580894224106,
        126.39573964764995,
        124.97848707629788,
        123.35806028304562,
        122.37235013900265,
        120.9903306038149,
        119.72937183995401,
        118.62576736942414,
        117.6479957334457,
        116.53015456661102,
        115.75348318776777,
        114.93092764577558,
        114.33732309649068,
        113.65913932554183,
        113.06256669567478,
        112.34823509954637,
        111.88067725396925,
        111.03036203692037,
        110.7551756828062,
        110.2521268783077,
        109.72089533652029,
        109.49560571485951,
        109.12476644208354,
        108.78686867990801,
        108.30349460724861,
        108.10164888443485,
        107.82198924403036,
        107.36390193816155,
        107.24635290330455,
        106.93860650831654,
        106.75940359792402,
        106.51412693146736,
        106.5556874429026,
        106.28556085401966,
        106.04895536361202,
        106.01239358225176,
        105.8115746282762,
        105.58219491281817,
        105.33321725168535,
        105.33240213701802,
        105.38621545607045,
        105.2749742077243,
        104.88480918638167,
        105.0292461764428,
        104.81534674859816,
        104.65289995747227,
        104.8865216162897,
        104.68381598687941,
        104.45870405627835,
        104.41032311224168,
        104.13047322919292,
        104.4281985375189,
        104.18810026107296,
        104.32272658809539,
        104.17294803742439,
        104.0984839162519,
        103.96193178238407,
        104.01725276823967,
        103.99713454707977,
        103.90335895169166,
        103.9652338335591,
        103.41058497275075,
        103.75546387703189,
        103.58428241360572,
        103.67408752441406,
        103.75958842615927,
        103.5830818914598,
        103.49379410282258,
        103.56519736013105,
        103.63580199210874,
        103.49882384269468,
        103.47656791440902
    ],
    "valid_losses": [
        333.89869936050906,
        315.6709358461442,
        298.9531456731981,
        283.58026123046875,
        269.4700307538432,
        256.4995944115423,
        244.58118955550654,
        233.62562954810357,
        223.54666728358114,
        214.26013823478453,
        205.74391075872606,
        197.8941187704763,
        190.66539542905747,
        184.0032451998803,
        177.88192699801536,
        172.2408211000504,
        167.04163877425654,
        162.25560686665196,
        157.84175798969883,
        153.763424781061,
        150.0061990061114,
        146.53944544638358,
        143.33892231602823,
        140.3831806798135,
        137.65311924103767,
        135.1343767719884,
        132.80231352775328,
        130.64781090521043,
        128.6601574805475,
        126.82513969175277,
        125.12160172001008,
        123.543458015688,
        122.08540934901083,
        120.73479732390373,
        119.4853761734501,
        118.33373088221396,
        117.26513745707851,
        116.2734618648406,
        115.35106068272745,
        114.49361173568234,
        113.70487090080015,
        112.97115891979587,
        112.28785877843058,
        111.65360727617818,
        111.06455255323841,
        110.5169692500945,
        110.00874402446132,
        109.53617292834866,
        109.09471647201046,
        108.68267674599925,
        108.3045922556231,
        107.94987044795867,
        107.61908106650075,
        107.31189137120401,
        107.02301173056325,
        106.75369311917213,
        106.50309261198967,
        106.26674012214907,
        106.04879366966986,
        105.84392769105973,
        105.65396684215915,
        105.47499478247857,
        105.30667655698714,
        105.14845325100806,
        104.99949769050845,
        104.86171180971208,
        104.7302723546182,
        104.6093516195974,
        104.49305282100555,
        104.38416807113155,
        104.28270918323147,
        104.18702353200605,
        104.09634128693611,
        104.01080888317478,
        103.93001433341733,
        103.85302266766948,
        103.78088797292402,
        103.71089467694682,
        103.64549452258694,
        103.58261452951739,
        103.52286406486265,
        103.46649391420426,
        103.41190239690965,
        103.36068504087386,
        103.31122712166079,
        103.26376785770539,
        103.21836779194493,
        103.17558436239919,
        103.13394066595262,
        103.09388486800655,
        103.0548100625315,
        103.01797682239163,
        102.98208839662614,
        102.94727276217553,
        102.91334681357107,
        102.88079464820123,
        102.84918262112525,
        102.81794640325731,
        102.7881563248173,
        102.75981927687123,
        102.73174236666772
    ],