{
    "testproblem": "fmnist_mlp",
    "batch_size": 128,
    "num_epochs": 1,
    "random_seed": 42,
    "weight_decay": null,
    "optimizer_name": "PreconditionedSGDlog",
    "optimizer_hyperparams": {
        "lr": null
    },
    "training_params": {},
    "train_losses": [
        2.3021157521467943,
        0.7528378589031024
    ],
    "valid_losses": [
        2.3024274171927037,
        0.7454225436235086
    ],
    "test_losses": [
        2.30223688406822,
        0.7626057198414435
    ],
    "minibatch_train_losses": [
        2.3018131256103516,
        2.3012239933013916,
        2.288975477218628,
        2.227710723876953,
        1.7901802062988281,
        2.4319076538085938,
        2.264117479324341,
        1.5691684484481812,
        1.4030202627182007,
        1.301030158996582,
        1.241448163986206,
        1.0873769521713257,
        1.0784684419631958,
        0.9867225289344788,
        1.0951615571975708,
        0.9992551803588867,
        1.0238553285598755,
        0.9212304949760437,
        0.8576809167861938,
        0.9999695420265198,
        1.0372966527938843,
        0.9093610644340515,
        0.8807545900344849,
        0.7797542810440063,
        0.8424429297447205,
        0.8635789752006531,
        0.8229480981826782,
        0.7596114277839661,
        0.7478100657463074,
        0.8542510867118835,
        0.8231038451194763,
        0.7692902684211731,
        0.6447069644927979,
        0.7402716875076294,
        0.749732494354248,
        0.7589345574378967,
        0.7448183298110962,
        0.7114040851593018,
        0.7586973309516907
    ],
    "train_accuracies": [
        0.10817307692307693,
        0.7375801282051282
    ],
    "valid_accuracies": [
        0.10326522435897435,
        0.7377804487179487
    ],
    "test_accuracies": [
        0.10977564102564102,
        0.7250600961538461
    ],
    "grad_norms": [
        0.20033375918865204,
        0.1982324868440628,
        0.20103469491004944,
        0.1831320971250534,
        0.16559582948684692,
        0.25597673654556274,
        0.2259155958890915,
        0.23725326359272003,
        0.20185531675815582,
        0.19561639428138733,
        0.20525090396404266,
        8.404149055480957,
        66.7752685546875,
        105.91820526123047,
        0.16834628582000732,
        0.13842932879924774,
        0.15168410539627075,
        0.13699287176132202,
        0.12266562879085541,
        0.1437520980834961,
        0.14800028502941132,
        0.14550700783729553,
        0.16439951956272125,
        0.15787580609321594,
        0.16823041439056396,
        0.15713423490524292,
        0.15361972153186798,
        0.18601979315280914,
        0.2063279002904892,
        0.28684091567993164,
        0.2960693836212158,
        0.29609414935112,
        0.3170575499534607,
        0.3191646635532379,
        0.42824724316596985,
        0.43588268756866455,
        0.5335705876350403,
        0.4888181686401367,
        0.6544977426528931,
        0.7329867482185364,
        0.9588497877120972,
        1.4119062423706055,
        2.136244535446167,
        3.513911485671997,
        2.5919792652130127,
        0.0,
        34.73598861694336,
        31.44352912902832,
        39.32619094848633,
        30.784637451171875,
        46.255428314208984,
        52.688846588134766,
        36.507469177246094,
        43.33906555175781,
        53.253475189208984,
        2.923037528991699,
        5.922292232513428,
        438.6337890625,
        51582.6953125,
        2.4078547954559326,
        0.8813249468803406,
        0.8822010159492493,
        1.3521451950073242,
        1.1658223867416382,
        0.8334176540374756,
        1.1579399108886719,
        1.1877236366271973,
        0.9040308594703674,
        0.8716599345207214,
        0.7872190475463867,
        0.8350116014480591,
        0.8670605421066284,
        0.7372102737426758,
        0.6823049187660217,
        0.8736390471458435,
        0.7829393148422241,
        0.6449448466300964,
        0.9043866395950317,
        0.8437896370887756,
        1.0184459686279297,
        0.8414807915687561,
        0.7591760158538818,
        0.6359522342681885,
        0.7210781574249268,
        0.8292180895805359,
        0.9968525767326355,
        0.9305664300918579,
        0.612342119216919,
        0.6580089926719666,
        0.6039790511131287,
        0.0,
        6.234511375427246,
        6.44406270980835,
        3.425532817840576,
        7.936211585998535,
        7.589512825012207,
        12.042218208312988,
        8.417440414428711,
        9.095649719238281,
        8.965836524963379,
        1.5633187294006348,
        227.73471069335938,
        6119.3671875,
        18090.921875,
        1.0530437231063843,
        0.6914710998535156,
        1.0790761709213257,
        0.9015249013900757,
        1.066034197807312,
        0.7546402812004089,
        0.6868499517440796,
        0.9968752264976501,
        0.7249108552932739,
        0.7897654175758362,
        0.6805739402770996,
        0.822748601436615,
        0.49286872148513794,
        1.000732660293579,
        0.8529636263847351,
        0.6849812865257263,
        0.7899661660194397,
        1.1890877485275269,
        1.418373703956604,
        1.1247957944869995,
        0.8754091262817383,
        0.6692510843276978,
        0.9406265616416931,
        0.6694341897964478,
        1.1221381425857544,
        1.5224207639694214,
        1.3146564960479736,
        0.4985649585723877,
        0.9027628898620605,
        1.0451186895370483,
        1.4828261137008667,
        0.0,
        40.186546325683594,
        22.71615219116211,
        28.887203216552734,
        30.2891845703125,
        24.72098159790039,
        33.63540267944336,
        24.836040496826172,
        37.876853942871094,
        35.40517807006836,
        1.9745556116104126,
        4.021555423736572,
        557.6871948242188,
        1249.6866455078125,
        2.6822197437286377,
        1.0968037843704224,
        0.7633651494979858,
        1.1862915754318237,
        0.8818105459213257,
        0.8356874585151672,
        1.1581082344055176,
        1.2414679527282715,
        1.6262295246124268,
        1.8039857149124146,
        0.7468550801277161,
        1.0960519313812256,
        1.1642124652862549,
        0.7179911136627197,
        0.7498006820678711,
        0.6724705696105957,
        0.5820066332817078,
        0.8677390217781067,
        0.5649576187133789,
        1.0388829708099365,
        0.6344178915023804,
        0.9321221113204956,
        0.9166773557662964,
        1.4204045534133911,
        1.1074838638305664,
        1.0841535329818726,
        0.8464158177375793,
        0.7026483416557312,
        1.3162813186645508,
        1.216597080230713,
        0.8774435520172119,
        0.0,
        10.537410736083984,
        21.079530715942383,
        27.27352523803711,
        10.090760231018066,
        13.33362865447998,
        4.728163719177246,
        12.817501068115234,
        14.880556106567383,
        22.154678344726562,
        1.5892186164855957,
        5.547641277313232,
        337.1120910644531,
        937.7814331054688,
        0.8488316535949707,
        0.5548461675643921,
        0.6578241586685181,
        1.305703043937683,
        0.9676483869552612,
        0.8929079174995422,
        1.022019386291504,
        1.1975845098495483,
        1.2824784517288208,
        1.3676660060882568,
        1.8883142471313477,
        1.1336950063705444,
        1.207581877708435,
        1.8467414379119873,
        1.1242239475250244,
        1.362870216369629,
        1.0166572332382202,
        1.534474492073059,
        1.2210521697998047,
        1.2447491884231567,
        0.7963511347770691,
        0.7695336937904358,
        0.6361342072486877,
        1.015729546546936,
        1.276965618133545,
        0.7099480032920837,
        0.6123253107070923,
