{
    "testproblem": "quadratic_deep",
    "batch_size": 32,
    "num_epochs": 100,
    "random_seed": 43,
    "weight_decay": null,
    "optimizer_name": "SGD",
    "optimizer_hyperparams": {
        "lr": 1e-260
    },
    "training_params": {},
    "train_losses": [
        325.56537455897177,
        325.4098559964088,
        324.69019046906504,
        325.21385438980593,
        325.24104456747733,
        324.9598615092616,
        324.7865669496598,
        325.4485591765373,
        325.2192215458039,
        325.1520582629788,
        325.123777327999,
        325.22509864068803,
        325.2024851152974,
        325.4842795095136,
        324.91810066469253,
        324.8356461063508,
        325.4751655824723,
        325.5233439783896,
        325.2387429514239,
        325.39581692603326,
        324.97769460370466,
        324.92662885112145,
        324.95524252614666,
        324.89283998550906,
        325.408209031628,
        324.9335425592238,
        324.6602330361643,
        324.8553722750756,
        325.8258883568548,
        325.0127465032762,
        325.1434089906754,
        324.96039409022177,
        325.2121847829511,
        325.31431136592744,
        324.8329625283518,
        325.1672963788432,
        324.87718348349296,
        325.52769716324343,
        325.0831692603327,
        325.21694060294857,
        325.245113249748,
        325.39322686964465,
        325.53699419575355,
        325.43152347687754,
        325.5740031580771,
        325.37364541330646,
        325.3341025075605,
        325.1980905840474,
        325.14967789188506,
        325.15710941437754,
        325.11117258379534,
        324.76867774225053,
        325.4474369172127,
        324.97829314201107,
        325.1558404737903,
        325.33885438980593,
        325.13615072927166,
        324.7735428348664,
        325.05564831149195,
        325.21624558971774,
        324.92792141822076,
        325.0990137900076,
        325.18478196667087,
        325.209466749622,
        325.2760462607107,
        325.3283002299647,
        324.5845179403982,
        325.3339105421497,
        324.99621877362654,
        325.1106665826613,
        325.5036867203251,
        325.40074994487145,
        325.18558723695816,
        324.69578306136594,
        325.0274864935106,
        325.19715930569555,
        325.2664342080393,
        325.2771921465474,
        324.68797548355593,
        325.1206517373362,
        325.3086675828503,
        324.9998346144153,
        325.17854653635334,
        325.15724034463204,
        325.4061259608115,
        324.68465202085434,
        324.94541291267643,
        325.1305906234249,
        324.7111383253528,
        325.12389053836944,
        324.8410368888609,
        325.34469210716986,
        325.4663932554183,
        325.1640861265121,
        325.3981401997228,
        324.8382420693674,
        325.2996225664693,
        324.9916391680318,
        325.50875460716986,
        325.0123822612147,
        325.6197047079763
    ],
    "valid_losses": [
        328.8100812358241,
        328.8100812358241,
        328.8100812358241,
        328.8100812358241,
        328.8100812358241,
        328.8100812358241,
        328.8100812358241,
        328.8100812358241,
        328.8100812358241,
        328.8100812358241,
        328.8100812358241,
        328.8100812358241,
        328.8100812358241,
        328.8100812358241,
        328.8100812358241,
        328.8100812358241,
        328.8100812358241,
        328.8100812358241,
        328.8100812358241,
        328.8100812358241,
        328.8100812358241,
        328.8100812358241,
        328.8100812358241,
        328.8100812358241,
        328.8100812358241,
        328.8100812358241,
        328.8100812358241,
        328.8100812358241,
        328.8100812358241,
        328.8100812358241,
        328.8100812358241,
        328.8100812358241,
        328.8100812358241,
        328.8100812358241,
        328.8100812358241,
        328.8100812358241,
        328.8100812358241,
        328.8100812358241,
        328.8100812358241,
        328.8100812358241,
        328.8100812358241,
        328.8100812358241,
        328.8100812358241,
        328.8100812358241,
        328.8100812358241,
        328.8100812358241,
        328.8100812358241,
        328.8100812358241,
        328.8100812358241,
        328.8100812358241,
        328.8100812358241,
        328.8100812358241,
        328.8100812358241,
        328.8100812358241,
        328.8100812358241,
        328.8100812358241,
        328.8100812358241,
        328.8100812358241,
        328.8100812358241,
        328.8100812358241,
        328.8100812358241,
        328.8100812358241,
        328.8100812358241,
        328.8100812358241,
        328.8100812358241,
        328.8100812358241,
        328.8100812358241,
        328.8100812358241,
        328.8100812358241,
        328.8100812358241,
        328.8100812358241,
        328.8100812358241,
        328.8100812358241,
        328.8100812358241,
        328.8100812358241,
        328.8100812358241,
        328.8100812358241,
        328.8100812358241,
        328.8100812358241,
        328.8100812358241,
        328.8100812358241,
        328.8100812358241,
        328.8100812358241,
        328.8100812358241,
        328.8100812358241,
        328.8100812358241,
        328.8100812358241,
        328.8100812358241,
        328.8100812358241,
        328.8100812358241,
        328.8100812358241,
        328.8100812358241,
        328.8100812358241,
        328.8100812358241,
        328.8100812358241,
        328.8100812358241,
        328.8100812358241,
        328.8100812358241,
        328.8100812358241,
        328.8100812358241,
        328.8100812358241
    ],