{
    "testproblem": "quadratic_deep",
    "batch_size": 32,
    "num_epochs": 100,
    "random_seed": 43,
    "weight_decay": null,
    "optimizer_name": "SGD",
    "optimizer_hyperparams": {
        "lr": 1e-70
    },
    "training_params": {},
    "train_losses": [
        269.06298286684097,
        269.1979109241116,
        268.8521152619393,
        268.7283896169355,
        269.00914346018146,
        268.74913123346147,
        269.3947586551789,
        269.1311261576991,
        269.01558217694685,
        269.4318119172127,
        268.90438202888737,
        269.1319309357674,
        268.78653544764364,
        269.23135572864163,
        269.22288660849296,
        269.4603709559287,
        269.54373661164317,
        268.91205276981475,
        269.1866848853327,
        269.4983530352193,
        269.0152794622606,
        269.0241098711568,
        269.2776809200164,
        269.4395771641885,
        268.9927525674143,
        268.73673519011464,
        269.3205940492692,
        269.21333903651083,
        269.347165999874,
        269.75958498062624,
        269.25322846443424,
        269.28479988344253,
        269.2670376685358,
        269.1528098813949,
        269.0753218127835,
        269.019044445407,
        269.4085491549584,
        268.79707877866684,
        268.67782002110636,
        269.38409276162423,
        269.4097437704763,
        269.544686102098,
        269.1384109989289,
        269.1797554262223,
        269.2779127551663,
        269.42364895728326,
        269.3565142231603,
        269.63142887238536,
        269.12157267908896,
        269.7331301781439,
        269.28359739242063,
        268.33269426899574,
        269.24830282888104,
        269.5343056955645,
        269.2820483792213,
        269.2251739501953,
        269.4091570454259,
        269.0310747700353,
        269.6664788030809,
        268.9545342230028,
        269.52533106650077,
        269.24664897303427,
        269.3776643814579,
        269.18688866399947,
        269.28887545677924,
        268.9552248062626,
        269.54463294244584,
        268.95769673009073,
        268.88481632355723,
        269.2372357768397,
        269.2981144074471,
        269.142820296749,
        269.12571470199094,
        269.7159241707094,
        268.92545490880167,
        269.1521463701802,
        269.1559807562059,
        269.06942158360636,
        269.3077555010396,
        269.6724125031502,
        269.4395791330645,
        269.1803948187059,
        269.21129829652847,
        269.6022250267767,
        269.4721487722089,
        269.34996672599544,
        269.32562895744076,
        269.28594773815524,
        269.16568928380167,
        268.99899144326486,
        269.13325598932084,
        269.5301513671875,
        269.2769809845955,
        269.1046639719317,
        269.0061999905494,
        269.38934326171875,
        269.3096490675403,
        269.2416056971396,
        268.93353419150077,
        269.109374507781,
        269.38634761687246
    ],
    "valid_losses": [
        266.2394507623488,
        266.2394507623488,
        266.2394507623488,
        266.2394507623488,
        266.2394507623488,
        266.2394507623488,
        266.2394507623488,
        266.2394507623488,
        266.2394507623488,
        266.2394507623488,
        266.2394507623488,
        266.2394507623488,
        266.2394507623488,
        266.2394507623488,
        266.2394507623488,
        266.2394507623488,
        266.2394507623488,
        266.2394507623488,
        266.2394507623488,
        266.2394507623488,
        266.2394507623488,
        266.2394507623488,
        266.2394507623488,
        266.2394507623488,
        266.2394507623488,
        266.2394507623488,
        266.2394507623488,
        266.2394507623488,
        266.2394507623488,
        266.2394507623488,
        266.2394507623488,
        266.2394507623488,
        266.2394507623488,
        266.2394507623488,
        266.2394507623488,
        266.2394507623488,
        266.2394507623488,
        266.2394507623488,
        266.2394507623488,
        266.2394507623488,
        266.2394507623488,
        266.2394507623488,
        266.2394507623488,
        266.2394507623488,
        266.2394507623488,
        266.2394507623488,
        266.2394507623488,
        266.2394507623488,
        266.2394507623488,
        266.2394507623488,
        266.2394507623488,
        266.2394507623488,
        266.2394507623488,
        266.2394507623488,
        266.2394507623488,
        266.2394507623488,
        266.2394507623488,
        266.2394507623488,
        266.2394507623488,
        266.2394507623488,
        266.2394507623488,
        266.2394507623488,
        266.2394507623488,
        266.2394507623488,
        266.2394507623488,
        266.2394507623488,
        266.2394507623488,
        266.2394507623488,
        266.2394507623488,
        266.2394507623488,
        266.2394507623488,
        266.2394507623488,
        266.2394507623488,
        266.2394507623488,
        266.2394507623488,
        266.2394507623488,
        266.2394507623488,
        266.2394507623488,
        266.2394507623488,
        266.2394507623488,
        266.2394507623488,
        266.2394507623488,
        266.2394507623488,
        266.2394507623488,
        266.2394507623488,
        266.2394507623488,
        266.2394507623488,
        266.2394507623488,
        266.2394507623488,
        266.2394507623488,
        266.2394507623488,
        266.2394507623488,
        266.2394507623488,
        266.2394507623488,
        266.2394507623488,
        266.2394507623488,
        266.2394507623488,
        266.2394507623488,
        266.2394507623488,
        266.2394507623488,
        266.2394507623488
    ],