{
    "training_params": {},
    "testproblem": "cifar10_3c3d",
    "batch_size": 128,
    "test_losses": [
        3.581416992040781,
        2.74495691825182,
        2.5279285296415672,
        2.418713860022716,
        2.352695489541078,
        2.291986658022954
    ],
    "train_losses": [
        3.5845735317621474,
        2.872605556096786,
        2.6459947641079244,
        2.5271400274374547,
        2.458950400352478,
        2.411862727923271
    ],
    "valid_accuracies": [
        0.07912660256410256,
        0.4264823717948718,
        0.4969951923076923,
        0.5436698717948718,
        0.5719150641025641,
        0.5881410256410257
    ],
    "weight_decay": null,
    "test_accuracies": [
        0.07992788461538461,
        0.42137419871794873,
        0.5104166666666666,
        0.5513822115384616,
        0.5751201923076923,
        0.5952524038461539
    ],
    "optimizer_hyperparams": {
        "lr": null
    },
    "minibatch_train_losses": [
        3.5845735317621474,
        3.569626808166504,
        3.5607781410217285,
        3.525063991546631,
        3.4671592712402344,
        3.475729465484619,
        3.4660234451293945,
        3.317434787750244,
        3.3837852478027344,
        3.3698525428771973,
        3.1426382064819336,
        3.3444533348083496,
        3.1152172088623047,
        3.1389923095703125,
        3.1115164756774902,
        3.183675765991211,
        3.0639219284057617,
        3.169403076171875,
        3.0034871101379395,
        3.149474620819092,
        3.0331146717071533,
        2.9663901329040527,
        2.926743507385254,
        2.893054485321045,
        3.02453875541687,
        2.9255213737487793,
        3.04567289352417,
        2.8285224437713623,
        2.851668357849121,
        3.0287652015686035,
        2.8139543533325195,
        3.133319854736328,
        2.8215272426605225,
        2.872605556096786,
        2.8754217624664307,
        2.8526532649993896,
        2.7258849143981934,
        2.724034309387207,
        2.8275537490844727,
        2.858046531677246,
        2.6797847747802734,
        2.7404747009277344,
        2.580430269241333,
        2.680624008178711,
        2.5769896507263184,
        2.8567941188812256,
        2.6604809761047363,
        2.5574731826782227,
        2.5761711597442627,
        2.6758170127868652,
        2.757174015045166,
        2.7791779041290283,
        2.7010703086853027,
        2.682645559310913,
        2.5903677940368652,
        2.643803119659424,
        2.7467122077941895,
        2.753908634185791,
        2.607447624206543,
        2.761281728744507,
        2.5436177253723145,
        2.5762555599212646,
        2.6212234497070312,
        2.5160412788391113,
        2.7017040252685547,
        2.6303133964538574,
        2.6459947641079244,
        2.517467975616455,
        2.6086416244506836,
        2.686821460723877,
        2.638665199279785,
        2.4054465293884277,
        2.6525402069091797,
        2.5845446586608887,
        2.736534595489502,
        2.465223789215088,
        2.5284552574157715,
        2.5175156593322754,
        2.5747575759887695,
        2.585528612136841,
        2.3964619636535645,
        2.60188364982605,
        2.559494972229004,
        2.5375828742980957,
        2.5308380126953125,
        2.5677757263183594,
        2.51047420501709,
        2.509859561920166,
        2.417922019958496,
        2.573660373687744,
        2.398038387298584,
        2.6890645027160645,
        2.6362438201904297,
        2.658897876739502,
        2.478248357772827,
        2.575324058532715,
        2.559358596801758,
        2.5648016929626465,
        2.5584096908569336,
        2.5271400274374547,
        2.5427823066711426,
        2.475771427154541,
        2.6612868309020996,
        2.675171136856079,
        2.4796504974365234,
        2.4926047325134277,
        2.4146926403045654,
        2.4983606338500977,
        2.397475004196167,
        2.4234619140625,
        2.61415433883667,
        2.4492909908294678,
        2.5584559440612793,
        2.361175060272217,
        2.519937515258789,
        2.4255309104919434,
        2.5520195960998535,
        2.4225449562072754,
        2.4564971923828125,
        2.3949246406555176,
        2.4225921630859375,
        2.5013833045959473,
        2.474827289581299,
        2.4815142154693604,
        2.330488443374634,
        2.54050874710083,
        2.504147529602051,
        2.5180716514587402,
        2.512202024459839,
        2.4087367057800293,
        2.3908777236938477,
        2.5029048919677734,
        2.458950400352478,
        2.4409193992614746,
        2.4076952934265137,
        2.433528184890747,
        2.4017066955566406,
        2.4651665687561035,
        2.3635964393615723,
        2.530484676361084,
        2.459118366241455,
        2.3804197311401367,
        2.5141429901123047,
        2.563441753387451,
        2.407015800476074,
        2.4201793670654297,
        2.227804660797119,
        2.4560046195983887,
        2.3722445964813232,
        2.450007438659668,
        2.515791893005371,
        2.4408135414123535,
        2.5274181365966797,
        2.209993600845337,
        2.5380775928497314,
        2.461655616760254,
        2.456641912460327,
        2.430464744567871,
        2.479039430618286,
        2.2611896991729736,
        2.527484893798828,
        2.355292320251465,
        2.4919512271881104,
        2.2673628330230713,
        2.3727409839630127,
        2.411862727923271
    ],
    "valid_losses": [
        3.582711635491787,
        2.7515542323772726,
        2.544110973676046,
        2.4361103008954954,
        2.3638458343652577,
        2.3094233641257653
    ],
    "train_accuracies": [
        0.08353365384615384,
        0.3805088141025641,
        0.47716346153846156,
        0.5254407051282052,
        0.5370592948717948,
        0.5588942307692307
    ],
    "num_epochs": 5,
    "optimizer_name": "PreconditionedSGD",
    "random_seed": 43
}