{
    "valid_accuracies": [
        0.10296474358974358,
        0.4076522435897436,
        0.5122195512820513,
        0.5400641025641025,
        0.5589943910256411,
        0.5756209935897436
    ],
    "train_losses": [
        3.611151872537075,
        2.929991764900012,
        2.676544510401212,
        2.575281812594487,
        2.529244059171432,
        2.458913958989657
    ],
    "valid_losses": [
        3.6041662295659385,
        2.8186467580306225,
        2.562874974348606,
        2.4607905944188437,
        2.4123496948144374,
        2.352745153965094
    ],
    "training_params": {},
    "testproblem": "cifar10_3c3d",
    "optimizer_name": "PreconditionedSGD",
    "train_accuracies": [
        0.09705528846153846,
        0.37940705128205127,
        0.4840745192307692,
        0.5186298076923077,
        0.5323517628205128,
        0.5555889423076923
    ],
    "optimizer_hyperparams": {
        "lr": null
    },
    "test_accuracies": [
        0.09745592948717949,
        0.4120592948717949,
        0.5150240384615384,
        0.5513822115384616,
        0.5647035256410257,
        0.5856370192307693
    ],
    "weight_decay": null,
    "random_seed": 46,
    "batch_size": 128,
    "minibatch_train_losses": [
        3.611151872537075,
        3.613614559173584,
        3.6081671714782715,
        3.553729295730591,
        3.4483413696289062,
        3.4429931640625,
        3.347163677215576,
        3.3010964393615723,
        3.232510566711426,
        3.2473816871643066,
        3.2517428398132324,
        3.273198366165161,
        3.2918972969055176,
        3.133260726928711,
        3.146763801574707,
        3.2166690826416016,
        3.020937919616699,
        3.1555943489074707,
        3.381499767303467,
        3.120321273803711,
        3.208806037902832,
        2.9242353439331055,
        3.1018762588500977,
        3.056335926055908,
        2.9502382278442383,
        3.239929437637329,
        2.9571261405944824,
        2.9497411251068115,
        2.9451661109924316,
        3.107318162918091,
        2.9648029804229736,
        3.0345888137817383,
        3.0487818717956543,
        2.929991764900012,
        2.956083297729492,
        2.9215548038482666,
        2.9217987060546875,
        2.7505180835723877,
        2.7710304260253906,
        2.9372663497924805,
        2.9021852016448975,
        2.6252212524414062,
        2.8079757690429688,
        2.7074174880981445,
        2.80342960357666,
        2.684357166290283,
        2.785883665084839,
        2.645232677459717,
        2.792534351348877,
        2.749190330505371,
        2.6307272911071777,
        2.769930362701416,
        2.698251724243164,
        2.693145751953125,
        2.791585922241211,
        2.804516553878784,
        2.6878817081451416,
        2.5910534858703613,
        2.8101866245269775,
        2.6851325035095215,
        2.643380880355835,
        2.6189355850219727,
        2.5523629188537598,
        2.77687931060791,
        2.810595989227295,
        2.6678037643432617,
        2.676544510401212,
        2.6392812728881836,
        2.56491756439209,
        2.9747753143310547,
        2.6983299255371094,
        2.758105754852295,
        2.5709338188171387,
        2.5214362144470215,
        2.7144436836242676,
        2.604785203933716,
        2.6654927730560303,
        2.6353507041931152,
        2.5864124298095703,
        2.637338638305664,
        2.580122709274292,
        2.6836256980895996,
        2.3821446895599365,
        2.7183735370635986,
        2.54020357131958,
        2.6957406997680664,
        2.4162306785583496,
        2.6074166297912598,
        2.568944215774536,
        2.4649438858032227,
        2.668854236602783,
        2.554354190826416,
        2.6916074752807617,
        2.6231374740600586,
        2.59737491607666,
        2.5915632247924805,
        2.7832915782928467,
        2.7201552391052246,
        2.54447865486145,
        2.575281812594487,
        2.560981273651123,
        2.504613161087036,
        2.5322344303131104,
        2.6691842079162598,
        2.647890090942383,
        2.599900722503662,
        2.420363426208496,
        2.577481746673584,
        2.6339635848999023,
        2.5465800762176514,
        2.565727949142456,
        2.5524959564208984,
        2.5086145401000977,
        2.5783262252807617,
        2.523585796356201,
        2.6709091663360596,
        2.3319358825683594,
        2.7144250869750977,
        2.6240618228912354,
        2.3724136352539062,
        2.5772929191589355,
        2.5518248081207275,
        2.4541664123535156,
        2.5503668785095215,
        2.427809476852417,
        2.5542116165161133,
        2.512603282928467,
        2.493185043334961,
        2.6327502727508545,
        2.619933605194092,
        2.370952606201172,
        2.408374071121216,
        2.529244059171432,
        2.675750970840454,
        2.473092555999756,
        2.6155078411102295,
        2.5114731788635254,
        2.6059107780456543,
        2.433192729949951,
        2.544009208679199,
        2.452371120452881,
        2.430030584335327,
        2.524384021759033,
        2.3630940914154053,
        2.444239616394043,
        2.411515235900879,
        2.447575569152832,
        2.401583194732666,
        2.3759541511535645,
        2.5862839221954346,
        2.3508663177490234,
        2.5086822509765625,
        2.368839979171753,
        2.3637256622314453,
        2.443898916244507,
        2.6012516021728516,
        2.278820514678955,
        2.1893458366394043,
        2.3675014972686768,
        2.4706645011901855,
        2.326232433319092,
        2.5229203701019287,
        2.400949478149414,
        2.563239097595215,
        2.4147019386291504,
        2.458913958989657
    ],
    "num_epochs": 5,
    "test_losses": [
        3.6088030338287354,
        2.8065037024326815,
        2.553796043762794,
        2.4548417115822816,
        2.40884516789363,
        2.348616000933525
    ]
}