{
    "test_accuracies": [
        0.12860576923076922,
        0.4167668269230769,
        0.5294471153846154,
        0.5569911858974359,
        0.5621995192307693,
        0.5907451923076923
    ],
    "num_epochs": 5,
    "optimizer_hyperparams": {
        "lr": null
    },
    "weight_decay": null,
    "train_losses": [
        3.576287581370427,
        2.872654758966886,
        2.6072177245066714,
        2.5139172841341066,
        2.479681745553628,
        2.4089278410642576
    ],
    "valid_accuracies": [
        0.1273036858974359,
        0.41716746794871795,
        0.5197315705128205,
        0.5484775641025641,
        0.5547876602564102,
        0.5871394230769231
    ],
    "random_seed": 51,
    "minibatch_train_losses": [
        3.576287581370427,
        3.58591365814209,
        3.5717787742614746,
        3.5150139331817627,
        3.4595999717712402,
        3.4347548484802246,
        3.427011489868164,
        3.289386749267578,
        3.3431754112243652,
        3.367831230163574,
        3.1661152839660645,
        3.309581995010376,
        3.2215659618377686,
        3.1827125549316406,
        3.0662951469421387,
        3.1795597076416016,
        3.104320764541626,
        3.17356538772583,
        3.1060328483581543,
        3.202624797821045,
        3.1508495807647705,
        3.096074104309082,
        3.004073143005371,
        2.879056692123413,
        2.902858257293701,
        2.877514600753784,
        3.3602306842803955,
        3.0682671070098877,
        3.0240137577056885,
        2.9771854877471924,
        2.8506641387939453,
        3.024632692337036,
        2.899752140045166,
        2.872654758966886,
        2.9051074981689453,
        2.8509578704833984,
        2.722860097885132,
        2.680142879486084,
        2.83430552482605,
        2.6153154373168945,
        2.739079236984253,
        2.826688289642334,
        2.6310739517211914,
        2.7127535343170166,
        2.8778934478759766,
        2.744302272796631,
        2.823899269104004,
        2.626227378845215,
        2.8807547092437744,
        2.7703332901000977,
        2.696237325668335,
        2.725245475769043,
        2.6415669918060303,
        2.687875986099243,
        2.6727771759033203,
        2.680588960647583,
        2.726344585418701,
        2.5757393836975098,
        2.9076108932495117,
        2.6492278575897217,
        2.6279237270355225,
        2.58559513092041,
        2.7362582683563232,
        2.6266913414001465,
        2.7138946056365967,
        2.71679425239563,
        2.6072177245066714,
        2.3789591789245605,
        2.6562108993530273,
        2.5451817512512207,
        2.4968576431274414,
        2.666670799255371,
        2.551670551300049,
        2.4833180904388428,
        2.4991726875305176,
        2.696629047393799,
        2.601562976837158,
        2.5467145442962646,
        2.626519203186035,
        2.496176242828369,
        2.4154789447784424,
        2.4331207275390625,
        2.554990291595459,
        2.5830564498901367,
        2.6033430099487305,
        2.758358955383301,
        2.534503936767578,
        2.60880184173584,
        2.628754138946533,
        2.7059779167175293,
        2.659855604171753,
        2.549856185913086,
        2.5725221633911133,
        2.4919300079345703,
        2.462948799133301,
        2.615159034729004,
        2.4537129402160645,
        2.6842875480651855,
        2.5016136169433594,
        2.5139172841341066,
        2.5878102779388428,
        2.6170296669006348,
        2.5822505950927734,
        2.4428043365478516,
        2.448927879333496,
        2.420915126800537,
        2.393413782119751,
        2.6137781143188477,
        2.533705711364746,
        2.6535239219665527,
        2.54022216796875,
        2.442499876022339,
        2.4017457962036133,
        2.554109811782837,
        2.6437904834747314,
        2.258178234100342,
        2.5756418704986572,
        2.605271339416504,
        2.605463981628418,
        2.4501075744628906,
        2.4771952629089355,
        2.40218448638916,
        2.4771342277526855,
        2.531235456466675,
        2.5457282066345215,
        2.368213653564453,
        2.5217976570129395,
        2.6137232780456543,
        2.406607151031494,
        2.364217758178711,
        2.5402655601501465,
        2.4348206520080566,
        2.479681745553628,
        2.446993350982666,
        2.3636364936828613,
        2.642597198486328,
        2.5106630325317383,
        2.408845901489258,
        2.4430623054504395,
        2.4235191345214844,
        2.4017550945281982,
        2.4915876388549805,
        2.384580135345459,
        2.464412212371826,
        2.3943324089050293,
        2.3639817237854004,
        2.4453821182250977,
        2.3726119995117188,
        2.4510345458984375,
        2.528268814086914,
        2.472907781600952,
        2.416344165802002,
        2.6284570693969727,
        2.524631977081299,
        2.5439796447753906,
        2.509544849395752,
        2.524662494659424,
        2.3866660594940186,
        2.3440771102905273,
        2.4358863830566406,
        2.6238017082214355,
        2.5946474075317383,
        2.508068084716797,
        2.576486110687256,
        2.441225051879883,
        2.4089278410642576
    ],
    "training_params": {},
    "testproblem": "cifar10_3c3d",
    "optimizer_name": "PreconditionedSGD",
    "train_accuracies": [
        0.12429887820512821,
        0.3925280448717949,
        0.4928886217948718,
        0.5316506410256411,
        0.5372596153846154,
        0.5615985576923077
    ],
    "test_losses": [
        3.5758666808788595,
        2.7614248257416945,
        2.495819764259534,
        2.401861288608649,
        2.37308874191382,
        2.3018946097447324
    ],
    "valid_losses": [
        3.576840700247349,
        2.775042481911488,
        2.5052004135571995,
        2.4145171428338075,
        2.386551001133063,
        2.311544500864469
    ],
    "batch_size": 128
}