{
    "testproblem": "cifar10_3c3d",
    "batch_size": 128,
    "num_epochs": 2,
    "random_seed": 43,
    "weight_decay": null,
    "optimizer_name": "Preconditioner",
    "optimizer_hyperparams": {
        "lr": null
    },
    "training_params": {},
    "train_losses": [
        3.5788390116813855,
        2.9273503713118725,
        2.625194081893334
    ],
    "valid_losses": [
        3.573911046370482,
        2.808644099113269,
        2.523681041521904
    ],
    "test_losses": [
        3.57312339085799,
        2.795513706329541,
        2.510256583874042
    ],
    "minibatch_train_losses": [
        3.55680251121521,
        3.5486040115356445,
        3.5201711654663086,
        3.468541145324707,
        3.4504952430725098,
        3.3985352516174316,
        3.37811017036438,
        3.357177257537842,
        3.3528013229370117,
        3.105198860168457,
        3.3648014068603516,
        3.1597585678100586,
        3.1269540786743164,
        3.083723545074463,
        3.2091331481933594,
        3.1029090881347656,
        3.0923118591308594,
        3.0577940940856934,
        3.1084675788879395,
        2.9895617961883545,
        3.000948667526245,
        2.870912551879883,
        2.9807472229003906,
        2.9825382232666016,
        2.876591682434082,
        3.003547191619873,
        2.9103012084960938,
        2.8245186805725098,
        3.000154972076416,
        2.881399631500244,
        3.201132297515869,
        2.8531501293182373,
        2.945617198944092,
        2.8643555641174316,
        2.758514642715454,
        2.714423656463623,
        2.8586854934692383,
        2.800748825073242,
        2.7301523685455322,
        2.7267520427703857,
        2.582726001739502,
        2.685004949569702,
        2.5501513481140137,
        2.742384433746338,
        2.6465110778808594,
        2.623250722885132,
        2.587655544281006,
        2.6899311542510986,
        2.74240779876709,
        2.785403251647949,
        2.708014965057373,
        2.6365468502044678,
        2.57722806930542,
        2.685135841369629,
        2.774130344390869,
        2.7952756881713867,
        2.581808090209961,
        2.7471401691436768,
        2.5632190704345703,
        2.5129990577697754,
        2.6112589836120605,
        2.5069427490234375,
        2.7391300201416016,
        2.647308826446533
    ],
    "train_accuracies": [
        0.10476762820512821,
        0.37349759615384615,
        0.483974358974359
    ],
    "valid_accuracies": [
        0.10747195512820513,
        0.4108573717948718,
        0.5043068910256411
    ],
    "test_accuracies": [
        0.10556891025641026,
        0.409755608974359,
        0.51171875
    ]
}