{
    "testproblem": "cifar10_3c3d",
    "batch_size": 128,
    "num_epochs": 2,
    "random_seed": 42,
    "weight_decay": null,
    "optimizer_name": "Preconditioner",
    "optimizer_hyperparams": {
        "lr": null
    },
    "training_params": {},
    "train_losses": [
        3.585560780305129,
        2.848327331053905,
        2.539793326304509
    ],
    "valid_losses": [
        3.589993476867676,
        2.7476593531095066,
        2.4126519025900426
    ],
    "test_losses": [
        3.5865896298335147,
        2.7458801300097733,
        2.418053538371355
    ],
    "minibatch_train_losses": [
        3.5991601943969727,
        3.5810275077819824,
        3.521725654602051,
        3.4617605209350586,
        3.375387191772461,
        3.310096263885498,
        3.239940643310547,
        3.3547463417053223,
        3.2291178703308105,
        3.2177319526672363,
        3.2347283363342285,
        3.4154319763183594,
        3.106520891189575,
        3.050525188446045,
        3.141756296157837,
        3.0636489391326904,
        3.1498703956604004,
        3.156886577606201,
        3.084233045578003,
        2.9734859466552734,
        3.0668375492095947,
        2.9974570274353027,
        2.999724864959717,
        2.891054153442383,
        2.8876895904541016,
        2.859604597091675,
        2.9878883361816406,
        3.0213446617126465,
        2.9083404541015625,
        2.858593702316284,
        3.0320301055908203,
        3.10073184967041,
        2.898801803588867,
        2.8116660118103027,
        2.7573015689849854,
        2.8099594116210938,
        2.949531078338623,
        2.758087635040283,
        2.6527175903320312,
        2.5212886333465576,
        2.591641426086426,
        2.7523863315582275,
        2.698479175567627,
        2.810920238494873,
        2.6608195304870605,
        2.7524948120117188,
        2.755889892578125,
        2.859463691711426,
        2.558994770050049,
        2.6927573680877686,
        2.6844239234924316,
        2.774354934692383,
        2.544302463531494,
        2.9450395107269287,
        2.593181848526001,
        2.49277400970459,
        2.595001697540283,
        2.5493884086608887,
        2.444565773010254,
        2.560047149658203,
        2.5244498252868652,
        2.545842170715332,
        2.6149487495422363,
        2.5245492458343506
    ],
    "train_accuracies": [
        0.10186298076923077,
        0.4048477564102564,
        0.5098157051282052
    ],
    "valid_accuracies": [
        0.0967548076923077,
        0.43249198717948717,
        0.5452724358974359
    ],
    "test_accuracies": [
        0.0999599358974359,
        0.43579727564102566,
        0.5453725961538461
    ]
}