{
    "optimizer_name": "SGD",
    "testproblem": "mnist_2c2d",
    "weight_decay": null,
    "optimizer_hyperparams": {
        "momentum": 0.99,
        "lr": 0.01
    },
    "train_losses": [
        2.3819066194387584,
        0.057529483324824236
    ],
    "test_losses": [
        2.389372174556439,
        0.05378775683064491
    ],
    "train_accuracies": [
        0.061197916666666664,
        0.9825721153846154
    ],
    "random_seed": 42,
    "minibatch_train_losses": [
        2.3841288089752197,
        2.0472869873046875,
        1.0735704898834229,
        1.2214382886886597,
        0.4988241493701935,
        0.45545893907546997,
        0.5601645708084106,
        0.25552207231521606,
        0.4496166706085205,
        0.12792456150054932,
        0.15025867521762848,
        0.17329324781894684,
        0.22839242219924927,
        0.2069520652294159,
        0.16935107111930847,
        0.1409326195716858,
        0.3187659680843353,
        0.048849981278181076,
        0.22864380478858948,
        0.049870360642671585,
        0.25313976407051086,
        0.08793549239635468,
        0.14085526764392853,
        0.12566322088241577,
        0.07208949327468872,
        0.0730944573879242,
        0.16123875975608826,
        0.08902818709611893,
        0.21519099175930023,
        0.16588053107261658,
        0.024846144020557404,
        0.07051695138216019,
        0.10051435977220535,
        0.036509137600660324,
        0.06429332494735718,
        0.21835392713546753,
        0.020176421850919724,
        0.15720970928668976,
        0.05856619030237198,
        0.05537489801645279,
        0.011088863015174866,
        0.1545020341873169,
        0.11120378971099854,
        0.04072101414203644,
        0.12409152090549469,
        0.019985828548669815,
        0.2593792676925659
    ],
    "num_epochs": 1,
    "training_params": {},
    "batch_size": 128,
    "test_accuracies": [
        0.056790865384615384,
        0.9826722756410257
    ]
}