{
    "batch_size": 32,
    "num_epochs": 5,
    "optimizer_name": "PreconditionedSGD_noinit",
    "weight_decay": null,
    "optimizer_hyperparams": {
        "lr": null
    },
    "testproblem": "cifar10_3c3d",
    "test_accuracies": [
        0.10006009615384616,
        0.4244791666666667,
        0.5293469551282052,
        0.6248998397435898,
        0.6588541666666666,
        0.6936097756410257
    ],
    "valid_accuracies": [
        0.10116185897435898,
        0.4202724358974359,
        0.5325520833333334,
        0.6333133012820513,
        0.6673677884615384,
        0.6967147435897436
    ],
    "minibatch_train_losses": [
        2.6577264162210317,
        2.665501117706299,
        2.6448874473571777,
        2.677778959274292,
        2.6245241165161133,
        2.603956699371338,
        2.6129586696624756,
        2.605358600616455,
        3.259671926498413,
        2.560635805130005,
        2.5048515796661377,
        2.459038257598877,
        2.490534782409668,
        2.5326476097106934,
        2.4214348793029785,
        2.4293582439422607,
        2.638155937194824,
        2.412843942642212,
        2.2694311141967773,
        2.5122568607330322,
        2.326009750366211,
        2.40028715133667,
        2.463813066482544,
        2.454385757446289,
        2.3873517513275146,
        2.4525814056396484,
        2.2573423385620117,
        2.5176119804382324,
        2.4121131896972656,
        2.395569324493408,
        2.4438045024871826,
        2.6035361289978027,
        2.834317922592163,
        2.2641124725341797,
        2.9056107997894287,
        2.238774538040161,
        2.4216575622558594,
        2.219512462615967,
        2.687732696533203,
        2.481166362762451,
        2.5032124519348145,
        2.264551877975464,
        2.3086330890655518,
        2.23818302154541,
        2.338735580444336,
        2.3729751110076904,
        2.407626152038574,
        2.195908784866333,
        2.028233289718628,
        2.1881062984466553,
        2.3380024433135986,
        1.9883251190185547,
        2.093859910964966,
        2.2464652061462402,
        2.316864490509033,
        2.075623035430908,
        2.4958348274230957,
        2.0497286319732666,
        2.06200909614563,
        2.1803743839263916,
        2.076502561569214,
        2.1612367630004883,
        2.054353713989258,
        2.027103900909424,
        1.9231759309768677,
        2.1884548664093018,
        2.2158663272857666,
        2.1865434646606445,
        2.3834164142608643,
        1.8037769794464111,
        2.1862831115722656,
        2.1260440349578857,
        2.2696101665496826,
        1.8255484104156494,
        2.1357550621032715,
        2.2684295177459717,
        2.3731749057769775,
        2.123645544052124,
        2.2442946434020996,
        2.0288174152374268,
        1.8702882528305054,
        2.1241700649261475,
        1.9606512784957886,
        1.9511055946350098,
        2.2440476417541504,
        1.9185545444488525,
        2.2352850437164307,
        2.068535804748535,
        2.0924763679504395,
        2.5153725147247314,
        1.873762845993042,
        2.075773000717163,
        1.9712952375411987,
        2.1295416355133057,
        2.241856336593628,
        2.046450614929199,
        1.951476812362671,
        2.112302780151367,
        1.9298839569091797,
        2.037961006164551,
        2.1452572345733643,
        1.8826053142547607,
        2.0804316997528076,
        2.0777337551116943,
        1.7779462337493896,
        2.1352322101593018,
        2.0424110889434814,
        2.0448131561279297,
        2.1584057807922363,
        2.0699267387390137,
        1.735493540763855,
        1.734636902809143,
        2.2791481018066406,
        1.9672069549560547,
        1.9649351835250854,
        2.112795114517212,
        1.994140386581421,
        1.9296795129776,
        2.021918535232544,
        1.7854424715042114,
        1.8303217887878418,
        1.8345146179199219,
        2.1141369342803955,
        1.6778491735458374,
        2.089557647705078,
        2.080913543701172,
        1.9292127195841227,
        2.0220279693603516,
        1.8760509490966797,
        2.0840818881988525,
        1.7106497287750244,
        1.8831853866577148,
        1.6789734363555908,
        1.4111366271972656,
        1.77247154712677,
        1.6976113319396973,
        1.6212955713272095,
        1.8309509754180908,
        1.6909217834472656,
        1.9470069408416748,
        1.4423420429229736,
        1.7494474649429321,
        1.7223842144012451,
        1.5936497449874878,
        1.7639920711517334,
        1.5840578079223633,
        1.2297202348709106,
        1.7635729312896729,
        1.8451627492904663,
        1.66348397731781,
        1.7678290605545044,
        1.511462926864624,
        1.49024498462677,
        1.5915261507034302,
        1.7075989246368408,
        1.6224942207336426,
        1.3472086191177368,
        1.5868710279464722,
        1.4835717678070068,
        2.0505032539367676,
        1.6006497144699097,
        1.3937739133834839,
        1.6252409219741821,
        1.531798243522644,
        1.398053526878357,
        1.918717622756958,
        1.6325958967208862,
        1.619308590888977,
        1.4326863288879395,
        1.7694792747497559,
        1.2834864854812622,
        1.6490669250488281,
        1.959265947341919,
        1.3969882726669312,
        1.9452811479568481,
        1.5884501934051514,
        1.7862619161605835,
        1.6957426071166992,
        1.813934087753296,
        1.5439571142196655,
        1.4687296152114868,
        1.7445616722106934,
        1.6284899711608887,
        1.569591760635376,
        1.4107109308242798,
        1.5127123594284058,
        1.5028090476989746,
        1.1254442930221558,
        1.444586157798767,
        1.4581890106201172,
        1.3604406118392944,
        2.0739376544952393,
        1.5209848880767822,
        1.8260929584503174,
        1.4308781623840332,
        1.5899182558059692,
        1.4753245115280151,
        1.4894342422485352,
        1.5530736446380615,
        1.6211278438568115,
        1.8739862442016602,
        1.7047860622406006,
        1.4875836372375488,
        1.9330283403396606,
        1.6896164417266846,
        1.3883470296859741,
        1.3799983263015747,
        1.5393013954162598,
        1.5204100608825684,
        1.584357500076294,
        1.877331256866455,
        1.4415203332901,
        1.6385443210601807,
        1.7490886449813843,
        1.8470790386199951,
        1.783987283706665,
        1.6040769815444946,
        1.6643174886703491,
        1.6310722827911377,
        1.523918867111206,
        1.7909194231033325,
        1.9310694932937622,
        1.521108627319336,
        1.7482990026474,
        1.8445042371749878,
        1.9674017429351807,
        1.4868934154510498,
        1.819849967956543,
        1.74138605594635,
        1.9359524250030518,
        1.753516674041748,
        2.05340576171875,
        1.5089111328125,
        1.9317803382873535,
        1.5091174840927124,
        1.6432504653930664,
        1.6754122972488403,
        1.4455533027648926,
        1.6138997077941895,
        1.572202444076538,
        1.4682739973068237,
        1.5353929996490479,
        1.5721077919006348,
        1.7038440704345703,
        1.8396828174591064,
        1.968364953994751,
        1.3862872123718262,
        1.645370602607727,
        1.5457909107208252,
        1.7188788652420044,
        1.570627212524414,
        1.4827396869659424,
        1.6110071990734491,
        1.71968412399292,
        1.543386697769165,
        1.348107933998108,
        1.425093412399292,
        1.2103486061096191,
        1.2720518112182617,
        1.1417005062103271,
        1.7925024032592773,
        1.27488374710083,
        1.229198694229126,
        1.251274585723877,
        1.4970673322677612,
        1.4002208709716797,
