{
    "train_losses": [
        2.6578458287777047,
        1.905382786041651,
        1.5274608364472022,
        1.294543048319144,
        1.2266472845505445,
        1.0956031053494184
    ],
    "valid_losses": [
        2.658205102651547,
        1.815008717851761,
        1.431742671208504,
        1.2083874190082917,
        1.1189682816083615,
        1.0131257659731767
    ],
    "random_seed": 42,
    "weight_decay": null,
    "test_accuracies": [
        0.10326522435897435,
        0.43209134615384615,
        0.5756209935897436,
        0.6486378205128205,
        0.6746794871794872,
        0.7222556089743589
    ],
    "train_accuracies": [
        0.10657051282051282,
        0.3974358974358974,
        0.5408653846153846,
        0.6223958333333334,
        0.6432291666666666,
        0.6979166666666666
    ],
    "testproblem": "cifar10_3c3d",
    "valid_accuracies": [
        0.10416666666666667,
        0.42568108974358976,
        0.5687099358974359,
        0.6539463141025641,
        0.6848958333333334,
        0.7249599358974359
    ],
    "training_params": {},
    "optimizer_hyperparams": {
        "lr": null
    },
    "test_losses": [
        2.658217660891704,
        1.805982762422317,
        1.4458892062688484,
        1.2255662861160743,
        1.1403514249966695,
        1.0309591616193454
    ],
    "minibatch_train_losses": [
        2.6578458287777047,
        2.653514862060547,
        2.6633591651916504,
        2.6537935733795166,
        2.649996042251587,
        2.6339879035949707,
        2.648200273513794,
        2.593726396560669,
        2.7536964416503906,
        2.6092073917388916,
        2.57099986076355,
        2.5638999938964844,
        2.438854455947876,
        2.485701084136963,
        2.5962374210357666,
        2.396526336669922,
        2.308692455291748,
        2.3853931427001953,
        2.5239720344543457,
        2.3850162029266357,
        2.364955186843872,
        2.474107027053833,
        2.285015344619751,
        2.389066219329834,
        2.325711488723755,
        2.4311511516571045,
        2.4007418155670166,
        2.462334156036377,
        2.2372851371765137,
        2.3569884300231934,
        2.3964788913726807,
        2.427262306213379,
        2.170549154281616,
        2.2229058742523193,
        2.08808970451355,
        2.3364038467407227,
        2.3779475688934326,
        2.2182137966156006,
        2.2263166904449463,
        2.5388705730438232,
        2.3514389991760254,
        2.244086265563965,
        2.3210315704345703,
        2.395200252532959,
        2.190199136734009,
        2.197817802429199,
        2.444242000579834,
        2.39520525932312,
        2.1387534141540527,
        2.0690042972564697,
        2.4842615127563477,
        2.255984306335449,
        2.2976133823394775,
        2.4993908405303955,
        1.9221652746200562,
        2.1405539512634277,
        2.2057888507843018,
        2.1709771156311035,
        1.8982244729995728,
        2.169966459274292,
        2.3038980960845947,
        2.3335459232330322,
        2.173093795776367,
        1.8864433765411377,
        2.4214062690734863,
        2.201211929321289,
        2.033905506134033,
        2.1426007747650146,
        1.9055402278900146,
        2.3158440589904785,
        2.097851514816284,
        2.134242296218872,
        2.686636447906494,
        2.0906035900115967,
        2.0187277793884277,
        2.109741449356079,
        2.2424776554107666,
        2.0122568607330322,
        2.0613203048706055,
        2.237966299057007,
        1.810758352279663,
        1.8233829736709595,
        1.983325481414795,
        2.259577512741089,
        2.08828067779541,
        1.832026481628418,
        2.169865131378174,
        2.014584541320801,
        1.879065752029419,
        2.503936290740967,
        2.256484031677246,
        2.0714688301086426,
        2.009622573852539,
        2.3585050106048584,
        1.9397368431091309,
        1.9101431369781494,
        1.94443941116333,
        2.0055058002471924,
        1.8874746561050415,
        1.7930712699890137,
        1.8077207803726196,
        1.929297924041748,
        2.0411062240600586,
        1.888445258140564,
        1.8034228086471558,
        2.20249605178833,
        2.5603537559509277,
        1.894727349281311,
        1.7506306171417236,
        2.164854049682617,
        2.1016416549682617,
        1.9418803453445435,
        2.0288920402526855,
        2.1053528785705566,
        2.0042102336883545,
        1.7113044261932373,
        1.92802095413208,
        1.8883366584777832,
        2.144836187362671,
        1.8047133684158325,
        1.904215931892395,
        1.7439658641815186,
        2.050715684890747,
        1.8008726835250854,
        1.832188367843628,
        2.41068959236145,
        1.905382786041651,
        1.8638229370117188,
        2.033531904220581,
        1.9509010314941406,
        1.9112008810043335,
        1.6616076231002808,
        1.6132136583328247,
        1.614920735359192,
        1.6746734380722046,
        1.6127463579177856,
        1.6119552850723267,
        1.65293550491333,
        1.581872582435608,
        1.459537386894226,
        1.7500728368759155,
        1.5706405639648438,
        1.5820780992507935,
        1.6570557355880737,
        1.996582269668579,
        1.7674990892410278,
        1.733924150466919,
        1.9135534763336182,
        1.7684324979782104,
        1.5227690935134888,
        1.8830219507217407,
        1.5808225870132446,
        1.8086100816726685,
        1.8168957233428955,
        1.6721611022949219,
        1.454675555229187,
        1.5840193033218384,
        1.466044545173645,
        1.5516278743743896,
        1.3639795780181885,
        1.7300933599472046,
        1.67208993434906,
        1.6442081928253174,
        1.7492179870605469,
        1.6817526817321777,
        1.5954537391662598,
        1.3229762315750122,
        1.782361626625061,
        1.525894045829773,
        1.320820689201355,
        1.647985577583313,
        1.488336443901062,
        1.553776741027832,
        1.6923937797546387,
        1.4076226949691772,
        1.5386176109313965,
        1.9510550498962402,
        1.5450993776321411,
        1.8284181356430054,
        1.6678657531738281,
        2.0152194499969482,
        2.0238325595855713,
        1.5646207332611084,
        1.6704440116882324,
        1.697880506515503,
        1.5972012281417847,
        1.6023941040039062,
        1.5953702926635742,
        1.6149622201919556,
        1.7312880754470825,
        1.8631502389907837,
        1.6638429164886475,
        1.7037984132766724,
        1.6455650329589844,
        1.6635743379592896,
        1.4989484548568726,
        1.4444580078125,
        1.445738673210144,
        1.2867013216018677,
        1.4324016571044922,
        1.3418582677841187,
        1.5341988801956177,
        1.7382763624191284,
        1.5055038928985596,
        1.5883015394210815,
        1.8763799667358398,
        1.8968374729156494,
        1.7547162771224976,
        1.5445843935012817,
        1.7491703033447266,
        1.5021207332611084,
        1.9387167692184448,
        1.3398947715759277,
        1.9171404838562012,
        1.5103673934936523,
        1.48289155960083,
        1.5701122283935547,
        1.558532476425171,
        1.5956976413726807,
        1.239004373550415,
        1.597222089767456,
        1.6551634073257446,
        1.5531755685806274,
        1.4904522895812988,
        1.6018081903457642,
        1.7104437351226807,
        1.5496973991394043,
        1.8964195251464844,
        1.508565068244934,
        1.3821396827697754,
        1.7160271406173706,
        1.6993786096572876,
        1.7471582889556885,
        1.2653106451034546,
        1.5671288967132568,
        1.7420403957366943,
        1.5248750448226929,
        1.2372633218765259,
        1.5523974895477295,
