{
    "random_seed": 43,
    "optimizer_hyperparams": {
        "lr": null
    },
    "testproblem": "cifar10_3c3d",
    "test_losses": [
        2.659239737651287,
        1.8971488578961446,
        1.486761205471479,
        1.3326132547778962,
        1.2091417339367745,
        1.0768640333643327
    ],
    "num_epochs": 5,
    "training_params": {},
    "test_accuracies": [
        0.10016025641025642,
        0.4153645833333333,
        0.5485777243589743,
        0.6204927884615384,
        0.6527443910256411,
        0.7080328525641025
    ],
    "optimizer_name": "PreconditionedSGD_noinit",
    "train_losses": [
        2.6590336026289525,
        2.0028770787593646,
        1.53791209596854,
        1.3815910617510478,
        1.2813382970216947,
        1.137404342683462
    ],
    "valid_losses": [
        2.6592634052802353,
        1.8967612435420353,
        1.4928860878333068,
        1.3411034639829245,
        1.2336267882432692,
        1.0877081144314547
    ],
    "valid_accuracies": [
        0.09585336538461539,
        0.4137620192307692,
        0.5417668269230769,
        0.6112780448717948,
        0.6433293269230769,
        0.6966145833333334
    ],
    "weight_decay": null,
    "train_accuracies": [
        0.10166266025641026,
        0.374599358974359,
        0.526542467948718,
        0.5956530448717948,
        0.6222956730769231,
        0.6870993589743589
    ],
    "minibatch_train_losses": [
        2.6590336026289525,
        2.6512458324432373,
        2.6717119216918945,
        2.6529860496520996,
        2.659863233566284,
        2.6349098682403564,
        2.6546967029571533,
        2.6052796840667725,
        2.640907049179077,
        2.5576109886169434,
        2.6403534412384033,
        2.5213871002197266,
        2.4040932655334473,
        2.569303512573242,
        2.5826282501220703,
        2.4228601455688477,
        2.4324798583984375,
        2.4752986431121826,
        2.281041145324707,
        2.690518617630005,
        2.144444465637207,
        2.343719244003296,
        2.295184373855591,
        2.391861915588379,
        2.4834768772125244,
        2.324678421020508,
        2.3477389812469482,
        2.4220564365386963,
        2.1669814586639404,
        2.3569629192352295,
        2.2063355445861816,
        2.3380396366119385,
        2.4861621856689453,
        2.311652183532715,
        2.4546923637390137,
        2.221602201461792,
        2.139280319213867,
        2.273624897003174,
        2.279266595840454,
        2.094308853149414,
        2.382230281829834,
        2.1052603721618652,
        2.224456787109375,
        2.2319936752319336,
        2.429403066635132,
        2.4200618267059326,
        2.0306971073150635,
        2.102118968963623,
        2.4453043937683105,
        2.0641448497772217,
        2.0722155570983887,
        2.2883999347686768,
        2.190857172012329,
        2.233458995819092,
        2.51653790473938,
        1.9147940874099731,
        2.1104562282562256,
        2.135016441345215,
        2.1936702728271484,
        2.1326520442962646,
        1.9456428289413452,
        2.253546714782715,
        2.423279047012329,
        2.0259127616882324,
        2.241975784301758,
        2.083932876586914,
        2.1459312438964844,
        2.2732558250427246,
        2.190589427947998,
        2.419452428817749,
        2.1298372745513916,
        2.205132484436035,
        2.0336990356445312,
        2.2127113342285156,
        1.8134702444076538,
        2.726682662963867,
        2.026571273803711,
        2.0357840061187744,
        2.1527812480926514,
        1.964896321296692,
        2.146540880203247,
        2.169128179550171,
        2.248464345932007,
        1.8908319473266602,
        2.108098268508911,
        2.010000467300415,
        1.828322172164917,
        1.8955986499786377,
        1.9016358852386475,
        1.9847193956375122,
        3.0590925216674805,
        2.18477201461792,
        2.067155361175537,
        1.7197911739349365,
        1.8428882360458374,
        1.8659987449645996,
        2.0299742221832275,
        2.0563247203826904,
        2.176990509033203,
        1.9051847457885742,
        1.9230639934539795,
        1.8883004188537598,
        2.109267473220825,
        1.952030062675476,
        1.6070393323898315,
        1.7359782457351685,
        2.080254077911377,
        1.9608120918273926,
        1.764826774597168,
        1.9377175569534302,
        2.0199177265167236,
        1.5849645137786865,
        1.9884538650512695,
        2.076439142227173,
        1.9071249961853027,
        2.1838538646698,
        2.314270257949829,
        1.832602620124817,
        2.040219306945801,
        1.5324188470840454,
        1.8531436920166016,
        1.8979620933532715,
        1.9523684978485107,
        1.5728812217712402,
        1.9108864068984985,
        2.0860915184020996,
        2.0028770787593646,
        1.9163745641708374,
        2.249354124069214,
        1.597406029701233,
        1.802173137664795,
        1.573318362236023,
        1.7910468578338623,
        1.6729435920715332,
        1.8061329126358032,
        1.887437343597412,
        1.615415096282959,
        1.7905669212341309,
        2.020749568939209,
        1.669688105583191,
        1.4451866149902344,
        1.592780590057373,
        1.765984058380127,
        1.8421587944030762,
        1.61612069606781,
        1.7904040813446045,
        1.5399070978164673,
        1.535231590270996,
        1.5663654804229736,
        1.731316328048706,
        1.7074792385101318,
        1.6592881679534912,
        1.7410330772399902,
        1.7989505529403687,
        1.8084969520568848,
        2.066854953765869,
        1.8283886909484863,
        1.4683010578155518,
        1.7480590343475342,
        1.9061354398727417,
        1.6682534217834473,
        1.8285956382751465,
        1.427762746810913,
        1.548904299736023,
        1.417310118675232,
        1.4601147174835205,
        1.8010607957839966,
        1.4422471523284912,
        1.4006905555725098,
        1.6544005870819092,
        1.4810142517089844,
        1.3890248537063599,
        2.0173792839050293,
        1.7609407901763916,
        1.812063455581665,
        1.3474429845809937,
        1.7775065898895264,
        1.6583051681518555,
        1.7518764734268188,
        1.8817939758300781,
        1.6539982557296753,
        2.0112836360931396,
        1.5462275743484497,
        1.451999306678772,
        1.3397477865219116,
        1.8924238681793213,
        1.6670221090316772,
        1.519895076751709,
        1.5288379192352295,
        1.9564487934112549,
        1.744673728942871,
        1.555471420288086,
        1.5189964771270752,
        1.5666738748550415,
        1.8822884559631348,
        1.7982310056686401,
        1.5318926572799683,
        1.3688268661499023,
        1.4794113636016846,
        1.7311553955078125,
        1.7244374752044678,
        1.911116361618042,
        1.53328275680542,
        1.8424651622772217,
        1.4718393087387085,
        1.3676666021347046,
        1.7297568321228027,
        1.8794723749160767,
        1.699939489364624,
        1.6870943307876587,
        1.5051182508468628,
        1.9707111120224,
        1.7049305438995361,
        1.5908658504486084,
        1.322946310043335,
        1.573795199394226,
        1.6092475652694702,
        1.6993306875228882,
        1.5836659669876099,
        1.5540951490402222,
        1.4030017852783203,
        1.5325121879577637,
        1.5403656959533691,
        1.6961857080459595,
        1.615484595298767,
        1.375529408454895,
        1.3017019033432007,
        1.5537790060043335,
        1.889662504196167,
        1.6625028848648071,
        1.5409181118011475,
        1.539781093597412,
        1.690337061882019,
        1.2210749387741089,
        1.563503384590149,
        1.9037766456604004,
        1.6776087284088135,
