{
    "valid_losses": [
        2.6589671602615943,
        1.7449995126479712,
        1.4618329715270262,
        1.199795044767551,
        1.1178849121698966,
        1.0299100956091514
    ],
    "testproblem": "cifar10_3c3d",
    "num_epochs": 5,
    "weight_decay": null,
    "random_seed": 50,
    "test_losses": [
        2.6592603700283246,
        1.739568510498756,
        1.4566731338317578,
        1.2055148146091363,
        1.116277939425065,
        1.0288895989457767
    ],
    "test_accuracies": [
        0.09595352564102565,
        0.45723157051282054,
        0.5568910256410257,
        0.6574519230769231,
        0.6910056089743589,
        0.7217548076923077
    ],
    "optimizer_name": "PreconditionedSGD_noinit",
    "valid_accuracies": [
        0.09705528846153846,
        0.4504206730769231,
        0.5527844551282052,
        0.6577524038461539,
        0.6954126602564102,
        0.7173477564102564
    ],
    "optimizer_hyperparams": {
        "lr": null
    },
    "training_params": {},
    "minibatch_train_losses": [
        2.658965968932861,
        2.656911849975586,
        2.6452183723449707,
        2.6468262672424316,
        2.652174949645996,
        2.659113645553589,
        2.6120927333831787,
        2.5406765937805176,
        2.577819585800171,
        2.5829570293426514,
        2.5413084030151367,
        2.618259906768799,
        2.501190185546875,
        2.388280153274536,
        2.4381778240203857,
        2.5986220836639404,
        2.4284520149230957,
        2.423543691635132,
        2.504603385925293,
        2.440452814102173,
        2.3884947299957275,
        2.245028018951416,
        2.3114192485809326,
        2.3665695190429688,
        2.4490485191345215,
        2.3461596965789795,
        2.2216787338256836,
        2.312223434448242,
        2.302868127822876,
        2.3545799255371094,
        2.2139668464660645,
        2.442457675933838,
        2.4024462699890137,
        2.236180067062378,
        2.406055212020874,
        2.4329147338867188,
        2.373727798461914,
        2.2286932468414307,
        2.0824851989746094,
        2.3272948265075684,
        2.3193814754486084,
        2.270942449569702,
        2.344567060470581,
        2.5587401390075684,
        2.3092215061187744,
        2.38091778755188,
        2.077047824859619,
        2.188953161239624,
        2.4601333141326904,
        2.195970058441162,
        2.212503433227539,
        2.2559452056884766,
        2.2299296855926514,
        2.065622329711914,
        2.0042150020599365,
        2.2248263359069824,
        2.0101025104522705,
        1.8673189878463745,
        2.1440467834472656,
        2.006709098815918,
        2.2699170112609863,
        1.9793570041656494,
        2.0923426151275635,
        2.087674379348755,
        2.180478572845459,
        2.186519145965576,
        2.038118362426758,
        2.0192155838012695,
        2.0805227756500244,
        2.082109212875366,
        2.1322267055511475,
        1.8871183395385742,
        2.1617555618286133,
        2.074519634246826,
        2.6578354835510254,
        1.8572248220443726,
        2.1174919605255127,
        2.131970167160034,
        1.9913227558135986,
        1.8978633880615234,
        2.0817923545837402,
        1.8395004272460938,
        2.226424217224121,
        2.063079357147217,
        2.22015380859375,
        2.0187768936157227,
        2.1291961669921875,
        1.9001606702804565,
        1.9887135028839111,
        2.126152515411377,
        2.0366244316101074,
        1.9070762395858765,
        2.510563373565674,
        1.7598752975463867,
        2.155883312225342,
        1.9248472452163696,
        2.1888251304626465,
        2.044779062271118,
        1.9040309190750122,
        2.1223349571228027,
        2.2531826496124268,
        1.9075887203216553,
        1.8432337045669556,
        2.2491977214813232,
        1.860039472579956,
        1.8656796216964722,
        2.0929462909698486,
        2.05747652053833,
        2.067657709121704,
        2.3487603664398193,
        2.0177342891693115,
        1.7657794952392578,
        2.017596960067749,
        2.2404229640960693,
        1.866133213043213,
        1.722294807434082,
        1.8679906129837036,
        2.1409332752227783,
        2.059540271759033,
        1.5589534044265747,
        2.1910598278045654,
        1.843712568283081,
        2.0604372024536133,
        1.5330771207809448,
        1.8614957332611084,
        2.1551852226257324,
        1.8178711976760473,
        1.8956284523010254,
        1.8269591331481934,
        1.8377282619476318,
        1.8942689895629883,
        1.735298991203308,
        1.4666508436203003,
        1.751366138458252,
        1.875876545906067,
        1.9071485996246338,
        1.6356669664382935,
        2.0555498600006104,
        1.725509524345398,
        1.6836789846420288,
        1.7978543043136597,
        2.101691722869873,
        1.4206386804580688,
        1.7370599508285522,
        1.86366868019104,
        1.541256308555603,
        1.3291780948638916,
        2.1280179023742676,
        1.677321195602417,
        1.6754374504089355,
        1.8212645053863525,
        1.6937153339385986,
        1.5845818519592285,
        2.1091983318328857,
        1.9635156393051147,
        1.602272868156433,
        1.469173550605774,
        1.7194602489471436,
        1.7066125869750977,
        1.860686182975769,
        1.7271356582641602,
        1.6995550394058228,
        1.50010347366333,
        1.5937579870224,
        1.3338773250579834,
        2.057210683822632,
        1.8069472312927246,
        1.9224931001663208,
        1.6295920610427856,
        1.7401952743530273,
        1.8011925220489502,
        1.7631152868270874,
        1.3007283210754395,
        1.6007347106933594,
        1.7982127666473389,
        1.8559324741363525,
        1.5844223499298096,
        1.7356507778167725,
        1.9669076204299927,
        2.4009172916412354,
        1.6595678329467773,
        1.5995465517044067,
        1.3545137643814087,
        1.7994393110275269,
        1.5963118076324463,
        1.4903802871704102,
        1.8414998054504395,
        1.422959566116333,
        1.471865177154541,
        1.830124855041504,
        1.4650038480758667,
        1.7102477550506592,
        1.8819377422332764,
        1.913019061088562,
        1.509796142578125,
        1.4955726861953735,
        1.6267025470733643,
        1.640641450881958,
        1.7613815069198608,
        1.516693115234375,
        1.342348575592041,
        1.4451380968093872,
        1.350642442703247,
        1.6766479015350342,
        1.7923498153686523,
        1.4628639221191406,
        1.2623318433761597,
        1.4651057720184326,
        1.650244951248169,
        1.3815838098526,
        1.8317193984985352,
        1.6812349557876587,
        1.9697798490524292,
        1.693647861480713,
        1.3908636569976807,
        1.7518084049224854,
        1.5020172595977783,
        1.723533272743225,
        1.4365373849868774,
        2.166579246520996,
        1.9160856008529663,
        1.6634472608566284,
        1.5313889980316162,
        1.5533639192581177,
        2.0366456508636475,
        1.5442487001419067,
        1.2986924648284912,
        1.5120978355407715,
        1.7491382360458374,
        2.0332651138305664,
        1.415038824081421,
        1.3713196516036987,
        1.4790780544281006,
        1.5358535051345825,
        1.3125416040420532,
        1.403725028038025,
        1.3426846265792847,
        1.4618059396743774,
        1.989475131034851,
        1.7150487899780273,
        1.819422960281372,
        1.3853360414505005,
        1.648038625717163,
        1.5075596570968628,
        1.5640729665756226,
        1.7161449193954468,
        2.1173481941223145,
        1.597322940826416,
        1.5348408222198486,
        1.5122590065002441,
        1.5660436153411865,
