{
    "train_accuracies": [
        0.09975961538461539,
        0.41426282051282054,
        0.5287459935897436,
        0.5932491987179487,
        0.6729767628205128,
        0.7161458333333334
    ],
    "testproblem": "cifar10_3c3d",
    "valid_accuracies": [
        0.10016025641025642,
        0.437900641025641,
        0.54296875,
        0.6011618589743589,
        0.6903044871794872,
        0.7250600961538461
    ],
    "num_epochs": 5,
    "weight_decay": null,
    "test_accuracies": [
        0.10046073717948718,
        0.4489182692307692,
        0.5443709935897436,
        0.6133814102564102,
        0.7012219551282052,
        0.7255608974358975
    ],
    "minibatch_train_losses": [
        2.6588416588612094,
        2.665407419204712,
        2.6543502807617188,
        2.640500783920288,
        2.6504158973693848,
        2.652488946914673,
        2.6423044204711914,
        2.6010022163391113,
        2.5508720874786377,
        2.5558619499206543,
        2.654496192932129,
        2.570537567138672,
        2.57122540473938,
        2.6380467414855957,
        2.4785282611846924,
        2.425859212875366,
        2.535208225250244,
        2.7512359619140625,
        2.5948755741119385,
        2.3747076988220215,
        2.3750784397125244,
        2.481126308441162,
        2.308155059814453,
        2.3543760776519775,
        2.3314127922058105,
        2.7266595363616943,
        2.2866785526275635,
        2.4177210330963135,
        2.27925443649292,
        2.3309550285339355,
        2.2447242736816406,
        2.334787130355835,
        2.450737237930298,
        2.269028425216675,
        2.415132522583008,
        2.1407554149627686,
        2.3213820457458496,
        2.1782450675964355,
        2.279313802719116,
        2.507808208465576,
        2.2201380729675293,
        2.3663573265075684,
        2.2840163707733154,
        2.1739349365234375,
        2.0018932819366455,
        2.2056422233581543,
        2.203373908996582,
        2.261958122253418,
        2.1568760871887207,
        2.083540678024292,
        2.1798510551452637,
        2.0651540756225586,
        2.3080673217773438,
        2.140660047531128,
        2.1482834815979004,
        2.1765546798706055,
        2.347407817840576,
        2.1762144565582275,
        2.2780685424804688,
        2.133965492248535,
        2.1181325912475586,
        2.2984869480133057,
        2.025467872619629,
        2.2073121070861816,
        2.3134186267852783,
        2.0907273292541504,
        2.2798352241516113,
        2.19626784324646,
        2.238621950149536,
        2.354046106338501,
        2.1848785877227783,
        2.2894089221954346,
        2.1750094890594482,
        2.177093744277954,
        2.1377968788146973,
        2.203616142272949,
        2.1120927333831787,
        1.893512487411499,
        2.1857247352600098,
        2.288201332092285,
        1.9327954053878784,
        2.1231932640075684,
        1.9376163482666016,
        1.9339115619659424,
        2.49484920501709,
        1.6251983642578125,
        2.132664680480957,
        2.0664913654327393,
        1.961435079574585,
        1.7875607013702393,
        2.1650447845458984,
        1.8040708303451538,
        1.7903143167495728,
        2.169800043106079,
        2.1425206661224365,
        2.237701416015625,
        1.8339921236038208,
        2.888917922973633,
        1.9054068326950073,
        1.9366708993911743,
        2.1887564659118652,
        1.9116575717926025,
        1.7997360229492188,
        2.240340232849121,
        1.971616268157959,
        1.9771947860717773,
        2.119220495223999,
        2.008373260498047,
        1.8238303661346436,
        1.9084386825561523,
        2.239384412765503,
        2.108062267303467,
        2.0496160984039307,
        1.9343864917755127,
        2.0324535369873047,
        1.8882657289505005,
        2.2223081588745117,
        1.8278340101242065,
        1.9603822231292725,
        2.073793411254883,
        2.0759999752044678,
        1.6359832286834717,
        1.9564628601074219,
        1.852723240852356,
        1.8769958019256592,
        1.5500884056091309,
        1.9208741738246038,
        2.0130748748779297,
        1.8972917795181274,
        1.9224817752838135,
        2.0179061889648438,
        1.7666820287704468,
        2.025334358215332,
        2.1100425720214844,
        1.6706384420394897,
        1.8894760608673096,
        1.8196903467178345,
        2.0855612754821777,
        1.9766546487808228,
        1.8342585563659668,
        1.6780545711517334,
        1.7446666955947876,
        1.7701444625854492,
        1.9892706871032715,
        1.9639544486999512,
        1.6897025108337402,
        1.932658314704895,
        1.7967536449432373,
        1.8352711200714111,
        1.8543065786361694,
        1.662870168685913,
        1.6049022674560547,
        1.5426567792892456,
        1.8661503791809082,
        1.5859606266021729,
        1.6269416809082031,
        1.8114590644836426,
        1.8763405084609985,
        1.9430087804794312,
        2.0172340869903564,
        1.6754372119903564,
        1.712068796157837,
        1.8488255739212036,
        1.7992411851882935,
        2.1015281677246094,
        2.039418935775757,
        1.7901020050048828,
        1.5204249620437622,
        2.1354660987854004,
        1.8592026233673096,
        2.2268149852752686,
        1.458632469177246,
        1.6060855388641357,
        1.5383822917938232,
        1.9372457265853882,
        1.9074965715408325,
        1.7525835037231445,
        2.3000237941741943,
        1.8379777669906616,
        1.680228590965271,
        1.6442323923110962,
        2.034230947494507,
        1.5103689432144165,
        1.7514207363128662,
        1.7812669277191162,
        1.9220654964447021,
        1.6474578380584717,
        1.8311505317687988,
        2.0580482482910156,
        1.6498581171035767,
        2.262758493423462,
        1.6083234548568726,
        1.752034068107605,
        1.8319416046142578,
        1.792260766029358,
        1.9580870866775513,
        2.035579204559326,
        1.8719044923782349,
        1.332916259765625,
        1.999870777130127,
        1.6963317394256592,
        1.734346628189087,
        1.7255584001541138,
        1.6268764734268188,
        1.883647084236145,
        1.6473331451416016,
        1.4103525876998901,
        1.4304966926574707,
        1.7884578704833984,
        1.8472533226013184,
        1.8563872575759888,
        1.531023621559143,
        1.595907211303711,
        1.4478365182876587,
        1.674921989440918,
        1.5772062540054321,
        1.7006092071533203,
        1.4243098497390747,
        1.5848886966705322,
        1.5092494487762451,
        1.7133493423461914,
        1.7515114545822144,
        1.374155044555664,
        1.7629568576812744,
        1.518619179725647,
        1.6070940494537354,
        1.6554914712905884,
        1.6387757062911987,
        1.4521695375442505,
        1.5833545923233032,
        1.6919394731521606,
        1.6860519647598267,
        1.799652338027954,
        1.3674840927124023,
        1.326282024383545,
        1.87306809425354,
        1.5731489658355713,
        1.436826467514038,
        1.593413233757019,
        1.3912018537521362,
        1.694901466369629,
        1.984675407409668,
        1.5958501100540161,
        1.4474279880523682,
        1.4627760648727417,
        1.465392827987671,
        1.762851595878601,
        1.5469894409179688,
        1.5863662958145142,
        1.2040008306503296,
        1.506549596786499,
        2.2219204902648926,
        1.5889693609414957,
        1.4101718664169312,
        1.636864185333252,
        1.5823026895523071,
        1.6000723838806152,
        1.1589101552963257,
        1.5451693534851074,
        1.6317771673202515,
        1.558794379234314,
        1.5551217794418335,
        1.4574276208877563,
