{
    "training_params": {},
    "valid_accuracies": [
        0.10136217948717949,
        0.4284855769230769,
        0.5665064102564102,
        0.6471354166666666,
        0.6826923076923077,
        0.6880008012820513
    ],
    "test_losses": [
        2.6594956654768724,
        1.8002728090072289,
        1.4663835637844527,
        1.2358820251165292,
        1.1593275692982552,
        1.1041542950731058
    ],
    "testproblem": "cifar10_3c3d",
    "train_accuracies": [
        0.10056089743589744,
        0.39393028846153844,
        0.5296474358974359,
        0.6267027243589743,
        0.6592548076923077,
        0.6803886217948718
    ],
    "optimizer_hyperparams": {
        "lr": null
    },
    "optimizer_name": "PreconditionedSGD_noinit",
    "valid_losses": [
        2.6586549618305306,
        1.810176194860385,
        1.46437484675493,
        1.2398017432827215,
        1.1505384307641249,
        1.1062431492102451
    ],
    "batch_size": 32,
    "train_losses": [
        2.6599528384514346,
        1.927507798641156,
        1.5623423258463542,
        1.2919837203927529,
        1.2030570701910899,
        1.130563490665876
    ],
    "minibatch_train_losses": [
        2.6599528384514346,
        2.661571502685547,
        2.6620047092437744,
        2.662567615509033,
        2.646179676055908,
        2.6541006565093994,
        2.6252079010009766,
        2.5706517696380615,
        2.492917060852051,
        2.6524527072906494,
        2.59390926361084,
        2.506685256958008,
        2.5149648189544678,
        2.6291706562042236,
        2.4624462127685547,
        2.3608763217926025,
        2.4478073120117188,
        2.7544326782226562,
        2.354781150817871,
        2.369086980819702,
        2.328944683074951,
        2.3550825119018555,
        2.250643014907837,
        2.4142613410949707,
        2.4150829315185547,
        2.3030824661254883,
        2.4190073013305664,
        2.3919906616210938,
        2.2465991973876953,
        2.4664955139160156,
        2.135374069213867,
        2.200320243835449,
        2.2847297191619873,
        2.35890793800354,
        2.3093209266662598,
        2.167470932006836,
        2.119098663330078,
        2.353511333465576,
        2.3073482513427734,
        2.1825194358825684,
        2.4884676933288574,
        2.2303466796875,
        2.7346177101135254,
        2.288548231124878,
        2.3525381088256836,
        2.097592353820801,
        2.3154118061065674,
        2.230830430984497,
        2.351980209350586,
        2.1075897216796875,
        2.4646520614624023,
        2.009871006011963,
        2.27730393409729,
        2.2910280227661133,
        2.0691561698913574,
        2.3051631450653076,
        2.297628879547119,
        2.1157076358795166,
        2.2072556018829346,
        1.9854423999786377,
        2.122729778289795,
        2.1226894855499268,
        2.404850482940674,
        2.317392349243164,
        2.1870195865631104,
        2.1258034706115723,
        1.9680427312850952,
        2.126051187515259,
        1.955746054649353,
        2.086514711380005,
        1.9960741996765137,
        2.0623466968536377,
        2.1093311309814453,
        2.5391883850097656,
        2.1168174743652344,
        2.0578649044036865,
        2.115082025527954,
        1.9508696794509888,
        2.0940754413604736,
        1.9655733108520508,
        2.36547589302063,
        2.3283448219299316,
        2.1951382160186768,
        2.0693612098693848,
        1.9060968160629272,
        2.226357936859131,
        1.825336217880249,
        2.4410605430603027,
        1.7955636978149414,
        2.015653133392334,
        1.974280595779419,
        1.82090425491333,
        2.1165390014648438,
        2.0244805812835693,
        2.399914026260376,
        1.925978422164917,
        2.116710662841797,
        2.2316250801086426,
        1.7262639999389648,
        1.856947422027588,
        1.9764091968536377,
        1.9727091789245605,
        1.9237645864486694,
        2.04835844039917,
        2.0018601417541504,
        2.0753848552703857,
        1.7609115839004517,
        1.833911418914795,
        2.123349189758301,
        1.8838722705841064,
        1.998375654220581,
        1.8666713237762451,
        2.0803945064544678,
        1.9189292192459106,
        2.0038018226623535,
        1.929542064666748,
        2.0533411502838135,
        1.836749792098999,
        2.071777820587158,
        2.181058168411255,
        2.04087495803833,
        2.108363151550293,
        1.759631633758545,
        2.4751436710357666,
        2.15694522857666,
        2.424234390258789,
        1.927507798641156,
        1.7340953350067139,
        1.6731958389282227,
        1.6625375747680664,
        1.7346099615097046,
        1.7481135129928589,
        1.6792051792144775,
        1.9864872694015503,
        1.6420358419418335,
        1.76544189453125,
        1.5759000778198242,
        1.4126189947128296,
        1.8439500331878662,
        1.7312636375427246,
        1.7635306119918823,
        1.8751757144927979,
        1.6537505388259888,
        1.4083161354064941,
        1.6885641813278198,
        1.861619472503662,
        1.7555301189422607,
        1.7993847131729126,
        1.6879026889801025,
        1.6821092367172241,
        1.6980078220367432,
        1.465867280960083,
        1.7934476137161255,
        1.6878427267074585,
        1.7200556993484497,
        1.4621983766555786,
        2.023003578186035,
        1.5851589441299438,
        1.5745424032211304,
        1.773302674293518,
        1.7684369087219238,
        1.9098820686340332,
        1.6118499040603638,
        1.5496922731399536,
        1.8900229930877686,
        2.1334595680236816,
        1.819737434387207,
        1.529693603515625,
        1.6287587881088257,
        1.9938466548919678,
        1.6697272062301636,
        1.580071210861206,
        1.5305981636047363,
        1.7521655559539795,
        1.4441794157028198,
        1.616565465927124,
        1.5933663845062256,
        2.07578706741333,
        1.4591703414916992,
        1.9185643196105957,
        1.536327838897705,
        1.5858651399612427,
        1.620111346244812,
        1.7400596141815186,
        1.2998378276824951,
        1.5247395038604736,
        1.6165895462036133,
        1.81513512134552,
        1.6526339054107666,
        1.5122110843658447,
        1.593364953994751,
        1.6227762699127197,
        1.4628630876541138,
        1.9664888381958008,
        1.751063346862793,
        1.707420825958252,
        1.4436140060424805,
        1.8724651336669922,
        1.525529384613037,
        1.5092860460281372,
        1.4486784934997559,
        1.830754041671753,
        1.2926431894302368,
        1.4641673564910889,
        1.6097944974899292,
        1.33157217502594,
        1.6938812732696533,
        1.4514925479888916,
        1.5927611589431763,
        1.503944754600525,
        1.8078984022140503,
        1.4599326848983765,
        1.5313783884048462,
        1.8022338151931763,
        1.710658311843872,
        1.7970083951950073,
        1.8144258260726929,
        1.5894917249679565,
        1.4008893966674805,
        1.5728981494903564,
        1.905608057975769,
        1.697165846824646,
        1.7870653867721558,
        1.382231593132019,
        1.6334686279296875,
        1.6929398775100708,
        1.7541145086288452,
        1.814374566078186,
        1.6358710527420044,
        1.214390754699707,
        1.5371400117874146,
        1.5315781831741333,
        1.5813349485397339,
        1.3433761596679688,
        1.8531264066696167,
        1.741550326347351,
        1.6219433546066284,
        1.4794367551803589,
        1.8311822414398193,
        1.1699672937393188,
        1.5536364316940308,
        1.5121430158615112,
        1.513756275177002,
        1.296738624572754,
        1.5217205286026,
        1.7635498046875,
