{
    "random_seed": 48,
    "optimizer_hyperparams": {
        "lr": null
    },
    "test_accuracies": [
        0.09364983974358974,
        0.42978766025641024,
        0.557792467948718,
        0.6480368589743589,
        0.6651642628205128,
        0.6651642628205128
    ],
    "training_params": {},
    "weight_decay": null,
    "testproblem": "cifar10_3c3d",
    "optimizer_name": "PreconditionedSGD_noinit",
    "valid_accuracies": [
        0.09094551282051282,
        0.42888621794871795,
        0.5517828525641025,
        0.6469350961538461,
        0.6638621794871795,
        0.6715745192307693
    ],
    "train_losses": [
        2.658760611063395,
        1.9404948472212522,
        1.5754387638507745,
        1.3120496863356004,
        1.2582908089344318,
        1.2507864725895417
    ],
    "minibatch_train_losses": [
        2.658760611063395,
        2.6617448329925537,
        2.651484489440918,
        2.661436080932617,
        2.6408462524414062,
        2.6583969593048096,
        2.605471611022949,
        2.6144580841064453,
        2.607334613800049,
        2.604503870010376,
        2.5652756690979004,
        2.4977657794952393,
        2.5400748252868652,
        2.4299025535583496,
        2.5507051944732666,
        2.4158709049224854,
        2.40181303024292,
        2.566997528076172,
        2.3275556564331055,
        2.386028289794922,
        2.369209051132202,
        2.444474458694458,
        2.4115819931030273,
        2.4256560802459717,
        2.229573965072632,
        2.3552591800689697,
        2.4949376583099365,
        2.4795215129852295,
        2.3347387313842773,
        2.369370222091675,
        2.392394781112671,
        2.2733798027038574,
        2.314424514770508,
        2.251829147338867,
        2.367894172668457,
        2.1479430198669434,
        2.389437437057495,
        2.3131601810455322,
        2.284454822540283,
        2.302684783935547,
        2.125105619430542,
        2.255892276763916,
        2.170984983444214,
        2.782480001449585,
        2.3346543312072754,
        2.004397392272949,
        2.284308433532715,
        2.3800220489501953,
        2.3251750469207764,
        2.2407748699188232,
        2.1371347904205322,
        2.1188807487487793,
        2.3322389125823975,
        2.073519706726074,
        2.170198917388916,
        1.9986481666564941,
        2.1849939823150635,
        2.249392032623291,
        2.163492441177368,
        2.0388224124908447,
        1.8706718683242798,
        2.236706018447876,
        2.266655445098877,
        2.15290904045105,
        2.0820207595825195,
        2.4104316234588623,
        2.3050789833068848,
        1.9339425563812256,
        2.069333553314209,
        2.0382754802703857,
        2.440767288208008,
        2.1759450435638428,
        1.884310245513916,
        2.2005057334899902,
        2.2541303634643555,
        2.3433079719543457,
        1.749152660369873,
        2.3384106159210205,
        2.1564064025878906,
        2.1681346893310547,
        2.0926194190979004,
        1.940009355545044,
        2.0910730361938477,
        2.0449934005737305,
        2.024698257446289,
        2.1745967864990234,
        1.9988025426864624,
        2.0668892860412598,
        1.7692736387252808,
        2.1689162254333496,
        2.2714297771453857,
        2.1651172637939453,
        2.101365327835083,
        1.8121252059936523,
        1.981642246246338,
        1.9997938871383667,
        2.0064210891723633,
        1.9708393812179565,
        2.2431092262268066,
        2.03566312789917,
        1.9857796430587769,
        1.9731590747833252,
        2.0563414096832275,
        1.8891968727111816,
        1.8159492015838623,
        2.0561158657073975,
        2.004401683807373,
        1.91609787940979,
        1.679853081703186,
        2.0275890827178955,
        2.114694356918335,
        2.0570125579833984,
        1.9352995157241821,
        2.0272114276885986,
        2.031097412109375,
        1.8884484767913818,
        2.235866069793701,
        1.8155956268310547,
        1.901376724243164,
        2.330214500427246,
        1.934720516204834,
        1.838861346244812,
        1.8242950439453125,
        1.8130251169204712,
        1.9250576496124268,
        1.573927402496338,
        1.9404948472212522,
        1.9272887706756592,
        1.96377432346344,
        1.9997310638427734,
        1.7143635749816895,
        1.6862941980361938,
        1.8291350603103638,
        1.617579460144043,
        1.5015201568603516,
        1.7145144939422607,
        1.8871629238128662,
        1.991973638534546,
        1.7579092979431152,
        1.3939422369003296,
        1.6995431184768677,
        1.9819585084915161,
        2.0474767684936523,
        1.543431043624878,
        1.9058918952941895,
        1.5148470401763916,
        1.463472843170166,
        1.8267903327941895,
        1.658477783203125,
        1.6718076467514038,
        1.7130558490753174,
        1.697561502456665,
        1.9366123676300049,
        1.7363828420639038,
        1.8902456760406494,
        1.840516209602356,
        1.9013994932174683,
        2.0319578647613525,
        1.4859392642974854,
        1.8017505407333374,
        1.740337610244751,
        1.6551284790039062,
        1.4961835145950317,
        1.8991254568099976,
        1.5930640697479248,
        1.6865341663360596,
        1.9534990787506104,
        1.34725821018219,
        1.8259724378585815,
        1.608452558517456,
        1.7655342817306519,
        2.064987897872925,
        2.186063766479492,
        1.665235161781311,
        1.4565258026123047,
        2.0788233280181885,
        1.51112699508667,
        1.7985060214996338,
        1.6548843383789062,
        1.8377569913864136,
        1.9555909633636475,
        1.938599705696106,
        1.491113305091858,
        1.6760019063949585,
        1.5925108194351196,
        1.9051649570465088,
        2.0801825523376465,
        1.8892542123794556,
        1.837942361831665,
        1.4974658489227295,
        1.6397472620010376,
        1.4300791025161743,
        1.8401942253112793,
        1.5285134315490723,
        1.3688178062438965,
        1.6142698526382446,
        1.5112087726593018,
        1.6080985069274902,
        2.0634570121765137,
        1.456046462059021,
        1.6472938060760498,
        1.8215200901031494,
        1.6120655536651611,
        1.9278864860534668,
        1.6006096601486206,
        1.8454538583755493,
        1.870046615600586,
        1.6805124282836914,
        1.8132697343826294,
        1.7858463525772095,
        2.081294059753418,
        1.7087570428848267,
        1.6324360370635986,
        1.6775212287902832,
        1.275632381439209,
        1.7260792255401611,
        2.2176530361175537,
        1.464307427406311,
        1.6610405445098877,
        1.7039318084716797,
        1.5776478052139282,
        1.8776299953460693,
        1.588897466659546,
        1.8686716556549072,
        1.9673435688018799,
        1.777114748954773,
        1.5706632137298584,
        1.8803168535232544,
        1.5602747201919556,
        1.5947810411453247,
        1.5308045148849487,
        1.5489835739135742,
        1.3140102624893188,
        1.722497820854187,
        1.6655864715576172,
        1.3901393413543701,
        1.4641408920288086,
        1.6765345335006714,
        1.8989039659500122,
        1.3722071647644043,
        1.5387779474258423,
        1.9033676385879517,
        1.771382451057434,
        1.523911714553833,
        1.554241418838501,
        1.3611927032470703,
        1.6952321529388428,
        1.5886762142181396,
        1.586161732673645,
        1.631883978843689,
        1.3268756866455078,
        1.8329719305038452,
        1.5754387638507745,
        1.4271059036254883,
        1.533727765083313,
        1.4903963804244995,
        1.5867629051208496,
        1.3889955282211304,
