{
    "random_seed": 42,
    "optimizer_name": "Preconditioner",
    "training_params": {},
    "train_losses": [
        2.3819067294781027,
        0.06189295191031236
    ],
    "optimizer_hyperparams": {
        "prior_iterations": 5,
        "num_observations": 5,
        "est_rank": 2,
        "lr": 0.01
    },
    "train_accuracies": [
        0.061197916666666664,
        0.9810697115384616
    ],
    "test_accuracies": [
        0.056790865384615384,
        0.9811698717948718
    ],
    "num_epochs": 1,
    "batch_size": 128,
    "weight_decay": null,
    "test_losses": [
        2.3893722265194626,
        0.059406458209149346
    ],
    "minibatch_train_losses": [
        2.3841285705566406,
        2.417020320892334,
        2.084463119506836,
        1.510417103767395,
        0.6023228764533997,
        0.42586132884025574,
        1.1001496315002441,
        0.4318399131298065,
        0.3938232362270355,
        0.09394138306379318,
        0.19481205940246582,
        0.2678331732749939,
        0.3181472420692444,
        0.17957256734371185,
        0.23973968625068665,
        0.2435457408428192,
        0.36880218982696533,
        0.2022171914577484,
        0.10738365352153778,
        0.10491964221000671,
        0.20502585172653198,
        0.06161204352974892,
        0.12076272815465927,
        0.2065732479095459,
        0.06640105694532394,
        0.19241845607757568,
        0.10949677973985672,
        0.17887695133686066,
        0.09531129151582718,
        0.15873079001903534,
        0.023873556405305862,
        0.05796670541167259,
        0.03971577435731888,
        0.099168561398983,
        0.10640273988246918,
        0.1262475848197937,
        0.014518056064844131,
        0.07451040297746658,
        0.10920562595129013,
        0.019513212144374847,
        0.021668970584869385,
        0.10082466900348663,
        0.10629851371049881,
        0.06251931935548782,
        0.1803801953792572,
        0.06176844239234924,
        0.28288915753364563
    ],
    "testproblem": "mnist_2c2d"
}