{
    "testproblem": "mnist_2c2d",
    "batch_size": 128,
    "num_epochs": 1,
    "random_seed": 42,
    "weight_decay": null,
    "optimizer_name": "Preconditioner",
    "optimizer_hyperparams": {
        "est_rank": 2,
        "num_observations": 5,
        "prior_iterations": 5,
        "lr": 0.01
    },
    "training_params": {},
    "train_losses": [
        2.381906650005243,
        0.06510982543039016
    ],
    "test_losses": [
        2.389372183726384,
        0.06112401058467535
    ],
    "minibatch_train_losses": [
        2.3841288089752197,
        2.4170210361480713,
        2.086219072341919,
        1.5129354000091553,
        0.5536462068557739,
        0.3688013553619385,
        1.1074219942092896,
        0.3339433968067169,
        0.39972811937332153,
        0.10458880662918091,
        0.16742706298828125,
        0.24905508756637573,
        0.2832079529762268,
        0.1891201138496399,
        0.15869255363941193,
        0.17970815300941467,
        0.3234979510307312,
        0.23080416023731232,
        0.19702976942062378,
        0.039810650050640106,
        0.2626500427722931,
        0.08226656913757324,
        0.112647645175457,
        0.15048342943191528,
        0.09864799678325653,
        0.14386972784996033,
        0.18986663222312927,
        0.18521419167518616,
        0.1326894611120224,
        0.2333817183971405,
        0.0528520829975605,
        0.05989791452884674,
        0.040775615721940994,
        0.06587112694978714,
        0.04431385174393654,
        0.13174253702163696,
        0.023997614160180092,
        0.12646780908107758,
        0.06845250725746155,
        0.08251422643661499,
        0.02239510416984558,
        0.10137426853179932,
        0.11339034140110016,
        0.054005179554224014,
        0.1466144323348999,
        0.027058914303779602,
        0.24160803854465485
    ],
    "train_accuracies": [
        0.061197916666666664,
        0.9807692307692307
    ],
    "test_accuracies": [
        0.056790865384615384,
        0.9813701923076923
    ]
}