{
    "testproblem": "mnist_2c2d",
    "batch_size": 128,
    "num_epochs": 1,
    "random_seed": 42,
    "weight_decay": null,
    "optimizer_name": "Preconditioner",
    "optimizer_hyperparams": {
        "est_rank": 2,
        "num_observations": 5,
        "prior_iterations": 5,
        "lr": 0.01
    },
    "training_params": {},
    "train_losses": [
        2.3819066194387584,
        0.05464430843503811
    ],
    "test_losses": [
        2.389372174556439,
        0.05019044718490197
    ],
    "minibatch_train_losses": [
        2.3841288089752197,
        2.4170212745666504,
        2.0852792263031006,
        1.5235196352005005,
        0.6070623993873596,
        0.4150116443634033,
        1.1048274040222168,
        0.4621022939682007,
        0.4218505024909973,
        0.09969685226678848,
        0.19686397910118103,
        0.22928200662136078,
        0.29527920484542847,
        0.23130293190479279,
        0.30031630396842957,
        0.259237140417099,
        0.3181556165218353,
        0.23190733790397644,
        0.16793425381183624,
        0.1327899992465973,
        0.23322448134422302,
        0.08427385985851288,
        0.2091064155101776,
        0.17818032205104828,
        0.06416918337345123,
        0.10796579718589783,
        0.16413632035255432,
        0.08646874129772186,
        0.12765072286128998,
        0.21769586205482483,
        0.03562931343913078,
        0.03243310749530792,
        0.036906979978084564,
        0.07223623245954514,
        0.1193513572216034,
        0.1447257399559021,
        0.024580463767051697,
        0.11802269518375397,
        0.024840202182531357,
        0.029254388064146042,
        0.04522097855806351,
        0.1175120621919632,
        0.12799309194087982,
        0.026544075459241867,
        0.12503565847873688,
        0.036202915012836456,
        0.2515594959259033
    ],
    "train_accuracies": [
        0.061197916666666664,
        0.9829727564102564
    ],
    "test_accuracies": [
        0.056790865384615384,
        0.985176282051282
    ]
}