{
    "testproblem": "mnist_2c2d",
    "batch_size": 128,
    "num_epochs": 1,
    "random_seed": 42,
    "weight_decay": null,
    "optimizer_name": "Preconditioner",
    "optimizer_hyperparams": {
        "est_rank": 2,
        "num_observations": 5,
        "prior_iterations": 5,
        "lr": 0.01
    },
    "training_params": {},
    "train_losses": [
        2.3819066194387584,
        0.08458828400724973
    ],
    "valid_losses": [
        2.38106399621719,
        0.1007957044415749
    ],
    "test_losses": [
        2.389372174556439,
        0.0798130598014746
    ],
    "minibatch_train_losses": [
        2.3661463260650635,
        2.4389448165893555,
        2.1513946056365967,
        1.326399803161621,
        0.7166549563407898,
        0.46855077147483826,
        0.45009854435920715,
        0.5509237051010132,
        0.25709331035614014,
        0.24237407743930817,
        0.32941609621047974,
        0.29410943388938904,
        0.24426452815532684,
        0.2361433506011963,
        0.06279568374156952,
        0.20107172429561615,
        0.0696423202753067,
        0.13038131594657898,
        0.12089382112026215,
        0.22962886095046997,
        0.02888300269842148,
        0.025502018630504608,
        0.04531405121088028,
        0.09978510439395905,
        0.09103314578533173,
        0.2210284322500229,
        0.15335991978645325,
        0.25961652398109436,
        0.19413843750953674,
        0.2658628821372986,
        0.0914681926369667,
        0.20310412347316742,
        0.07190258055925369,
        0.0949004739522934,
        0.09175722301006317,
        0.10030771791934967,
        0.14625777304172516,
        0.10494519770145416,
        0.08565763384103775
    ],
    "train_accuracies": [
        0.061197916666666664,
        0.9748597756410257
    ],
    "valid_accuracies": [
        0.06290064102564102,
        0.9721554487179487
    ],
    "test_accuracies": [
        0.056790865384615384,
        0.9767628205128205
    ]
}