{
    "testproblem": "quadratic_deep",
    "batch_size": 32,
    "num_epochs": 20,
    "random_seed": 42,
    "weight_decay": null,
    "optimizer_name": "SGD",
    "optimizer_hyperparams": {
        "lr": 0.0021544346900318843
    },
    "training_params": {},
    "train_losses": [
        554.0950297694052,
        102.3381094163464,
        100.23674872613722,
        99.20825835197202,
        98.03690633466167,
        97.0812259797127,
        96.13632029871786,
        95.23937816004599,
        94.64415593301096,
        94.01129051946825,
        93.27500595584992,
        92.64928854665449,
        91.9083977976153,
        91.5537343179026,
        91.20443922473538,
        90.89006805419922,
        90.43246509182838,
        90.30685818579889,
        89.7299575805664,
        89.59915825628465,
        89.13049094907699
    ],
    "valid_losses": [
        549.6072141585812,
        102.33135789440524,
        100.44423183318108,
        99.23373413085938,
        98.16544908092868,
        97.14664754559917,
        96.36916228263608,
        95.6300784695533,
        94.808835921749,
        94.07571755686114,
        93.69352426836568,
        92.84927318942162,
        92.23040943761026,
        91.84974965741557,
        91.37854126961001,
        90.85553766066029,
        90.58969116210938,
        90.09550131520918,
        89.90265384797127,
        89.69455965103641,
        89.35443016790575
    ],
    "test_losses": [
        555.6639010521674,
        104.31109668362525,
        102.39154471120527,
        101.25057294291835,
        100.08658599853516,
        98.99423390050089,
        98.13074616462954,
        97.57271748204386,
        96.73844269783267,
        95.9182837701613,
        95.45044929750505,
        94.7623785695722,
        94.25775810980028,
        93.77001830070249,
        93.33663398988786,
        92.83290641538558,
        92.48849659581339,
        92.09495126047442,
        91.71580210039693,
        91.55064588977444,
        91.17715700211063
    ],
    "minibatch_train_losses": [
        566.6171875,
        147.30850219726562,
        112.3919677734375,
        104.25739288330078,
        110.52739715576172,
        93.5775146484375,
        95.88995361328125,
        93.60407257080078,
        108.81684112548828,
        104.38388061523438,
        93.17628479003906,
        99.90582275390625,
        117.47542572021484,
        101.5202407836914,
        96.88681030273438,
        107.32212829589844,
        101.14308166503906,
        101.81401062011719,
        91.87395477294922,
        92.91179656982422,
        101.91726684570312,
        107.06015014648438,
        88.90789794921875,
        93.94359588623047,
        96.26067352294922,
        105.29407501220703,
        97.50407409667969,
        97.85424041748047,
        105.29248046875,
        95.88908386230469,
        99.25092315673828,
        89.37582397460938,
        88.90137481689453,
        90.74038696289062,
        94.42919921875,
        91.60101318359375,
        94.65316009521484,
        96.62781524658203,
        94.0244369506836,
        92.59319305419922,
        94.12451934814453,
        96.79288482666016,
        92.57506561279297,
        101.30642700195312,
        101.17607116699219,
        86.1722412109375,
        81.50067901611328,
        93.26680755615234,
        91.88324737548828,
        88.25883483886719,
        96.42094421386719,
        102.10701751708984,
        98.0313949584961,
        97.18879699707031,
        88.69883728027344,
        87.80223083496094,
        87.60282135009766,
        94.36334228515625,
        91.33070373535156,
        93.16437530517578,
        92.27423095703125,
        82.20053100585938,
        94.83111572265625,
        79.86182403564453,
        98.41405487060547,
        98.67057800292969,
        89.1913070678711,
        81.54933166503906,
        93.75849914550781,
        82.33882141113281,
        101.16280364990234,
        100.256103515625,
        85.34990692138672,
        89.05668640136719,
        79.15203857421875,
        92.19487762451172,
        83.7546157836914,
        83.4873275756836,
        87.36347961425781,
        90.33193969726562
    ]
}