{
    "random_seed": 42,
    "optimizer_hyperparams": {
        "num_observations": 5,
        "est_rank": 2,
        "prior_iterations": 5
    },
    "test_accuracies": [
        0.056790865384615384,
        0.09745592948717949
    ],
    "optimizer_name": "Preconditioner",
    "num_epochs": 1,
    "batch_size": 128,
    "train_losses": [
        2.3819067294781027,
        2.3102714526347623
    ],
    "testproblem": "mnist_2c2d",
    "test_losses": [
        2.3893722265194626,
        2.3102764869347596
    ],
    "train_accuracies": [
        0.061197916666666664,
        0.10526842948717949
    ],
    "weight_decay": null,
    "training_params": {},
    "minibatch_train_losses": [
        2.3841285705566406,
        2.417020320892334,
        1.47065269947052,
        3.8994696140289307,
        0.6847169995307922,
        0.5292237401008606,
        0.9953153729438782,
        0.5634136199951172,
        0.98686683177948,
        1.030700445175171,
        1.9720145463943481,
        1.3371601104736328,
        3.4678590297698975,
        2.467111110687256,
        3.776887893676758,
        2.3669981956481934,
        2.4985601902008057,
        2.3052055835723877,
        2.3186686038970947,
        2.3611488342285156,
        2.342480421066284,
        2.351862668991089,
        2.325035333633423,
        2.3563103675842285,
        2.282036304473877,
        2.3139193058013916,
        2.3349814414978027,
        2.300116777420044,
        2.3148140907287598,
        2.308807849884033,
        2.302823066711426,
        2.2916369438171387,
        2.3190970420837402,
        2.326141834259033,
        2.3095664978027344,
        2.30444598197937,
        2.306468963623047,
        2.3407180309295654,
        2.3186168670654297,
        2.316437244415283,
        2.314405679702759,
        2.305276870727539,
        2.3055858612060547,
        2.325183629989624,
        2.307234287261963,
        2.308586359024048,
        2.3124632835388184
    ]
}