{
    "testproblem": "mnist_2c2d",
    "batch_size": 128,
    "num_epochs": 1,
    "random_seed": 42,
    "weight_decay": null,
    "optimizer_name": "Preconditioner",
    "optimizer_hyperparams": {
        "est_rank": 2,
        "num_observations": 5,
        "prior_iterations": 5
    },
    "training_params": {},
    "train_losses": [
        2.3819066194387584,
        2.3819066194387584
    ],
    "valid_losses": [
        2.38106399621719,
        2.38106399621719
    ],
    "test_losses": [
        2.389372174556439,
        2.389372174556439
    ],
    "minibatch_train_losses": [
        2.3661463260650635,
        2.4389448165893555,
        1.351582646369934,
        0.6640604734420776,
        0.5641178488731384,
        0.35428503155708313,
        0.3324171304702759,
        0.3271910548210144,
        0.24298374354839325,
        0.6806234121322632,
        0.813694179058075,
        0.5832182168960571,
        0.2889738976955414,
        1.090386986732483,
        0.36270469427108765,
        0.4783984422683716,
        0.4395430088043213,
        0.8723706007003784,
        0.35967209935188293,
        1.0602220296859741,
        1.4141753911972046,
        1.001574158668518,
        1.4943453073501587,
        3.618368625640869,
        5.6877665519714355,
        43402.42578125,
        NaN,
        NaN,
        NaN,
        NaN,
        NaN,
        NaN,
        NaN,
        NaN,
        NaN,
        NaN,
        NaN,
        NaN,
        NaN,
        2.3661463260650635
    ],
    "train_accuracies": [
        0.061197916666666664,
        0.061197916666666664
    ],
    "valid_accuracies": [
        0.06290064102564102,
        0.06290064102564102
    ],
    "test_accuracies": [
        0.056790865384615384,
        0.056790865384615384
    ]
}