{
    "testproblem": "quadratic_deep",
    "batch_size": 32,
    "num_epochs": 100,
    "random_seed": 45,
    "weight_decay": null,
    "optimizer_name": "Preconditioner",
    "optimizer_hyperparams": {
        "lr": null
    },
    "training_params": {},
    "train_losses": [
        299.2254825715096,
        104.20995872251449,
        101.80102612895351,
        95.72730722735005,
        94.45926493983114,
        91.90984812090474,
        90.93258150162235,
        90.08643808672505,
        89.99928972798008,
        90.42443921489101,
        89.21209003079322,
        88.56759175946635,
        88.8502431069651,
        88.77357384466356,
        88.71260341521233,
        88.03522048457977,
        89.52042610414567,
        87.84957615021736,
        88.53700280958607,
        88.53526601483745,
        87.8109854421308,
        87.70946428852696,
        88.2357441071541,
        88.1365961874685,
        88.99593279438633,
        88.77689533848917,
        90.65345911825857,
        87.74092545047883,
        88.25523548741495,
        87.30614446824596,
        87.53382676647556,
        89.80900426064768,
        87.36398610761088,
        88.90843422182145,
        87.69788631316155,
        87.32836618731099,
        88.74861981791835,
        88.5845467352098,
        87.91126226609752,
        89.77325784006426,
        87.39976501464844,
        88.58521467639554,
        88.97185664023122,
        87.51335094821069,
        90.12752754457536,
        88.93162684286794,
        88.60163953227382,
        89.0225096671812,
        88.11509532313192,
        87.52679566414126,
        87.62570165818737,
        89.75517322171119,
        87.54746640113092,
        89.45605148807648,
        87.33915169008317,
        88.960205570344,
        88.38123493809854,
        88.91207861131237,
        87.39263226909023,
        87.86354040330455,
        88.67479558144846,
        89.3006606563445,
        88.4001957062752,
        87.985838859312,
        87.32301084456905,
        89.15046076620779,
        89.09476717056766,
        88.48534393310547,
        88.11473871046498,
        87.8296375889932,
        87.26275167157573,
        88.02074284707346,
        87.89990726594002,
        90.04369846467048,
        89.02934019027218,
        87.47112618723223,
        89.48131561279297,
        90.90805373653289,
        87.12604104318926,
        87.23519060688633,
        90.25473317792338,
        87.05467667118195,
        88.26663060342112,
        87.58883420882687,
        87.06058452975365,
        88.58765829763105,
        87.91859829810357,
        87.39291677167338,
        88.4463153962166,
        88.85401448895854,
        87.18606739659464,
        87.86409242691532,
        88.2703372586158,
        87.44889339323967,
        87.76155213386782,
        87.57930952502835,
        87.2585919287897,
        88.95081526233304,
        87.75879841466104,
        88.94708178120274,
        87.87199180356917
    ],
    "valid_losses": [
        294.685304703251,
        103.5316885671308,
        101.33440473002773,
        95.39734551214403,
        93.86912364344442,
        91.78122858847341,
        90.60119604295299,
        89.25815754552042,
        89.67164291874055,
        90.32186938870338,
        88.78780340379284,
        88.66892882316343,
        88.24034660093245,
        88.4477036999118,
        88.0661857358871,
        87.20170322541267,
        89.21720270956716,
        87.31642790763608,
        87.97165163101688,
        88.2728985201928,
        86.77085310412991,
        87.16451706424836,
        88.09950379402407,
        87.38267960086945,
        88.6163593415291,
        88.63253562681136,
        90.50764612997732,
        87.73665102066532,
        87.57029108847341,
        86.94428400839529,
        87.00353044079196,
        89.23764358028289,
        87.20033362603957,
        87.99005176175025,
        87.17628651280558,
        87.41447054955268,
        88.4821051320722,
        87.8187999110068,
        87.51307924332157,
        89.2338638305664,
        87.34395402477634,
        88.24200070288873,
        87.98154523295742,
        87.30678263018208,
        89.47568142798639,
        88.96385438980595,
        88.00933714835874,
        89.05796075636341,
        87.08872296733242,
        87.03721544819493,
        86.48537346624559,
        89.97086063508064,
        87.51543943343624,
        88.65248452463457,
        86.824461906187,
        88.41543948265814,
        87.55818127047631,
        88.21085037723664,
        86.9855216241652,
        87.44547690114668,
        87.83609427175215,
        89.26534000519783,
        87.23631581952495,
        87.424561531313,
        87.19781592584425,
        88.62348421158329,
        88.50724767869518,
        89.09761342694682,
        87.90641366281817,
        87.4394056258663,
        86.97106318319997,
        88.3514170492849,
        87.85236457086378,
        90.05910368888608,
        88.73120658628402,
        86.66801871022871,
        88.37238927041331,
        90.15635484264743,
        86.70583220451108,
        86.6986342399351,
        89.91797514884702,
        86.46613065658077,
        87.3958720545615,
        87.31875610351562,
        86.79462408250377,
        87.85400956676853,
        87.32232641404674,
        86.46485753213206,
        87.61049504433909,
        88.20701254567793,
        87.03851859800277,
        88.0459486438382,
        87.81414598034274,
        87.1883544921875,
        87.37954908801663,
        86.70987036920363,
        87.0142817343435,
        87.87608805010396,
        87.50869258757561,
        88.04911681144468,
        86.95309202132687
    ],