{
    "testproblem": "quadratic_deep",
    "batch_size": 32,
    "num_epochs": 100,
    "random_seed": 43,
    "weight_decay": null,
    "optimizer_name": "Preconditioner",
    "optimizer_hyperparams": {
        "lr": null
    },
    "training_params": {},
    "train_losses": [
        225.04178693217617,
        102.5554706204322,
        99.48358769570628,
        93.89778186428931,
        92.88735002087009,
        90.25740838819935,
        89.43707349223476,
        87.90125200825352,
        88.01129790275327,
        88.0437725436303,
        86.89870379048008,
        88.70166483233052,
        87.2157725672568,
        87.49655077534337,
        86.1758292413527,
        86.55198792488345,
        86.9448003461284,
        87.96530422087639,
        85.81619804136214,
        88.14072590489542,
        85.57753975160661,
        86.18589635049143,
        87.21599652690273,
        87.01444588938067,
        86.56327672158518,
        85.01759436822707,
        86.58753671953755,
        85.05990502142137,
        85.80622888380482,
        85.41995756087765,
        85.92907099569997,
        85.48467722246724,
        86.34472360918599,
        85.22575993691721,
        86.29638179655998,
        86.22337316697643,
        85.02312863257623,
        85.58096288865612,
        86.56326859997165,
        85.12792550363848,
        85.20726677679247,
        85.42708612257435,
        85.44052124023438,
        86.31879326605028,
        85.20767187303112,
        88.04374079550466,
        85.91278026949975,
        85.1688987978043,
        86.68595738564768,
        85.01305857012349,
        85.79821285124748,
        85.93580873550907,
        86.4491230134041,
        85.15911668346774,
        85.62796242006364,
        84.95362804782006,
        86.00782578991306,
        86.09509548064202,
        87.10862313547442,
        85.83839687224358,
        86.12958821942729,
        86.16205424647177,
        85.51756877283896,
        86.44870142782888,
        85.7358873428837,
        85.95412420457409,
        86.29713784494707,
        85.32760546284337,
        85.14935991840977,
        86.1725082397461,
        87.37483978271484,
        85.91066372779107,
        85.8666020054971,
        85.53321198494204,
        86.08539212134576,
        85.70870947068737,
        87.9624756843813,
        85.20777966899257,
        87.86219024658203,
        85.59215767152848,
        86.1386460335024,
        85.64899247692478,
        86.64028610721711,
        86.0424319851783,
        86.6990221085087,
        85.73493859075731,
        85.82804156887916,
        85.48575739706716,
        86.37871920677924,
        85.80866069178427,
        86.68752830259261,
        84.77711609871157,
        86.39847318587765,
        84.94226492604902,
        88.19147368400327,
        86.80299943493259,
        85.09164748653289,
        85.07318164456275,
        85.10154970230595,
        84.86332333472467,
        85.41175153178554
    ],
    "valid_losses": [
        230.73556174001385,
        106.30391028619582,
        102.68806605185232,
        96.70404200400075,
        95.89767234556136,
        93.3174312960717,
        92.6149168937437,
        91.38731187389743,
        91.42682401595577,
        90.90277148831275,
        90.2644803447108,
        90.83999683010963,
        90.23501586914062,
        91.19153127362651,
        89.34772614509829,
        89.4837631717805,
        89.93404683759135,
        91.37123132521107,
        89.32340732697517,
        91.75517888222971,
        88.32321437712639,
        89.73472915157195,
        90.0181141514932,
        90.44395889774445,
        89.09050799954322,
        88.04554822368007,
        90.10677682199785,
        87.93545950612715,
        88.81942109138735,
        88.49804810554751,
        88.8731947868101,
        88.63695132347846,
        89.49994241037676,
        88.8483150851342,
        88.93266074888167,
        89.1199449108493,
        88.21014207409274,
        88.91151182113155,
        89.25662452943864,
        88.71711878622732,
        88.28604372086063,
        88.63975500291393,
        88.11963924284905,
        89.557128414031,
        88.20038309404927,
        90.44141732492754,
        89.3307116108556,
        88.28650714505103,
        89.92693205802671,
        88.03708033407888,
        88.7351829774918,
        88.67526343560988,
        90.06193320981917,
        88.18176663306451,
        89.08741907919607,
        87.9237811180853,
        88.77879111997542,
        89.5319555959394,
        90.90233808948147,
        88.97165138490739,
        89.5665297969695,
        89.87774756646925,
        88.94512053458921,
        89.97661590576172,
        88.7635488202495,
        89.15286181049962,
        88.9368145850397,
        88.41258658132246,
        88.0645995601531,
        88.94640694895098,
        89.9939233103106,
        88.95933385049143,
        88.92962818761026,
        88.78868865966797,
        89.4446032124181,
        88.37431015506867,
        90.73560308641002,
        88.0365484914472,
        90.51873459354523,
        88.64287444083921,
        88.88381810342112,
        89.07389437767768,
        90.19951875748173,
        89.16028102751702,
        89.45859035368889,
        89.10610075919858,
        88.88510033392137,
        88.24037219632056,
        88.72107351979902,
        88.35760202715474,
        89.54762292677357,
        87.68137433451992,
        89.54911656533518,
        88.03531843616116,
        90.98123808830015,
        90.23700344947076,
        87.97616700203189,
        87.88892315280053,
        88.00104055097026,
        88.30086738832536,
        88.61444411739227
    ],