{
    "testproblem": "quadratic_deep",
    "batch_size": 32,
    "num_epochs": 100,
    "random_seed": 52,
    "weight_decay": null,
    "optimizer_name": "Preconditioner",
    "optimizer_hyperparams": {
        "lr": null
    },
    "training_params": {},
    "train_losses": [
        378.5742433609501,
        105.89151714694115,
        98.4357413015058,
        96.0115489344443,
        95.04411242085118,
        94.08639550978138,
        91.33519326486895,
        89.91971071304813,
        89.5130844116211,
        89.83186955605784,
        91.17313975672567,
        89.49122767294607,
        89.54235126126197,
        89.45153045654297,
        88.29632912912676,
        88.2300287062122,
        89.00847428844821,
        88.73743610997354,
        88.06126920638546,
        88.64463510820943,
        88.45679055490801,
        90.14957674088016,
        88.69993492864793,
        89.49002345915764,
        88.06281305128529,
        88.20481847947643,
        88.07130899736958,
        88.08382637270036,
        87.68171938004032,
        88.35568557247039,
        89.03866847868889,
        89.33130473475302,
        88.3402104531565,
        88.08146470592868,
        87.70364970545614,
        90.27861761277721,
        88.20916132773122,
        88.88279527233493,
        89.11429079117313,
        88.11957796158329,
        88.3261224069903,
        88.47250612320438,
        89.05409782163558,
        88.3026868758663,
        88.73385718560988,
        87.99437442902595,
        88.58919082149383,
        87.73625133883569,
        88.62718939012096,
        87.7517338414346,
        87.74770182947958,
        87.48756999354208,
        87.27873279202369,
        87.56747411912487,
        88.9669681672127,
        88.81853460496471,
        87.95379048009073,
        88.07726287841797,
        88.3615481468939,
        88.12879648516255,
        87.28981559507308,
        87.38655434885332,
        87.88349963772681,
        88.73780379756805,
        88.45548494400516,
        87.00161201723161,
        87.97043191232989,
        89.66538558467742,
        87.54207537251133,
        88.135496570218,
        89.12735699069115,
        87.39122969104397,
        88.04315726987777,
        91.06524855090726,
        87.3009793681483,
        88.5904521326865,
        91.10350135064894,
        87.37248106925718,
        88.53691150296119,
        87.92569831109816,
        89.96629111997542,
        88.62946418023878,
        88.15285861107611,
        87.96388958346459,
        87.36864274547946,
        87.64359701833418,
        88.28659131450038,
        87.94789000480405,
        88.54745483398438,
        89.66224301245904,
        89.79456575455204,
        87.8807104787519,
        87.71118484004852,
        87.38033073179183,
        88.19906197824785,
        89.36615137900075,
        88.76900974396736,
        90.23350672568044,
        88.26051035235005,
        87.79650558963898,
        87.47621450116557
    ],
    "valid_losses": [
        375.7962105043473,
        103.44215073124055,
        97.25136886104461,
        94.06912748275265,
        92.89010472451487,
        92.34233831590221,
        89.71655593379852,
        88.25548725743448,
        87.91530338410408,
        88.41517466883505,
        89.37591651178175,
        87.61590748448526,
        87.2838622062437,
        87.75696859052104,
        86.74143686602193,
        86.98847493817729,
        87.2423573155557,
        87.31074597758632,
        86.42098728302986,
        86.68338898689517,
        86.75306972380608,
        89.23132767215851,
        87.2301768641318,
        88.05252641247165,
        86.1295653312437,
        86.4406967163086,
        86.58551763719127,
        86.3895522086851,
        85.71155572706654,
        86.55665366880355,
        86.90487966229838,
        87.70357168874433,
        87.17031417354461,
        86.75156624086442,
        86.24095572194746,
        89.38807358280305,
        86.8134005146642,
        87.59283201156124,
        86.97804063366306,
        86.35766158565399,
        87.12704000165385,
        87.27879997991747,
        87.96433750275642,
        86.81949517034715,
        87.67376881261026,
        86.95582359067855,
        87.01383799891317,
        85.82324834023753,
        86.44445628504599,
        86.05987327329574,
        86.42340973884829,
        85.61620921473349,
        85.33306294102823,
        85.68551045079386,
        87.18720048473728,
        87.67042123117754,
        86.02353766656691,
        85.9281015703755,
        86.19526795418032,
        85.79800808814264,
        85.3420176352224,
        85.71790362942603,
        86.6150864631899,
        86.7530005670363,
        86.17254466395224,
        85.33665909305695,
        86.33214249149445,
        87.61619395594442,
        86.17151887955204,
        87.15268018168788,
        87.48163407848728,
        85.32209950108683,
        86.23168625370148,
        90.58941551946825,
        85.95447392617503,
        87.19397046489101,
        90.26981747534967,
        86.02653331141317,
        87.05961264333418,
        86.25018753543976,
        88.38265720490486,
        86.48260817989227,
        87.03923920662173,
        86.2555185133411,
        85.72147812381867,
        85.51229612288937,
        86.78692676175025,
        86.21429960189327,
        86.628904281124,
        87.22483948738345,
        88.26192769696635,
        85.92283605760143,
        85.73000901745212,
        85.7020015101279,
        86.56567702754852,
        88.08079701085245,
        86.73386555333292,
        87.59000322895665,
        86.32657770956716,
        85.78565560617754,
        85.77120184129284
    ],