{
    "testproblem": "quadratic_deep",
    "batch_size": 32,
    "num_epochs": 100,
    "random_seed": 46,
    "weight_decay": null,
    "optimizer_name": "Preconditioner",
    "optimizer_hyperparams": {
        "lr": null
    },
    "training_params": {},
    "train_losses": [
        331.58020905525456,
        108.3553698139806,
        101.37956090127268,
        96.78050970262096,
        96.12777685349987,
        94.04844074864542,
        92.40134971372542,
        92.60723975396925,
        92.171876476657,
        91.546142085906,
        91.60155093285346,
        91.1833021102413,
        92.85254127748551,
        90.35325745613345,
        90.3053738993983,
        91.14969241234564,
        92.20831274217174,
        90.68970760222405,
        90.99019696635585,
        90.33908474829889,
        89.27975783809539,
        90.89399300852129,
        90.84581535093245,
        90.2499032789661,
        90.04622625535534,
        88.76257102720199,
        89.98279128536102,
        89.21829740462765,
        89.55682151548324,
        88.71696349113218,
        90.0551265593498,
        94.39984130859375,
        89.64580462055821,
        90.26309154879662,
        89.46688153666835,
        90.19861602783203,
        89.2808124173072,
        92.66790771484375,
        89.34779800907258,
        90.23756654800907,
        89.88180591214088,
        90.11399127591041,
        89.64664754559917,
        89.94644041984311,
        89.87052572927168,
        90.08602265388735,
        90.48772996471774,
        89.08679666826802,
        90.1453623617849,
        89.45030532344695,
        90.62596081149194,
        90.00755703833795,
        88.99796639719317,
        90.08609574840915,
        90.69603778469947,
        90.95165941792149,
        89.5160143452306,
        89.25266044370589,
        89.8910672587733,
        89.10453082669166,
        88.78420479066911,
        90.42098900579637,
        90.01736819359564,
        93.42533776067918,
        91.64638740785661,
        89.93201101979902,
        90.57070750574911,
        89.98491619479272,
        90.0008074852728,
        90.31700897216797,
        91.94022467828566,
        88.97877871605658,
        89.77576175812752,
        89.27549005323841,
        90.54844813193044,
        90.37183306294102,
        90.34493895499936,
        89.06363481090915,
        89.36412245227444,
        90.04563953030494,
        89.21544499551096,
        88.97804112588206,
        89.56040536203692,
        90.14352195493636,
        90.9982427781628,
        88.70311392507246,
        88.78042897870463,
        88.84802123038999,
        91.06651355374244,
        89.87482034006426,
        88.67842102050781,
        88.90363262545678,
        89.61617352885585,
        89.67414289905179,
        89.93804710142074,
        89.01856256300404,
        88.80275037211757,
        89.47395767704133,
        90.21315076274257,
        90.04560433664629,
        89.93036602389428
    ],
    "valid_losses": [
        327.4473936019405,
        106.19007356705204,
        100.06330773138231,
        95.45472323509955,
        95.39879755819997,
        92.95685454337827,
        91.58417412542528,
        91.41990538566343,
        90.67345625354397,
        90.96949915732107,
        90.82406320879537,
        89.63496964977634,
        92.37609592560798,
        89.33262240502143,
        88.8320575837166,
        89.59407904840285,
        90.32506831999748,
        88.98450125417402,
        90.31153278966104,
        89.8537122664913,
        88.1934583110194,
        89.99022600727696,
        89.67835850869456,
        88.72479075770224,
        88.76577512679562,
        87.30289434617565,
        88.73628874747983,
        87.96992984894783,
        88.1780028804656,
        87.33790489935106,
        88.21500569005167,
        92.99902220695249,
        87.96022033691406,
        89.24835918795678,
        88.76881925521359,
        88.24731322257749,
        88.10337263537991,
        92.01397483579574,
        88.2190423780872,
        88.44309505339592,
        88.95143595049458,
        89.21717908305507,
        89.5301026375063,
        88.71453660534274,
        88.49381994432018,
        88.22740640947896,
        89.09848268570438,
        87.17956838300151,
        89.22596740722656,
        88.42425586331275,
        88.30019846270162,
        88.7677021641885,
        87.56345859650642,
        89.45214006977696,
        90.03185862879599,
        89.89572291220388,
        88.78079272854713,
        88.19731878465221,
        88.21006701069493,
        87.82069667693108,
        87.56750045284149,
        89.75440043787802,
        88.45888888451361,
        92.26406318910661,
        90.36060087142452,
        88.22463989257812,
        89.3644273819462,
        88.00522958078692,
        89.15977699525895,
        89.18453364218435,
        90.17445004370904,
        87.81842582456527,
        88.62437438964844,
        87.96548461914062,
        88.67438457858178,
        88.16664148146107,
        88.42497991746471,
        87.2808077412267,
        88.24059886317099,
        88.37229427214592,
        87.94418211906186,
        87.71971499535346,
        88.97147492439517,
        89.01842646444997,
        89.64275064776021,
        87.37486291700795,
        87.7277600688319,
        87.57437453731414,
        89.25027145877961,
        88.87696543047505,
        87.29803959015877,
        87.66300890522618,
        88.13959749283329,
        88.2041507844002,
        89.05554592993951,
        87.81314825242565,
        87.33887014081401,
        87.9898418303459,
        89.3811298493416,
        89.11646098475302,
        87.80753572525516
    ],