{
    "testproblem": "quadratic_deep",
    "batch_size": 32,
    "num_epochs": 100,
    "random_seed": 47,
    "weight_decay": null,
    "optimizer_name": "Preconditioner",
    "optimizer_hyperparams": {
        "lr": null
    },
    "training_params": {},
    "train_losses": [
        404.89266573998236,
        106.78980870400706,
        99.67568034510458,
        97.76810849097467,
        95.92881479570943,
        95.23154031076739,
        92.68566451534149,
        92.05291329660723,
        92.3561261084772,
        91.33264529320502,
        91.36957648492628,
        91.12804486674648,
        90.77515731319305,
        90.63593267625377,
        91.47618792133946,
        92.04657548473728,
        89.89942882907006,
        89.44122191398374,
        90.30683283652029,
        91.98847321541079,
        89.65906130883002,
        91.00737934727823,
        91.08138570477885,
        91.02102611910912,
        89.38524972238848,
        90.80498381583921,
        89.3356173115392,
        89.66983918220767,
        89.7504412743353,
        90.47059975900957,
        90.56028698336694,
        89.17318331810736,
        91.49932664440524,
        91.3680429766255,
        89.32884413196194,
        92.68739368069556,
        92.05304594962827,
        89.93817581668976,
        90.2541011687248,
        90.61707256686303,
        89.13362269247732,
        89.71165023311492,
        94.26221244565902,
        89.47639588386782,
        88.75761265908518,
        89.75892762214907,
        89.45347693658644,
        89.02979229342553,
        89.46541693902785,
        89.75610646893901,
        90.90425651304183,
        93.1182597990959,
        89.07737559656942,
        89.03977301812941,
        89.84774460331086,
        90.6836680750693,
        90.49258570517263,
        90.28067188878214,
        90.54972150248867,
        90.49086539976058,
        90.76181104106288,
        89.29434302545363,
        91.36768661006805,
        88.83009067658455,
        89.20049679663873,
        89.73172440067414,
        88.39871043543661,
        93.21669301679057,
        91.0938452443769,
        90.24996037637034,
        92.08597736973917,
        90.51631410660282,
        89.34966450352823,
        89.02850538684476,
        89.45960653981855,
        90.05189415716356,
        90.15234965662802,
        89.138185562626,
        89.60060488793158,
        88.7884267991589,
        88.59579393940587,
        88.99439707110005,
        88.82762835102696,
        89.76946504654423,
        90.22394143381426,
        89.12149736958165,
        88.61514872889364,
        89.2904037967805,
        90.06432785526398,
        88.92752788912865,
        88.5575421241022,
        89.80294159919985,
        89.00281500047252,
        89.63890371014995,
        91.1789302210654,
        92.4963115569084,
        89.64938305270287,
        89.67164193430254,
        89.354978992093,
        91.37572602302798,
        89.56410561838457
    ],
    "valid_losses": [
        406.84625441028226,
        104.46586707330519,
        96.94178402808404,
        95.26333568942162,
        93.50983404344127,
        93.28684357673892,
        90.10802681215348,
        89.08153656990298,
        89.4826163015058,
        89.04645636773878,
        88.70703789495653,
        88.03027097640499,
        88.02870079778856,
        88.37753394342238,
        88.67309053482548,
        89.61606844009891,
        87.18337077479208,
        87.22463497038811,
        87.9118150280368,
        90.16487515357232,
        87.07260919386341,
        88.14654959401777,
        88.02504336449408,
        88.60020471388295,
        87.05088707708543,
        87.72332074565273,
        86.71944747432586,
        87.117920414094,
        87.24192637781942,
        88.59576071462324,
        88.64290668118385,
        86.43020531439012,
        88.32149973223287,
        89.29384932979461,
        86.64029053718814,
        90.46664453321888,
        89.83460383261404,
        87.20791847475114,
        87.5538349766885,
        88.12716231807586,
        86.8842524866904,
        87.37727380567982,
        91.1265165267452,
        86.81812114100302,
        86.38694123298892,
        87.74673757245463,
        86.70170051820817,
        86.63827613092238,
        86.60801745999244,
        87.47002558554372,
        88.58056000740298,
        90.70406218497983,
        86.89367232784149,
        86.53171071698588,
        87.0425794047694,
        88.46956388411984,
        88.20738244825795,
        87.57007377378402,
        88.206541492093,
        87.9875249555034,
        88.91794143184539,
        86.7705575266192,
        89.1126460413779,
        86.3111340922694,
        86.47788583078692,
        86.91754519554877,
        85.93233170047883,
        90.8227032076928,
        88.66795201455393,
        87.60610838859311,
        89.41810632521107,
        87.70598946848223,
        86.34932585685483,
        86.19969374133694,
        86.61642579109439,
        87.78024119715536,
        87.46237330282888,
        86.71770403462071,
        87.14661850467805,
        86.55184715024886,
        86.18133667976626,
        86.4851554132277,
        86.12471598963583,
        87.3993409679782,
        87.10902823171308,
        86.7037818662582,
        86.44667151666457,
        86.5635747601909,
        87.21369835638231,
        86.37762229673324,
        86.20904811736077,
        87.16316247755482,
        86.3169695946478,
        86.52738509639617,
        89.00482103901524,
        90.37714090654927,
        86.84230016892955,
        87.2438226515247,
        86.51035431892642,
        88.9762676608178,
        87.08667238297001
    ],