{
    "testproblem": "quadratic_deep",
    "batch_size": 32,
    "num_epochs": 100,
    "random_seed": 47,
    "weight_decay": null,
    "optimizer_name": "SGD",
    "optimizer_hyperparams": {
        "lr": 0.0031622776601683794
    },
    "training_params": {},
    "train_losses": [
        472.01258702431954,
        103.09295900406376,
        100.63809893208165,
        99.02691625779674,
        97.29359386813256,
        95.86221362698463,
        95.08912757135207,
        94.13204365391886,
        93.13898418795678,
        92.60459161573841,
        91.97948923418599,
        91.03153720978767,
        90.73871292606476,
        90.1040784774288,
        89.81788143034905,
        89.48924722979146,
        89.14861666771674,
        88.84700061428931,
        88.75210891231414,
        88.6057392243416,
        88.57301748952558,
        87.89854332708543,
        88.02815664968183,
        87.78941591324345,
        87.90872290826613,
        87.81338747086063,
        87.64165152272871,
        87.598143054593,
        87.61330782982611,
        87.37923160676033,
        87.08324703093498,
        87.30077386671498,
        87.19493939799648,
        87.06796289259388,
        87.1486073155557,
        87.08277720789755,
        86.9546385734312,
        86.9293710031817,
        86.90870100452054,
        86.90519271358367,
        86.70050344159526,
        86.9109118061681,
        86.70551226215977,
        86.54305710331086,
        86.51705834173387,
        86.67822684011152,
        86.61885563019783,
        86.5784907187185,
        86.58443278651083,
        86.56007655974358,
        86.69400295134514,
        86.76203007851878,
        86.67939881355532,
        86.74270457606161,
        86.65960348806074,
        86.52848249866116,
        86.43638192453692,
        86.71814358618951,
        86.56490104429183,
        86.52116246377268,
        86.5852789109753,
        86.42269306798136,
        86.43873546969506,
        86.40526728476247,
        86.42383550828502,
        86.56394810830393,
        86.39771098475302,
        86.40597632623488,
        86.4926509241904,
        86.4755347467238,
        86.45590505292338,
        86.30604257891255,
        86.31186897523942,
        86.3074712445659,
        86.30964955975932,
        86.2545658234627,
        86.07891205818423,
        86.20389483051915,
        86.24290835472846,
        86.23396768877583,
        86.34544864777595,
        86.30166601365612,
        86.35510524626702,
        86.22110797512916,
        86.23853277391002,
        86.31963496054372,
        86.30038550592238,
        86.20031098396548,
        86.09610945178616,
        86.24889423001197,
        86.26541802190965,
        86.40828360280683,
        86.35611651020665,
        86.31124927151588,
        86.37230854649698,
        86.22511611446258,
        86.07862460228705,
        86.05927424277029,
        86.14942907517955,
        86.3758808259041,
        86.28523549725932
    ],
    "valid_losses": [
        477.8694093765751,
        102.89515686035156,
        100.75671140609249,
        98.93100270917338,
        97.389890609249,
        95.98926445745653,
        94.72610129079511,
        93.94094577912361,
        93.02660419094947,
        92.42506925521359,
        92.0089871806483,
        91.15514644499748,
        90.69350064185357,
        90.23647874401462,
        89.78886462796119,
        89.57629468364101,
        89.21732084212765,
        88.7910865045363,
        88.64591807703817,
        88.60628337244833,
        88.22412478539252,
        87.93714511009955,
        88.054932625063,
        88.01044537944179,
        87.80795041976437,
        87.56437609272618,
        87.51024947627899,
        87.79540548016948,
        87.38585859729397,
        87.16703058058216,
        87.34442360170426,
        87.20223728302986,
        87.28641756119266,
        87.00884271437123,
        86.73186812862274,
        87.07909147201046,
        86.97440584244266,
        86.84531501031691,
        86.62221896263861,
        86.65890478318737,
        86.6415767054404,
        86.66631071029171,
        86.6951185657132,
        86.7801752398091,
        86.65087373795048,
        86.59474822013608,
        86.62162263931766,
        86.59735058199975,
        86.4490464733493,
        86.46116539739793,
        86.61482952487084,
        86.71007414787046,
        86.39886056223223,
        86.34014301915323,
        86.30182943036479,
        86.46732945596018,
        86.49434957196635,
        86.5889412664598,
        86.57547563122165,
        86.25992559617565,
        86.23897552490234,
        86.34467241840977,
        86.53768600956086,
        86.34573438090663,
        86.34984613233998,
        86.5410673079952,
        86.32822492045742,
        86.36313087709489,
        86.25675595191217,
        86.28629672142768,
        86.25579144877773,
        86.30117822462513,
        86.28284109792402,
        86.29601189397997,
        86.15618601152974,
        86.29279622723979,
        86.30230269893524,
        86.41810730964907,
        86.13548647972846,
        86.10906687090474,
        86.22869503882623,
        86.23960531911543,
        86.1589857532132,
        86.41237049718058,
        86.23048868486958,
        86.08417757095829,
        86.11007838095388,
        86.3047103881836,
        86.05587104059035,
        86.16917370211694,
        86.31345539708292,
        86.36729308097593,
        86.07189350743448,
        86.18096849995274,
        86.23242015223349,
        86.06803672544417,
        86.24815836260396,
        86.21839437177104,
        86.16101369550151,
        86.10918869510773,
        86.36708561066658
    ],