{
    "testproblem": "quadratic_deep",
    "batch_size": 32,
    "num_epochs": 100,
    "random_seed": 45,
    "weight_decay": null,
    "optimizer_name": "SGD",
    "optimizer_hyperparams": {
        "lr": 0.0031622776601683794
    },
    "training_params": {},
    "train_losses": [
        420.50739116053427,
        105.401855960969,
        102.95053248251638,
        100.88856087961504,
        99.11976500480405,
        97.59959510064894,
        96.34945309546686,
        95.18719137868574,
        94.1186053368353,
        93.22770321753717,
        92.6014672556231,
        91.79871786794355,
        91.15833282470703,
        90.79521646807271,
        90.41751024799962,
        89.78434851861769,
        89.49361345844883,
        89.27938744329637,
        88.9163104641822,
        88.67887853807018,
        88.53555617793914,
        88.3249270531439,
        88.05959861509261,
        87.93754996022871,
        87.53590811452558,
        87.63676206527218,
        87.65901651690083,
        87.51229366179436,
        87.29817421205583,
        87.2665038570281,
        87.25365964827999,
        86.9944096226846,
        86.90357159030053,
        86.97567995132938,
        86.73912589780745,
        86.88403566422001,
        86.8670415570659,
        86.87967337331465,
        86.76639433830015,
        86.71552055112777,
        86.5816163093813,
        86.56698288456086,
        86.56715245400706,
        86.55224929317352,
        86.3861824773973,
        86.31376081897366,
        86.53529382521107,
        86.45963459630167,
        86.62947845458984,
        86.49495500133884,
        86.2189463953818,
        86.45585410825667,
        86.4126488470262,
        86.39872249480217,
        86.42903654036984,
        86.28390945926789,
        86.49185057609311,
        86.3653544764365,
        86.27109945974043,
        86.15912160565776,
        86.21056833574849,
        86.31926776516822,
        86.24285617951423,
        86.29546380812123,
        86.4450176608178,
        86.19490740376133,
        86.39629831621724,
        86.23128607965285,
        86.03537799466041,
        86.13749325659967,
        86.17345108524445,
        86.20166655509702,
        86.32782745361328,
        86.21566993959489,
        86.1275888258411,
        86.20357931813886,
        86.36832452589466,
        85.88117168795678,
        86.14677995251071,
        86.21268487745716,
        86.24296102216167,
        86.115233882781,
        86.15433625252017,
        86.11065698439076,
        85.9549789428711,
        86.16831576439643,
        86.09687042236328,
        86.04474344561177,
        86.2173843383789,
        86.32833493140436,
        86.25457542173324,
        86.02997170725176,
        85.97827320714151,
        86.17206573486328,
        86.23271991360572,
        86.08445887411794,
        85.79809447257749,
        86.12007707165134,
        86.17071828534526,
        86.1795893023091,
        85.85337903422695
    ],
    "valid_losses": [
        424.1197234122984,
        106.3043697726342,
        104.01937152493385,
        102.08485929427609,
        100.12719455842048,
        98.62374139601185,
        97.39051794236705,
        96.2670669555664,
        95.4172853039157,
        94.28083013719127,
        93.6610826061618,
        92.94210298599735,
        92.41648913967994,
        91.741697742093,
        91.51283313382056,
        90.98429649106917,
        90.66569272933468,
        90.36790983138546,
        89.96442339497227,
        89.65953236241495,
        89.5174321820659,
        89.2913323679278,
        89.2618900422127,
        88.97867116620463,
        88.87952176986202,
        88.73312008765436,
        88.66798991541708,
        88.6708502000378,
        88.4601556101153,
        88.44390598420173,
        88.31438741376323,
        88.3102530202558,
        88.14831616801601,
        88.27119544244582,
        88.02444507229713,
        88.07871492447391,
        88.08929074195123,
        87.93138811665196,
        87.92285525414252,
        87.93797154580393,
        87.82922289448399,
        87.74826911187941,
        87.74158428561303,
        87.7625240202873,
        87.73097918110508,
        87.72923229586694,
        87.56650050993889,
        87.7289300733997,
        87.55994710614604,
        87.52764794134325,
        87.59457200573337,
        87.64608863092238,
        87.46754504788306,
        87.55099979523689,
        87.39515956755608,
        87.4512442311933,
        87.5678952124811,
        87.63755650674143,
        87.56042652745401,
        87.39034541960686,
        87.53583354334677,
        87.47021878150201,
        87.34539302702873,
        87.26017219789567,
        87.36732064524004,
        87.28290533250377,
        87.42357044835245,
        87.44766776792464,
        87.35772606634325,
        87.46937093427104,
        87.38569665724232,
        87.35476783014113,
        87.31470292614353,
        87.27399419969127,
        87.30758347049836,
        87.27953584732548,
        87.60601535920173,
        87.21876328991306,
        87.19174686554939,
        87.3452625889932,
        87.23136828022618,
        87.23209479547316,
        87.21312442902595,
        87.29781489218435,
        87.27989787440146,
        87.19278052545363,
        87.18429909982989,
        87.32809718962639,
        87.23463439941406,
        87.31864633867818,
        87.23068508025139,
        87.22147590883317,
        87.22057514805948,
        87.30502368557838,
        87.09938443091607,
        87.3247313960906,
        87.12206071422946,
        87.13136193060106,
        87.45509215324155,
        87.16825029926915,
        87.11335779005482
    ],