{
    "testproblem": "quadratic_deep",
    "batch_size": 32,
    "num_epochs": 100,
    "random_seed": 51,
    "weight_decay": null,
    "optimizer_name": "SGD",
    "optimizer_hyperparams": {
        "lr": 0.0031622776601683794
    },
    "training_params": {},
    "train_losses": [
        274.725589875252,
        106.12548335905998,
        103.81499481201172,
        101.32636359430128,
        99.56758240730532,
        97.97870045323526,
        96.45025339434224,
        95.2207543157762,
        94.33429693406627,
        93.30059248401272,
        92.51585855791646,
        91.65004262616557,
        91.34903889317667,
        90.74181267522997,
        90.36128259474232,
        90.00496550529233,
        89.35720997471964,
        89.14928633166897,
        88.90509402367377,
        88.50330598892704,
        88.21011081818611,
        88.28663462977255,
        87.92787761072958,
        88.0713355771957,
        87.91476563484439,
        87.61909804805633,
        87.46723790322581,
        87.40059514199534,
        87.16264318650768,
        86.95421698785597,
        87.31805887529927,
        87.14659856980846,
        87.1559824789724,
        86.96931457519531,
        86.84639296993133,
        86.88798030730217,
        86.70941482051727,
        86.91245515884891,
        86.88822887789819,
        86.69801256733555,
        86.7441152757214,
        86.64119523571384,
        86.43326617825416,
        86.43284557711694,
        86.58746460945376,
        86.2890893259356,
        86.53656251968876,
        86.56534330306515,
        86.27388837260585,
        86.33870770854335,
        86.59135584677419,
        86.47905706590221,
        86.49132833173198,
        86.36689979799333,
        86.56653964134955,
        86.21154662101499,
        86.40939281832787,
        86.40320611769154,
        86.1603745491274,
        86.0644277757214,
        86.37899607996786,
        86.31951289023122,
        86.18260365147745,
        86.05424499511719,
        86.23268201274257,
        85.92261923513105,
        86.20871070123488,
        86.21697628882623,
        86.33954964914629,
        86.22316102058657,
        86.27159069430444,
        86.10919952392578,
        85.96791052049205,
        86.09046123873803,
        85.92790025280368,
        86.29634758733934,
        86.16104544362715,
        86.12625663511214,
        86.21123726137223,
        86.1565194899036,
        86.07141900831654,
        86.23254886750252,
        86.26293920701549,
        86.07994768696446,
        86.15137850853705,
        86.00742783084992,
        86.11803042504096,
        86.1496107039913,
        86.0802494172127,
        86.16827909408077,
        86.01190530100176,
        85.8846915460402,
        85.78612173757246,
        86.11201009442729,
        86.02977875740298,
        86.01788846908077,
        85.97157090710056,
        86.00654897382182,
        85.89792214670489,
        85.87068766932333,
        85.97589578936177
    ],
    "valid_losses": [
        279.4006780808972,
        106.19152192146548,
        103.74986439366495,
        101.3806669173702,
        99.48849807247039,
        97.97037899878717,
        96.46995839764995,
        95.44464677379978,
        94.44261070989793,
        93.28278966103831,
        92.57606727846208,
        91.97616060318485,
        91.38506366360572,
        90.76770560972152,
        90.28708008796939,
        89.98850545575542,
        89.51973478255734,
        89.25457812893775,
        89.02909408077117,
        88.71492890388735,
        88.47911440941596,
        88.24813079833984,
        88.1213848975397,
        87.96812365131993,
        87.84004482146233,
        87.74254534321446,
        87.47282360446069,
        87.37184192288306,
        87.33942437941029,
        87.23250555223034,
        87.38755478397492,
        87.10565677765877,
        87.14998798985636,
        86.90428260064894,
        86.90535736083984,
        86.93182348435924,
        86.8248802923387,
        86.8333998649351,
        86.90965812436995,
        86.61548885222405,
        86.9095970892137,
        86.63072918307397,
        86.64347199470767,
        86.59349404611895,
        86.62912947131741,
        86.57924209102508,
        86.72821955527029,
        86.45862160959551,
        86.47562285392515,
        86.37458998157132,
        86.4291288314327,
        86.55297826951549,
        86.41017003213206,
        86.44873982091104,
        86.58984350389049,
        86.21786449801537,
        86.39961734894783,
        86.44410188736454,
        86.28130439019972,
        86.34794075258317,
        86.34379306916267,
        86.24800060641381,
        86.17797728507749,
        86.3676275437878,
        86.26436516546434,
        86.19093421197707,
        86.24144424930695,
        86.0677736343876,
        86.2904052734375,
        86.45488788235572,
        86.28972847230973,
        86.14952481177545,
        86.2371085382277,
        86.25324052379978,
        86.20345847837386,
        86.51000730452999,
        86.11274620794481,
        86.40609593545237,
        86.12779014341292,
        86.11505693004978,
        86.06575307538432,
        86.50946487918976,
        86.35396895870086,
        86.1270990679341,
        86.12737372613722,
        86.17141428301412,
        86.1968031852476,
        86.02911549229776,
        86.07884560861895,
        86.19257650067729,
        86.33489768735824,
        86.04255848546183,
        86.19718465497417,
        86.08097839355469,
        86.02274642452117,
        86.22251965922695,
        86.16658684515184,
        86.08892625378024,
        86.18165982154107,
        86.03648450297695,
        86.02591114659464
    ],