{
    "testproblem": "quadratic_deep",
    "batch_size": 32,
    "num_epochs": 100,
    "random_seed": 50,
    "weight_decay": null,
    "optimizer_name": "SGD",
    "optimizer_hyperparams": {
        "lr": 0.0031622776601683794
    },
    "training_params": {},
    "train_losses": [
        223.76273665889616,
        104.85616228657383,
        102.59154215166646,
        100.1836919476909,
        98.47142397972846,
        96.50016735446069,
        95.33835183420489,
        94.08821795063633,
        93.07497012230658,
        92.01167888026083,
        91.5008544921875,
        90.72642517089844,
        90.14270782470703,
        89.7910390054026,
        89.1240938248173,
        88.58411998133505,
        88.50513605917654,
        88.0849092545048,
        87.74219857492754,
        87.54346047678301,
        87.1666269610005,
        87.06186159195438,
        86.78533960157826,
        86.50702396515877,
        86.48201653265184,
        86.46359400595388,
        86.29402431364983,
        86.22959973735195,
        85.93665559830204,
        86.04056549072266,
        85.79720650949785,
        85.86963555120653,
        85.84596080164755,
        85.8064917287519,
        85.68561750842679,
        85.40763781147618,
        85.44609758930821,
        85.51197248889554,
        85.55764549009261,
        85.49537511025706,
        85.40038447226247,
        85.47613008560673,
        85.26323650729272,
        85.30694875409526,
        85.33258967245779,
        85.33227145287299,
        85.13374500889933,
        85.28627432546308,
        85.23914263325352,
        85.25041814004221,
        85.31193247149068,
        85.0503193024666,
        85.10392096734816,
        84.96175778296686,
        84.91363107004473,
        84.94134816815776,
        85.1332025835591,
        85.05337967411164,
        84.99601474885017,
        85.01281467560798,
        85.01377179545742,
        84.8433360438193,
        85.00145942934098,
        84.80730093679121,
        84.81959016861454,
        84.91438711843183,
        85.07232838292276,
        84.79490538566343,
        84.85398913967994,
        85.00871424521169,
        85.20124866116431,
        84.93403846986833,
        84.82042866368448,
        84.82548473727319,
        84.84586703392768,
        84.88915277296498,
        84.7836180656187,
        85.12241412747291,
        84.91099203786543,
        84.70692419236705,
        84.87112156037361,
        84.80838061917213,
        84.91715092812815,
        84.81753318540511,
        84.86739890806136,
        84.84928647933468,
        84.85697715513167,
        84.78077746975806,
        84.64215137112525,
        84.93783397059286,
        84.81446444603705,
        84.72440338134766,
        84.82739750031502,
        84.85782303348664,
        84.84873839347593,
        84.82108995991368,
        84.86371710992628,
        84.66687134773501,
        84.82625801332536,
        84.82836569509199,
        84.74094169370589
    ],
    "valid_losses": [
        224.27239793346774,
        106.07192968553112,
        103.73988736060357,
        101.57328058058216,
        99.57330814484627,
        97.96935567548198,
        96.55817068776777,
        95.48265124905494,
        94.47017152847782,
        93.37318346577305,
        92.81377952329574,
        91.92154521326864,
        91.40823487312564,
        91.04657228531376,
        90.47223712551978,
        90.03813909715221,
        89.60261830975932,
        89.2937767274918,
        89.00703651674333,
        88.91908288771107,
        88.49623181743007,
        88.30290000669417,
        88.07332315752583,
        87.97266338717553,
        87.81915603145477,
        87.72432782573085,
        87.58180015317855,
        87.5482662570092,
        87.32500703873173,
        87.2923574139995,
        87.13201042913622,
        87.20755250992313,
        86.99105047410534,
        86.94745709819179,
        86.9149155155305,
        86.86830016105405,
        86.91088793354649,
        86.90086758521295,
        86.81633561657321,
        86.93209075927734,
        86.74417237312564,
        86.62654753654233,
        86.75924362674836,
        86.55151884017452,
        86.48357957409274,
        86.5342557353358,
        86.45012886293473,
        86.47556378764492,
        86.38190238706527,
        86.47752158872542,
        86.60519040015436,
        86.39800680837324,
        86.34682932207662,
        86.28782998361895,
        86.2984121999433,
        86.34935268279045,
        86.37006722727129,
        86.32386976672757,
        86.38269264467301,
        86.4168240947108,
        86.32081284061555,
        86.32854584724673,
        86.48799625519783,
        86.17455488635647,
        86.26993806900516,
        86.42458097396359,
        86.31932190925845,
        86.16539444461945,
        86.14945393223917,
        86.27652026760963,
        86.21261202904486,
        86.12245424332157,
        86.22707219277659,
        86.11781532533708,
        86.17464520854335,
        86.23162251134073,
        86.15469434184413,
        86.12895990187123,
        86.16404133458292,
        86.19515818934286,
        86.14803264987084,
        86.23590383222026,
        86.16604343537361,
        86.29624840521043,
        86.17721311507687,
        86.20472618841356,
        86.09096084102508,
        86.17761501189202,
        86.26736573250064,
        86.0931391562185,
        86.17236352735951,
        86.06177865305254,
        85.99408623480028,
        86.11420342230028,
        86.28246061263546,
        86.2219988915228,
        86.23550513482863,
        86.02808847735005,
        86.01416507844002,
        86.03600434334048,
        86.15087373795048
    ],