{
    "testproblem": "quadratic_deep",
    "batch_size": 32,
    "num_epochs": 100,
    "random_seed": 46,
    "weight_decay": null,
    "optimizer_name": "SGD",
    "optimizer_hyperparams": {
        "lr": 0.0031622776601683794
    },
    "training_params": {},
    "train_losses": [
        248.67150091355848,
        103.31714531683153,
        101.45952778477823,
        99.83255620156565,
        98.94100435318485,
        97.517333492156,
        96.43143856909967,
        95.64514603153351,
        94.78420675954511,
        94.01966636411605,
        93.4618421985257,
        93.00605773925781,
        92.42871561358052,
        91.93029760545299,
        91.44918774020287,
        90.96971228814894,
        90.82811392507246,
        90.62234866234564,
        90.39649175828502,
        90.10720677529612,
        89.98486401957851,
        89.54233058806389,
        89.8045922556231,
        89.1664086618731,
        89.1478999968498,
        88.7868155202558,
        88.9703615250126,
        88.69386759111958,
        88.50153252386278,
        88.54039296796245,
        88.50019934869582,
        88.09715738604146,
        88.17338365124118,
        88.10865119195753,
        88.19832340363533,
        88.06412407659715,
        87.96071058704007,
        88.06499678088772,
        87.96579077935988,
        87.62936081424836,
        87.84142943351499,
        87.61793739564958,
        87.64934712071573,
        87.71798681443737,
        87.60543626354587,
        87.76961911109186,
        87.54074022846837,
        87.5111549131332,
        87.90259133615801,
        87.44559995589718,
        87.5780034219065,
        87.54727418961063,
        87.45032575053554,
        87.34061702605217,
        87.38224792480469,
        87.36263742754537,
        87.45953073809224,
        87.30549621582031,
        87.25539373582409,
        87.10073409541961,
        87.05608220254221,
        87.21949546567855,
        87.3036602389428,
        87.11034639420048,
        87.15486464961883,
        87.15568542480469,
        87.29251295520413,
        87.23917954967868,
        87.17620923442226,
        87.20591588174143,
        87.13256220663747,
        87.12195734823904,
        87.23026620188067,
        87.08664998700542,
        87.25096573368195,
        86.96714782714844,
        87.12265236146989,
        86.94923523933657,
        86.98076506583921,
        86.95161708708733,
        87.2848857756584,
        87.20513177687123,
        87.30577284289944,
        87.02405080487651,
        87.0386982579385,
        87.13279625677293,
        87.09946712370842,
        87.05204059231666,
        86.83140120967742,
        87.22362764420048,
        87.00562163322202,
        87.09774041944935,
        87.00191030194682,
        87.00419050647366,
        86.84716107768398,
        87.07493295977193,
        86.7797374110068,
        87.11612012309413,
        86.89222446564705,
        87.01240490328881,
        86.81915086315524
    ],
    "valid_losses": [
        242.62614096364666,
        100.56390036306074,
        98.7572016562185,
        97.26297341623614,
        96.01383578392768,
        94.74204451037991,
        93.71724282541582,
        92.8782715335969,
        91.9415987076298,
        91.32043432420299,
        90.80439881355532,
        90.380126953125,
        89.6845213367093,
        89.26483252740675,
        89.10824191185736,
        88.4391339209772,
        88.10512025894657,
        87.77424916913432,
        87.71895796252835,
        87.35184577203566,
        87.34672029556766,
        87.06593593474358,
        87.12605507143083,
        86.60671800182712,
        86.63116405856225,
        86.31852820611769,
        86.19866205030873,
        86.03964036510837,
        86.1010257351783,
        85.98535230082851,
        86.02454499275454,
        85.81831409085181,
        85.7004163188319,
        85.56902313232422,
        85.55333512829196,
        85.50837953629032,
        85.38889804963142,
        85.44454217726185,
        85.35095657840851,
        85.27429986769154,
        85.23792734453755,
        85.18835153887349,
        85.04159595120338,
        85.06014620873236,
        85.088135257844,
        84.92477023216986,
        85.05029666039252,
        85.05585578180128,
        85.02306341355846,
        85.01590458039314,
        84.97750313051286,
        84.79678221671811,
        84.86932496101626,
        84.81776403611705,
        84.75550103956654,
        84.94286690988848,
        84.77927447903541,
        84.70430288007182,
        84.69658710110572,
        84.7056390085528,
        84.65082599270728,
        84.67151617234752,
        84.7735605547505,
        84.67172536542338,
        84.75433841828377,
        84.6111309912897,
        84.71863309798702,
        84.50137206046811,
        84.6720706570533,
        84.74568594655683,
        84.5828143704322,
        84.48451159077305,
        84.55330362627583,
        84.45161979429183,
        84.42923515073714,
        84.42694485572076,
        84.52437173166582,
        84.43299422725555,
        84.55627121463898,
        84.40850313248173,
        84.6144057243101,
        84.48202859201739,
        84.73736842986077,
        84.44013041834677,
        84.41798622377458,
        84.48564935499623,
        84.56057591592112,
        84.39065625590663,
        84.3687274071478,
        84.39217401319935,
        84.58279886553365,
        84.3783202632781,
        84.24485729586694,
        84.44693362328314,
        84.2772942819903,
        84.59373966340095,
        84.41390966599987,
        84.43186729185042,
        84.32500605429372,
        84.49703757993636,
        84.34058626236454
    ],