{
    "testproblem": "quadratic_deep",
    "batch_size": 32,
    "num_epochs": 100,
    "random_seed": 44,
    "weight_decay": null,
    "optimizer_name": "SGD",
    "optimizer_hyperparams": {
        "lr": 0.0031622776601683794
    },
    "training_params": {},
    "train_losses": [
        487.88744132749497,
        105.99262139105028,
        103.5370840257214,
        101.84957442745086,
        100.37156529580393,
        98.73798567248929,
        97.68326691658267,
        96.61278164771295,
        95.57029478011593,
        94.74891539542905,
        94.0020235123173,
        93.54612141270792,
        92.92527106500441,
        92.60714697068737,
        91.97814670685798,
        91.66285016459804,
        91.1784183133033,
        90.8352557766822,
        90.9789551765688,
        90.41290947698778,
        90.41751000189012,
        90.20486868581465,
        89.92722689720893,
        89.80048099640877,
        89.71715791763798,
        89.43520109115109,
        89.3111835602791,
        89.37999233122795,
        89.38203971616683,
        89.02640927222467,
        89.09611462008569,
        88.9667223038212,
        88.99284116683468,
        88.9374529930853,
        88.89801862162929,
        88.84053630213583,
        89.00177469561177,
        88.73614748062626,
        88.76234903643208,
        88.61121589906755,
        88.54368197533393,
        88.52508397256175,
        88.50658589024698,
        88.4987290905368,
        88.4581547398721,
        88.62143953384891,
        88.48620728523501,
        88.49233048962009,
        88.63346345963016,
        88.25524139404297,
        88.10196095128214,
        88.32567817934098,
        88.34629280336442,
        88.39836858933971,
        88.28855846774194,
        88.22708917433216,
        88.27265831731981,
        88.31995071903351,
        88.11555505567982,
        88.02920483004662,
        88.12656771752143,
        88.03188791582662,
        88.21236862674836,
        88.25277168520036,
        88.33623603082472,
        88.37001308318108,
        88.27933723695817,
        88.1573749665291,
        88.02596061460433,
        88.16620463709677,
        88.09673776934224,
        88.01430068477508,
        88.17954327983242,
        88.02025702691847,
        87.9326905281313,
        88.26140742148122,
        88.0061761179278,
        88.11088980397871,
        88.03289081204322,
        88.18629775508758,
        88.02489372991747,
        87.90619191815776,
        87.8941884194651,
        88.02921959661668,
        88.06465542700982,
        88.02363783313382,
        88.12510385820943,
        88.05828931254726,
        87.9316152757214,
        87.84234274587324,
        88.11001956078314,
        88.06220097695628,
        88.16433469710812,
        87.90479180120653,
        87.93066947690902,
        87.99201448502079,
        87.87687486217868,
        88.09724500102382,
        87.82735123172883,
        88.03422324888167,
        87.98937102287046
    ],
    "valid_losses": [
        480.32462040070567,
        104.24756351594002,
        101.98804843041205,
        100.53517667708859,
        98.56186749858242,
        97.29166806128717,
        96.01914510419292,
        94.87489515735257,
        93.99144006544545,
        93.28349771807271,
        92.42719933294481,
        91.99679713095388,
        91.48818182176159,
        90.9308584890058,
        90.74859176143524,
        90.0577377811555,
        89.71217444635207,
        89.43663394066596,
        89.29769626740486,
        88.9720727243731,
        88.72570210118448,
        88.44876640073714,
        88.2299329696163,
        88.12011940248551,
        87.99694085890248,
        87.83336688626197,
        87.7662835890247,
        87.9028084047379,
        87.69965436381679,
        87.30927399666079,
        87.56496946273312,
        87.34187833724484,
        87.27579892066217,
        87.28023479830834,
        87.16729637884325,
        86.98753430766445,
        87.47101125409526,
        86.97129797166393,
        86.85238401351437,
        87.09519294000441,
        87.10216472994897,
        86.8027828585717,
        86.80802548316217,
        87.00814031785534,
        86.86033359650642,
        86.72961032006049,
        86.68036233225176,
        86.83960822320753,
        86.83117060507497,
        86.75305840276903,
        86.64129269507623,
        86.54017368439705,
        86.70300637522051,
        86.51018794890373,
        86.79629664267263,
        86.62176710559476,
        86.47820331204322,
        86.63262250346523,
        86.53253099995274,
        86.64610167472593,
        86.36378798946258,
        86.56940263317478,
        86.4615714780746,
        86.73412470663747,
        86.62433255103326,
        86.69192455660912,
        86.43853907431325,
        86.44834284628591,
        86.4217295492849,
        86.5476551671182,
        86.71786252913937,
        86.37248008481917,
        86.53479766845703,
        86.53732619747039,
        86.29340091828377,
        86.5548570694462,
        86.27275085449219,
        86.26357638451361,
        86.28592214276713,
        86.24481201171875,
        86.3870864375945,
        86.22620244180003,
        86.30254708566973,
        86.39364057971585,
        86.3909643850019,
        86.4431420603106,
        86.39842347175845,
        86.39115265877017,
        86.33848276445943,
        86.46041919339088,
        86.43579889112904,
        86.31359198785597,
        86.42738391507056,
        86.53027417582851,
        86.40467366864604,
        86.43573465654927,
        86.15264203471523,
        86.32005187003843,
        86.24649761569115,
        86.54805903280935,
        86.45298644035093
    ],