{
    "testproblem": "quadratic_deep",
    "batch_size": 32,
    "num_epochs": 20,
    "random_seed": 42,
    "weight_decay": null,
    "optimizer_name": "SGD",
    "optimizer_hyperparams": {
        "lr": 1e-05
    },
    "training_params": {},
    "train_losses": [
        299.46142479681197,
        294.5082820769279,
        289.19420402280747,
        285.03514739005794,
        279.906974054152,
        275.77506231492566,
        271.4364732311618,
        267.2771527690272,
        262.97591621645034,
        258.84696074455013,
        255.32747084094632,
        251.8893506450038,
        248.30992667905747,
        244.94187533470893,
        241.02698344569052,
        237.82699437295236,
        234.29332216324346,
        230.8476075203188,
        227.94090664771295,
        224.8265843545237,
        221.92649939752394
    ],
    "valid_losses": [
        297.1457066689768,
        292.22979145665323,
        287.4408200171686,
        282.7794681672127,
        278.2355085803616,
        273.82139341292844,
        269.5182357295867,
        265.3247252433531,
        261.2415013467112,
        257.2684601814516,
        253.40207106067288,
        249.63627132292717,
        245.96853933026713,
        242.39908673686367,
        238.9211612824471,
        235.53489094395792,
        232.23717720277847,
        229.02936234012728,
        225.89929986769152,
        222.8532483500819,
        219.8893019153226
    ],
    "test_losses": [
        300.15152961977066,
        295.21639030210434,
        290.40856638262346,
        285.7285860123173,
        281.1663778981855,
        276.7343498968309,
        272.41358750866306,
        268.20265246975805,
        264.10245538526965,
        260.1124720419607,
        256.2295394405242,
        252.44751567225302,
        248.7638220017956,
        245.17876557380922,
        241.68534014301915,
        238.28395769673008,
        234.97124751921623,
        231.74867839197958,
        228.60409201345135,
        225.5437981390184,
        222.56588597451486
    ],
    "minibatch_train_losses": [
        291.36627197265625,
        308.44354248046875,
        282.5128479003906,
        283.94317626953125,
        265.08544921875,
        307.2107849121094,
        299.35498046875,
        297.5498046875,
        298.8196105957031,
        291.4792785644531,
        275.2626037597656,
        269.0194396972656,
        292.3951110839844,
        273.5559387207031,
        254.2122802734375,
        284.0879821777344,
        286.8424072265625,
        289.0736999511719,
        271.9903869628906,
        271.578125,
        295.90673828125,
        269.55267333984375,
        279.3559265136719,
        254.52174377441406,
        285.62225341796875,
        264.07171630859375,
        264.4564514160156,
        270.635009765625,
        296.2201232910156,
        279.58575439453125,
        241.02967834472656,
        254.56597900390625,
        261.5220947265625,
        244.07542419433594,
        246.9660186767578,
        269.2338562011719,
        274.20599365234375,
        278.90301513671875,
        252.57565307617188,
        260.7831115722656,
        259.0437316894531,
        291.58453369140625,
        246.69444274902344,
        240.49859619140625,
        229.23635864257812,
        233.02670288085938,
        265.640869140625,
        240.42897033691406,
        235.6129150390625,
        250.13929748535156,
        242.884521484375,
        240.3999481201172,
        248.19863891601562,
        240.80245971679688,
        260.91619873046875,
        258.8726501464844,
        250.33358764648438,
        257.1186218261719,
        239.9187774658203,
        247.47093200683594,
        253.20762634277344,
        246.10690307617188,
        250.08401489257812,
        243.28009033203125,
        232.07513427734375,
        229.93936157226562,
        222.9131622314453,
        224.79495239257812,
        229.0912322998047,
        220.92320251464844,
        253.091552734375,
        208.48399353027344,
        207.21957397460938,
        238.32192993164062,
        223.22227478027344,
        229.82330322265625,
        231.44448852539062,
        208.88133239746094,
        227.25350952148438,
        212.9376983642578
    ]
}