{
    "testproblem": "quadratic_deep",
    "batch_size": 128,
    "num_epochs": 100,
    "random_seed": 42,
    "weight_decay": null,
    "optimizer_name": "Preconditioner",
    "optimizer_hyperparams": {
        "est_rank": 2,
        "num_observations": 5,
        "prior_iterations": 10,
        "set_lr": true
    },
    "training_params": {},
    "train_losses": [
        352.6764221191406,
        354.43758283342635,
        352.4254237583705,
        352.1881408691406,
        352.564705984933,
        353.3809029715402,
        352.55201503208707,
        351.83479963030135,
        352.92679268973217,
        354.5548575265067,
        354.4853733607701,
        353.31852068219865,
        351.00294276646207,
        354.5333949497768,
        352.25892421177457,
        353.0816911969866,
        353.65785435267856,
        352.5720476422991,
        351.6322283063616,
        353.59271240234375,
        352.8665858677455,
        354.9429452078683,
        354.46301705496654,
        354.69984218052457,
        354.3486022949219,
        354.1851152692522,
        354.201904296875,
        353.303946358817,
        354.33117239815846,
        354.4059361049107,
        352.1262686593192,
        353.7510986328125,
        353.9999346051897,
        352.8529270717076,
        352.9080069405692,
        354.20017787388394,
        355.30013166155135,
        355.8635733468192,
        354.16995675223217,
        354.2734680175781,
        353.06448800223217,
        353.7378845214844,
        353.66400146484375,
        353.7863333565848,
        353.20947265625,
        355.0431867327009,
        353.5044904436384,
        353.1798749651228,
        353.60147966657365,
        352.1974530901228,
        354.579825265067,
        352.9398498535156,
        353.46385410853793,
        353.1069117954799,
        354.29974365234375,
        354.782235281808,
        352.69420950753346,
        355.6639709472656,
        354.0970938546317,
        354.9728524344308,
        352.6482587541853,
        353.3365696498326,
        355.70093209402904,
        354.1516549246652,
        353.4927542550223,
        354.7733241489955,
        353.204354422433,
        353.7481035505022,
        354.7532392229353,
        353.7896074567522,
        354.05628749302457,
        354.36803763253346,
        352.9766540527344,
        355.67759486607144,
        353.7778102329799,
        354.9543762207031,
        355.18763950892856,
        353.8047616141183,
        354.35496303013394,
        352.95164707728793,
        353.1373029436384,
        354.2764369419643,
        355.3841639927455,
        352.1292027064732,
        353.1268005371094,
        354.5040370396205,
        353.3573216029576,
        354.0025068010603,
        354.5644313267299,
        353.5533708844866,
        354.1913582938058,
        353.0796552385603,
        353.4418378557478,
        353.11551775251115,
        353.2065211704799,
        354.0597490583147,
        351.9892272949219,
        354.8121337890625,
        354.46241978236606,
        353.44043404715404,
        352.20066615513394
    ],
    "test_losses": [
        353.44677298409596,
        353.44677298409596,
        353.44677298409596,
        353.44677298409596,
        353.44677298409596,
        353.44677298409596,
        353.44677298409596,
        353.44677298409596,
        353.44677298409596,
        353.44677298409596,
        353.44677298409596,
        353.44677298409596,
        353.44677298409596,
        353.44677298409596,
        353.44677298409596,
        353.44677298409596,
        353.44677298409596,
        353.44677298409596,
        353.44677298409596,
        353.44677298409596,
        353.44677298409596,
        353.44677298409596,
        353.44677298409596,
        353.44677298409596,
        353.44677298409596,
        353.44677298409596,
        353.44677298409596,
        353.44677298409596,
        353.44677298409596,
        353.44677298409596,
        353.44677298409596,
        353.44677298409596,
        353.44677298409596,
        353.44677298409596,
        353.44677298409596,
        353.44677298409596,
        353.44677298409596,
        353.44677298409596,
        353.44677298409596,
        353.44677298409596,
        353.44677298409596,
        353.44677298409596,
        353.44677298409596,
        353.44677298409596,
        353.44677298409596,
        353.44677298409596,
        353.44677298409596,
        353.44677298409596,
        353.44677298409596,
        353.44677298409596,
        353.44677298409596,
        353.44677298409596,
        353.44677298409596,
        353.44677298409596,
        353.44677298409596,
        353.44677298409596,
        353.44677298409596,
        353.44677298409596,
        353.44677298409596,
        353.44677298409596,
        353.44677298409596,
        353.44677298409596,
        353.44677298409596,
        353.44677298409596,
        353.44677298409596,
        353.44677298409596,
        353.44677298409596,
        353.44677298409596,
        353.44677298409596,
        353.44677298409596,
        353.44677298409596,
        353.44677298409596,
        353.44677298409596,
        353.44677298409596,
        353.44677298409596,
        353.44677298409596,
        353.44677298409596,
        353.44677298409596,
        353.44677298409596,
        353.44677298409596,
        353.44677298409596,
        353.44677298409596,
        353.44677298409596,
        353.44677298409596,
        353.44677298409596,
        353.44677298409596,
        353.44677298409596,
        353.44677298409596,
        353.44677298409596,
        353.44677298409596,
        353.44677298409596,
        353.44677298409596,
        353.44677298409596,
        353.44677298409596,
        353.44677298409596,
        353.44677298409596,
        353.44677298409596,
        353.44677298409596,
        353.44677298409596,
        353.44677298409596,
        353.44677298409596
    ],