{
    "testproblem": "quadratic_deep",
    "batch_size": 32,
    "num_epochs": 20,
    "random_seed": 42,
    "weight_decay": null,
    "optimizer_name": "SGD",
    "optimizer_hyperparams": {
        "lr": 100.0
    },
    "training_params": {},
    "train_losses": [
        400.39293055380546,
        400.39293055380546,
        400.39293055380546,
        400.39293055380546,
        400.39293055380546,
        400.39293055380546,
        400.39293055380546,
        400.39293055380546,
        400.39293055380546,
        400.39293055380546,
        400.39293055380546,
        400.39293055380546,
        400.39293055380546,
        400.39293055380546,
        400.39293055380546,
        400.39293055380546,
        400.39293055380546,
        400.39293055380546,
        400.39293055380546,
        400.39293055380546,
        400.39293055380546
    ],
    "valid_losses": [
        400.5250391806326,
        400.5250391806326,
        400.5250391806326,
        400.5250391806326,
        400.5250391806326,
        400.5250391806326,
        400.5250391806326,
        400.5250391806326,
        400.5250391806326,
        400.5250391806326,
        400.5250391806326,
        400.5250391806326,
        400.5250391806326,
        400.5250391806326,
        400.5250391806326,
        400.5250391806326,
        400.5250391806326,
        400.5250391806326,
        400.5250391806326,
        400.5250391806326,
        400.5250391806326
    ],
    "test_losses": [
        395.7119534400202,
        395.7119534400202,
        395.7119534400202,
        395.7119534400202,
        395.7119534400202,
        395.7119534400202,
        395.7119534400202,
        395.7119534400202,
        395.7119534400202,
        395.7119534400202,
        395.7119534400202,
        395.7119534400202,
        395.7119534400202,
        395.7119534400202,
        395.7119534400202,
        395.7119534400202,
        395.7119534400202,
        395.7119534400202,
        395.7119534400202,
        395.7119534400202,
        395.7119534400202
    ],
    "minibatch_train_losses": [
        413.5889892578125,
        Infinity,
        NaN,
        NaN,
        413.5889892578125,
        413.5889892578125,
        413.5889892578125,
        413.5889892578125,
        413.5889892578125,
        413.5889892578125,
        413.5889892578125,
        413.5889892578125,
        413.5889892578125,
        413.5889892578125,
        413.5889892578125,
        413.5889892578125,
        413.5889892578125,
        413.5889892578125,
        413.5889892578125,
        413.5889892578125,
        413.5889892578125,
        413.5889892578125,
        413.5889892578125,
        413.5889892578125
    ]
}