{
    "testproblem": "quadratic_deep",
    "batch_size": 32,
    "num_epochs": 20,
    "random_seed": 45,
    "weight_decay": null,
    "optimizer_name": "AdaptiveSGD",
    "optimizer_hyperparams": {
        "lr": null
    },
    "training_params": {},
    "train_losses": [
        405.4847658218876,
        102.44810682727444,
        100.12193765947896,
        97.88670275288243,
        93.31890376921623,
        91.95422707834551,
        94.05037196989983,
        94.19987438571069,
        93.40800451463268,
        90.56566324541646,
        90.61866760253906,
        90.69142323155558,
        90.08279861942414,
        90.08978419150075,
        90.61362088111139,
        89.97378884592364,
        92.21261867400139,
        89.61026665472215,
        93.09193125078755,
        90.5159424812563,
        90.94873883647304
    ],
    "valid_losses": [
        406.84625441028226,
        99.7442885368101,
        97.23439247377458,
        95.05343701762538,
        90.65391269806892,
        89.76099641861454,
        90.77144893523186,
        91.33059716993763,
        90.44189231626449,
        88.31222337292087,
        87.85721095915764,
        87.99387654950542,
        87.73348900579637,
        87.63114289314517,
        88.30607383481917,
        87.82887391121157,
        89.66518205212009,
        87.22418532832977,
        90.92271915558845,
        87.86258500622165,
        88.12385805191532
    ],
    "test_losses": [
        403.5657506142893,
        101.50895494030368,
        100.10824584960938,
        97.20636823100429,
        92.26737483855217,
        91.52272082913306,
        92.40727922993321,
        93.90680473081527,
        92.44442207582536,
        89.90586705361643,
        89.09266490321005,
        89.78360797512916,
        89.81817159345073,
        89.82835535849294,
        89.78298162644909,
        89.33784804805633,
        90.95691927017704,
        89.01381388018208,
        91.97996348719442,
        89.61989372007308,
        90.58456494731288
    ],
    "minibatch_train_losses": [
        406.1852111816406,
        441.13348388671875,
        106.6402587890625,
        104.92343139648438,
        100.56218719482422,
        111.59675598144531,
        106.7255859375,
        94.6201171875,
        95.44615173339844,
        89.29885864257812,
        81.16084289550781,
        106.64802551269531,
        98.0611801147461,
        97.85489654541016,
        97.889892578125,
        83.70718383789062,
        84.02154541015625,
        85.64643859863281,
        107.54396057128906,
        84.23400115966797,
        93.64662170410156,
        106.98717498779297,
        108.18675231933594,
        92.4686050415039,
        88.95709228515625,
        97.4953384399414,
        89.89181518554688,
        107.20442199707031,
        101.16453552246094,
        87.93366241455078,
        98.42411804199219,
        89.340087890625,
        96.18128204345703,
        97.49211120605469,
        95.98739624023438,
        86.2191390991211,
        89.33247375488281,
        97.84724426269531,
        92.589599609375,
        95.37215423583984,
        85.32696533203125,
        84.89210510253906,
        99.86592864990234,
        97.02914428710938,
        104.96717834472656,
        80.830322265625,
        76.2701187133789,
        91.41957092285156,
        91.45086669921875,
        97.12568664550781,
        95.78237915039062,
        97.86991119384766,
        89.38050842285156,
        88.07037353515625,
        89.93016052246094,
        85.45701599121094,
        92.00147247314453,
        81.03754425048828,
        96.62495422363281,
        80.67118072509766,
        77.4612808227539,
        84.52470397949219,
        93.39433288574219,
        79.79952239990234,
        110.7020492553711,
        82.99951934814453,
        90.9659423828125,
        92.78741455078125,
        93.3771743774414,
        91.16404724121094,
        89.28836059570312,
        98.68643188476562,
        90.74115753173828,
        80.08892059326172,
        95.10700225830078,
        81.14913940429688,
        96.76158905029297,
        89.94196319580078,
        95.5277099609375,
        83.44595336914062
    ]
}