{
    "testproblem": "quadratic_deep",
    "batch_size": 32,
    "num_epochs": 20,
    "random_seed": 50,
    "weight_decay": null,
    "optimizer_name": "AdaptiveSGD",
    "optimizer_hyperparams": {
        "lr": null
    },
    "training_params": {},
    "train_losses": [
        378.28929088961695,
        100.6563208795363,
        96.33159391341671,
        94.42056299025013,
        93.5081031553207,
        91.62063401745212,
        90.44897583992251,
        89.96911694926601,
        89.59393655100176,
        90.30293889199534,
        88.27479750110257,
        89.3004391577936,
        89.41683566185736,
        90.78289228870022,
        88.47993715347782,
        88.25961205267137,
        88.18778967088268,
        89.54427559145036,
        90.45835359634891,
        89.11786233225176,
        90.0166968068769
    ],
    "valid_losses": [
        375.7962105043473,
        99.08166774626702,
        95.1563467210339,
        93.10054705219883,
        92.02632928663685,
        89.73663182412425,
        88.81910139514554,
        88.41248838363155,
        87.94858723302042,
        88.55028558546498,
        86.92010719545426,
        86.75264223160282,
        87.4886494298135,
        89.15611390144595,
        87.09859638829386,
        86.22958521689138,
        86.51250826927924,
        88.29898612729964,
        89.19544662967805,
        87.83236743557838,
        88.5893057546308
    ],
    "test_losses": [
        380.6238521452873,
        101.55177430183657,
        97.5656246062248,
        95.51601336079258,
        94.79751439248362,
        91.9652362946541,
        91.22397145917338,
        90.68013714205834,
        90.3964326920048,
        91.10182608327558,
        88.9283929640247,
        89.92980932420299,
        90.39968650571761,
        90.97867535006615,
        89.82543330038747,
        89.03425770421183,
        89.02603346301663,
        90.86765658470893,
        91.61942808089718,
        89.88861034762475,
        91.23109239147556
    ],
    "minibatch_train_losses": [
        357.8519592285156,
        413.38665771484375,
        110.72242736816406,
        89.55459594726562,
        95.63237762451172,
        98.41815948486328,
        111.29742431640625,
        91.3505859375,
        98.41439819335938,
        94.8087158203125,
        81.6512451171875,
        99.67435455322266,
        92.86007690429688,
        86.55068969726562,
        126.6694107055664,
        81.5706558227539,
        91.0029525756836,
        108.7296142578125,
        92.02584075927734,
        80.43115997314453,
        98.36339569091797,
        88.11983489990234,
        92.42633056640625,
        85.67562103271484,
        101.99376678466797,
        102.33671569824219,
        86.28826904296875,
        92.14067077636719,
        87.00436401367188,
        87.47228240966797,
        92.11551666259766,
        94.45025634765625,
        91.67012023925781,
        93.7343521118164,
        99.5728759765625,
        79.74174499511719,
        91.33984375,
        94.34101104736328,
        93.4477310180664,
        84.24311828613281,
        98.14739227294922,
        91.67910766601562,
        91.164306640625,
        87.71504974365234,
        79.23502349853516,
        95.4466323852539,
        94.86111450195312,
        80.57109069824219,
        94.64962005615234,
        87.15270233154297,
        85.9151840209961,
        92.83454132080078,
        103.06680297851562,
        97.19173431396484,
        92.07481384277344,
        94.78294372558594,
        88.853271484375,
        83.79660034179688,
        94.15554809570312,
        85.8124008178711,
        83.27835845947266,
        82.79399108886719,
        90.1876220703125,
        92.94989776611328,
        87.13599395751953,
        91.83348846435547,
        92.27086639404297,
        85.81221008300781,
        93.4004898071289,
        94.55525207519531,
        94.82562255859375,
        91.35729217529297,
        97.01659393310547,
        83.84938049316406,
        85.46154022216797,
        82.3733139038086,
        98.41862487792969,
        76.90653991699219,
        94.64530944824219,
        95.85371398925781
    ]
}