{
    "testproblem": "quadratic_deep",
    "batch_size": 32,
    "num_epochs": 20,
    "random_seed": 46,
    "weight_decay": null,
    "optimizer_name": "AdaptiveSGD",
    "optimizer_hyperparams": {
        "lr": null
    },
    "training_params": {},
    "train_losses": [
        463.1021521783644,
        100.68796317808089,
        100.09129751882246,
        94.83856988722279,
        92.53442702754852,
        92.46278676679057,
        92.12291963638798,
        91.98688064082977,
        91.9913076585339,
        90.66588912471649,
        90.02136058192099,
        90.32820818501133,
        90.11157694170552,
        89.0978024390436,
        88.92762510238155,
        92.16131173410723,
        90.24960819367439,
        90.62589903800718,
        89.89664311562815,
        93.06884125740298,
        89.46654535108998
    ],
    "valid_losses": [
        454.9857886529738,
        97.86219566099105,
        97.88236605736518,
        92.47715980775895,
        89.99126385104272,
        89.07244430049774,
        89.61119768696446,
        88.73651639876827,
        89.05793860650832,
        87.4024168445218,
        86.6605711906187,
        87.32336868778351,
        87.39835185389364,
        86.61901338638798,
        86.65106841056577,
        89.93128253567603,
        87.3088150024414,
        87.36504782399824,
        86.98977685743763,
        89.41883111769154,
        86.69961498629662
    ],
    "test_losses": [
        457.3192197738155,
        98.3751712922127,
        97.4690180132466,
        92.27593600365424,
        89.98510077691847,
        89.75232745755103,
        89.80436534266317,
        89.31738355082851,
        90.19022467828566,
        88.11953661518712,
        87.22620293401903,
        87.26515123921055,
        87.53396778721964,
        86.65177868258569,
        86.81103072627899,
        90.19635748094127,
        87.91168163668725,
        88.16778146066973,
        86.87886588804183,
        90.43548805482926,
        86.96266814201108
    ],
    "minibatch_train_losses": [
        471.5796203613281,
        464.3276062011719,
        109.25619506835938,
        84.43411254882812,
        96.13545227050781,
        91.12633514404297,
        93.35478210449219,
        95.96553802490234,
        91.69274139404297,
        112.47474670410156,
        86.74418640136719,
        95.726806640625,
        91.13046264648438,
        95.08816528320312,
        97.54946899414062,
        96.00065612792969,
        94.95160675048828,
        94.96363830566406,
        100.79553985595703,
        87.79451751708984,
        99.587646484375,
        90.89933776855469,
        88.80017852783203,
        99.6787109375,
        87.14573669433594,
        93.57264709472656,
        90.22732543945312,
        92.72059631347656,
        84.2547836303711,
        100.4656982421875,
        82.77627563476562,
        101.89525604248047,
        84.76558685302734,
        83.5003433227539,
        91.65770721435547,
        93.22699737548828,
        92.06417846679688,
        99.02932739257812,
        81.42816925048828,
        89.61577606201172,
        99.38566589355469,
        98.864501953125,
        84.7667007446289,
        88.17311096191406,
        85.23785400390625,
        86.32344818115234,
        91.6660385131836,
        86.50238037109375,
        82.85499572753906,
        95.58296966552734,
        86.43822479248047,
        89.5005111694336,
        100.0154037475586,
        74.67610931396484,
        89.31295013427734,
        103.59251403808594,
        83.69828796386719,
        85.80927276611328,
        100.44373321533203,
        93.96796417236328,
        87.32188415527344,
        80.829345703125,
        91.04530334472656,
        91.99203491210938,
        92.84484100341797,
        82.8335952758789,
        92.23117065429688,
        101.61485290527344,
        91.54695129394531,
        97.72844696044922,
        86.70348358154297,
        102.59330749511719,
        88.4981918334961,
        87.67875671386719,
        81.17863464355469,
        99.19546508789062,
        87.5329360961914,
        95.52428436279297,
        90.91512298583984,
        86.01535034179688
    ]
}