{
    "testproblem": "quadratic_deep",
    "batch_size": 32,
    "num_epochs": 20,
    "random_seed": 44,
    "weight_decay": null,
    "optimizer_name": "AdaptiveSGD",
    "optimizer_hyperparams": {
        "lr": null
    },
    "training_params": {},
    "train_losses": [
        331.8383208244078,
        104.84560861895162,
        99.73733126732611,
        95.68658767207977,
        95.83093138663999,
        92.5279053718813,
        93.53670427876133,
        91.67261652792654,
        93.90768481839088,
        93.08465256229523,
        93.01471390262726,
        91.85388995755103,
        91.39081647319179,
        91.99093874039188,
        90.06234544323337,
        90.77318179222846,
        91.5575669811618,
        89.88999791299143,
        89.82967401319935,
        91.51785327542213,
        89.68557197816911
    ],
    "valid_losses": [
        327.4473936019405,
        103.08861123361895,
        98.93041819910849,
        94.11799473916331,
        95.06987860894972,
        91.65210699266002,
        92.46593795284149,
        91.17567886844758,
        93.22764292070943,
        91.75185369676159,
        92.4263896326865,
        90.85022538708103,
        90.186768562563,
        90.48198970671623,
        88.63915228074596,
        89.42169041787425,
        89.48963288337954,
        89.19800887569305,
        88.68075266192037,
        89.88690923875377,
        88.47068934286794
    ],
    "test_losses": [
        325.8551045079385,
        101.96006307294292,
        98.37155988139492,
        93.47456852082283,
        94.0806382702243,
        90.04272756268901,
        91.55721996676537,
        89.4415302891885,
        91.94734216505482,
        90.10840016026651,
        91.52313207810924,
        90.04836494691911,
        89.48604411463583,
        89.86010520688949,
        87.49726867675781,
        88.39124962591356,
        89.3787103468372,
        87.50893894318611,
        87.24264427923387,
        89.01088936098161,
        87.41774306758758
    ],
    "minibatch_train_losses": [
        332.4720458984375,
        307.0632629394531,
        114.12422180175781,
        102.95494079589844,
        99.93352508544922,
        97.02782440185547,
        105.99127960205078,
        93.11536407470703,
        91.69302368164062,
        94.38133239746094,
        106.0860366821289,
        93.64369201660156,
        97.09523010253906,
        96.35652160644531,
        89.28987121582031,
        98.47943878173828,
        89.45683288574219,
        93.31269836425781,
        93.01492309570312,
        78.66748809814453,
        95.00614929199219,
        80.75828552246094,
        95.36852264404297,
        86.56287384033203,
        109.5013427734375,
        86.47443389892578,
        93.33739471435547,
        101.67586517333984,
        87.4525146484375,
        90.81442260742188,
        91.59821319580078,
        98.36263275146484,
        79.94188690185547,
        85.81732177734375,
        87.9687271118164,
        94.2417984008789,
        95.0312728881836,
        82.89527893066406,
        92.38461303710938,
        103.67398834228516,
        98.22932434082031,
        83.71114349365234,
        83.2178955078125,
        96.7952651977539,
        100.60102844238281,
        88.63773345947266,
        86.26797485351562,
        100.04301452636719,
        96.36703491210938,
        90.4555435180664,
        85.65316009521484,
        87.75930786132812,
        95.34700012207031,
        94.70050048828125,
        92.53250885009766,
        82.72744750976562,
        89.61174774169922,
        95.16184997558594,
        108.00216674804688,
        80.78539276123047,
        97.06140899658203,
        78.8104248046875,
        91.49832916259766,
        90.44281768798828,
        88.5666732788086,
        100.77397918701172,
        92.67670440673828,
        77.34474182128906,
        102.8194351196289,
        84.13442993164062,
        105.07561492919922,
        86.51805877685547,
        85.74943542480469,
        92.21864318847656,
        94.45708465576172,
        88.66670227050781,
        85.76719665527344,
        97.23500061035156,
        82.48274230957031,
        90.8801498413086
    ]
}