{
    "testproblem": "quadratic_deep",
    "batch_size": 32,
    "num_epochs": 20,
    "random_seed": 42,
    "weight_decay": null,
    "optimizer_name": "AdaptiveSGD",
    "optimizer_hyperparams": {
        "lr": null
    },
    "training_params": {},
    "train_losses": [
        325.92522996471774,
        104.86946795063633,
        96.33867989816973,
        92.9207515101279,
        93.39000012797695,
        89.58960576211253,
        88.62302595569241,
        88.10201312649635,
        87.97943533620527,
        89.0188940725019,
        87.1765897197108,
        88.71402543590915,
        88.61255818028604,
        88.61018913022933,
        87.10845701156124,
        87.91635624054939,
        87.47574344758064,
        87.20541603334489,
        87.33047214631111,
        87.71739319832095,
        86.65958699872417
    ],
    "valid_losses": [
        326.2157927482359,
        103.82715778966104,
        95.30553239391696,
        92.17771985453945,
        92.23741691343245,
        88.44435021185106,
        87.46262556506741,
        86.76890317855343,
        87.45859896752143,
        88.77770356209048,
        86.39952801119897,
        87.9604969639932,
        86.98217256607548,
        87.47847427860383,
        86.15486612627583,
        86.3166014148343,
        86.29014415125692,
        85.8186773484753,
        85.9691393452306,
        87.1273688039472,
        85.71280817831716
    ],
    "test_losses": [
        324.86869664346017,
        104.56737173757246,
        96.7945819977791,
        92.99969900808027,
        92.89491370416457,
        89.16297937208607,
        88.24773849979523,
        87.83379610123173,
        88.45913967009514,
        89.77881745369204,
        87.28705523090977,
        88.70503702471333,
        88.14354385868195,
        88.6963646181168,
        87.16488106020036,
        87.16535334433279,
        87.15720761206842,
        87.03565019176853,
        87.1662115281628,
        87.92702754851311,
        86.53574149839339
    ],
    "minibatch_train_losses": [
        297.57965087890625,
        332.439208984375,
        123.14602661132812,
        117.21906280517578,
        96.75625610351562,
        95.23809814453125,
        95.02703094482422,
        93.53825378417969,
        100.80857849121094,
        102.01866149902344,
        108.49787139892578,
        89.6296157836914,
        103.69171142578125,
        89.21356201171875,
        90.01834869384766,
        87.07935333251953,
        96.62538146972656,
        97.06237030029297,
        91.7463607788086,
        89.0853042602539,
        109.44049072265625,
        85.56807708740234,
        93.70503997802734,
        78.94752502441406,
        89.23450469970703,
        88.40624237060547,
        108.93791961669922,
        94.01704406738281,
        80.46846008300781,
        92.71530151367188,
        83.74302673339844,
        89.04850006103516,
        76.17002868652344,
        84.40428161621094,
        85.15215301513672,
        80.02178955078125,
        80.14730072021484,
        84.86885070800781,
        93.03207397460938,
        97.80094909667969,
        88.37554931640625,
        92.5003433227539,
        102.23014831542969,
        90.16400909423828,
        85.0262680053711,
        85.36029815673828,
        76.8794937133789,
        80.85784149169922,
        85.37234497070312,
        78.58563232421875,
        103.90240478515625,
        85.20736694335938,
        98.37443542480469,
        86.85826110839844,
        76.90946197509766,
        96.87027740478516,
        90.5101547241211,
        89.5880126953125,
        92.52114868164062,
        94.13931274414062,
        91.6517562866211,
        86.79793548583984,
        81.90048217773438,
        84.79499053955078,
        91.69731140136719,
        85.92561340332031,
        91.94402313232422,
        90.28411865234375,
        83.94491577148438,
        80.16563415527344,
        109.10950469970703,
        83.73544311523438,
        84.94742584228516,
        98.1971435546875,
        90.4496078491211,
        99.21746826171875,
        77.29293060302734,
        82.80191040039062,
        89.99516296386719,
        87.25244903564453
    ]
}