{
    "testproblem": "quadratic_deep",
    "batch_size": 32,
    "num_epochs": 20,
    "random_seed": 49,
    "weight_decay": null,
    "optimizer_name": "AdaptiveSGD",
    "optimizer_hyperparams": {
        "lr": null
    },
    "training_params": {},
    "train_losses": [
        245.88689644105972,
        103.01285183814264,
        96.20475473711568,
        93.49474014774445,
        92.03902090749433,
        91.16785504741054,
        89.40252340993574,
        89.03857594151651,
        88.9230004587481,
        87.4835702219317,
        88.47222211284023,
        89.15150008663055,
        92.01034029068485,
        87.04157257080078,
        88.55687418291646,
        88.29271304222846,
        88.17158877465033,
        86.75960319272933,
        89.03588424190399,
        89.23210783927671,
        87.73912368282195
    ],
    "valid_losses": [
        244.339596656061,
        103.75838372015184,
        97.02893558625252,
        94.33452999976373,
        93.14415740966797,
        92.09600608579574,
        90.02415860083795,
        89.6670396866337,
        89.63730030675089,
        88.03397344773815,
        89.44525023429624,
        89.71791052049205,
        92.50762127291772,
        87.84868941768524,
        89.7525644610005,
        89.5301250334709,
        88.67821601129347,
        87.71088409423828,
        90.36215136128087,
        89.64151665472215,
        88.42400729271674
    ],
    "test_losses": [
        243.8899949596774,
        104.39910544118574,
        97.61671521586757,
        94.68894933885143,
        93.86731301584551,
        92.49181341355846,
        90.32277113391507,
        90.11224832842427,
        90.28591426726311,
        88.63106610698085,
        89.53013881560295,
        90.15698709795552,
        93.11103820800781,
        88.52206297843686,
        90.04748608989101,
        89.76588956771359,
        89.18353197651524,
        88.2415043000252,
        91.18936477168914,
        90.41484045213268,
        88.43088113107989
    ],
    "minibatch_train_losses": [
        244.6959228515625,
        245.718017578125,
        109.99739074707031,
        108.25315856933594,
        99.44698333740234,
        107.95559692382812,
        97.41558837890625,
        91.35499572753906,
        99.3693618774414,
        90.3221435546875,
        87.2850112915039,
        83.37147521972656,
        91.76719665527344,
        80.531005859375,
        93.493408203125,
        97.30955505371094,
        102.24055480957031,
        97.55924987792969,
        89.13072967529297,
        91.79072570800781,
        94.99822998046875,
        92.27593231201172,
        98.85684204101562,
        88.4339370727539,
        92.7393569946289,
        99.15815734863281,
        92.76107788085938,
        88.8689193725586,
        96.31857299804688,
        87.2353286743164,
        89.27574920654297,
        95.43635559082031,
        95.53128051757812,
        85.94369506835938,
        83.11797332763672,
        82.54046630859375,
        100.47882843017578,
        89.54210662841797,
        94.54745483398438,
        86.10809326171875,
        83.24732971191406,
        82.87298583984375,
        96.57188415527344,
        83.65463256835938,
        90.95104217529297,
        87.78385162353516,
        80.84918975830078,
        95.48846435546875,
        96.55229187011719,
        98.09601593017578,
        94.32197570800781,
        96.07015991210938,
        96.39968872070312,
        95.0712890625,
        77.1901626586914,
        84.38426208496094,
        104.8547592163086,
        80.84519958496094,
        87.40343475341797,
        81.5855484008789,
        86.32676696777344,
        88.61540985107422,
        92.86558532714844,
        93.22750854492188,
        85.1951904296875,
        93.07701873779297,
        88.45478057861328,
        91.36058044433594,
        95.34882354736328,
        89.46632385253906,
        82.79729461669922,
        83.11782836914062,
        83.39972686767578,
        89.56718444824219,
        77.69625091552734,
        87.04762268066406,
        96.73721313476562,
        91.00009155273438,
        87.83846282958984,
        91.71757507324219
    ]
}