{
    "testproblem": "quadratic_deep",
    "batch_size": 32,
    "num_epochs": 20,
    "random_seed": 51,
    "weight_decay": null,
    "optimizer_name": "AdaptiveSGD",
    "optimizer_hyperparams": {
        "lr": null
    },
    "training_params": {},
    "train_losses": [
        325.43038349766886,
        100.8437997141192,
        96.24420362903226,
        91.6397198092553,
        91.31929262222782,
        88.17665666149509,
        89.1168227657195,
        88.8324678482548,
        88.06924955306515,
        88.07248958464592,
        90.2919405045048,
        87.61930010395665,
        89.09481466970136,
        88.12471771240234,
        88.27293469828945,
        88.00003297867313,
        88.63754223239037,
        87.17028340985698,
        87.28163146972656,
        86.90747931695753,
        88.23041165259576
    ],
    "valid_losses": [
        326.2157927482359,
        99.37267475743448,
        95.41917591710245,
        90.85969494235131,
        90.33418643090033,
        87.36669601932648,
        87.52147108508694,
        87.40282981626449,
        87.26289810672883,
        86.64757242510396,
        89.27205485682333,
        86.07938926450667,
        88.1651621172505,
        87.37550009450605,
        87.03880703833795,
        86.77604355350617,
        87.23167271767893,
        86.3812270625945,
        86.5631332397461,
        85.63012276926348,
        86.8389653851909
    ],
    "test_losses": [
        324.86869664346017,
        100.78591992778163,
        96.52105023784023,
        91.74278456164944,
        91.83574676513672,
        88.40185226932648,
        88.31743006552419,
        88.48095530848349,
        88.32311371834048,
        87.74912926458543,
        90.15738997920867,
        87.10650068713772,
        89.35076608965474,
        88.41446242793914,
        88.13152116344821,
        88.07464525776524,
        88.28792867352885,
        87.20311786282447,
        87.80797158518145,
        86.80496708039314,
        87.74966602940714
    ],
    "minibatch_train_losses": [
        326.6705017089844,
        353.0324401855469,
        114.73403930664062,
        101.91722106933594,
        97.1406021118164,
        101.09539794921875,
        98.662841796875,
        100.55915069580078,
        99.4359359741211,
        92.9578628540039,
        93.14350128173828,
        96.4928207397461,
        90.90020751953125,
        104.17887115478516,
        99.576171875,
        96.66261291503906,
        96.74137878417969,
        92.61212158203125,
        88.08600616455078,
        88.82479858398438,
        101.36243438720703,
        96.8250732421875,
        88.38111877441406,
        92.65567016601562,
        100.36167907714844,
        102.76404571533203,
        86.96723937988281,
        85.78038024902344,
        95.3093490600586,
        84.90603637695312,
        91.17658996582031,
        91.25579833984375,
        91.83832550048828,
        76.32177734375,
        83.21788787841797,
        87.95149230957031,
        89.17827606201172,
        84.20948791503906,
        78.67168426513672,
        81.64100646972656,
        73.16036224365234,
        92.8875961303711,
        68.81229400634766,
        84.59603881835938,
        98.44234466552734,
        82.90483093261719,
        83.82502746582031,
        92.81623077392578,
        89.54661560058594,
        91.33612823486328,
        84.64054107666016,
        80.54448699951172,
        95.33271789550781,
        93.49405670166016,
        95.26065063476562,
        98.84039306640625,
        82.78108978271484,
        86.13884735107422,
        92.88211059570312,
        71.15015411376953,
        81.0732421875,
        82.13451385498047,
        73.80931854248047,
        89.27672576904297,
        80.37993621826172,
        86.52418518066406,
        104.35365295410156,
        94.22545623779297,
        85.62606048583984,
        91.45651245117188,
        100.9692611694336,
        81.48031616210938,
        80.56497192382812,
        89.51103210449219,
        83.98070526123047,
        95.54353332519531,
        93.61858367919922,
        88.29002380371094,
        86.8541259765625,
        87.6842041015625
    ]
}