{
    "testproblem": "quadratic_deep",
    "batch_size": 32,
    "num_epochs": 20,
    "random_seed": 47,
    "weight_decay": null,
    "optimizer_name": "AdaptiveSGD",
    "optimizer_hyperparams": {
        "lr": null
    },
    "training_params": {},
    "train_losses": [
        582.1495440083165,
        101.67002844041393,
        96.48130650674143,
        93.24360878236833,
        93.20064298568234,
        89.46697579660723,
        92.58282913700226,
        92.86356599869266,
        88.29294044740739,
        91.6855980657762,
        89.54712430892452,
        88.34148505426222,
        87.81254725302419,
        87.98817640735257,
        89.0297588225334,
        87.12117791944935,
        87.98336865825038,
        88.8591825423702,
        88.5780019452495,
        87.86707921181956,
        88.60614924277029
    ],
    "valid_losses": [
        578.1544701360887,
        99.84617787022745,
        94.23857904249623,
        91.01671354232296,
        91.22632918819305,
        87.83871804514239,
        90.6774412585843,
        91.00317136702999,
        86.23519282187185,
        88.84202821793095,
        87.67933039511404,
        85.75813810286984,
        85.54633675852129,
        85.95181323635963,
        87.12912208803239,
        85.22705471900201,
        86.4055670461347,
        86.51517412739415,
        86.66608379733178,
        85.57693555278163,
        86.8612552765877
    ],
    "test_losses": [
        576.5394365864415,
        102.71411305089151,
        97.85328846593058,
        93.80774836386404,
        94.96473915346208,
        91.30448790519468,
        93.82834133025139,
        93.89747668850806,
        89.62554833196825,
        92.50934674662929,
        90.8042959397839,
        89.21594533612651,
        88.82401324856666,
        88.94265919346964,
        90.15638683688256,
        88.45343829739478,
        89.21378720191217,
        89.45827705629411,
        90.14039439539755,
        88.43207156273627,
        90.4689705141129
    ],
    "minibatch_train_losses": [
        563.7507934570312,
        591.6746215820312,
        107.03147888183594,
        107.60848999023438,
        107.67922973632812,
        96.95475769042969,
        97.94410705566406,
        93.13726806640625,
        101.75909423828125,
        96.12312316894531,
        89.81402587890625,
        95.1697998046875,
        88.24913024902344,
        95.25540924072266,
        82.22825622558594,
        93.07765197753906,
        103.80797576904297,
        92.16899108886719,
        95.41218566894531,
        83.70608520507812,
        91.12803649902344,
        86.41148376464844,
        88.30384826660156,
        80.03369140625,
        93.56117248535156,
        103.15341186523438,
        90.3955078125,
        93.19188690185547,
        85.13634490966797,
        101.1721420288086,
        94.65542602539062,
        82.98909759521484,
        87.0740966796875,
        81.1519775390625,
        103.9240951538086,
        87.64169311523438,
        91.61795806884766,
        86.50337219238281,
        94.04496002197266,
        104.14063262939453,
        89.7010269165039,
        101.7318344116211,
        86.4667739868164,
        91.06253051757812,
        87.12863159179688,
        97.22332000732422,
        76.80644226074219,
        84.1376724243164,
        96.36148834228516,
        89.32293701171875,
        80.76702880859375,
        91.56584930419922,
        97.47232055664062,
        99.06596374511719,
        87.67168426513672,
        83.67945861816406,
        101.31498718261719,
        78.51288604736328,
        85.53167724609375,
        93.84465789794922,
        86.46009826660156,
        82.67235565185547,
        85.50556945800781,
        80.14569854736328,
        84.99268341064453,
        78.19542694091797,
        85.04144287109375,
        89.56619262695312,
        85.92094421386719,
        91.83586883544922,
        88.41710662841797,
        90.81568908691406,
        84.53369903564453,
        93.24203491210938,
        91.7176513671875,
        87.28337097167969,
        94.66810607910156,
        90.73426818847656,
        81.82617950439453,
        90.36050415039062
    ]
}