{
    "testproblem": "quadratic_deep",
    "batch_size": 32,
    "num_epochs": 20,
    "random_seed": 43,
    "weight_decay": null,
    "optimizer_name": "AdaptiveSGD",
    "optimizer_hyperparams": {
        "lr": null
    },
    "training_params": {},
    "train_losses": [
        298.940667921497,
        102.19620415472215,
        96.84550377630418,
        94.43800969277659,
        91.93642007150957,
        91.34548704085812,
        89.5190663491526,
        89.32302930278163,
        88.50559406895792,
        88.92372082125756,
        88.13685952463457,
        89.47588299166772,
        88.41592333393712,
        89.91986846923828,
        88.33180482925907,
        88.62501378213206,
        88.75837190689579,
        88.30085606728831,
        88.67649890530494,
        89.63269485965851,
        88.99598915346208
    ],
    "valid_losses": [
        294.685304703251,
        101.65107751661732,
        96.98634412211757,
        93.61780031265751,
        91.8896971671812,
        91.35323161463583,
        88.98309449226626,
        88.55005522697202,
        88.31712808916646,
        88.51693233366936,
        87.95503702471333,
        89.75665307814076,
        87.94967282202936,
        89.38034057617188,
        88.07218194776966,
        88.17687176119897,
        87.66888600011026,
        88.06865864415323,
        89.10033712079448,
        88.50206953479397,
        88.82174633395287
    ],
    "test_losses": [
        306.50646480437246,
        101.84549073250064,
        96.62000742266255,
        94.59715615549395,
        91.39853397492439,
        92.03345218781502,
        89.31600656817037,
        89.36873675930885,
        88.60661143641317,
        89.25291172150642,
        88.0997046193769,
        89.84039995747227,
        87.7445553195092,
        89.8496357087166,
        88.46114398587135,
        88.74834442138672,
        88.36330266152659,
        87.91503635529548,
        88.49984175159085,
        89.88954408707157,
        87.7504644086284
    ],
    "minibatch_train_losses": [
        293.4674987792969,
        317.80291748046875,
        104.05245971679688,
        105.19390106201172,
        104.95246887207031,
        91.43643188476562,
        106.70780944824219,
        92.12518310546875,
        99.78929901123047,
        110.15420532226562,
        104.27570343017578,
        89.70989227294922,
        92.13993072509766,
        86.458984375,
        92.39369201660156,
        101.68869018554688,
        89.60989379882812,
        85.47716522216797,
        86.42601013183594,
        92.13186645507812,
        88.95053100585938,
        81.90773010253906,
        89.74853515625,
        87.21453857421875,
        82.27863311767578,
        98.18907928466797,
        74.85826110839844,
        93.90148162841797,
        84.34880065917969,
        87.58037567138672,
        90.87943267822266,
        107.85243225097656,
        86.10987854003906,
        94.54220581054688,
        94.52347564697266,
        84.72917938232422,
        87.12871551513672,
        90.25904083251953,
        89.23575592041016,
        102.3861312866211,
        91.80464935302734,
        89.52800750732422,
        88.53411102294922,
        97.15583038330078,
        84.6905288696289,
        88.32598114013672,
        79.11424255371094,
        82.42324829101562,
        88.97579956054688,
        96.03921508789062,
        91.00431060791016,
        87.89360046386719,
        93.72200012207031,
        88.86325073242188,
        91.47301483154297,
        87.52532196044922,
        79.64392852783203,
        86.24736785888672,
        78.3651351928711,
        92.2107925415039,
        89.2038803100586,
        95.92191314697266,
        98.28434753417969,
        91.15760040283203,
        98.01754760742188,
        83.14862060546875,
        90.11695861816406,
        86.62681579589844,
        82.96089172363281,
        74.57223510742188,
        78.53646850585938,
        101.59451293945312,
        93.52595520019531,
        92.95458984375,
        76.98649597167969,
        85.57910919189453,
        92.41564178466797,
        87.56402587890625,
        85.95967102050781,
        79.59008026123047
    ]
}