{
    "testproblem": "quadratic_deep",
    "batch_size": 32,
    "num_epochs": 20,
    "random_seed": 48,
    "weight_decay": null,
    "optimizer_name": "AdaptiveSGD",
    "optimizer_hyperparams": {
        "lr": null
    },
    "training_params": {},
    "train_losses": [
        286.5301257717994,
        102.15496186287173,
        96.41313072942918,
        94.83887580133253,
        91.21309563421434,
        91.0051503335276,
        90.0204322568832,
        89.37785954629221,
        90.15530986170614,
        89.36854110225555,
        88.64990160542149,
        88.84142795685798,
        89.510742679719,
        88.9481191327495,
        87.61810868786228,
        87.03337786274571,
        89.32686171993133,
        87.26424604846585,
        89.71832201557774,
        87.86297607421875,
        87.4301991616526
    ],
    "valid_losses": [
        286.11244053994454,
        103.27088952833607,
        97.18428433325982,
        95.80638836276147,
        92.23769329440209,
        92.0460448726531,
        90.71253721175655,
        90.96776211646295,
        91.02202729255923,
        90.73567495038432,
        89.54524255567982,
        89.5420884163149,
        90.82190679734752,
        90.17177483343309,
        88.71169896279612,
        88.28222213252899,
        90.12389078447896,
        88.47886829991495,
        90.9056386639995,
        89.28918678529801,
        88.85548400878906
    ],
    "test_losses": [
        282.5890453707787,
        101.89550855082851,
        96.03461234800277,
        94.55829915692729,
        90.57308467741936,
        90.4636715304467,
        89.59910017444241,
        89.5611089891003,
        89.28308376189202,
        89.63126102570564,
        88.20267338906565,
        88.37432122999623,
        89.54421750960812,
        88.76289810672883,
        87.31395549158896,
        86.88782944217805,
        88.59537530714466,
        87.04768716135332,
        89.43326199439264,
        87.91782059208039,
        87.35971364667338
    ],
    "minibatch_train_losses": [
        304.9620666503906,
        310.614013671875,
        106.02069091796875,
        102.5960464477539,
        97.70952606201172,
        100.45222473144531,
        90.02424621582031,
        98.35154724121094,
        95.69336700439453,
        90.58081817626953,
        103.9588623046875,
        97.48841857910156,
        86.67649841308594,
        100.61151123046875,
        96.90764617919922,
        100.83180236816406,
        85.23208618164062,
        83.1216812133789,
        96.00521850585938,
        91.39462280273438,
        95.15583038330078,
        87.47727966308594,
        105.82411193847656,
        83.23956298828125,
        94.8795166015625,
        86.71437072753906,
        103.89974975585938,
        86.49835205078125,
        89.9151382446289,
        80.56041717529297,
        87.82757568359375,
        99.94463348388672,
        74.28224182128906,
        87.47598266601562,
        87.39545440673828,
        84.67706298828125,
        94.78421020507812,
        81.96308135986328,
        86.42190551757812,
        87.94402313232422,
        78.47013854980469,
        79.26214599609375,
        89.59790802001953,
        85.42667388916016,
        93.38211059570312,
        95.017578125,
        89.35295104980469,
        86.87486267089844,
        80.7912826538086,
        85.4788818359375,
        87.2723159790039,
        92.84930419921875,
        84.78709411621094,
        94.92023468017578,
        89.13971710205078,
        91.96461486816406,
        85.69189453125,
        95.91461181640625,
        84.20874786376953,
        87.91291809082031,
        99.1245346069336,
        91.08715057373047,
        82.52107238769531,
        85.09314727783203,
        84.69005584716797,
        98.86103057861328,
        94.0941162109375,
        88.48062133789062,
        76.77291870117188,
        97.49472045898438,
        79.45452117919922,
        94.00660705566406,
        91.23316955566406,
        99.25088500976562,
        99.95722198486328,
        78.68009948730469,
        80.84246063232422,
        89.38876342773438,
        87.5206069946289,
        89.1596450805664
    ]
}