{
    "testproblem": "quadratic_deep",
    "batch_size": 32,
    "num_epochs": 100,
    "random_seed": 46,
    "weight_decay": null,
    "optimizer_name": "Preconditioner",
    "optimizer_hyperparams": {
        "lr": 0.001
    },
    "training_params": {},
    "train_losses": [
        380.6989440917969,
        324.9553409699471,
        100.95258011356476,
        95.10302389821699,
        92.9694341844128,
        90.95060483870968,
        90.7303973782447,
        88.66306723317793,
        87.94549240604523,
        87.40684460055444,
        87.25767246369392,
        86.59912896925404,
        85.95865680325416,
        86.22290900445753,
        85.69699958062941,
        85.64270142586001,
        86.81566890593498,
        86.97491282801474,
        86.11330635316911,
        86.30989714591733,
        84.65479992282006,
        86.36802550285093,
        84.85577983240927,
        87.1863026772776,
        84.39729801301033,
        85.43936477168914,
        85.13488892586001,
        85.85882026918473,
        85.94601022043535,
        88.19092485981602,
        85.66705051545173,
        85.48767434397051,
        85.26853204542591,
        87.40310373613912,
        85.42771567067793,
        85.82495043354649,
        85.84525742069367,
        85.39085634293095,
        86.75333010765814,
        87.84651307136782,
        86.23164786061933,
        84.93859641782699,
        86.40430351995653,
        85.15334197013608,
        85.15892594860446,
        85.12925966324345,
        86.67762805569556,
        85.04217406242124,
        84.90852946619833,
        86.41208944013042,
        85.54217332409274,
        86.46251973798198,
        87.30432547292402,
        84.57591838221396,
        84.14332063736454,
        85.26013528147051,
        84.49444235524824,
        84.4604263305664,
        85.09424541842553,
        87.50938169417843,
        86.85996270948841,
        84.79681076542023,
        85.58770702731225,
        86.57973012616557,
        85.32393104799333,
        86.95976208102319,
        85.53771948045299,
        85.93398063413558,
        85.07911239131805,
        88.59612372613722,
        84.9451168429467,
        85.39827875937185,
        87.42344911636845,
        85.35952808010963,
        84.88714771886026,
        86.19527459913685,
        85.52747369581654,
        86.23448131930444,
        84.74010935137349,
        84.76565231815461,
        85.49156188964844,
        84.5374507288779,
        85.93242719096523,
        84.74096556632749,
        87.39782837898501,
        84.45365388931766,
        85.31478586504537,
        85.74922795449534,
        85.30476330172631,
        84.89474881079889,
        85.34829687303112,
        85.10340044575352,
        84.96092691729146,
        86.80225003150201,
        87.61403360674458,
        85.04140177080708,
        86.07952659360824,
        86.43484570903163,
        86.96499535345262,
        84.87406133836315,
        85.84137135167276
    ],
    "valid_losses": [
        379.5955308483493,
        324.83290739982357,
        104.41651891892955,
        98.06788389144405,
        95.6458511352539,
        93.53875855476626,
        93.62402269917149,
        91.52136402745401,
        90.98514704550466,
        90.85010651619204,
        90.65803970829133,
        89.53192384781376,
        89.3053724227413,
        89.1876939342868,
        89.37552962764617,
        88.59755165346208,
        89.49935174757435,
        89.79341371597782,
        89.5113793649981,
        89.54178914716167,
        88.06275792275706,
        89.47820798812374,
        88.31747141192037,
        90.52888882544732,
        87.5270265148532,
        88.6759746920678,
        88.63354196856099,
        89.08316040039062,
        88.9604999173072,
        92.17866639168032,
        88.86828121062248,
        88.55496043543661,
        88.82589918567288,
        90.32982364777595,
        88.63034057617188,
        88.71907191122732,
        89.14542782691217,
        88.21518042779738,
        89.38565900248867,
        91.1641348561933,
        89.43036774666079,
        87.70959718765751,
        90.08531459685295,
        88.2272464383033,
        88.02757583125945,
        88.11780080487651,
        89.44990022720829,
        88.3148173670615,
        87.4975108485068,
        89.33286482287991,
        88.60709873322517,
        89.12048610564202,
        90.29410503756615,
        87.63885079660723,
        87.40528082078502,
        88.81649386498236,
        87.71371853736139,
        88.17624442808089,
        88.21166056971396,
        90.79380527619392,
        90.57090857721144,
        88.05555183656755,
        88.40566893546811,
        90.6077125303207,
        88.75317948864353,
        89.63765495054183,
        88.87669249503843,
        89.30487454322076,
        88.18996183333859,
        91.83947261687248,
        88.37220961047757,
        88.44635871148878,
        90.26186838457662,
        88.9652584445092,
        88.1905005670363,
        89.9766592210339,
        89.07934053482548,
        88.77168446202433,
        87.84774657218686,
        87.89926590458039,
        89.10840237525201,
        87.89385543331024,
        89.06170285132623,
        87.89318232382497,
        89.95891374157321,
        87.57879860170426,
        87.99212375763923,
        88.78372241604713,
        88.55757756387034,
        87.81590369439894,
        88.26303051364037,
        88.82088593513735,
        88.29281370101437,
        90.6282725180349,
        90.78826732020224,
        88.38795274303806,
        89.29432013727003,
        89.62312464560232,
        90.54181400422127,
        88.01951131513042,
        88.87313350554436
    ],