{
    "testproblem": "quadratic_deep",
    "batch_size": 32,
    "num_epochs": 100,
    "random_seed": 51,
    "weight_decay": null,
    "optimizer_name": "Preconditioner",
    "optimizer_hyperparams": {
        "lr": 0.001
    },
    "training_params": {},
    "train_losses": [
        271.4455310452369,
        239.64690817556072,
        104.660155265562,
        99.1369144070533,
        95.43218772642074,
        94.83791572816911,
        93.36796348325667,
        92.34353145476311,
        92.50469429262223,
        91.56116067209551,
        91.86595227641445,
        92.93640702770603,
        91.70141330842048,
        91.97490446029171,
        89.9453875633978,
        89.88968363115865,
        91.27327309885332,
        89.91554604807207,
        89.43374559956212,
        90.38802928309286,
        90.22068786621094,
        89.88234464583859,
        90.55200687531502,
        90.41211774272304,
        88.74984248991936,
        89.04857438610446,
        88.96252096852949,
        89.77307842623803,
        90.87666542299333,
        88.37449055333292,
        89.428709953062,
        92.02658130276588,
        89.85080891270792,
        88.95206722136467,
        89.74332403367565,
        91.79171999039188,
        89.9618643483808,
        89.77552327802104,
        89.57131047402659,
        89.03934527981666,
        89.91417620258946,
        88.7273694930538,
        90.18606025941911,
        89.33777889128655,
        88.96588922316029,
        89.19916116037676,
        91.58915710449219,
        88.35109538416708,
        89.56937679167717,
        88.35033810523248,
        89.1684806577621,
        89.36483666204637,
        89.63454855642011,
        90.17925680837324,
        88.85637615573022,
        90.33251559349799,
        90.47376152776903,
        89.27639549009261,
        89.79888054632372,
        89.24082503780242,
        89.59473886797505,
        89.42669505457724,
        88.97318907706968,
        89.95057752055507,
        89.42220626338836,
        89.20755890877017,
        89.47135236186367,
        89.74176222278226,
        89.28344357398248,
        89.22658317319808,
        89.68792478499874,
        88.75413906958795,
        88.76929646153604,
        89.16788753386467,
        90.82714326920048,
        92.99551268546811,
        90.66779007450226,
        89.62509942823841,
        90.45564713016633,
        92.62263882544732,
        89.22710074147871,
        89.39008528186429,
        89.25479150587513,
        89.03825279974168,
        88.7270027898973,
        89.218260242093,
        88.96334445091986,
        88.473390640751,
        90.45234261789629,
        89.51579112391317,
        89.04478429978893,
        89.59563396823022,
        89.75118231004284,
        89.29991469844695,
        88.7340102657195,
        89.8667959397839,
        89.27001140963647,
        89.86903356736705,
        90.07785231067288,
        88.22109763853011,
        89.42938158589024
    ],
    "valid_losses": [
        268.436525406376,
        236.84718175088204,
        103.24533154887538,
        97.72631811326549,
        94.0293677545363,
        92.96455481744582,
        91.51841735839844,
        90.45520807081654,
        91.00185369676159,
        90.14591930758569,
        90.49938324959048,
        90.63081704416582,
        89.66368644468245,
        90.44835392121345,
        87.8448978547127,
        88.5829101070281,
        89.91401032478579,
        88.13372507402974,
        88.27223230177357,
        88.90941176875945,
        88.6117420811807,
        88.26660648469002,
        89.24612525201613,
        89.3808837398406,
        87.09678772957095,
        87.61964785668158,
        87.14498482981035,
        87.93948758033014,
        88.81272691295993,
        86.70399475097656,
        87.6547344576928,
        90.63908090899068,
        87.98560185586253,
        87.19753093104208,
        88.40083534486833,
        90.25640253866872,
        88.6383536554152,
        88.13540378693611,
        87.67525014569682,
        87.59610034573463,
        87.99290367864793,
        87.15725855673513,
        88.31018509403351,
        88.10784321446573,
        87.36306467363912,
        87.5392581570533,
        89.30138101885396,
        86.69749130741242,
        87.31433597687752,
        86.8922377555601,
        87.08517160723287,
        87.04585659888482,
        88.10717207385647,
        88.84473197690902,
        87.38888279084236,
        88.42440894342238,
        88.81179563460812,
        87.55230811334425,
        88.30464959913685,
        87.76446385537425,
        87.86128407139933,
        87.56797765916393,
        87.61108693768901,
        88.38687453731414,
        87.57500679262223,
        87.59059290732107,
        87.28272911810106,
        87.6620350499307,
        87.7400652977728,
        87.62427816083354,
        88.15562635852444,
        87.37664031982422,
        87.42950513285976,
        87.44072698777721,
        89.07217850223664,
        90.68881127142137,
        89.12442705708165,
        87.86116421607232,
        87.877686531313,
        91.30869317823841,
        88.16863669118574,
        87.67833685105846,
        87.46741977814705,
        87.1336423812374,
        86.90328954881237,
        87.82498045890561,
        87.29104761923513,
        86.7090801115959,
        88.78242345010081,
        87.48383478964529,
        87.48328055104902,
        87.74407540598223,
        88.3864276024603,
        87.5181141514932,
        87.31836257442352,
        88.48296873031124,
        87.15520526516822,
        88.4664326329385,
        88.72742363714403,
        86.83251608571699,
        87.67971309538811
    ],