{
    "testproblem": "quadratic_deep",
    "batch_size": 32,
    "num_epochs": 100,
    "random_seed": 52,
    "weight_decay": null,
    "optimizer_name": "Preconditioner",
    "optimizer_hyperparams": {
        "lr": 0.001
    },
    "training_params": {},
    "train_losses": [
        438.706292921497,
        373.05785837481096,
        104.48597668063256,
        97.85734459661668,
        95.89720153808594,
        93.58997664913055,
        92.32662422426286,
        91.88816218222341,
        90.57344522783833,
        89.33645236107611,
        88.37578951927924,
        89.8699222687752,
        89.29021650745022,
        87.61890977428806,
        88.64760171213457,
        88.35703671363092,
        87.53990640947896,
        88.48158313382056,
        88.93927740281627,
        88.63575104744204,
        88.09832689839024,
        88.61605022799584,
        86.93287461803806,
        88.77711486816406,
        88.76975914739793,
        87.0458745648784,
        87.07282330912929,
        88.36377322289252,
        87.792236328125,
        92.05252985800466,
        88.44886336788055,
        87.81709781769783,
        86.31207866053427,
        87.53880137781942,
        88.75345414684665,
        87.98699262065273,
        87.15770622991747,
        86.68481002315399,
        89.91830665834489,
        86.77802104334677,
        88.11735091670867,
        87.80252862745716,
        87.79845083913496,
        88.74527617423765,
        87.54703915503717,
        89.62441204440209,
        86.87458284439579,
        87.00893672820061,
        87.37545013427734,
        88.10675836378529,
        88.12024221112651,
        89.1331518850019,
        88.04807945989793,
        86.6089130524666,
        86.07657770956716,
        86.68963672268775,
        87.89409735894972,
        87.96577305947581,
        87.22837829589844,
        86.50996768090033,
        87.02995128016317,
        87.31853706605973,
        87.38210518129411,
        87.90118112871724,
        87.29114360194052,
        86.07625112225932,
        87.84795970301474,
        87.02696400303995,
        86.95458762876449,
        88.85440998692667,
        87.30367402107485,
        89.05387066256615,
        86.24761323005923,
        88.12483781383884,
        87.12301537298387,
        87.25309162755167,
        88.52328638876638,
        88.13631513041835,
        90.80749437885899,
        87.3547117171749,
        87.8009520499937,
        86.95482807774698,
        86.98341541905558,
        87.55683086764428,
        87.70303738501764,
        87.15066971317414,
        87.92530675088206,
        86.85971389278289,
        86.97990048316217,
        86.8685548843876,
        88.81243945706275,
        86.2149921540291,
        87.49096901186051,
        87.89983810917023,
        87.16779622723979,
        86.69178550474105,
        86.80005301198652,
        86.7851316390499,
        86.75554460094821,
        86.86410620904738,
        87.77422898815524
    ],
    "valid_losses": [
        428.0012443296371,
        363.1536402548513,
        102.67853004701676,
        96.69136834913685,
        94.30320272138042,
        91.95150855279738,
        90.41791312925277,
        90.3291522610572,
        89.34735304309476,
        88.00206559704196,
        87.5186307353358,
        88.07320699384135,
        88.26051133678806,
        86.94086579353579,
        88.02964954991495,
        87.83169875606414,
        86.15770204605595,
        87.63075797788558,
        87.89878525272492,
        87.196533203125,
        86.38094132946384,
        87.58617302679247,
        86.49012805569556,
        87.22865172355405,
        88.50990541519657,
        86.43063206826487,
        86.20460731752458,
        86.41514365903792,
        86.08609254898563,
        90.15524439657888,
        86.52116861651021,
        86.18116834086757,
        85.48118640530494,
        87.08144993935862,
        87.52035497849987,
        86.70919356807586,
        85.27045366840977,
        85.83442934097782,
        89.69417670465285,
        85.93828927316973,
        87.32810260403541,
        86.36669232768398,
        86.67589224538496,
        88.7103788314327,
        86.54169365667528,
        88.5604267735635,
        85.96341557656565,
        85.4635511829007,
        85.92099122078189,
        86.34518826392389,
        87.57456650272492,
        88.31198440059539,
        87.26018401115171,
        85.84191426923198,
        84.92566951628655,
        85.38324540661228,
        87.07460489580708,
        86.5437279978106,
        85.6138160459457,
        85.19832635694935,
        85.4767559420678,
        86.59670675954511,
        86.59580895208543,
        87.1418934483682,
        85.87073566067603,
        85.72619382796749,
        86.9384536743164,
        85.72677341584236,
        85.73154523295742,
        88.23184745542464,
        85.96030524469191,
        87.81560516357422,
        85.0077871507214,
        87.13139220206968,
        86.51940991801601,
        86.2351317867156,
        86.98232835338962,
        87.29918030769595,
        88.21107212189705,
        86.41350973806074,
        85.88074961016255,
        85.62474896830898,
        86.28759248795048,
        87.28294471002394,
        86.45895188854587,
        86.69320580267137,
        87.45538108579574,
        85.39761057207662,
        85.98115022720829,
        85.78224452849358,
        88.82763130434098,
        85.30127396122101,
        87.04994620046308,
        87.1370103897587,
        86.01721732847152,
        85.97596617667905,
        85.138670398343,
        85.80628475066155,
        85.30344538534841,
        85.74847485942226,
        86.11278681601247
    ],