{
    "testproblem": "quadratic_deep",
    "batch_size": 32,
    "num_epochs": 100,
    "random_seed": 44,
    "weight_decay": null,
    "optimizer_name": "Preconditioner",
    "optimizer_hyperparams": {
        "lr": 0.001
    },
    "training_params": {},
    "train_losses": [
        412.56525051978326,
        350.6332052907636,
        103.37583554175592,
        97.02990747267201,
        95.17045076431766,
        92.15817482240739,
        91.03273133308657,
        90.61226826329386,
        89.00075088008758,
        89.44087883733934,
        87.54806789275139,
        87.60767979775706,
        88.93328586701423,
        87.48679942469442,
        87.3039791968561,
        88.44630801293158,
        86.72527854673324,
        86.96434168661794,
        87.06991207984186,
        88.14915589363345,
        86.72461503551853,
        87.33455436460433,
        87.48784809727823,
        86.95697759812877,
        86.64351580219883,
        89.25537035542149,
        86.13831230901903,
        87.17731205109627,
        89.19017176474294,
        87.21119812996157,
        87.28785533289755,
        85.8799061929026,
        87.93700162826046,
        86.00147690311555,
        86.6870355913716,
        86.30025457566784,
        86.79793523973034,
        87.94634246826172,
        85.99222810806766,
        86.99155106083039,
        89.33166159352949,
        86.4119380827873,
        85.99886026690083,
        86.23925067532447,
        87.17686019405242,
        87.90302104334677,
        87.19857000535534,
        88.59934357673892,
        89.54091521232358,
        86.56536914456275,
        86.03485698084677,
        86.42323918496409,
        86.30646441059727,
        86.46766121156755,
        90.33904512466923,
        87.60734484272618,
        87.36391891971711,
        85.63628608949723,
        85.74834442138672,
        85.88468416275516,
        86.3182611773091,
        86.31598564886278,
        85.76428296489101,
        86.20948643838206,
        87.04519308767011,
        85.89333663448211,
        87.20393863801033,
        87.91639734083607,
        86.54391602546939,
        87.413572742093,
        86.97533219860446,
        87.05240335772115,
        85.92976280950731,
        86.65307912518901,
        85.575927242156,
        87.24983289164882,
        85.80509604177168,
        86.32797684208039,
        86.29204510104272,
        86.48780084425404,
        86.2196783250378,
        87.38740884104082,
        86.65254949754284,
        87.90157391948085,
        86.79892779934791,
        86.36667042393839,
        89.31346917921498,
        86.55648065382435,
        87.13997256371283,
        86.72687038298577,
        86.3074473719443,
        86.30810768373551,
        86.57746148878529,
        86.78712364935106,
        86.31248178789693,
        86.33792951030117,
        86.39666501937374,
        86.4257086476972,
        88.5144527804467,
        86.19271875196888,
        87.27774170906314
    ],
    "valid_losses": [
        419.55018664944555,
        356.31803155714465,
        103.496094734438,
        96.52269228043095,
        94.66146924418788,
        92.1012201616841,
        90.68069285731161,
        90.94335617557648,
        88.08545537148753,
        88.10457709527785,
        87.01605692217427,
        86.68893408006237,
        88.11468013640373,
        86.75540259576613,
        86.48561268468058,
        87.71594312114101,
        86.15472535164126,
        86.83969977594191,
        86.69405734154486,
        87.12314851822391,
        86.43025281352382,
        87.75435392318234,
        87.59406526627079,
        86.67339694115424,
        85.85719545425907,
        87.96390435003465,
        85.14527130126953,
        86.85540451542023,
        88.42878969254032,
        86.92745528682586,
        87.12842067595452,
        85.38744305026147,
        87.34963915424962,
        85.46190101869645,
        85.58682275587513,
        85.78903198242188,
        85.99080362627583,
        87.04059945383379,
        85.27575191374748,
        86.39823544409967,
        89.1673096687563,
        85.98763127480784,
        85.34087445659023,
        86.20779812720514,
        86.5059317311933,
        87.17632342923072,
        86.0341321883663,
        87.85471024051789,
        89.63901864328692,
        86.0685055640436,
        86.07583593553112,
        85.885740218624,
        85.64988831550845,
        86.08134066674018,
        90.40294524162046,
        86.91982835338962,
        87.27349435129473,
        84.79221737769342,
        85.42841363722279,
        85.47406621133128,
        85.5734366140058,
        86.40856908982799,
        85.18720442248929,
        85.41492462158203,
        85.94991794709236,
        84.92308487430695,
        86.728028328188,
        87.42644377677671,
        85.51898119526524,
        86.7536367600964,
        86.19202398484752,
        86.65794766333795,
        85.38733500819052,
        86.24326545961442,
        85.18236418693296,
        86.67613835488596,
        85.20877567414314,
        85.35116429482737,
        85.73343264672064,
        85.77178832023374,
        86.17504365982548,
        86.66408440374559,
        85.24902811358052,
        86.3604487757529,
        85.85921724380985,
        85.71673977759576,
        88.25450823383946,
        85.42770484185988,
        86.35935777233493,
        86.40369833669355,
        85.26812399587324,
        85.72032805412046,
        85.6091552242156,
        85.85169195359752,
        85.67919158935547,
        85.43911595498362,
        85.01341075281942,
        85.43699079944241,
        87.1075685562626,
        84.99355759159211,
        86.42528780045048
    ],