{
    "testproblem": "quadratic_deep",
    "batch_size": 32,
    "num_epochs": 100,
    "random_seed": 50,
    "weight_decay": null,
    "optimizer_name": "Preconditioner",
    "optimizer_hyperparams": {
        "lr": 3.1622776601683795e-05
    },
    "training_params": {},
    "train_losses": [
        501.888671875,
        499.4468058924521,
        105.78282436247795,
        98.62151927332724,
        96.45736079062185,
        93.44211061539188,
        92.37461828416393,
        90.11061243857107,
        89.93638340119392,
        90.17614352318549,
        89.26154450447329,
        87.79769060688633,
        89.57462729177168,
        87.87462148358745,
        89.67386381087765,
        87.88221371558404,
        91.80846577305948,
        89.47850356563445,
        86.91209854618195,
        87.29572246920678,
        88.02148757442352,
        86.88902258103893,
        87.89226778091923,
        89.20542686216292,
        87.91179533927671,
        90.02331419913999,
        88.25296315839213,
        87.6393314484627,
        88.55593995125064,
        90.18241833102319,
        87.21470297536543,
        87.33919328258884,
        86.95717399351058,
        87.61724361296623,
        86.57169514317667,
        87.64224710772115,
        86.71288250338647,
        87.67034173780873,
        87.17431369904548,
        87.14540223152407,
        86.73252524099043,
        87.43428876323085,
        87.06656203731414,
        88.38976140176096,
        87.32207415180821,
        87.99121709023753,
        88.42337799072266,
        87.99014109949911,
        87.95904294906124,
        87.66190781131867,
        88.38913160754788,
        87.36971750567037,
        87.40675058672505,
        87.30884010561051,
        86.90450286865234,
        87.99862818564138,
        87.89970348727319,
        87.66836695517263,
        87.08101309499433,
        87.50258907195061,
        88.39498089205834,
        86.37454568186114,
        88.96683920583418,
        88.31114418275895,
        87.45517066217238,
        86.9319081460276,
        87.86254292149698,
        86.9779517881332,
        87.83206668976814,
        87.93140116045552,
        87.94543998472152,
        87.74410050915134,
        86.99515484225365,
        86.86653161817982,
        87.79645612162929,
        87.65100909817603,
        88.03634668165638,
        86.67348037227508,
        86.55167487359816,
        88.56227677868259,
        88.10887662826046,
        88.13659003473097,
        87.70129616029801,
        88.16733575636341,
        88.70534244660408,
        86.64964343655494,
        88.1017591414913,
        87.01824680451423,
        86.8496322631836,
        86.80481843025454,
        89.91248838363155,
        90.31622092954574,
        87.47928717828566,
        88.59939132198211,
        89.04830538841986,
        86.17591661022556,
        87.83096928750315,
        86.72772635183027,
        88.3065180624685,
        87.12828359296245,
        88.05997885427168
    ],
    "valid_losses": [
        503.51834500220514,
        500.79178348664317,
        105.37064533848917,
        98.11789481870589,
        95.84483337402344,
        92.8643560101909,
        91.45839617329258,
        89.07523739722467,
        89.23006119266633,
        89.48904320501512,
        88.90869017570249,
        87.46773627496535,
        88.63464527745401,
        87.32620608422064,
        88.36498728106099,
        87.19131346671811,
        90.52879899547946,
        88.4926272976783,
        86.36012563397807,
        87.25997457196635,
        86.96546074651903,
        86.08241493471208,
        87.55846823415449,
        88.51423005134829,
        87.4725093226279,
        88.98259439776021,
        87.64519943729523,
        87.01397409746724,
        87.7991694788779,
        89.9673587429908,
        86.70584598664314,
        87.02362626598728,
        86.60754665251702,
        86.62410391530683,
        85.96724725538685,
        87.14249174056515,
        86.4421874015562,
        87.24991460000315,
        86.53226913944367,
        86.58624562909526,
        86.5301036219443,
        86.69433815248551,
        86.85626909809727,
        88.0761224069903,
        86.48585067256805,
        87.46665806924143,
        87.94317676175025,
        87.42780328566029,
        87.56853952715474,
        87.87483904438633,
        87.76107689642137,
        86.17933064122354,
        86.55060306672127,
        86.8262201124622,
        86.48440650201613,
        87.7218248921056,
        86.95801150414252,
        87.2815187515751,
        86.34011890042213,
        86.91678767050466,
        87.26705489620086,
        85.54500481390184,
        88.44240791566911,
        87.86441778367565,
        86.6047843194777,
        86.33641593686995,
        87.25233533305507,
        86.32859728413243,
        87.35063811271421,
        87.6679419240644,
        87.55545314665764,
        87.13161271618259,
        86.32773713142642,
        86.36576892483619,
        87.49160618935862,
        87.38592701573526,
        87.43247813563192,
        86.40228074596774,
        85.79139930971208,
        87.43706980059224,
        87.33498234902659,
        87.65682294291835,
        87.56764639577558,
        87.90682958787487,
        88.05504066713395,
        86.00892319217805,
        87.85740317067793,
        86.50524090182397,
        86.16377898185483,
        86.40694132158833,
        89.25172744258758,
        90.23492530084425,
        86.9169409967238,
        87.98089993384576,
        87.78711552773753,
        85.89527548513105,
        87.68412337764617,
        86.26927332724294,
        87.77007958196825,
        86.34305990895918,
        87.81714162518901
    ],