{
    "testproblem": "quadratic_deep",
    "batch_size": 32,
    "num_epochs": 100,
    "random_seed": 51,
    "weight_decay": null,
    "optimizer_name": "Preconditioner",
    "optimizer_hyperparams": {
        "lr": 3.1622776601683795e-05
    },
    "training_params": {},
    "train_losses": [
        357.9125189012097,
        356.1173834031628,
        104.24305355933404,
        97.69460936515561,
        96.06891016806325,
        93.58451941705519,
        92.14266500165385,
        91.44428917669481,
        90.88196760608304,
        89.71658940469065,
        90.3530522008096,
        90.01597053773942,
        89.36034344088647,
        88.33668862619707,
        88.18877607776272,
        89.87221034880608,
        90.51018893334174,
        88.39494299119518,
        88.99196354035408,
        89.19560167866368,
        87.93710597868889,
        88.0159151631017,
        90.0221929242534,
        88.46490429293725,
        89.1678230531754,
        88.76673347719255,
        88.43805276193926,
        88.30972634592364,
        90.36276786558089,
        89.3415281234249,
        88.512208015688,
        87.81340715962071,
        89.33915710449219,
        87.45002820414882,
        89.40859665409211,
        89.13035509663243,
        87.12908787881175,
        87.08407494329637,
        89.41301751905873,
        88.61646935247606,
        87.04994693879158,
        86.59478981264176,
        88.49226600893083,
        87.73578496133128,
        90.02908989690965,
        87.62126208889869,
        88.51647727720199,
        88.8971454251197,
        88.09267351704258,
        87.72189232610887,
        88.21421100247291,
        88.38760179088962,
        87.08879556963521,
        87.77575462095199,
        89.68490206810736,
        87.91885154478011,
        87.25867855933404,
        88.76408287786668,
        87.66334484469506,
        88.09329961961315,
        86.66795496786794,
        88.33029051749936,
        88.33895775579637,
        87.90430253551853,
        86.80057008804813,
        87.66446021295363,
        87.37715444257182,
        88.21378670969317,
        86.88189721876576,
        87.77278580204133,
        88.58233150359123,
        88.93846991754347,
        87.31226373487904,
        87.3827608170048,
        87.94266485398815,
        88.01707261608493,
        88.46365036502961,
        88.01689861666772,
        86.80731742612777,
        86.50281696934854,
        88.06514986099735,
        88.6629168602728,
        88.719725085843,
        88.0470696726153,
        87.18661622078189,
        89.97673600719821,
        87.92566508631552,
        87.25218545236895,
        88.41535235989478,
        87.85237884521484,
        89.46218798237462,
        87.87390653548702,
        87.15169549757435,
        88.2714575490644,
        87.26971435546875,
        87.27006309263167,
        87.79863640569872,
        88.31058649862966,
        88.66990883119645,
        88.06129406344506,
        86.69065413936492
    ],
    "valid_losses": [
        354.47058007024947,
        352.8196420977193,
        102.44249897618448,
        96.87055353964529,
        95.69069179411858,
        92.48303148823399,
        91.16452420142389,
        90.56170851184476,
        89.93118827573714,
        89.00232499645603,
        89.37494487147177,
        89.1490493282195,
        88.35646204794607,
        87.36922110280683,
        87.16687725436303,
        89.59280715450164,
        90.00036596482799,
        88.09992242628529,
        88.40217688775832,
        88.2822514195596,
        87.08868703534526,
        86.93007536857358,
        88.94638086134388,
        87.35934226743636,
        88.05900524508569,
        88.65284015286353,
        88.14000923402848,
        87.1900164696478,
        90.04378337244833,
        88.14253579416582,
        88.23393052624118,
        86.8557884462418,
        88.50645988218245,
        86.86549845049458,
        89.04674234697896,
        87.8708035868983,
        86.28932903658959,
        86.63295647405809,
        88.17391795496786,
        88.00403939524004,
        86.35781318910661,
        85.81934135190902,
        88.07162352531186,
        86.97228167133946,
        88.81213600404801,
        86.65356420701549,
        87.82908704203945,
        88.22638505504978,
        87.44810264341292,
        86.43435865832913,
        87.27119790354082,
        87.16089236351752,
        86.09129678049395,
        87.274901851531,
        88.74608070619645,
        86.92027651879096,
        86.08113467308783,
        88.43389203471523,
        86.53862762451172,
        87.75257209039503,
        86.1504888226909,
        86.97627848963583,
        87.17914310578377,
        87.40661251929498,
        86.24250375070879,
        86.9700204172442,
        86.23261187153477,
        87.38452985209804,
        86.39819311326549,
        87.71920702534337,
        88.1205589540543,
        88.50211334228516,
        86.94843144570628,
        86.59887153871598,
        87.56246849798387,
        87.36861567343435,
        87.41302244124874,
        87.76574165590348,
        86.16106857792023,
        86.16218837614983,
        87.61029594175277,
        87.57950321320564,
        88.29007154895413,
        87.48525681034211,
        86.46594115226499,
        89.34750267767137,
        87.37396461732926,
        86.49297283541772,
        87.27037294449345,
        86.83843132757372,
        88.37390875047252,
        87.19145768688571,
        86.4431642101657,
        87.60488743935862,
        87.03155173024824,
        86.88820032919607,
        87.12120819091797,
        88.07759512624433,
        88.14968872070312,
        87.4953881540606,
        86.30750619211504
    ],