{
    "testproblem": "quadratic_deep",
    "batch_size": 32,
    "num_epochs": 100,
    "random_seed": 45,
    "weight_decay": null,
    "optimizer_name": "Preconditioner",
    "optimizer_hyperparams": {
        "lr": 3.1622776601683795e-05
    },
    "training_params": {},
    "train_losses": [
        398.5701392389113,
        396.31912625220514,
        106.08696746826172,
        98.34537432270665,
        95.58068380048198,
        92.8616229641822,
        92.25427935200352,
        91.4301509241904,
        92.16328627063382,
        89.1449233024351,
        89.10583717592301,
        88.6254149406187,
        88.73331795969317,
        89.26638597057712,
        88.25486558483493,
        88.8542950537897,
        88.91571930916079,
        88.52848397531817,
        87.7311283234627,
        88.78094507032826,
        88.33184371456024,
        87.9196518928774,
        90.55314168622417,
        89.21238363942793,
        86.94198313067037,
        87.22245345577117,
        87.51349639892578,
        88.16016412550404,
        87.42834300379599,
        87.19158172607422,
        87.40721597979146,
        88.10247925789126,
        87.32299632410849,
        87.88688512002268,
        88.78201712331465,
        87.14297288463962,
        87.84135535455519,
        87.69800198462701,
        87.85662201912173,
        87.12198294362715,
        87.57225085842994,
        87.24470839961883,
        89.71955182475429,
        87.26171382780998,
        87.08656950919858,
        87.62947894680885,
        86.80386204873362,
        87.34720956125567,
        87.56891213693926,
        87.02427993282195,
        88.25219431231099,
        89.11534463205645,
        87.82804009222215,
        87.74206715245401,
        88.70856008222026,
        87.68805226972026,
        88.21755144673008,
        89.76912787652785,
        86.76353626866495,
        87.04716442477319,
        86.80434860721711,
        86.91855252173639,
        86.75177494172127,
        88.55396418417654,
        87.92353057861328,
        86.65160025319746,
        86.90843397571194,
        87.37520894696635,
        88.53935389364919,
        87.16339332826676,
        86.54173254197643,
        87.31273971065399,
        87.35598754882812,
        88.02391889018398,
        88.36099046276462,
        86.62821935838268,
        88.35380529588268,
        88.42340210945376,
        87.75565362745716,
        88.35490245203817,
        86.6338144117786,
        90.42652597735005,
        86.97418016003024,
        88.32173919677734,
        86.84516217631679,
        87.46821446572581,
        87.38105158652029,
        87.98467722246724,
        86.70758253528226,
        86.40816743912235,
        90.55488709480532,
        86.2555433704007,
        87.18271760017642,
        90.07544363698652,
        86.93009013514364,
        87.94371254213395,
        87.11274768460181,
        88.8334483485068,
        87.1354003414031,
        86.71055184641192,
        87.97230751283708
    ],
    "valid_losses": [
        396.1534610871346,
        394.12880189957156,
        107.12691620857485,
        99.06155100176412,
        96.4354481850901,
        94.14200198265814,
        93.26691535211378,
        92.03224551293158,
        92.38319889191658,
        89.96111149941721,
        90.17786678191155,
        89.77673044512349,
        89.89097004552042,
        90.03446099065965,
        89.20916403493574,
        89.44651966710245,
        90.07975202991116,
        90.0059088430097,
        89.11349339638987,
        90.03697819863596,
        89.0160662743353,
        88.64456201368763,
        92.00167871290638,
        90.22171438893965,
        87.8785154281124,
        88.41415626771989,
        88.11183240336757,
        89.23412372219947,
        88.3396480929467,
        88.19601661928239,
        88.08683678411668,
        89.14363934916835,
        87.93776973601311,
        88.56628737911102,
        89.69506048387096,
        88.11302308113345,
        88.94314599806263,
        88.76622624551096,
        88.88475331952495,
        87.84001258111769,
        88.57882296654486,
        87.92872570407006,
        90.18333853444746,
        88.24738976263231,
        87.90548287668535,
        88.82940378496724,
        87.75302099412487,
        88.4698247601909,
        88.31368723223287,
        87.91636903824345,
        89.63475208897745,
        89.94980990502143,
        88.80187323785597,
        88.67637929608745,
        89.54614848475302,
        88.85610715804562,
        89.29553714875252,
        90.5572989679152,
        87.75316373763546,
        88.39327239990234,
        88.16408391152659,
        87.83063408636278,
        87.63634343301096,
        89.6843758859942,
        89.38575990738407,
        87.49722536148563,
        87.6657468734249,
        88.0096664428711,
        89.20985511041457,
        88.53772686373803,
        87.47115645870086,
        88.45349933255103,
        88.70718162290511,
        88.85152656801286,
        88.9747319375315,
        87.76343536376953,
        89.71817361154864,
        89.70054085023942,
        88.46673583984375,
        89.60388355870401,
        87.87420260521674,
        91.68273408951298,
        88.34155913322202,
        89.24097811791205,
        87.8691903391192,
        88.19967971309539,
        87.9888687133789,
        89.2668685913086,
        87.86725025792276,
        87.54227029123614,
        91.19126252205142,
        87.5362534061555,
        88.3502428608556,
        91.37962341308594,
        87.89789605909779,
        88.83031709732548,
        87.98875328802293,
        89.66624696793095,
        88.71200069304436,
        87.70555410077495,
        88.77808773902154
    ],