{
    "testproblem": "quadratic_deep",
    "batch_size": 32,
    "num_epochs": 100,
    "random_seed": 48,
    "weight_decay": null,
    "optimizer_name": "Preconditioner",
    "optimizer_hyperparams": {
        "lr": 3.1622776601683795e-05
    },
    "training_params": {},
    "train_losses": [
        369.3228365990423,
        367.19983599262855,
        105.93162733508694,
        98.81221869684035,
        97.416502429593,
        95.65457079487462,
        95.94656224404612,
        92.9841820501512,
        95.9084706460276,
        92.7660392022902,
        92.04168528895224,
        91.86541477326423,
        91.60127947407383,
        90.84588376937374,
        90.8777089272776,
        92.32214995353452,
        91.40356888309601,
        90.25735178301412,
        92.72546657439202,
        91.37930150185862,
        91.65009184806577,
        92.23068778745589,
        91.0073727023217,
        91.21811995967742,
        92.00744948848602,
        90.87025082495904,
        90.26690772271925,
        91.76315036896736,
        92.86471114620086,
        90.89317518664944,
        90.93379679033833,
        91.16836769350114,
        90.7249775548135,
        92.38836842198526,
        89.7025631320092,
        92.18129213394657,
        90.83152426442793,
        92.28864165275327,
        91.7039814610635,
        91.53245052214592,
        90.36678904871786,
        91.77491563366306,
        90.45912244243007,
        91.20216517294607,
        90.6834463304089,
        91.14288083968624,
        89.02473843482232,
        92.12174323297316,
        90.0823482390373,
        90.5302965717931,
        91.42787244243007,
        90.91019907305318,
        90.96292704920614,
        90.71612155052924,
        90.25700181530368,
        89.63680882607737,
        91.41294171733242,
        90.05313134962513,
        91.94258216119582,
        89.93704272854713,
        89.2730252665858,
        92.55665145381805,
        90.71358022382182,
        89.58339420441658,
        90.37745764947707,
        90.03082176946825,
        90.4500272197108,
        89.8309097290039,
        89.75391486383253,
        92.25690164873677,
        90.99914280060798,
        89.54683882190335,
        90.59017452116936,
        91.46137360603579,
        90.52925405194682,
        89.91527557373047,
        91.8143780616022,
        90.99834663637223,
        90.22970187279486,
        90.4572293681483,
        89.60670643468058,
        91.11496119345388,
        89.67079654816658,
        91.19026651690083,
        90.19145079581968,
        90.0763695009293,
        91.19659842214277,
        91.14519673009073,
        90.5764652375252,
        89.6546864663401,
        89.6371568249118,
        93.90489073722593,
        90.21485630158455,
        90.414793937437,
        89.25406080676663,
        91.17244154407132,
        90.2931420110887,
        91.3366962555916,
        93.20989498015373,
        90.49686136553365,
        90.25387893184539
    ],
    "valid_losses": [
        365.8639654344128,
        364.08236595892134,
        104.19387374385711,
        97.74627144105973,
        96.3192153438445,
        94.49470987627583,
        94.42298470774004,
        91.32417937247983,
        93.76977219120148,
        92.00524459346649,
        90.67715970931515,
        90.20885369085497,
        89.57067895704701,
        88.83924127394154,
        88.8127938547442,
        91.6481680100964,
        90.07960411810106,
        88.86712646484375,
        91.46172554262223,
        90.35729020641696,
        90.45318308184224,
        90.64084305301789,
        88.55378747755482,
        89.60726657990486,
        91.0683101530998,
        89.78314873480028,
        88.65286451770413,
        89.89939338930192,
        90.70503579416582,
        89.58405303955078,
        89.09385853428995,
        89.57323578865298,
        89.20710089898878,
        91.26532745361328,
        88.57663997527092,
        90.6117920414094,
        89.168945804719,
        90.16259519515499,
        89.58797085669732,
        88.94022935436618,
        88.49264821698588,
        89.94958102318549,
        88.40690342072517,
        89.10607221049648,
        89.97599374094317,
        89.39653113580519,
        87.48870111280873,
        90.04509759718373,
        88.85216842159149,
        89.15451000582787,
        89.90248649351058,
        89.79392882316343,
        89.45785030241936,
        89.05163032777848,
        88.98882613643524,
        88.59344851586127,
        90.15784848120904,
        88.5805169382403,
        89.70492430656186,
        88.28980205905053,
        87.61207974341607,
        91.12284801852319,
        88.90059317311933,
        87.9007322249874,
        89.06860277729649,
        88.3673819265058,
        88.80685523248488,
        88.15096578290385,
        88.02907513033959,
        90.7950454219695,
        89.01682896767893,
        88.04014464347593,
        88.85821483981225,
        90.20609160392515,
        89.0000489757907,
        88.67775357154107,
        90.05516421410346,
        89.66013385403541,
        89.01989721482799,
        88.43516958913496,
        88.41612391318044,
        89.73617209157636,
        87.53618006552419,
        89.87514397405809,
        89.00615765971523,
        88.3071052797379,
        89.58998550907258,
        89.36532125165385,
        89.42352294921875,
        88.03665801017515,
        88.25517888222971,
        91.84378420922064,
        88.22562408447266,
        88.24520603302986,
        87.88951750724546,
        89.77935618738974,
        89.01172810216104,
        90.01768518263295,
        91.64446775374874,
        88.79788355673513,
        88.60667887041646
    ],