{
    "testproblem": "quadratic_deep",
    "batch_size": 32,
    "num_epochs": 100,
    "random_seed": 46,
    "weight_decay": null,
    "optimizer_name": "Preconditioner",
    "optimizer_hyperparams": {
        "lr": 3.1622776601683795e-05
    },
    "training_params": {},
    "train_losses": [
        280.98583295268395,
        279.8086419874622,
        103.09431875905683,
        98.19439278879473,
        96.54909121605658,
        96.14064345821258,
        92.81785657328945,
        90.87251650902533,
        91.7839830460087,
        90.3828609835717,
        89.52175854098412,
        90.58721899217174,
        92.83494764758694,
        90.22293706094065,
        89.41100901942099,
        88.43456071422946,
        88.4271245156565,
        88.09524413078061,
        88.99577996038622,
        89.37728020452684,
        88.66202545166016,
        87.85355844805318,
        87.44659202329574,
        89.65735355500252,
        88.2948495188067,
        88.81224552277595,
        88.95964468679121,
        87.06686893586189,
        88.10970527895036,
        87.54112342096144,
        89.84034581338206,
        89.69286174158896,
        87.80964512978831,
        87.55889646468624,
        87.49989909510458,
        87.56751964938256,
        87.86484675253591,
        86.7652834000126,
        88.18562415338332,
        88.95225229570943,
        88.24664577361077,
        88.83653283888295,
        88.67749884820753,
        88.47345832086378,
        87.55234059979838,
        88.03442776587701,
        88.41143183554372,
        87.87047995290449,
        86.65836654170867,
        87.42870355421498,
        88.41807925316596,
        88.83498087236958,
        87.59128250614289,
        87.07226980886152,
        87.75701978129726,
        87.23217207385647,
        87.47240226499495,
        88.64662785683909,
        87.60216866770098,
        88.81802491218814,
        86.85747331188571,
        87.49452184861705,
        88.80137043614542,
        87.16052910589403,
        89.90338750039378,
        89.55738682900706,
        88.62772197108114,
        87.7149197978358,
        86.71589882143083,
        87.90345001220703,
        87.60084336803806,
        88.87567237115675,
        87.58391226491621,
        87.90026363249748,
        87.64395436932963,
        87.05137191280242,
        87.67337060743763,
        87.62554390199723,
        87.65843791346396,
        88.61827874952748,
        87.83002225814327,
        87.84041054018083,
        88.9984379429971,
        88.82824436310798,
        87.4509981216923,
        88.14620750181136,
        87.09674662928427,
        87.85711571478075,
        87.99088410408267,
        88.55796912408644,
        87.6758048765121,
        88.06747977964339,
        87.3969209732548,
        91.11352809782952,
        87.52244961646295,
        87.32664981965095,
        88.24645331598097,
        87.7376226609753,
        87.34921240037487,
        87.60609632922757,
        89.78648302631993
    ],
    "valid_losses": [
        281.79673570202243,
        280.59269025248864,
        101.90432616203061,
        97.1029296382781,
        95.42836539976058,
        94.57679207094255,
        91.31623791110131,
        89.31209810318485,
        90.66757448257938,
        88.49163818359375,
        87.73978891680318,
        89.2447741108556,
        92.16851658974925,
        88.77366121353641,
        87.23970720844883,
        87.07424016152659,
        86.7056643578314,
        86.45491323163432,
        87.83673637144027,
        88.05741857713268,
        87.63065805742818,
        86.6868172922442,
        86.20510667370212,
        88.35813386978641,
        86.60855545536164,
        87.31732251567226,
        87.00174220915764,
        85.72191570651147,
        86.82941264490927,
        86.64983072588521,
        89.29212139498803,
        88.28606783959174,
        86.31640649610951,
        85.79937424198273,
        86.56494706676853,
        86.37082106067288,
        85.81289131410661,
        85.2069835047568,
        87.36029446509576,
        87.91617288897115,
        85.89783108618951,
        87.33567810058594,
        87.3655301986202,
        87.00051092332409,
        85.42472002583165,
        87.14363442697832,
        86.82892633253529,
        85.75089313137916,
        85.41763059554562,
        85.55750643822455,
        87.36775748960433,
        86.95877173639113,
        86.16312186948714,
        85.96212424001386,
        86.4319349719632,
        85.5367677750126,
        85.89126980689264,
        86.14057405533329,
        86.84274267381237,
        87.15357405139554,
        85.86337772492439,
        85.28183475617439,
        87.02873746810421,
        85.62379160235005,
        88.06617810649257,
        87.55837865029612,
        86.98711099932271,
        86.25738968387726,
        85.19358505741242,
        86.22866378291961,
        85.94672319965977,
        86.82965038668725,
        86.28393530076549,
        87.38182141703945,
        86.2910631241337,
        85.73421232161984,
        86.62327772571194,
        86.06409503567603,
        86.28984020602319,
        88.01114802206716,
        86.53344652729649,
        85.8895760813067,
        87.39283014112904,
        86.49160865045363,
        86.24424226822391,
        86.46513169811618,
        85.99548044512349,
        86.68575311476185,
        86.59437831755608,
        86.9715086413968,
        86.33988681916267,
        86.94687332645539,
        86.25905338410408,
        89.20079458913496,
        85.9798830093876,
        85.69268823439076,
        86.64819655879852,
        86.48393347955519,
        85.83211492723034,
        85.88507326187626,
        88.17206450431577
    ],