{
    "testproblem": "quadratic_deep",
    "batch_size": 32,
    "num_epochs": 100,
    "random_seed": 52,
    "weight_decay": null,
    "optimizer_name": "Preconditioner",
    "optimizer_hyperparams": {
        "lr": 3.1622776601683795e-05
    },
    "training_params": {},
    "train_losses": [
        269.25081462244833,
        268.4297121109501,
        102.28477428805444,
        101.03179291755923,
        95.407472179782,
        93.23936068627143,
        93.0333266719695,
        91.85755255914503,
        90.68692065823463,
        92.48313731531942,
        92.11724312074723,
        88.90673237462198,
        90.16045773413873,
        90.08574701124623,
        88.00653223837575,
        88.70071066579511,
        90.02541671260711,
        91.67556491974861,
        90.74246658817414,
        89.19786367108745,
        87.96673288652974,
        87.52595938405683,
        89.54235470679498,
        87.34120695052609,
        88.37222191595262,
        88.71637135167276,
        88.40660242880544,
        88.9372787475586,
        87.52382118471208,
        90.74554787912676,
        88.26120167393839,
        91.2113897262081,
        89.02313380087575,
        87.4702387163716,
        88.33839982555759,
        89.29755303167528,
        87.48470626338836,
        88.35277729649698,
        88.75363208401588,
        88.15225761167464,
        88.7042967273343,
        89.88280314783896,
        87.44517221758443,
        87.34644809845955,
        87.34174469978579,
        88.04701798962009,
        87.00933911723476,
        88.34321446572581,
        87.33292290472215,
        87.35135724467617,
        87.90381179317352,
        87.05952748944682,
        87.08234750070879,
        89.38131393924836,
        87.64464544480846,
        87.07749938964844,
        88.54349074825164,
        88.61578049198273,
        87.76572885820943,
        88.7264165570659,
        89.08367009316721,
        87.57538358626827,
        86.92027947210497,
        88.77945266231414,
        87.88924407958984,
        88.72763159967238,
        90.54536905596333,
        86.96935346049648,
        88.01684939476752,
        89.0340307912519,
        87.38876515050089,
        87.38168039629537,
        86.89678315193423,
        89.42545712378717,
        87.45813972719255,
        86.7857437133789,
        90.17432378953502,
        87.71268413912865,
        88.38309257261214,
        87.50558102515436,
        87.33316359981414,
        86.82007155879852,
        87.00365251110446,
        87.1686270929152,
        87.48647726735761,
        88.41040112895351,
        87.60985171410346,
        88.25332789267263,
        87.77588825841104,
        88.15209542551348,
        86.7690941595262,
        89.05335358650454,
        88.80576939736643,
        86.72146877165764,
        88.59148776146674,
        87.90184710102696,
        90.30041799237651,
        87.21859642767137,
        87.61727240777785,
        86.89054181498867,
        87.87119514711442
    ],
    "valid_losses": [
        269.63819442256806,
        268.51510669339086,
        102.60124304986769,
        101.56632109611265,
        96.3434790334394,
        94.26074538692352,
        93.49107311617944,
        92.79776148642263,
        91.7551510718561,
        92.24398532990486,
        92.88792271767893,
        89.88039718135711,
        91.18800600113407,
        91.73033658919796,
        88.78511096585181,
        89.29847028178554,
        90.61549402052357,
        93.41936714418473,
        92.12408939484627,
        90.07203895814958,
        89.17462724254978,
        88.51498068532636,
        90.03358533305507,
        88.33326598136655,
        89.7642588461599,
        89.54484976491621,
        89.59638164889428,
        89.889158679593,
        88.65574350664693,
        91.9144781789472,
        89.75339975664693,
        92.47313764018398,
        89.98626955093876,
        88.30647868494833,
        89.68957888695502,
        90.51053373275265,
        88.60015081590221,
        89.70143127441406,
        89.75005685129473,
        88.9098626413653,
        89.71023756457913,
        91.80385171213457,
        88.52024521366242,
        88.00818978586504,
        88.46830158848917,
        89.10777774933845,
        88.15151116155809,
        90.04357737879599,
        88.38657945202243,
        88.52606176560924,
        88.86436856177545,
        87.968748523343,
        87.71656946982107,
        89.62077060822517,
        88.44047472553868,
        88.11378109839654,
        89.9718746062248,
        89.45731107650265,
        88.87411597467238,
        89.2720450124433,
        89.74854180120653,
        89.14473478255734,
        88.5749747983871,
        89.6265630414409,
        89.11972833448841,
        89.35835167669481,
        91.68060450400075,
        87.67046528477823,
        89.4677485804404,
        89.92499173072076,
        88.63686936901462,
        88.74366538755355,
        88.01711593135711,
        89.90689554522115,
        88.85139588386782,
        87.68867886450982,
        91.25419764364919,
        88.23168453093498,
        89.35911806168095,
        88.89785668157762,
        88.13794191422001,
        87.86523560554751,
        88.21007980838898,
        88.19264811854208,
        88.08070742699408,
        89.6460691882718,
        88.69967036093435,
        88.65361933554372,
        88.87589362359816,
        88.92247230775895,
        87.64172855500252,
        90.08531804238596,
        89.90222192579701,
        87.70270661384829,
        89.35490294425718,
        88.95334256079889,
        90.81846224877143,
        88.62250764908329,
        88.68461190500567,
        87.77113489950857,
        88.7719482914094
    ],