{
    "testproblem": "quadratic_deep",
    "batch_size": 32,
    "num_epochs": 100,
    "random_seed": 49,
    "weight_decay": null,
    "optimizer_name": "Preconditioner",
    "optimizer_hyperparams": {
        "lr": 3.1622776601683795e-05
    },
    "training_params": {},
    "train_losses": [
        161.6576611918788,
        161.1677723546182,
        105.35317820887411,
        98.8301763226909,
        95.28680813697076,
        93.81428921607232,
        92.30961116667717,
        90.21872071296939,
        89.48600818264869,
        89.82713563980595,
        88.77472514490927,
        89.95909118652344,
        89.70260940059539,
        87.05950484737274,
        86.73822562925277,
        87.73580022012034,
        87.48302188996345,
        87.2733671126827,
        88.61212059759325,
        87.44979661510837,
        88.35822173087827,
        87.68352459323022,
        87.17527500275642,
        87.38590634253717,
        86.50419715143019,
        86.88700866699219,
        87.31851171678112,
        87.16021630071825,
        86.79066885671308,
        86.1550753193517,
        86.77798461914062,
        87.12393409975114,
        86.87418660809917,
        87.06779184649068,
        86.87156406525642,
        89.07199195123488,
        86.66622161865234,
        87.3783465969947,
        86.50179881434286,
        87.97373888569493,
        86.40595343805128,
        86.53748715308404,
        87.53467289094002,
        86.82726927726499,
        86.20121740525768,
        86.58594119164252,
        88.82124402446132,
        86.84509744951802,
        86.70901144704511,
        88.55328418362525,
        86.99281212591356,
        86.08521098475302,
        86.85814371416646,
        86.12789572438886,
        87.26082168086883,
        86.25679951329386,
        88.20542784660093,
        90.42591759466356,
        86.6584012431483,
        86.64122993715348,
        87.74979203747165,
        87.69640817949849,
        86.16382451211253,
        87.9049557101342,
        86.96870963804183,
        86.27979377008253,
        89.18015806136593,
        86.129881335843,
        86.9695565008348,
        86.15731713079637,
        86.90677544378465,
        87.56746698194935,
        86.31010412400768,
        88.38189057380923,
        86.93934828235257,
        86.22615420433783,
        86.24026809200164,
        86.18493307790449,
        87.23701772382182,
        85.88354418354649,
        87.41297026603452,
        89.38531666417276,
        85.88306033226752,
        86.6049086047757,
        86.71082650461504,
        86.28902238415134,
        86.2459241805538,
        87.10120761009955,
        87.34559582125756,
        87.14580388222971,
        88.07433319091797,
        88.21039507465977,
        86.11234012726814,
        86.97363551970452,
        86.37919518255418,
        86.36614251905873,
        86.76062036329701,
        89.97992829353579,
        86.46097564697266,
        87.36960675639492,
        87.09758709323022
    ],
    "valid_losses": [
        161.85835758332283,
        161.46411477365803,
        104.01106582149383,
        98.00939916795299,
        93.93403650099232,
        92.4450444867534,
        90.67149402249244,
        88.62951143326298,
        87.89067815965221,
        88.6270510765814,
        87.48299826345136,
        88.1508542952999,
        88.63117414905179,
        85.74064734674269,
        85.43755832795173,
        86.66316641530683,
        85.94591300718245,
        85.86698249078566,
        87.02938227499685,
        85.8156494632844,
        86.75592114848476,
        86.7671373428837,
        86.165769515499,
        86.22668629307901,
        85.40936599239227,
        85.75662526776713,
        86.14058586858934,
        85.5428198537519,
        85.76825320336127,
        85.19366061302924,
        85.77650845435357,
        85.59324449108493,
        85.61891814201108,
        85.96565837244833,
        85.53910655360067,
        87.15115036502961,
        85.11492698423324,
        85.72373913180444,
        85.26049140191847,
        87.0501957554971,
        85.00963641751197,
        85.03165115848664,
        86.17279766451928,
        85.40081073391822,
        84.79423424505418,
        85.33125822005734,
        87.40136792582851,
        85.29651494180003,
        85.17145292220577,
        87.25028745589718,
        85.44116727767452,
        84.52459962906376,
        85.59181361044607,
        84.65974992321384,
        86.14402254166141,
        84.75575699344758,
        86.57531516782699,
        88.86560304703251,
        85.14286508867818,
        85.35548327046055,
        86.67635148571384,
        86.45073749173072,
        84.68206664054624,
        86.45311121786794,
        85.68287215694305,
        84.92024747786984,
        87.8791272563319,
        85.08341438539567,
        85.65702007662865,
        85.14026937177104,
        85.72813587803995,
        85.74430428781817,
        85.01343093379852,
        87.18734027493385,
        85.5606930640436,
        84.77146296347341,
        84.72869454660723,
        85.16694887222782,
        86.24237552765877,
        84.58032694170552,
        86.15162560247606,
        87.87709168464907,
        84.74647866525957,
        85.61382859753024,
        85.50942697832662,
        84.91902062200731,
        84.81837881765058,
        85.92906508907195,
        86.02129954676474,
        85.70630424253402,
        86.34595366447202,
        86.69254426033267,
        84.64784757552609,
        85.81337270429057,
        85.33315990817162,
        85.21812783518145,
        85.52738632694367,
        88.55981716032952,
        85.29114237139302,
        86.65020505843624,
        86.13516112296811
    ],