{
    "weight_decay": null,
    "optimizer_hyperparams": {
        "lr": 16.68100537200059,
        "est_rank": 3
    },
    "batch_size": 64,
    "test_losses": [
        181.50637162037384,
        181.50637162037384,
        181.50637162037384,
        181.50637162037384,
        181.50637162037384,
        181.50637162037384,
        181.50637162037384,
        181.50637162037384,
        181.50637162037384,
        181.50637162037384,
        181.50637162037384,
        181.50637162037384,
        181.50637162037384,
        181.50637162037384,
        181.50637162037384,
        181.50637162037384,
        181.50637162037384,
        181.50637162037384,
        181.50637162037384,
        181.50637162037384,
        181.50637162037384,
        181.50637162037384,
        181.50637162037384,
        181.50637162037384,
        181.50637162037384,
        181.50637162037384,
        181.50637162037384,
        181.50637162037384,
        181.50637162037384,
        181.50637162037384,
        181.50637162037384,
        181.50637162037384,
        181.50637162037384,
        181.50637162037384,
        181.50637162037384,
        181.50637162037384,
        181.50637162037384,
        181.50637162037384,
        181.50637162037384,
        181.50637162037384,
        181.50637162037384,
        181.50637162037384,
        181.50637162037384,
        181.50637162037384,
        181.50637162037384,
        181.50637162037384,
        181.50637162037384,
        181.50637162037384,
        181.50637162037384,
        181.50637162037384,
        181.50637162037384
    ],
    "train_losses": [
        181.45465567173102,
        181.45465567173102,
        181.45465567173102,
        181.45465567173102,
        181.45465567173102,
        181.45465567173102,
        181.45465567173102,
        181.45465567173102,
        181.45465567173102,
        181.45465567173102,
        181.45465567173102,
        181.45465567173102,
        181.45465567173102,
        181.45465567173102,
        181.45465567173102,
        181.45465567173102,
        181.45465567173102,
        181.45465567173102,
        181.45465567173102,
        181.45465567173102,
        181.45465567173102,
        181.45465567173102,
        181.45465567173102,
        181.45465567173102,
        181.45465567173102,
        181.45465567173102,
        181.45465567173102,
        181.45465567173102,
        181.45465567173102,
        181.45465567173102,
        181.45465567173102,
        181.45465567173102,
        181.45465567173102,
        181.45465567173102,
        181.45465567173102,
        181.45465567173102,
        181.45465567173102,
        181.45465567173102,
        181.45465567173102,
        181.45465567173102,
        181.45465567173102,
        181.45465567173102,
        181.45465567173102,
        181.45465567173102,
        181.45465567173102,
        181.45465567173102,
        181.45465567173102,
        181.45465567173102,
        181.45465567173102,
        181.45465567173102,
        181.45465567173102
    ],
    "testproblem": "mnist_vae",
    "training_params": {},
    "random_seed": 42,
    "optimizer_name": "Preconditioner",
    "num_epochs": 50,
    "valid_losses": [
        181.46169760288336,
        181.46169760288336,
        181.46169760288336,
        181.46169760288336,
        181.46169760288336,
        181.46169760288336,
        181.46169760288336,
        181.46169760288336,
        181.46169760288336,
        181.46169760288336,
        181.46169760288336,
        181.46169760288336,
        181.46169760288336,
        181.46169760288336,
        181.46169760288336,
        181.46169760288336,
        181.46169760288336,
        181.46169760288336,
        181.46169760288336,
        181.46169760288336,
        181.46169760288336,
        181.46169760288336,
        181.46169760288336,
        181.46169760288336,
        181.46169760288336,
        181.46169760288336,
        181.46169760288336,
        181.46169760288336,
        181.46169760288336,
        181.46169760288336,
        181.46169760288336,
        181.46169760288336,
        181.46169760288336,
        181.46169760288336,
        181.46169760288336,
        181.46169760288336,
        181.46169760288336,
        181.46169760288336,
        181.46169760288336,
        181.46169760288336,
        181.46169760288336,
        181.46169760288336,
        181.46169760288336,
        181.46169760288336,
        181.46169760288336,
        181.46169760288336,
        181.46169760288336,
        181.46169760288336,
        181.46169760288336,
        181.46169760288336,
        181.46169760288336
    ],
    "minibatch_train_losses": [
        181.40325927734375,
        181.53216552734375,
        NaN,
        NaN,
        NaN,
        NaN,
        NaN,
        NaN,
        NaN,
        NaN,
        NaN,
        NaN,
        NaN,
        NaN,
        NaN,
        NaN,
        NaN,
        NaN,
        NaN,
        NaN,
        NaN,
        NaN,
        NaN,
        NaN,
        NaN,
        NaN,
        NaN,
        NaN,
        NaN,
        NaN,
        NaN,
        NaN,
        NaN,
        NaN,
        NaN,
        NaN,
        NaN,
        NaN,
        NaN,
        NaN,
        NaN,
        NaN,
        NaN,
        NaN,
        NaN,
        NaN,
        NaN,
        NaN,
        NaN,
        NaN,
        NaN,
        NaN,
        NaN,
        NaN,
        NaN,
        NaN,
        NaN,
        NaN,
        NaN,
        NaN,
        NaN,
        NaN,
        NaN,
        NaN,
        NaN,
        NaN,
        NaN,
        NaN,
        NaN,
        NaN,
        NaN,
        NaN,
        NaN,
        NaN,
        NaN,
        NaN,
        NaN,
        NaN,
        NaN,
        181.40325927734375,
        181.40325927734375,
        181.40325927734375,
        181.40325927734375,
        181.40325927734375,
        181.40325927734375,
        181.40325927734375,
        181.40325927734375,
        181.40325927734375,
        181.40325927734375,
        181.40325927734375,
        181.40325927734375,
        181.40325927734375,
        181.40325927734375,
        181.40325927734375,
        181.40325927734375,
        181.40325927734375,
        181.40325927734375,
        181.40325927734375,
        181.40325927734375,
        181.40325927734375,
        181.40325927734375,
        181.40325927734375,
        181.40325927734375,
        181.40325927734375,
        181.40325927734375,
        181.40325927734375,
        181.40325927734375,
        181.40325927734375,
        181.40325927734375,
        181.40325927734375,
        181.40325927734375,
        181.40325927734375,
        181.40325927734375,
        181.40325927734375,
        181.40325927734375,
        181.40325927734375,
        181.40325927734375,
        181.40325927734375,
        181.40325927734375,
        181.40325927734375,
        181.40325927734375,
        181.40325927734375,
        181.40325927734375,
        181.40325927734375,
        181.40325927734375,
        181.40325927734375,
        181.40325927734375,
        181.40325927734375,
        181.40325927734375
    ]
}