{
    "testproblem": "quadratic_deep",
    "batch_size": 32,
    "num_epochs": 100,
    "random_seed": 43,
    "weight_decay": null,
    "optimizer_name": "Preconditioner",
    "optimizer_hyperparams": {
        "lr": 1e-09
    },
    "training_params": {},
    "train_losses": [
        245.87519393428678,
        245.75677982453377,
        104.30173960039693,
        99.58010618148312,
        96.23216099892893,
        94.76009639616936,
        91.99170881702054,
        91.83056049962198,
        89.1448000015751,
        90.31798110469695,
        89.37964876236454,
        91.02318991384199,
        89.20958758938697,
        89.65314163700226,
        87.69842750795426,
        88.0106181483115,
        88.24715546638735,
        88.06355433310232,
        87.06293216828377,
        88.03763334212765,
        86.65797768869707,
        88.53103465418661,
        87.51184401973602,
        86.36024844261908,
        87.71013739801222,
        87.21554590040638,
        88.45038703180128,
        87.40080999558971,
        87.3205049576298,
        88.64450885403541,
        87.17175465245401,
        89.52821399319556,
        87.50454662692162,
        87.52764917189076,
        88.91450082102129,
        86.63317280430948,
        87.72237396240234,
        86.1685057609312,
        86.72207543157762,
        87.94859510852444,
        86.95855688279674,
        87.86912413566343,
        88.25555346089024,
        86.84921289259388,
        88.79618884671119,
        87.03015308995401,
        88.2266865391885,
        86.89403460102696,
        86.74857699486518,
        88.16451780257687,
        86.87628099995274,
        87.5833481819399,
        87.34014548024824,
        86.82925193540511,
        86.73395636773878,
        86.86605342741936,
        86.89327363044985,
        87.56885011734501,
        87.21431978287235,
        87.05881574076992,
        88.20100402832031,
        87.86462057790449,
        86.58708289361769,
        87.97884615005985,
        87.7510006812311,
        86.35272192185924,
        87.76334159604964,
        87.17230052332724,
        87.74128747755482,
        86.980469734438,
        89.6490707397461,
        87.40439753378591,
        86.85479662495274,
        86.77368533226752,
        86.8306899532195,
        86.84576908234627,
        88.61647673576108,
        86.46528748543032,
        87.38235965851814,
        86.89033360635081,
        87.54132178521925,
        87.48384758733934,
        86.9955087477161,
        88.62773649154171,
        88.13878779257497,
        88.5734604866274,
        86.63657625259891,
        87.97183941256615,
        87.0446531234249,
        86.79290156210622,
        88.06041914416897,
        87.20802848569808,
        86.84355729626071,
        89.27483343308971,
        88.21621261104461,
        87.15956435665008,
        88.83443475538685,
        86.48538478728264,
        86.02735605547505,
        87.76822071690714,
        86.57069963024509
    ],
    "valid_losses": [
        244.339596656061,
        244.339596656061,
        105.47238995951992,
        100.45657200967112,
        96.97496180380544,
        95.4272232055664,
        92.41753608949723,
        92.95396497172695,
        90.2393813594695,
        91.01952091340095,
        90.03172548355595,
        92.68178779848161,
        90.42140099310106,
        90.85961446454448,
        88.31271436137538,
        88.90021194950226,
        88.86707355130103,
        89.71284681750882,
        88.51610294465095,
        89.10696238856161,
        87.5370389876827,
        88.53298064201108,
        88.91426209480532,
        87.12779211228893,
        88.3126235469695,
        88.34544249503843,
        89.2143813102476,
        87.72096350885207,
        88.5356693883096,
        90.26690501551474,
        88.38061769547001,
        92.02845714938256,
        88.62930937736265,
        88.10818383001512,
        89.57362390333607,
        87.56031750094506,
        89.22876271893901,
        87.36584866431451,
        87.93196204400832,
        88.82701233894595,
        87.69879617998677,
        88.3515147547568,
        89.20072075628465,
        87.82583347443611,
        90.01353060814643,
        87.74846403060421,
        89.22901473506805,
        87.99861784904233,
        87.96524318572014,
        89.35513305664062,
        87.75716154036984,
        88.85518793905935,
        88.08091095955142,
        87.44861332062752,
        87.82584922544417,
        87.94940480878276,
        88.09569278840095,
        88.91490271783644,
        88.40160099152595,
        87.92113150319746,
        89.58168571226058,
        88.81370076825542,
        87.61645803143901,
        88.40928403792843,
        88.66539272185295,
        86.99196477090159,
        88.81004801104146,
        88.47156401603452,
        88.79171752929688,
        87.99918414700416,
        90.17445595033708,
        88.06591772264049,
        88.02161579747354,
        87.82258999732232,
        87.34460080054498,
        88.22448189027848,
        89.2179715556483,
        87.73224467615927,
        88.40045190626576,
        87.63777382143083,
        89.05682126937374,
        88.69566689768145,
        87.68653943461757,
        89.27876577069682,
        89.54412964851626,
        89.46343132757372,
        87.4110577491022,
        89.35980766050277,
        88.30606275989163,
        88.26488568705898,
        89.59039306640625,
        88.73352469167402,
        88.08864298174458,
        90.07173501291582,
        89.05200982862904,
        88.42411656533518,
        89.75905239966607,
        87.63602373676915,
        87.22146458779612,
        88.99699820241621,
        87.71655716434601
    ],