{
    "testproblem": "quadratic_deep",
    "batch_size": 32,
    "num_epochs": 100,
    "random_seed": 49,
    "weight_decay": null,
    "optimizer_name": "SGD",
    "optimizer_hyperparams": {
        "lr": 0.001
    },
    "training_params": {},
    "train_losses": [
        325.6100089780746,
        120.32617630497101,
        104.23932475428427,
        102.23769206385458,
        101.40784380512852,
        100.95371270948841,
        100.48132004276398,
        100.1240482945596,
        99.37352703463647,
        99.06813320036858,
        98.52322510750064,
        98.22243770476311,
        97.84377608760711,
        97.10850106516192,
        96.87933251165575,
        96.63579780824723,
        96.51632345876386,
        96.08928803474673,
        95.6463851928711,
        95.39700908045614,
        95.22291909494707,
        94.9710223290228,
        94.60872502480784,
        94.23278783982799,
        94.20974780667213,
        94.04360420473161,
        93.78376253189579,
        93.30127297678301,
        93.08815470049458,
        93.05408059397051,
        92.96229454778856,
        92.77823860414567,
        92.50487764420048,
        92.35402113391507,
        92.27739715576172,
        92.15093895696825,
        92.02766516900832,
        91.71896165417087,
        91.77559686476185,
        91.5463387273973,
        91.56749528454196,
        91.2166245983493,
        91.32302733390561,
        90.98084898917905,
        90.99027941303868,
        90.68140509820753,
        90.58305924938571,
        90.75194967946699,
        90.37446840347782,
        90.41757275981288,
        90.45658431514617,
        90.3386488883726,
        90.15704419535976,
        89.98209381103516,
        90.05028041716545,
        90.06756887128276,
        89.85412006993448,
        89.80123163038685,
        89.91483208440965,
        89.72888454314202,
        89.6317608741022,
        89.52987400177986,
        89.61702260663432,
        89.33919648201235,
        89.38260896744266,
        89.34403376425466,
        89.13341177663496,
        89.29800931869015,
        88.90312096380418,
        89.17197738155242,
        88.99839216662991,
        89.23140814996535,
        89.12308772917717,
        88.84407658730784,
        88.9230440201298,
        88.99618333385837,
        88.78895814957157,
        88.86336984942037,
        88.86615457842427,
        88.72110157628214,
        88.54163532872354,
        88.66864358225176,
        88.73841094970703,
        88.61684836110761,
        88.54412054246471,
        88.61298222695628,
        88.37342834472656,
        88.5354978499874,
        88.43142823250064,
        88.45423987603957,
        88.3653082078503,
        88.27401585732737,
        88.19091033935547,
        88.31042603523501,
        88.03501867478893,
        88.26116205030873,
        88.20741370416457,
        88.20461051694808,
        88.1729756016885,
        88.03204567201676,
        88.09710176529423
    ],
    "valid_losses": [
        328.8100812358241,
        119.78438494282383,
        102.49299793858683,
        100.17554227767452,
        99.40514669110698,
        98.80369444816343,
        98.23679893247542,
        97.82925710370463,
        97.28867610808342,
        96.86386969781691,
        96.48072150445753,
        96.03069994526524,
        95.65590569280809,
        95.33438331850114,
        94.94367291850429,
        94.6223390640751,
        94.33591535014492,
        93.9312990250126,
        93.62584464780745,
        93.31237423804498,
        93.09958328739289,
        92.75565313523815,
        92.52900228192729,
        92.28631887128276,
        92.05702061806956,
        91.82660379717427,
        91.58455928679436,
        91.4191636116274,
        91.24293296567855,
        91.14194586969191,
        90.86912905785346,
        90.65008101924774,
        90.56135977468183,
        90.29937867195376,
        90.1703857914094,
        90.00824491439327,
        89.96878962362966,
        89.74549398114604,
        89.601073726531,
        89.43319283762285,
        89.4087871428459,
        89.31815879575667,
        89.13734534478957,
        88.98724414456275,
        88.86567934097782,
        88.78047278619582,
        88.73758106846964,
        88.54627129339403,
        88.49134998936808,
        88.32653340985698,
        88.27710674655053,
        88.1463148055538,
        88.0977271295363,
        88.03029386458859,
        88.04774401264805,
        87.93832791236139,
        87.86880394720262,
        87.86077265585622,
        87.7420883178711,
        87.61876629244897,
        87.59308205881426,
        87.53052865305254,
        87.4507104196856,
        87.36555013348979,
        87.29661117061492,
        87.27969384962513,
        87.18562489171183,
        87.26710756363407,
        87.1142103133663,
        87.03080183459866,
        87.12265063870338,
        87.00799019105973,
        86.95142413723853,
        86.88120343608242,
        86.84400890719506,
        86.79155952699723,
        86.70584155667213,
        86.75758361816406,
        86.73942024477067,
        86.7959479055097,
        86.68179075179562,
        86.6204819217805,
        86.63521698982485,
        86.54567300119707,
        86.55684686476185,
        86.58092892554498,
        86.53039329282699,
        86.45719195950416,
        86.38311890632876,
        86.35880648705268,
        86.39522084882182,
        86.33723548150832,
        86.35802631993448,
        86.3926733693769,
        86.32761899886593,
        86.20932031446888,
        86.22579586890436,
        86.20672705865675,
        86.17032918622417,
        86.19395299111643,
        86.09442237115675
    ],