{
    "testproblem": "quadratic_deep",
    "batch_size": 32,
    "num_epochs": 100,
    "random_seed": 50,
    "weight_decay": null,
    "optimizer_name": "SGD",
    "optimizer_hyperparams": {
        "lr": 0.001
    },
    "training_params": {},
    "train_losses": [
        280.61473477271295,
        119.04857881607548,
        108.75428550474105,
        107.01263575400075,
        106.28035071588332,
        105.38596762380293,
        104.56594454857611,
        104.0173841907132,
        103.16357421875,
        102.6011982579385,
        101.82571608020413,
        101.22581112769342,
        100.65770056939894,
        100.21594951998803,
        99.4439456078314,
        99.20154030092301,
        98.50449642058342,
        98.10885250952936,
        97.48910916236139,
        97.32825937578755,
        96.79052094490298,
        96.29872500511908,
        96.00893722041961,
        95.65441033147997,
        95.1127437468498,
        94.87923332952684,
        94.48437032391948,
        94.3650657899918,
        94.0725843368038,
        93.76281713670299,
        93.43542775800151,
        93.02428903887349,
        93.07182730397871,
        92.81867562570879,
        92.67415397397933,
        92.51941779352003,
        92.19360425395351,
        91.80085237564579,
        91.83849753102949,
        91.60973185877646,
        91.47930342151272,
        91.25074595789755,
        91.14063361383253,
        91.0066656297253,
        90.90380465599799,
        90.77138273177609,
        90.43438769925025,
        90.41709604570943,
        90.27513762443296,
        90.34657632150957,
        90.15540018389302,
        89.99807936145413,
        89.84612495668473,
        89.8528095368416,
        89.67893612769342,
        89.45139681908393,
        89.43009013514364,
        89.33550410116872,
        89.23063044394216,
        89.12494339481476,
        89.23528092907321,
        89.05393415881741,
        88.95330958212575,
        89.07472105949155,
        89.01236749464466,
        88.63006271854523,
        88.71750222482989,
        88.61341045748803,
        88.44548502276021,
        88.59261125133884,
        88.43790903399068,
        88.53870588733304,
        88.46139501756237,
        88.32603356146043,
        88.3831299812563,
        88.28257037747291,
        88.19793258174774,
        88.06154263404107,
        88.26622821438697,
        88.12119859264743,
        88.09505265758884,
        88.03614782517955,
        88.00487961307648,
        87.91781911542338,
        88.01815894342238,
        87.97896354429183,
        87.78818782683342,
        87.92842864990234,
        87.7307613741967,
        87.83567662392893,
        87.70295026225429,
        87.64720153808594,
        87.87376206920993,
        87.79658803632182,
        87.52694972868889,
        87.78195362706339,
        87.69176187822896,
        87.58414459228516,
        87.46291203652659,
        87.52108715426537,
        87.66349127984816
    ],
    "valid_losses": [
        277.3727303781817,
        118.65015165267452,
        109.07237342096144,
        107.73630302183089,
        106.84993374732232,
        106.04510990265877,
        105.26252968080583,
        104.51256339780745,
        103.82804304553616,
        103.15648921843498,
        102.47820798812374,
        101.88550198462701,
        101.30834050332346,
        100.75101421725365,
        100.19739704747354,
        99.64419924828314,
        99.1994139148343,
        98.73189027847782,
        98.2781241632277,
        97.80551098239037,
        97.40685616770098,
        97.02212401359311,
        96.65036921347341,
        96.29935086158014,
        95.94708719561177,
        95.6039807719569,
        95.27264330464024,
        95.00499282344695,
        94.73015545260522,
        94.42696946667087,
        94.17425807829827,
        93.89576499692855,
        93.66283835134199,
        93.44364929199219,
        93.24035989084551,
        93.00934650051978,
        92.82349297308153,
        92.63532158636278,
        92.43252440421811,
        92.22706677836757,
        92.07565602948588,
        91.92689932546308,
        91.73245337701613,
        91.59700307538432,
        91.46643435570502,
        91.28531351397115,
        91.18336388372606,
        91.09129801104146,
        90.91647732642389,
        90.83914356846964,
        90.70981917842742,
        90.58061931979272,
        90.48291261734501,
        90.3721210110572,
        90.29726902131111,
        90.17148220923639,
        90.14880248038999,
        90.0215313819147,
        89.93305230909779,
        89.87471008300781,
        89.79131833968624,
        89.67392041606288,
        89.5865938740392,
        89.54831794000441,
        89.49990352507561,
        89.38304655013546,
        89.36168449155745,
        89.32796355216733,
        89.26857117683657,
        89.1897447647587,
        89.16596566477129,
        89.06709437216482,
        89.00047769854146,
        88.98164318453881,
        88.93037537605532,
        88.8537843765751,
        88.85762811476185,
        88.80415442682082,
        88.76460561444682,
        88.71547255977508,
        88.68872390254852,
        88.6814196186681,
        88.56655440791961,
        88.5678969352476,
        88.57348189815399,
        88.50556330527029,
        88.47667201872795,
        88.45818624188823,
        88.41211601995653,
        88.37990348569808,
        88.36980881229523,
        88.31127708188949,
        88.27880293323147,
        88.2723154867849,
        88.26095088835686,
        88.2356432022587,
        88.20095849806263,
        88.17793470813382,
        88.1870353452621,
        88.15988257623488,
        88.16549313452936
    ],