{
    "testproblem": "quadratic_deep",
    "batch_size": 32,
    "num_epochs": 100,
    "random_seed": 46,
    "weight_decay": null,
    "optimizer_name": "SGD",
    "optimizer_hyperparams": {
        "lr": 0.001
    },
    "training_params": {},
    "train_losses": [
        240.6336473034274,
        116.79746689334992,
        108.35245489305065,
        106.93119861233619,
        105.9694088351342,
        105.2803475164598,
        104.4845684420678,
        103.93945952384702,
        103.31978041125882,
        102.50455277965915,
        101.76709722703502,
        101.22871964977634,
        100.8499239029423,
        100.09098520586568,
        99.61735042448967,
        99.19402534730973,
        98.71123553860572,
        98.3225333921371,
        97.65265138687626,
        97.36922971663937,
        97.10514093214466,
        96.48368687783518,
        96.36800310688633,
        96.00444178427419,
        95.46371410739037,
        95.38504077542213,
        94.98998481996598,
        94.79273863761655,
        94.45841217041016,
        94.18805079306325,
        93.90015116045552,
        93.5428941788212,
        93.41481288786858,
        93.07460538802609,
        92.87953653643208,
        92.64318429270098,
        92.63162502165764,
        92.41151674332157,
        92.35053031675277,
        91.93380146641886,
        91.77804417763987,
        91.73557552214592,
        91.5558584890058,
        91.35650314823273,
        91.33053736532888,
        91.20106752457157,
        90.9616209460843,
        90.67521495203817,
        90.63053401823967,
        90.69007036762852,
        90.4209722703503,
        90.28829365391886,
        90.45053395917338,
        90.1209251649918,
        90.093748523343,
        90.02286874094317,
        89.7689942390688,
        89.76055046819872,
        89.73019212292087,
        89.51851161833733,
        89.40713673253214,
        89.48443012852823,
        89.46531726467994,
        89.31098175048828,
        89.06982101932648,
        89.2896221530053,
        89.07657795567667,
        88.94019612958354,
        88.89723747007308,
        88.8979725991526,
        88.75285167078817,
        88.79652921615109,
        88.68272104570943,
        88.69668406824911,
        88.69813832929057,
        88.62796881891066,
        88.55068009899509,
        88.56680913125315,
        88.58213584653792,
        88.41493348152407,
        88.46482430734942,
        88.32118791149509,
        88.20723945863786,
        88.11093484201739,
        88.02010542346585,
        88.2264423985635,
        88.06986261183216,
        88.04461743754726,
        87.8784905710528,
        88.02124958653604,
        88.02306808963898,
        87.90577427033455,
        87.69139123732045,
        87.92620406612274,
        87.68378694595829,
        87.8322256765058,
        87.74363905383694,
        87.88756708944997,
        87.67023123464277,
        87.71446178805444,
        87.70082510671308
    ],
    "valid_losses": [
        245.92765561995967,
        118.16127530990109,
        108.96607528194305,
        107.28230704030683,
        106.31805567587575,
        105.5411381875315,
        104.82393941571635,
        104.12191255630985,
        103.39778211039882,
        102.7784165413149,
        102.15252759379726,
        101.56822007702243,
        101.039062007781,
        100.51062479326802,
        99.9499989171182,
        99.46628816666141,
        99.03949023831275,
        98.57112318469632,
        98.16998069517074,
        97.79050224058089,
        97.38899993896484,
        96.98402601672757,
        96.66646059097782,
        96.30747419787991,
        95.97879175986013,
        95.66285607122606,
        95.36472049836189,
        95.04583617179624,
        94.82485002087009,
        94.55607481925718,
        94.30894445603893,
        94.05191778367565,
        93.82022119337513,
        93.58270632836127,
        93.39493388514364,
        93.15295853153351,
        93.01187970561367,
        92.78331953479397,
        92.63040062689012,
        92.41108236005229,
        92.23890267649004,
        92.09615129040134,
        91.9209971274099,
        91.81144049859816,
        91.6424540858115,
        91.50228783392137,
        91.37484175159085,
        91.31693415487966,
        91.15136275752899,
        91.03106443343624,
        90.89083985359439,
        90.80120997275075,
        90.6991953695974,
        90.58702013569493,
        90.4685565579322,
        90.40057102326423,
        90.329835953251,
        90.22849519791141,
        90.11156685121598,
        90.00093595443234,
        89.96636249173072,
        89.95558535668158,
        89.87650372905117,
        89.7990227976153,
        89.69551135647681,
        89.59835101712135,
        89.55181589434224,
        89.5010009273406,
        89.46307692989227,
        89.36383548859627,
        89.26878332322643,
        89.2348155360068,
        89.20912416519657,
        89.15609273602885,
        89.11775527461883,
        89.04896422355405,
        88.99876772972846,
        88.96190003425845,
        88.88597771429247,
        88.89578960787865,
        88.7953857914094,
        88.78362471057522,
        88.76937940043788,
        88.6748310212166,
        88.65143142207977,
        88.65263022145918,
        88.63144191618889,
        88.5699691772461,
        88.53381692209551,
        88.50838421237084,
        88.4737543905935,
        88.41190264301915,
        88.42162544496598,
        88.37561059767201,
        88.34952865108367,
        88.33303980673513,
        88.27085335023942,
        88.29207192697832,
        88.2994881906817,
        88.30062767767137,
        88.22369237099925
    ],