{
    "testproblem": "quadratic_deep",
    "batch_size": 32,
    "num_epochs": 100,
    "random_seed": 45,
    "weight_decay": null,
    "optimizer_name": "SGD",
    "optimizer_hyperparams": {
        "lr": 0.001
    },
    "training_params": {},
    "train_losses": [
        264.0180019255607,
        117.99082306892642,
        109.7015139672064,
        108.00640426143524,
        107.30240114273563,
        106.4171388687626,
        105.72633780202558,
        105.03841621645036,
        104.25276897799584,
        103.31486560452369,
        102.97936519499748,
        102.10219278643208,
        101.43503102948588,
        101.12348298103579,
        100.4791006272839,
        99.75378639467301,
        99.45911309026903,
        98.96570537936303,
        98.35628288022933,
        98.11287344655683,
        97.56040290094191,
        97.06267350719821,
        96.85833715623424,
        96.50743865966797,
        95.92347741896107,
        95.84653620566091,
        95.38465881347656,
        95.16017421599358,
        94.77514279273248,
        94.59069848829701,
        94.42506384080455,
        93.88881141908708,
        93.59813567130796,
        93.47353929088962,
        93.1905987647272,
        93.11596975018901,
        92.63796160298008,
        92.46138221986833,
        92.45247970088836,
        92.34243577526462,
        91.94905508718183,
        91.63018405052924,
        91.8493893531061,
        91.56744704707977,
        91.2828853976342,
        91.21119123889554,
        91.1120135399603,
        91.00669983894595,
        90.96831586284023,
        90.79625111241495,
        90.5880117108745,
        90.64070203227382,
        90.47114981374433,
        90.23653510309035,
        90.35614112115675,
        89.90649094120148,
        90.02411553167528,
        89.99774268365675,
        89.78901672363281,
        89.80323643838206,
        89.59516340686429,
        89.49153900146484,
        89.47023330196258,
        89.36273685578377,
        89.38215661817982,
        89.38589083763861,
        89.02475320139239,
        89.15578116140058,
        88.79506634127709,
        88.96648603870022,
        89.03480751283708,
        88.85949042535597,
        88.86339692146548,
        88.50963198754096,
        88.76238447620022,
        88.77247841127458,
        88.62163420646421,
        88.55961756552419,
        88.6493178336851,
        88.4639166555097,
        88.4193344116211,
        88.55364547237274,
        88.36896244172127,
        88.32448356382308,
        88.34879819808468,
        88.38017937444872,
        88.17683952085433,
        88.23572294173702,
        87.88139392483619,
        88.02547134891633,
        88.1990216162897,
        87.97999794252458,
        87.90617124495968,
        87.92610734508884,
        87.94208452778477,
        87.96233810917023,
        87.93259577597341,
        87.87080973963583,
        87.79503853090348,
        87.92362902241368,
        87.96984223396548
    ],
    "valid_losses": [
        261.704602149225,
        116.97875139790196,
        108.68002319335938,
        107.33960305490801,
        106.44398449313256,
        105.58781039330268,
        104.7556664251512,
        104.02779659148186,
        103.29860219647807,
        102.62937311972341,
        101.90744978381741,
        101.29258875693044,
        100.68121731665826,
        100.13108948738345,
        99.54292198919481,
        99.04739945934665,
        98.56076886576992,
        98.04467798048451,
        97.6351805656187,
        97.18879059822329,
        96.74827994069746,
        96.34319231587071,
        95.9389412172379,
        95.60261757143083,
        95.22717162101499,
        94.85836964268839,
        94.529786632907,
        94.26536387781942,
        93.98474982477003,
        93.71224311090285,
        93.44669095931515,
        93.16055617793914,
        92.9056381717805,
        92.68498377646169,
        92.43830896192982,
        92.26718533423639,
        92.03144885647681,
        91.81127609745148,
        91.61649740895918,
        91.40965418661794,
        91.22929357713268,
        91.08359207645539,
        90.88725059263167,
        90.75563270814958,
        90.59234003866872,
        90.43582940870716,
        90.26298670614919,
        90.17486129268524,
        90.05584126134073,
        89.95081920008505,
        89.81588474396736,
        89.65447678104523,
        89.57247309530935,
        89.45487606909967,
        89.37795946674962,
        89.21675848191784,
        89.13089358422064,
        89.08283159809727,
        89.04586225940335,
        88.91363033171623,
        88.87169327274445,
        88.73770387711063,
        88.68733978271484,
        88.56878612887475,
        88.49249366021925,
        88.40652072045111,
        88.37292603523501,
        88.34220074069115,
        88.27845468828755,
        88.20593729326802,
        88.11719463717553,
        88.0729749125819,
        88.0087383639428,
        87.98289169803742,
        87.91661047166393,
        87.88371178411668,
        87.78925101987777,
        87.74035176923198,
        87.75869406423261,
        87.66844571021295,
        87.65491264097152,
        87.58110612438571,
        87.59317434987715,
        87.51390764790196,
        87.48260325770224,
        87.44740246188256,
        87.39551716466104,
        87.33185454337827,
        87.31495568060106,
        87.29814074116368,
        87.26317153438445,
        87.24541940996724,
        87.19741329070061,
        87.15374583582724,
        87.16423920662173,
        87.12949469781691,
        87.14429523098853,
        87.08677107287991,
        87.05590746479649,
        87.03139815791961,
        86.99230218702748
    ],