{
    "testproblem": "quadratic_deep",
    "batch_size": 32,
    "num_epochs": 100,
    "random_seed": 48,
    "weight_decay": null,
    "optimizer_name": "SGD",
    "optimizer_hyperparams": {
        "lr": 0.001
    },
    "training_params": {},
    "train_losses": [
        262.13414789015246,
        112.7643334173387,
        102.70279152162614,
        101.31826954503214,
        100.68407907793599,
        100.10280289188508,
        99.3240449966923,
        99.03237767373362,
        98.48719344600555,
        98.01448379024383,
        97.17760442918346,
        96.86826964347593,
        96.6360586843183,
        95.78835739627961,
        95.61497300670993,
        95.26786607311618,
        94.96173538700226,
        94.36066732098979,
        93.98983100152785,
        93.86816135529548,
        93.27945266231414,
        93.04997819469821,
        92.90636001094695,
        92.59076050789126,
        92.26073874196699,
        92.08691529304751,
        91.52018614738218,
        91.50782086772304,
        91.3834730579007,
        90.98902277792654,
        90.7708016672442,
        90.69883604972593,
        90.6476071265436,
        90.36337550993889,
        90.27221851964151,
        90.20071189634261,
        89.71775571761593,
        89.76318753150201,
        89.05669944517074,
        89.56492688578945,
        89.21290785266507,
        89.04566955566406,
        88.89240215670678,
        88.87784847136467,
        88.76296086465159,
        88.63232495707851,
        88.37528228759766,
        88.42878157092679,
        88.2799805671938,
        88.2896211685673,
        88.07035975302419,
        87.93860453944052,
        87.84881591796875,
        87.87354672339654,
        87.78091233776462,
        87.62330258277154,
        87.56690954392955,
        87.34045926986202,
        87.56304636309224,
        87.1670911235194,
        87.25938341694493,
        87.03115524784211,
        87.06107428766066,
        87.02406926308909,
        87.04757001323085,
        86.89252619589529,
        87.06041692918346,
        86.74950261269846,
        86.61327854279548,
        86.5298597274288,
        86.77630738289126,
        86.66259101129347,
        86.58150654454386,
        86.56181286227319,
        86.61061293079007,
        86.35190656108242,
        86.3453881048387,
        86.3035396452873,
        86.35970257174584,
        86.24292459795552,
        86.19330030871976,
        86.21697235107422,
        86.16024657218686,
        86.08289312547252,
        86.21696029170867,
        86.16835538802609,
        86.19544835244456,
        85.98845869495022,
        85.93004632765248,
        85.95494940973097,
        85.79122063421434,
        85.8592765561996,
        85.71177722561744,
        85.7958248507592,
        85.74176911384829,
        85.87830155895603,
        85.5713360694147,
        85.6323485835906,
        85.74173441240865,
        85.46111666771674,
        85.63613448604461
    ],
    "valid_losses": [
        263.74718696840347,
        114.58180679813508,
        104.44583400603264,
        103.11195890365109,
        102.41117686610067,
        101.81241755331716,
        101.1948712256647,
        100.62336804789882,
        100.0897197108115,
        99.5551528930664,
        99.00380066902407,
        98.51418993549962,
        98.01728205527029,
        97.62750687137726,
        97.21388416905558,
        96.80011158604776,
        96.41177614273563,
        96.05024719238281,
        95.66421213457662,
        95.36372818485383,
        95.04400757820376,
        94.76316685830393,
        94.43090844923451,
        94.2037358437815,
        93.87003941689768,
        93.61156488233998,
        93.3924083094443,
        93.10021406604397,
        92.89114601381364,
        92.7225570678711,
        92.48394972278226,
        92.28628589260963,
        92.0853266562185,
        91.86816480082851,
        91.7034432195848,
        91.56826757615612,
        91.39097669047695,
        91.22550078361265,
        91.06839776808216,
        90.93045905328566,
        90.80395753922001,
        90.67823520783455,
        90.47996693272745,
        90.4032708444903,
        90.30067419236705,
        90.13909936720326,
        89.99334815240675,
        89.89572020499936,
        89.87231174592048,
        89.72765399563697,
        89.6482167397776,
        89.54248834425404,
        89.47745366250315,
        89.34918532832977,
        89.26536387781942,
        89.20648242581275,
        89.1073229389806,
        89.0514902914724,
        88.93951859012726,
        88.89330390191847,
        88.8734596006332,
        88.79915077455583,
        88.69367267239478,
        88.65025206535093,
        88.62766831920993,
        88.49178486485636,
        88.41933416551159,
        88.36881206881615,
        88.345946773406,
        88.29608991069179,
        88.20544359760899,
        88.1550059164724,
        88.11374959638042,
        88.08332406320879,
        88.0155275406376,
        88.00693635017642,
        87.99246781872165,
        87.92349661550215,
        87.89788424584174,
        87.89374173072076,
        87.78338819934476,
        87.70559618549962,
        87.74622271137852,
        87.71375151603452,
        87.60334261002079,
        87.63516112296811,
        87.6340829172442,
        87.59391587780368,
        87.49446844285534,
        87.45922507009199,
        87.48882687476373,
        87.52043151855469,
        87.43511003063571,
        87.34981266144783,
        87.35300962386593,
        87.32211303710938,
        87.31985621298513,
        87.31101645192793,
        87.3047859438004,
        87.24926167149698,
        87.19232497676727
    ],