{
    "testproblem": "quadratic_deep",
    "batch_size": 32,
    "num_epochs": 100,
    "random_seed": 47,
    "weight_decay": null,
    "optimizer_name": "SGD",
    "optimizer_hyperparams": {
        "lr": 0.001
    },
    "training_params": {},
    "train_losses": [
        210.1309794764365,
        114.95283459078881,
        107.41703747164819,
        105.92625993297946,
        105.04560162944179,
        104.24600145893712,
        103.5256094163464,
        102.99402741462954,
        102.31043834071005,
        101.66104692028415,
        101.1626737040858,
        100.56105755221459,
        100.01129421111077,
        99.32246866533833,
        98.97723954723728,
        98.33516988446635,
        97.96002714095577,
        97.5519507623488,
        97.17096537928427,
        96.51851088000882,
        96.4922635478358,
        95.87333556144468,
        95.57150194721837,
        95.13672170331401,
        94.96683305309665,
        94.74498822612148,
        94.34919074273878,
        94.05017606673702,
        93.82085664810673,
        93.39878943658644,
        93.17663303498298,
        93.01723947832662,
        92.78848094324911,
        92.53646407588836,
        92.35979855445123,
        92.13446241809476,
        91.8362052671371,
        91.63218492077243,
        91.48765859296245,
        91.32735836890436,
        91.1713128858997,
        91.20309251354587,
        90.78284798899004,
        90.60623685775265,
        90.46248085268083,
        90.47964945147115,
        90.06424196304813,
        89.87679684546686,
        90.07799973026398,
        89.88580174599925,
        89.80531138758505,
        89.68943491289693,
        89.49323198872227,
        89.3453846593057,
        89.38574563303301,
        88.94303943264869,
        89.06599377047631,
        89.0496348719443,
        88.9266118695659,
        88.75504795197517,
        88.64326821604082,
        88.62852453416393,
        88.53482350995463,
        88.59808546496976,
        88.51772800568611,
        88.3508544429656,
        88.25477526264805,
        88.28147666685042,
        88.31558842812815,
        88.19989038282826,
        88.00710099743259,
        87.95826007473853,
        87.8525621967931,
        88.01056277367377,
        87.88712187736265,
        87.81673775949785,
        87.65203242148122,
        87.4438971242597,
        87.70799353814894,
        87.56921140609249,
        87.40208164338142,
        87.48261064098728,
        87.4673602196478,
        87.52960500409526,
        87.48782397854713,
        87.29779274232926,
        87.393797843687,
        87.34851714103452,
        87.2997059975901,
        87.0624766195974,
        87.1801280360068,
        86.8481693883096,
        87.23788082984186,
        87.08013792960874,
        87.0530503795993,
        87.01697860225555,
        86.97395546205583,
        86.83350323092553,
        87.09426904493763,
        86.95769943729523,
        86.96606986753402
    ],
    "valid_losses": [
        205.0477324455015,
        112.20304083055065,
        105.19286444879347,
        103.89454109438005,
        103.10287475585938,
        102.35232248613912,
        101.6545926986202,
        100.96586338166267,
        100.29808290543095,
        99.67396742297757,
        99.07166068784652,
        98.49956167897871,
        97.95193456834362,
        97.39801689886278,
        96.90034337197581,
        96.47140847482989,
        95.97746892129221,
        95.54040133568549,
        95.10921010663432,
        94.67417267830142,
        94.28817182971585,
        93.93171544228831,
        93.58447733233052,
        93.23847173875377,
        92.91434798702117,
        92.59171516664567,
        92.27404440602949,
        91.98226830267137,
        91.68682689051474,
        91.45889528336063,
        91.2175551383726,
        90.98381657754221,
        90.70937322801159,
        90.47114046158329,
        90.26256142893145,
        90.06249753890499,
        89.86038921725365,
        89.62969773815524,
        89.45422658612651,
        89.25456754622921,
        89.07862632505355,
        88.91156916464529,
        88.74728073612336,
        88.62020603302986,
        88.47093766735446,
        88.33046525524509,
        88.1651347990959,
        88.03521630071825,
        87.9230243313697,
        87.83636646886026,
        87.69304829259073,
        87.58162467710433,
        87.44870979555192,
        87.34097437704763,
        87.21659949518019,
        87.1257080570344,
        87.05242550757623,
        86.97024560743763,
        86.8694588445848,
        86.77745326872795,
        86.70160133607926,
        86.60462680939705,
        86.54624323691091,
        86.48819732666016,
        86.37188769925025,
        86.31377583165323,
        86.24601425663117,
        86.15363164101878,
        86.10985639018398,
        86.02668073100429,
        85.97226961197391,
        85.93679588071761,
        85.85630552230343,
        85.80911057995212,
        85.76442324730658,
        85.68123626708984,
        85.63026428222656,
        85.58630838701802,
        85.52056933987525,
        85.50398279005482,
        85.4851559054467,
        85.4102054719002,
        85.35071686775454,
        85.31305596136278,
        85.27828487273186,
        85.24255001929498,
        85.18251185263357,
        85.18035987115675,
        85.14203348467427,
        85.09760407478579,
        85.07053818241242,
        85.07180343135711,
        85.00440216064453,
        84.93826244723412,
        84.93672893893334,
        84.91486383253529,
        84.89714936287173,
        84.88100113407258,
        84.84568368234942,
        84.77019722230973,
        84.79283265144595
    ],