{
    "testproblem": "quadratic_deep",
    "batch_size": 32,
    "num_epochs": 100,
    "random_seed": 43,
    "weight_decay": null,
    "optimizer_name": "SGD",
    "optimizer_hyperparams": {
        "lr": 0.001
    },
    "training_params": {},
    "train_losses": [
        225.04178693217617,
        111.78162580920804,
        105.78330575266192,
        104.55490013860887,
        103.67283581149194,
        102.96055849136845,
        102.45751534738848,
        101.61127496534779,
        100.82520491077054,
        100.42929889309791,
        99.71175950573337,
        99.2734143657069,
        98.84582962528351,
        97.9751707507718,
        97.73718803159652,
        97.23316192626953,
        96.77498577487084,
        96.50484097388482,
        95.97771896854523,
        95.38420843308971,
        95.2426524008474,
        94.74130790464339,
        94.37913316295993,
        94.12972407187185,
        93.79842130599484,
        93.34615522815335,
        93.14188286565965,
        92.85918401902721,
        92.52651165377709,
        92.35411933160597,
        92.02011895948841,
        91.47313665574596,
        91.56046344387916,
        91.14823175245716,
        90.90804586102885,
        90.82584282659715,
        90.5565918953188,
        90.3916972990959,
        90.21037046370968,
        90.08936826644405,
        89.96185819564327,
        89.49603123818675,
        89.47765571840348,
        89.43900151406565,
        89.19862439555507,
        89.19273844072896,
        89.01131660707536,
        88.89863168039629,
        88.66619823824975,
        88.64092943745274,
        88.47613722278226,
        88.38904276201802,
        88.21603172056136,
        88.05921271539503,
        87.91170452487084,
        87.83712965442288,
        87.81920771444997,
        87.57912888065461,
        87.47501176403415,
        87.47053823163432,
        87.5886001586914,
        87.33885758922946,
        87.19727522327054,
        87.11085067256805,
        87.20301794236705,
        86.91464454896989,
        86.93495596608808,
        87.07990363336378,
        87.02685226932648,
        86.72585961126512,
        86.71542407620338,
        86.68306584512034,
        86.55748084283644,
        86.44087883733934,
        86.53549218946888,
        86.51834155667213,
        86.4308373235887,
        86.25934010167276,
        86.2983642085906,
        86.3144777359501,
        86.15304220876386,
        86.08568572998047,
        86.04563731531942,
        86.17127621558404,
        86.15516588764805,
        86.0752671764743,
        85.95420763569493,
        86.01060855004096,
        85.94444225680444,
        85.93157392932522,
        85.7853285266507,
        85.92108843403477,
        85.87554513254473,
        85.81262896137852,
        85.79359485257056,
        85.75478166149509,
        85.73746121314264,
        85.6178714383033,
        85.70789041826802,
        85.58899196501702,
        85.5949955601846
    ],
    "valid_losses": [
        230.73556174001385,
        115.347168460969,
        108.73360713835686,
        107.5796865647839,
        106.69556919220955,
        105.9648907569147,
        105.25645914385396,
        104.5967028217931,
        103.98685381489415,
        103.34414623629662,
        102.7596167287519,
        102.17134857177734,
        101.69060540968373,
        101.16529304750505,
        100.72858109012726,
        100.17689021941155,
        99.74036112139302,
        99.33806782384073,
        98.91611776044292,
        98.44861553561303,
        98.11154273248488,
        97.74241958125945,
        97.3634013514365,
        97.08894618864983,
        96.7310274185673,
        96.37341677758002,
        96.05784951486895,
        95.80387312366116,
        95.53099306168095,
        95.2458249984249,
        95.0049810101909,
        94.7350613993983,
        94.48011164511404,
        94.23524253599105,
        94.03829537668535,
        93.82349420362904,
        93.59150228192729,
        93.41067874047064,
        93.23353675103957,
        93.12086437594506,
        92.89147604665449,
        92.7528546241022,
        92.56611805577433,
        92.424560054656,
        92.26329852688697,
        92.10550665086315,
        91.98778263215095,
        91.82812081613848,
        91.66561274374685,
        91.57815059538811,
        91.4640653056483,
        91.34237941618889,
        91.23679401028541,
        91.13096101822391,
        91.00367318430254,
        90.91172888971144,
        90.79114040251702,
        90.76367728940902,
        90.67431025351247,
        90.51620138845136,
        90.43224039385396,
        90.40734346451298,
        90.32110472648374,
        90.24998129567793,
        90.15123551891696,
        90.09906670355028,
        90.0003433227539,
        89.91916877992692,
        89.87684508292905,
        89.79830120455834,
        89.78138732910156,
        89.72109886907762,
        89.66951948596585,
        89.57760718560988,
        89.56068371188256,
        89.47121207944808,
        89.40550330377394,
        89.36543224703881,
        89.31610402753276,
        89.26493269397366,
        89.23036464568108,
        89.2555443548387,
        89.22283640215474,
        89.08534954440209,
        89.0782212288149,
        89.05361938476562,
        88.98517239478326,
        88.9687029930853,
        88.91617608839466,
        88.86482386435232,
        88.84900862170804,
        88.86870574951172,
        88.83480958015689,
        88.80833041283393,
        88.75225977743825,
        88.71270259734123,
        88.72112815610824,
        88.6868389498803,
        88.65052795410156,
        88.58631995416457,
        88.57618861044607
    ],