{
    "testproblem": "quadratic_deep",
    "batch_size": 32,
    "num_epochs": 100,
    "random_seed": 52,
    "weight_decay": null,
    "optimizer_name": "SGD",
    "optimizer_hyperparams": {
        "lr": 0.001
    },
    "training_params": {},
    "train_losses": [
        220.11712843371976,
        110.45570201258505,
        103.20440870715726,
        102.20903162802419,
        101.70313755158455,
        101.12850016932333,
        100.60800269342238,
        100.13658732752646,
        99.60606310444493,
        99.35869401501071,
        98.70427999188823,
        98.44687800253591,
        98.10312061925089,
        97.78379649500692,
        97.07738248763546,
        97.00184902068108,
        96.75622976979902,
        96.16471026020665,
        95.84745714741368,
        95.87473370951992,
        95.42403165755734,
        95.13589182207662,
        94.94779894428868,
        94.78582074565273,
        94.3226087016444,
        94.39648068335748,
        93.84569648004347,
        93.83205635316911,
        93.37123550907258,
        93.4399652788716,
        93.06058009978264,
        92.7250501571163,
        92.70745603499874,
        92.69145817910471,
        92.35093344411543,
        92.30611321233934,
        92.13211108792213,
        92.16787227507561,
        91.88185734902659,
        91.73013256442162,
        91.64684738651398,
        91.35487759497857,
        91.41885499031314,
        91.37473321730091,
        91.42830510293284,
        91.06764098136655,
        91.02258054671749,
        90.67230372275075,
        90.76596881497291,
        90.62825381371283,
        90.46788664787046,
        90.41643991777974,
        90.43076644405242,
        90.2804681101153,
        90.1784916539346,
        90.14190181609123,
        89.89718258765436,
        90.06554289787046,
        89.84370594639933,
        89.61757364580708,
        89.63087487989857,
        89.54554157872354,
        89.4567140148532,
        89.4473382273028,
        89.43734864265689,
        89.36912708897745,
        89.31707296063823,
        88.98819289668914,
        89.19148426671183,
        89.09949345742503,
        89.00211014286164,
        88.90505858390561,
        88.97481561476185,
        88.92557697911417,
        88.76662666566911,
        88.76184894192603,
        88.82406025548136,
        88.48423422536543,
        88.67472839355469,
        88.57662004040134,
        88.65102091143208,
        88.4433355023784,
        88.51914461197391,
        88.56314406856414,
        88.38435855988533,
        88.46671172111265,
        88.34745788574219,
        88.42974730460874,
        88.30555035991054,
        88.31897464875252,
        88.28616972892515,
        88.22752158872542,
        88.02436902446132,
        88.15263465143019,
        88.12145553096649,
        88.09224602483934,
        87.84372908069241,
        87.9941160140499,
        87.882811023343,
        88.06643775201613,
        87.82594028595955
    ],
    "valid_losses": [
        216.31076148248488,
        108.88945819485572,
        101.83655695761404,
        100.85113771500126,
        100.30194239462575,
        99.75935462213332,
        99.2683344194966,
        98.78458945981917,
        98.36419431624874,
        97.91937821911228,
        97.51510595506237,
        97.08087576589277,
        96.72494826778289,
        96.34270403462071,
        95.96970564319241,
        95.7193613360005,
        95.35748832456527,
        95.03279679821384,
        94.7496807959772,
        94.4628197454637,
        94.17454184255293,
        93.91695600940335,
        93.69292745282573,
        93.40309635285408,
        93.21222194548577,
        93.0104478405368,
        92.71775301041141,
        92.55204354563067,
        92.3270738663212,
        92.14223750945061,
        91.93734076715285,
        91.75328211630544,
        91.5754623413086,
        91.44788311373803,
        91.27628892467868,
        91.07523690500567,
        90.91767169583228,
        90.82588245022681,
        90.66451534148186,
        90.54952116935483,
        90.38563463764805,
        90.27744810042843,
        90.14508548859627,
        90.03948679277974,
        89.92641768916961,
        89.80054203156502,
        89.68315099900768,
        89.60301331550845,
        89.48932106264176,
        89.37170680876702,
        89.2688716765373,
        89.199219734438,
        89.06964012884325,
        89.01536387781942,
        88.9012697281376,
        88.81173829109439,
        88.7763917984501,
        88.64107661093435,
        88.58947409352949,
        88.56116116431451,
        88.45784021192982,
        88.36123386506111,
        88.37352358910346,
        88.3088848975397,
        88.217772945281,
        88.11599977554813,
        88.0675545969317,
        88.04272830101752,
        87.91537081810736,
        87.89249469387916,
        87.83346139231035,
        87.80361643145162,
        87.80009214339718,
        87.6882560483871,
        87.69288487588206,
        87.61889402327999,
        87.5801485123173,
        87.52585060365739,
        87.4577171571793,
        87.37935023153982,
        87.3699463875063,
        87.34848194737589,
        87.30820908084992,
        87.21705061389554,
        87.16702615061114,
        87.19562358240927,
        87.19293975830078,
        87.11339962866998,
        87.12811131631175,
        87.05440816571635,
        87.04333766814202,
        86.9761450982863,
        86.96112528154927,
        86.88536096388295,
        86.84908762285787,
        86.85511016845703,
        86.80318672426286,
        86.7989733296056,
        86.75171710598853,
        86.76637194233555,
        86.77813400760773
    ],