{
    "testproblem": "quadratic_deep",
    "batch_size": 32,
    "num_epochs": 100,
    "random_seed": 43,
    "weight_decay": null,
    "optimizer_name": "Preconditioner",
    "optimizer_hyperparams": {
        "lr": 1e-70
    },
    "training_params": {},
    "train_losses": [
        398.42110418504285,
        398.37635163337956,
        104.39711736863659,
        97.15514226113596,
        99.1745125555223,
        92.84362817579701,
        92.02222171906502,
        89.79002232705393,
        89.37989118022304,
        88.95879831621724,
        90.2107662077873,
        89.51356973955708,
        88.90916196761593,
        88.37075756442162,
        88.00757721931704,
        87.60440826416016,
        87.71977283108619,
        89.0073973132718,
        89.55299943493259,
        89.04153319328061,
        87.30699723766696,
        87.94014986099735,
        88.08936039094002,
        86.39923144925025,
        87.06822893696446,
        87.21890701786164,
        87.46066431845388,
        87.42352860973728,
        88.92349513884514,
        87.14073451872795,
        87.6606713571856,
        87.29716319422567,
        88.24995003977129,
        87.66009250763923,
        89.34988329487462,
        87.1175790602161,
        87.01842400335497,
        86.99103669197329,
        89.47490396807271,
        88.04258088142642,
        87.97099205755418,
        88.24894295969317,
        86.7992657076928,
        86.83829867455268,
        87.7528339509041,
        88.55208563035534,
        87.23733963504914,
        87.17631407706968,
        88.32265447801159,
        87.89920634608114,
        87.55139553931451,
        87.12384820753529,
        87.9162828999181,
        89.28932042275706,
        87.68960374401462,
        86.77594634025327,
        87.29711889451549,
        87.91101443383002,
        87.30457256686303,
        87.43533645137664,
        87.63207146429247,
        86.79649156139743,
        88.05417657667591,
        89.03870933286605,
        86.67182356311429,
        87.46620350499308,
        86.88678864509829,
        87.10201657202936,
        87.99561457480154,
        87.01569464898878,
        88.6589840304467,
        87.52244961646295,
        86.51436196604082,
        87.04609950896233,
        87.27831096033896,
        86.79871786794355,
        86.77525255756993,
        86.20569659817603,
        87.10902084842805,
        86.79046901579827,
        88.09958697903541,
        88.54026252992692,
        88.33265513758505,
        87.850829585906,
        87.7128657679404,
        87.7649427844632,
        88.3605206397272,
        87.48375012797695,
        87.70372550718245,
        88.0957791728358,
        88.56498865927419,
        86.7643065914031,
        89.19143725979713,
        88.07385844569052,
        90.44854514829574,
        88.39731671733242,
        86.43312811082409,
        88.95472225066155,
        87.14823544409967,
        87.91605229531565,
        87.16263900264617
    ],
    "valid_losses": [
        396.1534610871346,
        396.1534610871346,
        105.14155529391381,
        97.90913784888482,
        100.10489334598664,
        93.80970665716356,
        92.8314942390688,
        90.7452889719317,
        90.3726553147839,
        89.96047013805759,
        91.07791974467617,
        90.24859323809224,
        90.19852988950667,
        89.24349237257435,
        88.41566885671308,
        88.7367657076928,
        89.15913809499433,
        90.08234060964277,
        91.50308719758064,
        89.8082044047694,
        88.50518011277721,
        89.23103504796183,
        89.17970521988407,
        87.56160342308783,
        88.29172048261088,
        88.47275174048639,
        88.88845652918661,
        88.64209796536353,
        90.28520178025768,
        88.1546392133159,
        88.88766553325038,
        88.48620064027848,
        89.67057898736769,
        88.67633622692478,
        89.76569440287929,
        88.20893293811429,
        88.17919085102696,
        88.13172518822455,
        90.83263249551096,
        89.2862088603358,
        88.19025445753529,
        89.14033705188382,
        87.81402071060673,
        87.72502948391822,
        88.94357841245589,
        89.27948244156376,
        88.35308714835874,
        88.54437206637475,
        88.97749500889933,
        88.83825314429498,
        88.317140640751,
        88.23155852287046,
        88.84035172001008,
        90.73372453258884,
        88.69149607996786,
        87.54385622086063,
        88.75905067689958,
        89.27072586551789,
        88.10257770169166,
        87.93277715867565,
        88.7789048225649,
        87.96693395799205,
        89.11706936743951,
        89.73469395791331,
        87.56049593033329,
        88.13572299095893,
        88.19978332519531,
        88.14748210291708,
        89.11582257670742,
        87.81569376299458,
        89.49308604578817,
        88.77636644917149,
        87.49881424442414,
        87.81931649484942,
        88.32476806640625,
        87.80433359453755,
        87.43632433491368,
        87.09571543047505,
        88.06361167661605,
        87.5218966084142,
        89.39964368266445,
        89.8768785538212,
        89.22768377488659,
        88.79078748149257,
        88.35196390459615,
        88.98186591363722,
        88.97613303892074,
        88.59654531171245,
        88.71033674670804,
        89.53908169654107,
        90.04860145814958,
        87.72173235493321,
        90.10776618219191,
        89.01385621101626,
        91.6033443327873,
        90.03212614982358,
        87.52234501992503,
        89.92931095246345,
        88.3827172556231,
        88.86656484296245,
        87.96396932294292
    ],