{
    "testproblem": "mnist_2c2d",
    "batch_size": 128,
    "num_epochs": 2,
    "random_seed": 42,
    "weight_decay": null,
    "optimizer_name": "SGD",
    "optimizer_hyperparams": {
        "lr": 0.01,
        "nesterov": false
    },
    "training_params": {},
    "train_losses": [
        2.3819066194387584,
        0.284108983591581,
        0.18917116704277503
    ],
    "valid_losses": [
        2.38106399621719,
        0.298074276974568,
        0.19572290109518248
    ],
    "test_losses": [
        2.389372174556439,
        0.27462886603405845,
        0.17685151233887061
    ],
    "minibatch_train_losses": [
        2.3661463260650635,
        2.285545825958252,
        2.186617851257324,
        2.0855956077575684,
        1.991845965385437,
        1.9131397008895874,
        1.697901964187622,
        1.59392249584198,
        1.3773154020309448,
        1.242008924484253,
        1.0039480924606323,
        0.9510929584503174,
        0.7441688776016235,
        0.7253789305686951,
        0.7006744742393494,
        0.5972767472267151,
        0.5028632879257202,
        0.4756197929382324,
        0.4288938641548157,
        0.4376898407936096,
        0.4065622389316559,
        0.42702093720436096,
        0.32306551933288574,
        0.39787557721138,
        0.41826266050338745,
        0.33869612216949463,
        0.2787037193775177,
        0.3844474256038666,
        0.3320047855377197,
        0.4688023030757904,
        0.24730347096920013,
        0.4625462293624878,
        0.18538059294223785,
        0.39547887444496155,
        0.296933650970459,
        0.27902811765670776,
        0.37596914172172546,
        0.3133390545845032,
        0.293104887008667,
        0.3280298411846161,
        0.32279548048973083,
        0.3407582640647888,
        0.3695451319217682,
        0.2683287262916565,
        0.22912755608558655,
        0.3113027811050415,
        0.2847432494163513,
        0.381255179643631,
        0.28763270378112793,
        0.2619907259941101,
        0.1379726231098175,
        0.3056521713733673,
        0.19029605388641357,
        0.3786489963531494,
        0.1937207579612732,
        0.3382808268070221,
        0.2125060260295868,
        0.3039315342903137,
        0.21561843156814575,
        0.21316668391227722,
        0.282122403383255,
        0.23465414345264435,
        0.1919299066066742,
        0.40512511134147644,
        0.20391884446144104,
        0.1838320940732956,
        0.18676477670669556,
        0.24234306812286377,
        0.2245023250579834,
        0.2237662672996521,
        0.17725634574890137,
        0.1616886407136917,
        0.19119475781917572,
        0.26634958386421204,
        0.161443829536438,
        0.24484692513942719,
        0.19729140400886536,
        0.19966186583042145
    ],
    "train_accuracies": [
        0.061197916666666664,
        0.9159655448717948,
        0.9428084935897436
    ],
    "valid_accuracies": [
        0.06290064102564102,
        0.9145633012820513,
        0.9425080128205128
    ],
    "test_accuracies": [
        0.056790865384615384,
        0.9211738782051282,
        0.9483173076923077
    ]
}