{
    "testproblem": "quadratic_deep",
    "batch_size": 32,
    "num_epochs": 20,
    "random_seed": 43,
    "weight_decay": null,
    "optimizer_name": "SGD",
    "optimizer_hyperparams": {
        "lr": 0.01291549665014884
    },
    "training_params": {},
    "train_losses": [
        161.2472863966419,
        99.87816250708795,
        95.08200171685988,
        91.65009357083228,
        89.93786178096649,
        89.26007744573778,
        88.3400640180034,
        87.90890379874936,
        87.6624746014995,
        87.4402091733871,
        86.98912023728893,
        86.98878503614857,
        86.49320565500567,
        86.78492761427357,
        86.6850352133474,
        86.37674270137664,
        86.79060954432333,
        85.90673139018398,
        86.29369944910849,
        86.21782561271421,
        86.07181130686114
    ],
    "valid_losses": [
        161.85835758332283,
        98.73431617982926,
        93.72754693800404,
        90.47121946273312,
        88.46309464977634,
        88.3440674812563,
        86.9685565579322,
        86.78501695202243,
        86.5265864710654,
        86.1326675415039,
        85.4622539397209,
        85.93072608209425,
        85.31253027146862,
        85.54201163015058,
        85.5960439866589,
        85.4198231850901,
        85.69209289550781,
        84.47963640766758,
        85.01819216820502,
        85.21381009009576,
        84.7976563976657
    ],
    "test_losses": [
        165.84938738423008,
        103.3562476865707,
        98.0589368266444,
        94.82929426623929,
        92.91244999054939,
        92.74052183089718,
        91.5680674891318,
        90.7950193343624,
        91.0834232453377,
        90.5576915125693,
        89.8624511226531,
        90.63066888624623,
        89.79509956605973,
        89.75602549891317,
        89.78078239194808,
        89.85323284518334,
        90.20059548654864,
        89.0395015593498,
        89.87517498385522,
        89.87756003102949,
        89.2698002476846
    ],
    "minibatch_train_losses": [
        168.69920349121094,
        105.24341583251953,
        103.13611602783203,
        102.01104736328125,
        105.39927673339844,
        110.6732406616211,
        93.85267639160156,
        96.14938354492188,
        99.93833923339844,
        97.20722961425781,
        99.15704345703125,
        85.79646301269531,
        88.42192077636719,
        94.12068176269531,
        86.32421875,
        82.62216186523438,
        88.51719665527344,
        89.23626708984375,
        88.72206115722656,
        84.0063705444336,
        98.10846710205078,
        83.28965759277344,
        82.46974182128906,
        77.6563720703125,
        87.87277221679688,
        95.78630065917969,
        85.02723693847656,
        83.94527435302734,
        90.94181060791016,
        88.51283264160156,
        80.60316467285156,
        82.31460571289062,
        88.11427307128906,
        99.03138732910156,
        87.36560821533203,
        87.28714752197266,
        94.40292358398438,
        84.70035552978516,
        87.49053192138672,
        95.34828186035156,
        95.79644775390625,
        88.38054656982422,
        79.9039306640625,
        84.21347045898438,
        86.53631591796875,
        92.6487045288086,
        72.9002456665039,
        89.81433868408203,
        86.38565063476562,
        91.87449645996094,
        86.63027954101562,
        84.37850952148438,
        91.58317565917969,
        84.23207092285156,
        89.37001037597656,
        83.72515869140625,
        82.80697631835938,
        80.97257995605469,
        95.61859130859375,
        89.58466339111328,
        96.78739166259766,
        78.18183898925781,
        78.98716735839844,
        82.77589416503906,
        90.02513885498047,
        85.25129699707031,
        85.4973373413086,
        74.63187408447266,
        86.67588806152344,
        85.07958984375,
        89.47484588623047,
        81.30779266357422,
        85.75343322753906,
        86.73497009277344,
        76.63241577148438,
        73.67749786376953,
        96.70960998535156,
        84.84648895263672,
        81.89375305175781,
        74.602294921875
    ]
}