{
    "testproblem": "quadratic_deep",
    "batch_size": 32,
    "num_epochs": 20,
    "random_seed": 44,
    "weight_decay": null,
    "optimizer_name": "SGD",
    "optimizer_hyperparams": {
        "lr": 0.01291549665014884
    },
    "training_params": {},
    "train_losses": [
        304.47232449439264,
        98.52016325919858,
        93.74265929191343,
        91.8013911093435,
        90.2627927718624,
        88.73468583629978,
        88.04198652698147,
        88.03592854161417,
        87.79063858524445,
        88.01347055742818,
        86.86922651721585,
        86.86812911495086,
        86.9817379366967,
        86.60550861973917,
        87.10424287857548,
        86.02191752772177,
        86.40614195792905,
        86.68822036250945,
        85.94168558428365,
        86.35735936318675,
        86.49986316311744
    ],
    "valid_losses": [
        300.3815455282888,
        96.92738539172757,
        91.98113989060924,
        89.90613063689202,
        88.78795845277848,
        87.3429439913842,
        86.14079333889869,
        86.13221716111705,
        86.13306131670552,
        86.80334989486202,
        85.0750023626512,
        85.27298662739415,
        85.19498615880167,
        85.42211520287299,
        85.99606126354587,
        84.39495874220326,
        85.1366454093687,
        85.02194312310988,
        84.32960337977255,
        84.42292096537929,
        85.05113490935295
    ],
    "test_losses": [
        302.9473424111643,
        100.90517696257561,
        96.52582845380229,
        94.53768404068485,
        93.45829034620716,
        91.69207443729523,
        90.66175940728957,
        90.47826237832346,
        90.14231774114793,
        91.19331581361833,
        89.708007320281,
        89.35657107445502,
        89.90724625126008,
        89.81777412660661,
        90.21292261923513,
        88.70922777729649,
        89.62655738092238,
        89.03233706566596,
        88.76928637104649,
        89.00525616061303,
        89.41948724562123
    ],
    "minibatch_train_losses": [
        298.0398864746094,
        101.12591552734375,
        105.22534942626953,
        99.24696350097656,
        105.34891510009766,
        93.33048248291016,
        90.7069091796875,
        96.10202026367188,
        95.50997924804688,
        90.55787658691406,
        92.14034271240234,
        100.53355407714844,
        91.71484375,
        96.34567260742188,
        87.03742218017578,
        87.28258514404297,
        89.88836669921875,
        101.3028335571289,
        97.6000747680664,
        85.95410919189453,
        90.92207336425781,
        100.609130859375,
        84.63943481445312,
        89.26264190673828,
        83.92572784423828,
        81.2172622680664,
        93.30690002441406,
        87.14920043945312,
        73.72360229492188,
        91.6467514038086,
        91.42852783203125,
        85.51822662353516,
        79.62815856933594,
        78.02486419677734,
        93.09555053710938,
        100.53407287597656,
        92.7973861694336,
        96.78238677978516,
        89.14445495605469,
        92.84554290771484,
        87.9253921508789,
        87.78325653076172,
        83.64863586425781,
        93.72015380859375,
        93.86255645751953,
        75.39612579345703,
        102.29316711425781,
        85.49153137207031,
        74.67054748535156,
        80.85899353027344,
        101.65330505371094,
        88.75633239746094,
        86.93357849121094,
        88.16323852539062,
        87.11425018310547,
        96.6683578491211,
        92.65383911132812,
        74.11164093017578,
        75.45990753173828,
        85.91099548339844,
        82.61563110351562,
        83.6740493774414,
        91.08349609375,
        98.81501770019531,
        82.75814056396484,
        89.99317932128906,
        89.67498016357422,
        79.80036163330078,
        89.34681701660156,
        79.49119567871094,
        85.80389404296875,
        87.17323303222656,
        86.160400390625,
        99.13565063476562,
        91.6458969116211,
        83.41041564941406,
        81.13085174560547,
        91.40863037109375,
        91.5106430053711,
        83.22146606445312
    ]
}