{
    "testproblem": "quadratic_deep",
    "batch_size": 32,
    "num_epochs": 20,
    "random_seed": 45,
    "weight_decay": null,
    "optimizer_name": "SGD",
    "optimizer_hyperparams": {
        "lr": 0.01291549665014884
    },
    "training_params": {},
    "train_losses": [
        501.9142318233367,
        99.11423517042591,
        95.48132644161102,
        91.6666528024981,
        89.92227000574911,
        88.92451944658833,
        88.34315220002205,
        88.10953743227067,
        87.56895471388295,
        86.9180447978358,
        87.05706787109375,
        87.89546228224232,
        87.16964893956339,
        86.61330143097908,
        87.04180563649824,
        87.22439821304813,
        86.54162154659149,
        86.7271211685673,
        88.27610926474294,
        87.71994043165638,
        88.66603826707409
    ],
    "valid_losses": [
        503.51834500220514,
        98.77801316784274,
        94.58242527131111,
        91.38710366525957,
        89.37423582999936,
        88.38682457708543,
        87.56632257276966,
        87.48184794764364,
        87.0313484438004,
        86.30989025485131,
        86.26876929498488,
        87.56407879244897,
        86.6197499921245,
        86.14078570950416,
        86.1957271945092,
        86.95685060562626,
        85.82955194288685,
        86.21156950919858,
        87.93905934979838,
        87.32227005497101,
        87.97094258954448
    ],
    "test_losses": [
        500.74351452242945,
        99.78637080038747,
        95.91060269263482,
        92.31592805923954,
        90.58206324423513,
        89.76762045583418,
        88.60599690098917,
        88.49853909400201,
        87.93771017751386,
        87.51072126819241,
        87.5818112281061,
        88.36842764577558,
        87.7034156553207,
        87.23800954511088,
        87.21520553096649,
        88.04599343576739,
        86.93954295496786,
        87.0883520803144,
        88.7676992108745,
        88.68995026619204,
        89.41138285975302
    ],
    "minibatch_train_losses": [
        485.6808166503906,
        112.76276397705078,
        110.61663055419922,
        96.40512084960938,
        98.65394592285156,
        97.57328033447266,
        88.47969055175781,
        90.36325073242188,
        90.7906494140625,
        88.99555969238281,
        89.92050170898438,
        93.9488296508789,
        96.46128845214844,
        93.88865661621094,
        106.10570526123047,
        80.76632690429688,
        84.75251770019531,
        91.1402587890625,
        85.93304443359375,
        98.76603698730469,
        92.65238952636719,
        90.40547180175781,
        93.77400207519531,
        88.95940399169922,
        105.50035095214844,
        87.19044494628906,
        84.95875549316406,
        99.11555480957031,
        83.32012176513672,
        86.626220703125,
        86.59593200683594,
        88.60388946533203,
        80.44559478759766,
        78.53541564941406,
        80.89984130859375,
        85.90147399902344,
        82.33613586425781,
        96.42973327636719,
        82.2039566040039,
        84.73163604736328,
        82.27996826171875,
        91.17123413085938,
        86.25640106201172,
        73.7470474243164,
        84.38679504394531,
        90.64985656738281,
        90.00283813476562,
        94.64842987060547,
        91.1343765258789,
        89.41896057128906,
        72.5015869140625,
        80.29672241210938,
        84.95849609375,
        103.22566223144531,
        91.83501434326172,
        99.28597259521484,
        90.86872863769531,
        90.13006591796875,
        95.94277954101562,
        89.33564758300781,
        82.39488220214844,
        80.59307098388672,
        89.18305206298828,
        82.55461120605469,
        92.80990600585938,
        95.1876220703125,
        84.033203125,
        88.03972625732422,
        82.81951904296875,
        79.71560668945312,
        88.38772583007812,
        91.53845977783203,
        89.21070098876953,
        78.7917709350586,
        89.54579162597656,
        90.40898132324219,
        82.56436157226562,
        86.55071258544922,
        94.27030944824219,
        91.65838623046875
    ]
}