{
    "testproblem": "quadratic_deep",
    "batch_size": 32,
    "num_epochs": 20,
    "random_seed": 42,
    "weight_decay": null,
    "optimizer_name": "SGD",
    "optimizer_hyperparams": {
        "lr": 0.01291549665014884
    },
    "training_params": {},
    "train_losses": [
        281.46161085559476,
        100.66604220482611,
        95.95373190602949,
        92.5724145212481,
        90.66641407628214,
        90.03575060444493,
        89.34242913030809,
        89.7265381351594,
        88.5816635624055,
        88.16056429955268,
        88.58015712614983,
        87.98364036313949,
        87.86930084228516,
        87.95598996070123,
        88.40093132757372,
        87.51516994353264,
        87.6142329554404,
        88.73370385939076,
        87.72986479728452,
        87.286134289157,
        87.66802806238974
    ],
    "valid_losses": [
        281.79673570202243,
        99.41580003307712,
        94.49810963292276,
        91.1378437165291,
        89.35293357603011,
        88.44417202857232,
        87.71539823470577,
        88.03172868297946,
        87.35812205653036,
        86.57700840119392,
        87.65240281628024,
        86.63086503551853,
        86.78833672308153,
        86.58375081708354,
        86.19381295481035,
        85.97869971490675,
        86.09246776949975,
        86.32203994258758,
        86.3275872507403,
        86.0178476149036,
        85.87735969789567
    ],
    "test_losses": [
        283.36849483366933,
        102.81415557861328,
        98.16700843072707,
        93.94537082795173,
        92.61306713473412,
        91.59015040243825,
        90.7528821883663,
        91.25828281525642,
        90.70889306837513,
        89.78439134167087,
        90.42586689610636,
        89.79364653556577,
        89.87823289440524,
        89.54448084677419,
        89.93076669016192,
        88.93555942658455,
        89.39013007379347,
        89.74071453463647,
        89.09361045591292,
        89.34259254701676,
        89.16128933814264
    ],
    "minibatch_train_losses": [
        287.7832946777344,
        96.97196960449219,
        107.6913833618164,
        106.77510070800781,
        96.83008575439453,
        93.42476654052734,
        90.10712432861328,
        93.35476684570312,
        103.00747680664062,
        98.29583740234375,
        101.29903411865234,
        96.91043090820312,
        96.51991271972656,
        96.0376205444336,
        90.76870727539062,
        88.90180206298828,
        93.14752197265625,
        92.87159729003906,
        87.06008911132812,
        86.21973419189453,
        88.25137329101562,
        90.96360778808594,
        83.6022720336914,
        86.99288177490234,
        93.31063842773438,
        98.39622497558594,
        95.87973022460938,
        88.1899642944336,
        96.68982696533203,
        90.922119140625,
        85.82962036132812,
        84.57841491699219,
        91.61865234375,
        71.94903564453125,
        84.22846221923828,
        86.4487075805664,
        88.70243072509766,
        91.24243927001953,
        93.23352813720703,
        84.87525177001953,
        85.62522888183594,
        87.61027526855469,
        89.41908264160156,
        89.98582458496094,
        96.02328491210938,
        77.44815826416016,
        86.31890869140625,
        89.3807373046875,
        84.01438903808594,
        83.73233795166016,
        91.14967346191406,
        74.81501770019531,
        99.60354614257812,
        91.184814453125,
        92.34209442138672,
        85.89698791503906,
        94.56559753417969,
        89.17417907714844,
        98.52236938476562,
        95.64177703857422,
        93.72853088378906,
        87.62730407714844,
        87.63251495361328,
        80.26074981689453,
        94.0348892211914,
        81.24038696289062,
        82.3644027709961,
        82.45281219482422,
        87.7899169921875,
        77.3768310546875,
        93.31849670410156,
        82.94172668457031,
        83.3519287109375,
        86.64909362792969,
        86.35931396484375,
        94.06378936767578,
        86.09790802001953,
        76.51211547851562,
        77.00570678710938,
        98.21443176269531
    ]
}