{
    "testproblem": "quadratic_deep",
    "batch_size": 32,
    "num_epochs": 20,
    "random_seed": 46,
    "weight_decay": null,
    "optimizer_name": "SGD",
    "optimizer_hyperparams": {
        "lr": 0.01291549665014884
    },
    "training_params": {},
    "train_losses": [
        305.53993471207156,
        98.21426317768712,
        93.84906744187877,
        91.23246740525768,
        89.35128513459236,
        88.39146103397492,
        88.2336167366274,
        87.89137268066406,
        87.63086011332851,
        87.10974490258002,
        86.89836022161668,
        87.00379082464403,
        87.17581373645413,
        86.56082842426915,
        86.82940944548577,
        86.20064249346333,
        87.19314624417213,
        86.11377396122101,
        85.83571157147807,
        86.44553645964592,
        86.42145095332977
    ],
    "valid_losses": [
        312.250978531376,
        98.00642887238533,
        94.43513070383379,
        91.98301007670742,
        89.31854592600176,
        88.67092083346459,
        88.50114367085118,
        87.9876470258159,
        87.58747026997227,
        87.02127862745716,
        87.12752975956086,
        86.70635961717174,
        87.41632080078125,
        86.64442689957157,
        86.72321171914378,
        85.98490118211315,
        87.43006035589403,
        86.23178961969191,
        85.99471553679436,
        87.03660829605595,
        86.04253978113974
    ],
    "test_losses": [
        310.04913133190524,
        99.49890358217301,
        95.25117591119582,
        92.74464416503906,
        90.38760080645162,
        89.67430360855595,
        89.510496077999,
        89.11885661463583,
        88.58475075998614,
        88.37181854248047,
        87.94388974097467,
        87.74253869825795,
        88.5069589922505,
        87.6627957743983,
        88.17981793803554,
        87.05593724404612,
        88.29024800946635,
        87.22922811200542,
        87.00282336819556,
        87.81211483863092,
        87.19687086536038
    ],
    "minibatch_train_losses": [
        289.95355224609375,
        95.79620361328125,
        96.66860961914062,
        106.53784942626953,
        89.33634948730469,
        96.9212875366211,
        100.19723510742188,
        97.1531753540039,
        96.77119445800781,
        89.66466522216797,
        89.83448028564453,
        99.25098419189453,
        105.54629516601562,
        85.52042388916016,
        96.44818115234375,
        89.723388671875,
        90.9161376953125,
        100.06324005126953,
        85.77355194091797,
        94.71604919433594,
        93.68748474121094,
        88.0113754272461,
        85.57943725585938,
        96.0935287475586,
        83.93186950683594,
        84.22949981689453,
        76.94361877441406,
        93.01805114746094,
        79.43517303466797,
        92.57422637939453,
        80.28892517089844,
        88.7586898803711,
        83.07833862304688,
        95.92691040039062,
        96.96958923339844,
        86.80659484863281,
        88.78007507324219,
        81.6314926147461,
        85.87004089355469,
        92.30166625976562,
        89.86322021484375,
        91.09577941894531,
        88.21784210205078,
        100.14572143554688,
        92.01749420166016,
        88.00018310546875,
        71.21936798095703,
        91.44157409667969,
        84.57456970214844,
        79.8319091796875,
        80.04861450195312,
        98.80406188964844,
        86.67195129394531,
        89.58101654052734,
        89.20850372314453,
        90.6721420288086,
        85.03986358642578,
        80.01823425292969,
        83.91610717773438,
        86.013671875,
        88.38265991210938,
        83.84125518798828,
        90.0697021484375,
        84.72010803222656,
        91.80308532714844,
        88.93109893798828,
        92.15328979492188,
        83.09577941894531,
        81.00406646728516,
        91.82881164550781,
        90.179443359375,
        85.92708587646484,
        86.60578918457031,
        87.47261810302734,
        88.99609375,
        72.65520477294922,
        94.62225341796875,
        85.99747467041016,
        79.60662841796875,
        90.13787841796875
    ]
}