{
    "testproblem": "quadratic_deep",
    "batch_size": 32,
    "num_epochs": 20,
    "random_seed": 50,
    "weight_decay": null,
    "optimizer_name": "SGD",
    "optimizer_hyperparams": {
        "lr": 0.01291549665014884
    },
    "training_params": {},
    "train_losses": [
        204.83272872432585,
        98.70553711921939,
        94.4022957586473,
        94.45384462418095,
        92.16546261695123,
        90.24076769428868,
        90.95110862485824,
        89.71538346813571,
        89.39888369652533,
        89.21459148776147,
        89.07466125488281,
        88.76533606744582,
        89.56069404848161,
        88.13822026406565,
        88.45797778714088,
        88.48833933184224,
        88.14790959512034,
        88.32101932648689,
        88.24597044913999,
        87.75134572675151,
        88.05921271539503
    ],
    "valid_losses": [
        203.1329645956716,
        98.77124048048451,
        94.5923321631647,
        94.61663178474673,
        92.51740363336378,
        90.28081610894972,
        91.03454245290449,
        89.61257885348412,
        89.62281282486454,
        89.26851211055633,
        89.0740947108115,
        88.59770719466671,
        89.3412844750189,
        88.19656199793661,
        88.65462641562185,
        88.7627211539976,
        88.00259571690714,
        88.27134803033644,
        88.08062916417276,
        88.16892710039693,
        87.85878605996409
    ],
    "test_losses": [
        202.73480126165575,
        99.04349345545614,
        95.05219416464529,
        94.01298203006867,
        92.47585936515561,
        90.21491266066029,
        91.10648075226814,
        89.3827608170048,
        90.13942472396359,
        89.06640551167149,
        89.08277622345955,
        89.37677100396925,
        90.07403096845073,
        88.81505560105846,
        88.2660143452306,
        88.90946271342617,
        88.42006191130608,
        88.62809704196069,
        88.41786710677609,
        88.23233672111265,
        87.91985074935421
    ],
    "minibatch_train_losses": [
        201.15008544921875,
        103.01866912841797,
        98.20561218261719,
        93.35487365722656,
        94.55447387695312,
        102.98180389404297,
        88.85902404785156,
        98.10228729248047,
        101.87115478515625,
        96.7430419921875,
        86.55853271484375,
        82.72943115234375,
        108.71536254882812,
        89.57926940917969,
        116.84584045410156,
        83.10379791259766,
        104.75202178955078,
        85.67115020751953,
        87.83966064453125,
        93.55843353271484,
        84.54019165039062,
        83.13314819335938,
        92.22586059570312,
        83.37448120117188,
        83.44224548339844,
        85.70137786865234,
        87.19586944580078,
        84.97903442382812,
        89.29271697998047,
        86.10205841064453,
        79.49369812011719,
        85.83613586425781,
        98.64752197265625,
        98.5531997680664,
        100.66970825195312,
        81.80924987792969,
        79.0751953125,
        85.22389221191406,
        99.91251373291016,
        86.6482162475586,
        84.73988342285156,
        91.53738403320312,
        81.45409393310547,
        92.37207794189453,
        91.12661743164062,
        81.34898376464844,
        92.0763931274414,
        92.30213165283203,
        91.03227996826172,
        85.96589660644531,
        90.43022918701172,
        85.0503921508789,
        94.5279541015625,
        84.67176818847656,
        85.0813217163086,
        94.61021423339844,
        77.10354614257812,
        88.18721771240234,
        87.8131103515625,
        91.49526977539062,
        97.55367279052734,
        90.86461639404297,
        87.37242126464844,
        97.99264526367188,
        80.57380676269531,
        88.44225311279297,
        86.79346466064453,
        86.778564453125,
        98.07194519042969,
        87.85868072509766,
        90.97209167480469,
        101.49696350097656,
        81.19996643066406,
        76.57879638671875,
        93.29670715332031,
        91.7389907836914,
        87.26473236083984,
        93.2086410522461,
        90.30209350585938,
        85.88903045654297
    ]
}