{
    "testproblem": "quadratic_deep",
    "batch_size": 32,
    "num_epochs": 20,
    "random_seed": 51,
    "weight_decay": null,
    "optimizer_name": "SGD",
    "optimizer_hyperparams": {
        "lr": 0.01291549665014884
    },
    "training_params": {},
    "train_losses": [
        282.17807892830143,
        98.07292175292969,
        93.81748863958543,
        91.36827850341797,
        89.64181789275139,
        88.67346166795299,
        88.17020219372165,
        88.13669093962639,
        87.54201286069808,
        87.84139473207536,
        86.93330973963583,
        86.67080688476562,
        87.373290031187,
        86.8666753461284,
        87.77660739037299,
        86.77872294764364,
        86.7733144452495,
        87.03941566713395,
        87.21726546748992,
        87.54877816477129,
        86.57281912526777
    ],
    "valid_losses": [
        284.7849682223412,
        98.2200184483682,
        93.98219373149257,
        91.22206312610257,
        89.84128127559539,
        88.78811965450164,
        88.34045877764302,
        88.12092910274383,
        87.4580336539976,
        88.07978722356981,
        86.95758942634829,
        86.92730417559224,
        87.01926545173892,
        86.90368110902848,
        88.25100535731161,
        87.02588407454952,
        87.1071282663653,
        87.22006102531186,
        87.10850328014743,
        88.06499998031124,
        86.96231300600114
    ],
    "test_losses": [
        283.84000618227066,
        99.12117816555885,
        94.64922849593624,
        92.35475330968058,
        91.08853690854964,
        89.86805355933404,
        89.22817451723161,
        89.2503179734753,
        88.63609806183845,
        89.07152483540196,
        87.93283327164188,
        87.92998627693423,
        88.24829372282952,
        87.4971219954952,
        88.66042032549458,
        88.42723034274194,
        87.59771802348476,
        87.75090888238722,
        88.05644841347971,
        89.1941648913968,
        88.17773363667149
    ],
    "minibatch_train_losses": [
        271.9144287109375,
        97.25646209716797,
        97.85263061523438,
        107.17672729492188,
        93.53167724609375,
        106.5591812133789,
        94.75077819824219,
        104.97307586669922,
        84.37940216064453,
        92.9755859375,
        90.14752197265625,
        85.4525146484375,
        82.89076232910156,
        99.66181945800781,
        83.98965454101562,
        80.38082122802734,
        88.80517578125,
        88.08438110351562,
        100.26231384277344,
        91.48544311523438,
        92.94292449951172,
        89.12677001953125,
        82.92790222167969,
        89.68604278564453,
        85.52788543701172,
        89.83062744140625,
        86.46044158935547,
        82.74117279052734,
        84.70181274414062,
        93.17655944824219,
        91.43429565429688,
        98.58724975585938,
        88.67843627929688,
        80.3375015258789,
        82.51670837402344,
        94.4405517578125,
        80.33248138427734,
        92.61273956298828,
        87.96652221679688,
        90.71734619140625,
        89.92083740234375,
        90.82682800292969,
        94.79421997070312,
        77.68775939941406,
        80.24835968017578,
        91.42727661132812,
        85.32212829589844,
        86.3041763305664,
        94.62530517578125,
        88.3521728515625,
        92.1773681640625,
        88.06322479248047,
        73.79342651367188,
        84.99224853515625,
        81.335693359375,
        83.50236511230469,
        88.59762573242188,
        84.9173812866211,
        87.9817886352539,
        95.05891418457031,
        81.78173828125,
        83.19110107421875,
        90.18460845947266,
        82.08506774902344,
        95.83262634277344,
        78.79430389404297,
        85.71176147460938,
        81.60134887695312,
        90.77009582519531,
        92.53741455078125,
        94.07723236083984,
        91.91155242919922,
        81.40554809570312,
        92.12421417236328,
        87.97329711914062,
        96.49435424804688,
        85.3363265991211,
        97.336181640625,
        93.42410278320312,
        102.35840606689453
    ]
}