{
    "testproblem": "quadratic_deep",
    "batch_size": 32,
    "num_epochs": 20,
    "random_seed": 48,
    "weight_decay": null,
    "optimizer_name": "SGD",
    "optimizer_hyperparams": {
        "lr": 0.01291549665014884
    },
    "training_params": {},
    "train_losses": [
        480.0229866273942,
        98.93697037235383,
        93.39395461543914,
        91.41097825573337,
        88.75851465040638,
        88.46918315272177,
        88.12713647657826,
        88.25205944430444,
        87.41493028210056,
        87.88215120377079,
        87.17342499763735,
        86.67086644326487,
        88.3144799509356,
        86.63756364391696,
        87.05455558530745,
        87.44981654997795,
        88.63221076227003,
        86.52390732303742,
        87.40323442028415,
        87.99484031431136,
        87.61604801301033
    ],
    "valid_losses": [
        478.9299070296749,
        99.99322091379473,
        94.08280477216167,
        92.57217973278415,
        90.24334938295426,
        89.67132543748424,
        89.13082368912235,
        90.07021700951361,
        88.794431624874,
        89.10584800474105,
        88.47402117329258,
        87.74203811153289,
        89.04154254544166,
        87.72105432325795,
        87.87705526044292,
        88.76837798087827,
        89.64994418236518,
        87.59258467151272,
        88.55165666149509,
        88.90914030997983,
        88.66180099979523
    ],
    "test_losses": [
        480.1201772382182,
        97.80685326360887,
        91.9291000366211,
        90.26684964087701,
        88.01111135175151,
        87.58954054309476,
        87.25626201014364,
        87.0587172969695,
        86.09995786605343,
        86.28782284644342,
        86.18278060420867,
        85.7100815311555,
        87.1441660235005,
        85.69889339323967,
        85.83424525107107,
        86.18903006276777,
        87.4826167937248,
        85.70320375504032,
        86.48184893208165,
        86.48356579196069,
        86.28136001094695
    ],
    "minibatch_train_losses": [
        493.8564147949219,
        97.94953918457031,
        100.53733825683594,
        96.85530090332031,
        91.53900146484375,
        98.67166900634766,
        95.32929992675781,
        85.81543731689453,
        92.00270080566406,
        84.9876480102539,
        80.9885482788086,
        101.88145446777344,
        87.14677429199219,
        87.76058959960938,
        97.27420043945312,
        89.84185028076172,
        81.75902557373047,
        105.2701644897461,
        94.61336517333984,
        87.86504364013672,
        101.74674224853516,
        79.06907653808594,
        90.0549087524414,
        85.67979431152344,
        93.55380249023438,
        87.89885711669922,
        78.01773071289062,
        86.3099365234375,
        86.4974136352539,
        86.3310546875,
        84.14044189453125,
        93.98688507080078,
        73.79334259033203,
        91.74098205566406,
        89.64119720458984,
        90.68218231201172,
        83.27458190917969,
        92.27802276611328,
        84.81866455078125,
        83.9693832397461,
        93.2768783569336,
        78.67285919189453,
        80.38701629638672,
        87.22870635986328,
        83.30026245117188,
        93.67755126953125,
        87.78387451171875,
        86.4299087524414,
        86.65872955322266,
        88.59274291992188,
        91.19178771972656,
        86.2451400756836,
        94.44242095947266,
        88.01204681396484,
        86.87488555908203,
        75.86398315429688,
        101.92327117919922,
        85.44184875488281,
        78.8863296508789,
        88.16954040527344,
        92.3887939453125,
        92.8658218383789,
        86.36652374267578,
        91.97269439697266,
        80.42709350585938,
        80.54866027832031,
        99.33390045166016,
        87.53194427490234,
        81.540771484375,
        91.17061614990234,
        80.73783874511719,
        87.18946838378906,
        86.49919128417969,
        84.66148376464844,
        80.76651763916016,
        87.12938690185547,
        89.2403793334961,
        82.65095520019531,
        83.90916442871094,
        100.83837890625
    ]
}