{
    "testproblem": "quadratic_deep",
    "batch_size": 32,
    "num_epochs": 20,
    "random_seed": 47,
    "weight_decay": null,
    "optimizer_name": "SGD",
    "optimizer_hyperparams": {
        "lr": 0.01291549665014884
    },
    "training_params": {},
    "train_losses": [
        358.5474292385963,
        100.10064844931325,
        95.55676860194052,
        92.89874316800025,
        91.58724286479335,
        89.63139220206968,
        88.96795555853075,
        88.94549289826423,
        88.15856096821446,
        87.66512372416835,
        87.75359147594821,
        88.5264188704952,
        86.99037145799205,
        87.60402310279107,
        87.21101625504032,
        87.02014406265751,
        87.74180873747795,
        86.82150391609439,
        87.65081885553175,
        86.84854642806515,
        87.91506736509261
    ],
    "valid_losses": [
        354.47058007024947,
        99.57711767381237,
        95.00749108099168,
        92.47560316516507,
        91.01607857981035,
        88.88091204243321,
        88.14588755946005,
        88.5014409711284,
        87.57049880489227,
        87.0791749031313,
        86.91834111367503,
        88.06502532958984,
        86.40033918811429,
        87.1183109898721,
        86.48295691705519,
        86.27222442626953,
        87.33324703093498,
        86.41937206637475,
        86.66278223837575,
        86.40168959094632,
        86.81885257844002
    ],
    "test_losses": [
        357.26710953251006,
        100.93871405816847,
        97.04886996361518,
        93.99175016341671,
        92.9834707936933,
        90.9808108422064,
        90.25425670992944,
        90.0571050336284,
        89.305906234249,
        89.25606364588583,
        88.82296063823085,
        89.38781098396548,
        88.06603880851499,
        88.92631530761719,
        88.12809236588016,
        88.4634512624433,
        88.68407760127899,
        88.09010659494707,
        88.55176445745653,
        88.12006673505229,
        89.25259473246913
    ],
    "minibatch_train_losses": [
        367.6288757324219,
        105.06802368164062,
        95.5765609741211,
        97.7770767211914,
        97.22321319580078,
        102.00641632080078,
        91.24822998046875,
        81.71685791015625,
        95.95730590820312,
        83.51124572753906,
        97.3888168334961,
        92.70243835449219,
        88.76113891601562,
        84.60282135009766,
        105.44600677490234,
        91.44520568847656,
        91.27238464355469,
        92.14939880371094,
        84.30272674560547,
        79.18488311767578,
        88.44468688964844,
        96.51089477539062,
        88.29281616210938,
        91.34056854248047,
        89.16000366210938,
        103.93883514404297,
        86.39588928222656,
        90.18408203125,
        87.38370513916016,
        87.16348266601562,
        91.68333435058594,
        89.21155548095703,
        93.65591430664062,
        85.47150421142578,
        85.05375671386719,
        87.27265930175781,
        86.7658462524414,
        85.87664031982422,
        87.22003173828125,
        94.87358856201172,
        84.70696258544922,
        85.96885681152344,
        89.81707763671875,
        86.37973022460938,
        91.4661865234375,
        83.7276611328125,
        96.57927703857422,
        81.01061248779297,
        85.02025604248047,
        82.9977798461914,
        89.87075805664062,
        90.18878173828125,
        89.01091003417969,
        95.93331909179688,
        87.11548614501953,
        82.85625457763672,
        91.5787582397461,
        93.00640106201172,
        87.00765991210938,
        86.30227661132812,
        91.63426208496094,
        79.14007568359375,
        86.86729431152344,
        90.46553802490234,
        86.0466537475586,
        83.29627990722656,
        79.28208923339844,
        84.14213562011719,
        81.9097671508789,
        94.2076416015625,
        83.68187713623047,
        85.37425994873047,
        88.0091323852539,
        80.91387176513672,
        96.39448547363281,
        80.00787353515625,
        90.10263061523438,
        85.71290588378906,
        86.53984832763672,
        92.49488830566406
    ]
}