{
    "testproblem": "quadratic_deep",
    "batch_size": 32,
    "num_epochs": 20,
    "random_seed": 49,
    "weight_decay": null,
    "optimizer_name": "SGD",
    "optimizer_hyperparams": {
        "lr": 0.01291549665014884
    },
    "training_params": {},
    "train_losses": [
        269.6004801104146,
        98.6489011702999,
        94.77729231311429,
        92.55840326124623,
        91.43217025264617,
        90.37525915330455,
        89.60762368479082,
        88.67195400114983,
        88.00729616226688,
        87.99539652178365,
        88.4306392054404,
        89.01545247723979,
        87.64097792102444,
        88.04009271437123,
        87.57425246700164,
        87.50554656982422,
        87.69388088103264,
        87.87624629851311,
        87.4082791728358,
        87.47839084748298,
        87.08701398295742
    ],
    "valid_losses": [
        269.63819442256806,
        99.8812745617282,
        95.73583738265499,
        93.63275023429624,
        92.30840276902721,
        91.26084358461442,
        91.00367638372606,
        89.9032957015499,
        89.0274417015814,
        89.31131178332913,
        89.21910513600996,
        90.93174546764743,
        88.77696744857296,
        89.37536645704701,
        88.77565051663306,
        89.02488290109942,
        89.13414469072896,
        88.17664140270603,
        88.5362290413149,
        87.9969243695659,
        88.2409165905368
    ],
    "test_losses": [
        269.4234515774635,
        99.52844459779801,
        95.65353664275139,
        93.37510164322391,
        91.94810904225996,
        90.94068441083354,
        90.54949631229523,
        89.31689010127899,
        88.69814103649509,
        88.97572523547757,
        89.19752157888105,
        89.90071548954133,
        88.75422816122732,
        88.6681621920678,
        88.32418577132687,
        88.4337889148343,
        88.57436149351058,
        88.45746341828377,
        88.18797351467994,
        87.95320572391633,
        87.9984866726783
    ],
    "minibatch_train_losses": [
        283.1322326660156,
        109.8042221069336,
        93.94926452636719,
        96.7336196899414,
        96.69170379638672,
        104.20469665527344,
        88.81707000732422,
        107.88011169433594,
        97.5013198852539,
        88.8039321899414,
        101.04458618164062,
        91.93750762939453,
        97.17535400390625,
        82.08171081542969,
        94.3449935913086,
        80.90951538085938,
        91.72328186035156,
        91.82374572753906,
        93.75187683105469,
        83.23174285888672,
        91.96209716796875,
        95.07550048828125,
        88.70086669921875,
        91.42945861816406,
        94.82389068603516,
        89.37733459472656,
        89.10409545898438,
        86.46624755859375,
        85.17322540283203,
        88.7342529296875,
        92.1291732788086,
        93.04667663574219,
        86.6021728515625,
        84.34291076660156,
        80.16337585449219,
        87.30142211914062,
        90.82633209228516,
        104.28868865966797,
        91.81815338134766,
        91.78897857666016,
        83.54859924316406,
        91.6772689819336,
        81.46170806884766,
        76.53901672363281,
        90.86334228515625,
        84.0260009765625,
        87.04098510742188,
        84.21507263183594,
        91.7015380859375,
        85.84839630126953,
        86.57524871826172,
        91.19911193847656,
        81.30789184570312,
        98.72994995117188,
        87.91260528564453,
        83.85679626464844,
        92.75000762939453,
        90.44625091552734,
        90.50033569335938,
        83.52252960205078,
        88.57864379882812,
        96.8266372680664,
        83.59635162353516,
        95.9792709350586,
        95.99296569824219,
        82.20751190185547,
        87.5335693359375,
        85.3877182006836,
        87.84602355957031,
        84.35813903808594,
        81.35774230957031,
        80.46217346191406,
        86.72048950195312,
        93.15984344482422,
        86.81842041015625,
        95.34017944335938,
        84.09222412109375,
        79.97272491455078,
        86.72480010986328,
        88.34418487548828
    ]
}