{
    "testproblem": "quadratic_deep",
    "batch_size": 32,
    "num_epochs": 100,
    "random_seed": 43,
    "weight_decay": null,
    "optimizer_name": "Preconditioner",
    "optimizer_hyperparams": {
        "lr": 1e-85
    },
    "training_params": {},
    "train_losses": [
        369.15748251638104,
        368.9355901902722,
        104.74352535124748,
        99.52160816807901,
        97.5071265928207,
        94.97987341111705,
        95.61395878945628,
        93.75225534746724,
        94.02671641688192,
        93.94739089473602,
        91.86644720262096,
        91.79573206747732,
        92.5124996554467,
        91.47741034723097,
        93.0359878540039,
        90.75966521232358,
        91.7071796540291,
        91.03873295937815,
        91.8523926273469,
        93.34803452030305,
        90.90340522027785,
        90.92049457180885,
        89.95591022122291,
        90.17188410605154,
        90.33112162928427,
        90.3365008446478,
        90.97969202841482,
        90.04290131599673,
        90.12896433184224,
        89.53431307884955,
        92.9408662857548,
        93.8535648469002,
        89.92755939114478,
        90.14352392381237,
        90.13378463252899,
        90.56146387900075,
        90.83279763498614,
        89.86981398059476,
        91.815671859249,
        90.6306878366778,
        91.72383240730532,
        90.49972977176789,
        90.02365899855091,
        90.36393220963016,
        94.71870816138482,
        90.83676935011341,
        90.52600688319052,
        89.72691837433845,
        90.00443538542717,
        90.0832765640751,
        90.69839871314264,
        91.41772805490801,
        90.17926123834425,
        90.3072519610005,
        90.57522484564012,
        89.2293459984564,
        89.92902325045678,
        91.30421496975806,
        90.67077169110698,
        90.38102279170867,
        90.86896588725429,
        91.11512879402407,
        91.70793865573022,
        89.7643567977413,
        89.74322042157573,
        90.020262195218,
        91.7094224499118,
        89.755859375,
        89.69165285172001,
        90.47052248062626,
        89.65476546748992,
        90.85724590670678,
        89.49343429073211,
        90.78601935602003,
        91.51490882135207,
        90.52221753520351,
        90.41239806144468,
        89.58916842552924,
        92.05792777769027,
        90.10680315571446,
        90.66216401130923,
        90.27760241108555,
        92.47839330857799,
        90.49073127008253,
        90.61439194217805,
        90.29224986414755,
        89.78652412660661,
        92.56692357217112,
        90.00774678876323,
        89.20813480500252,
        90.96742666921308,
        91.35101564468876,
        90.35432384860131,
        92.24825409919985,
        90.51295077416205,
        92.32293528895224,
        89.81277761151713,
        90.67615090647051,
        89.9161871633222,
        89.12434854815083,
        90.04634832566784
    ],
    "valid_losses": [
        365.8639654344128,
        365.8639654344128,
        102.27279490809286,
        97.82415574596774,
        95.96857501614478,
        93.34047625141758,
        94.79468905541205,
        91.85983104090536,
        92.89271422355405,
        92.87269370786605,
        90.55984669346964,
        90.53258243683845,
        91.27641444052419,
        89.9761005524666,
        92.43895696824596,
        89.39042417464718,
        90.41411787463772,
        89.56173189224735,
        90.23392068186114,
        91.83634825675718,
        88.93072682042276,
        89.40819598782447,
        88.32459677419355,
        88.20543449155745,
        88.26327022429436,
        88.76880424253402,
        89.06348886797505,
        88.62963694910849,
        88.77105639057774,
        88.27201080322266,
        91.50599965741557,
        92.20968012655935,
        88.13746889175907,
        88.7157715828188,
        88.9077623428837,
        89.04973553073022,
        89.38611356673702,
        88.31299098845452,
        90.11213807136782,
        89.79313339725617,
        89.98709303332913,
        89.21722953550277,
        88.27974430207283,
        88.6413081999748,
        93.73589078841671,
        89.72747458181074,
        89.30274643436555,
        88.08786502961189,
        88.3247555148217,
        88.47848584575038,
        88.90826416015625,
        89.96292212701613,
        88.66063690185547,
        88.59733384655368,
        89.07095632245463,
        87.77020239060924,
        88.504393054593,
        89.82640838623047,
        88.51127107681766,
        88.9057373539094,
        89.40098350278792,
        90.22871398925781,
        90.38051014561808,
        88.48697785408267,
        88.58910812870148,
        87.96473127795804,
        90.24344684231666,
        88.3641128540039,
        88.04902747369582,
        88.82262740596649,
        88.42527746385143,
        89.19112150130734,
        87.83496585969002,
        88.77628547914567,
        90.03320730886152,
        88.47309210992628,
        88.62902093702748,
        87.8888923891129,
        90.86916252874559,
        88.84742810649257,
        88.7388438563193,
        88.7348374397524,
        89.83419110698085,
        88.3939696281187,
        88.61183215725806,
        88.18691130607358,
        88.11367847073463,
        90.95391968757876,
        87.96521439090851,
        87.8699222687752,
        89.69854416385773,
        89.43182422268775,
        88.25610179285849,
        91.09017599782636,
        88.37048044512349,
        90.90803011002079,
        88.45933114328692,
        89.60008387411794,
        88.61199237454322,
        87.66805045835433,
        88.74386990454889
    ],