{
    "testproblem": "mnist_2c2d",
    "batch_size": 128,
    "num_epochs": 2,
    "random_seed": 42,
    "weight_decay": null,
    "optimizer_name": "Preconditioner",
    "optimizer_hyperparams": {},
    "training_params": {},
    "train_losses": [
        2.3819066194387584,
        0.13736939955598268,
        0.08396654714567539
    ],
    "valid_losses": [
        2.38106399621719,
        0.14869113949437937,
        0.09355818862334275
    ],
    "test_losses": [
        2.389372174556439,
        0.12827873315948707,
        0.07883020576376182
    ],
    "minibatch_train_losses": [
        2.3661463260650635,
        2.4389448165893555,
        2.20205020904541,
        1.814172625541687,
        1.261338233947754,
        0.874256432056427,
        0.8773993253707886,
        0.5675652623176575,
        0.40173113346099854,
        0.4049948751926422,
        0.4119861125946045,
        0.34388142824172974,
        0.2708340883255005,
        0.3206002116203308,
        0.2381272315979004,
        0.3026272654533386,
        0.21249675750732422,
        0.19453266263008118,
        0.19058650732040405,
        0.16303612291812897,
        0.1306973397731781,
        0.19889980554580688,
        0.10719380527734756,
        0.19080850481987,
        0.1837765872478485,
        0.21438975632190704,
        0.08916211128234863,
        0.2291281521320343,
        0.11894844472408295,
        0.22790409624576569,
        0.11101221293210983,
        0.24758969247341156,
        0.0739937275648117,
        0.2316388487815857,
        0.1147066205739975,
        0.10964532196521759,
        0.2035856544971466,
        0.1221938282251358,
        0.13723742961883545,
        0.14655615389347076,
        0.09884873777627945,
        0.16016145050525665,
        0.23537835478782654,
        0.18236929178237915,
        0.06584049016237259,
        0.13287509977817535,
        0.12334936857223511,
        0.15132826566696167,
        0.15630894899368286,
        0.12030500173568726,
        0.06618338823318481,
        0.1196540892124176,
        0.08437977731227875,
        0.18715818226337433,
        0.08646899461746216,
        0.1261044442653656,
        0.07064658403396606,
        0.13973410427570343,
        0.1120883896946907,
        0.06450433284044266,
        0.1429726481437683,
        0.09606852382421494,
        0.06257430464029312,
        0.1958068609237671,
        0.06638378649950027,
        0.05538887903094292,
        0.07549814879894257,
        0.12333910167217255,
        0.08668334782123566,
        0.09354545176029205,
        0.06687959283590317,
        0.06475982815027237,
        0.08923415839672089,
        0.10816384851932526,
        0.0705627053976059,
        0.12979112565517426,
        0.07618855684995651,
        0.07896854728460312
    ],
    "train_accuracies": [
        0.061197916666666664,
        0.9567307692307693,
        0.9749599358974359
    ],
    "valid_accuracies": [
        0.06290064102564102,
        0.9548277243589743,
        0.9710536858974359
    ],
    "test_accuracies": [
        0.056790865384615384,
        0.9594350961538461,
        0.9768629807692307
    ]
}