{
    "testproblem": "mnist_2c2d",
    "batch_size": 128,
    "num_epochs": 2,
    "random_seed": 42,
    "weight_decay": null,
    "optimizer_name": "Preconditioner",
    "optimizer_hyperparams": {},
    "training_params": {},
    "train_losses": [
        2.3819066194387584,
        0.13770401888550857,
        0.08403605537918898
    ],
    "valid_losses": [
        2.38106399621719,
        0.14795658794733194,
        0.09288959897672519
    ],
    "test_losses": [
        2.389372174556439,
        0.1276011529068152,
        0.07874719920353247
    ],
    "minibatch_train_losses": [
        2.3661463260650635,
        2.4389448165893555,
        2.2156243324279785,
        1.8204295635223389,
        1.2835429906845093,
        0.8480470180511475,
        0.8665742874145508,
        0.5724039673805237,
        0.3829209804534912,
        0.3886209726333618,
        0.4023358225822449,
        0.34193119406700134,
        0.2650804817676544,
        0.31370559334754944,
        0.2479911744594574,
        0.2941267192363739,
        0.2116786539554596,
        0.18829528987407684,
        0.1829531341791153,
        0.1588832587003708,
        0.12976831197738647,
        0.1914794147014618,
        0.10797996073961258,
        0.17687076330184937,
        0.18450379371643066,
        0.21990598738193512,
        0.08794957399368286,
        0.23660209774971008,
        0.11717239767313004,
        0.2358739674091339,
        0.10941871255636215,
        0.2554565370082855,
        0.07494983077049255,
        0.22195406258106232,
        0.11336012929677963,
        0.10816951096057892,
        0.20634868741035461,
        0.11285415291786194,
        0.1373688280582428,
        0.14334583282470703,
        0.09740905463695526,
        0.16357049345970154,
        0.2340543121099472,
        0.19823427498340607,
        0.07241017371416092,
        0.14235158264636993,
        0.1285681575536728,
        0.15674832463264465,
        0.15376190841197968,
        0.1276552677154541,
        0.06996724009513855,
        0.11803622543811798,
        0.08920876681804657,
        0.18434931337833405,
        0.08263597637414932,
        0.12492984533309937,
        0.05929192900657654,
        0.13465577363967896,
        0.11217284202575684,
        0.06794033944606781,
        0.14302410185337067,
        0.09885149449110031,
        0.06873878836631775,
        0.18830639123916626,
        0.0643453598022461,
        0.060061365365982056,
        0.07807091623544693,
        0.11222449690103531,
        0.08809217065572739,
        0.09867715835571289,
        0.061644136905670166,
        0.06352965533733368,
        0.09020266681909561,
        0.11123545467853546,
        0.07133153825998306,
        0.14670336246490479,
        0.0804869681596756,
        0.08284091204404831
    ],
    "train_accuracies": [
        0.061197916666666664,
        0.9547275641025641,
        0.9755608974358975
    ],
    "valid_accuracies": [
        0.06290064102564102,
        0.9543269230769231,
        0.9717548076923077
    ],
    "test_accuracies": [
        0.056790865384615384,
        0.9592347756410257,
        0.9760616987179487
    ]
}