{
    "testproblem": "quadratic_deep",
    "batch_size": 32,
    "num_epochs": 100,
    "random_seed": 43,
    "weight_decay": null,
    "optimizer_name": "Preconditioner",
    "optimizer_hyperparams": {
        "lr": 1e-300
    },
    "training_params": {},
    "train_losses": [
        298.7760236186366,
        299.0864740187122,
        104.50202277398878,
        97.66745315059539,
        96.00723684987715,
        92.23110075919858,
        92.03279556766633,
        91.27367696454448,
        89.6385023055538,
        90.8418702156313,
        88.91121452085433,
        88.36197637742565,
        87.90152248259514,
        87.60589008946573,
        88.16892267042591,
        88.44719942154423,
        89.18315838229272,
        88.41655878866872,
        87.52655300017327,
        88.62340471821446,
        88.06945382395098,
        87.73053495345577,
        87.49440371605658,
        87.04387861682522,
        87.31834657730595,
        88.64341662006993,
        87.91902579030683,
        87.40271759033203,
        88.87298337874874,
        87.2570325789913,
        86.96058064122354,
        88.19820182554183,
        87.47429312429121,
        87.20125136836883,
        88.27766886065083,
        87.52029468167213,
        87.37934777044481,
        86.75889341292843,
        87.39554251393965,
        87.16653565437564,
        87.32738864037299,
        87.49353248842301,
        86.44840831141317,
        90.39178639073526,
        89.16836843182963,
        87.05955333094442,
        87.19293139057774,
        88.11670167984501,
        90.89892947289252,
        87.39172437114101,
        87.23536755961757,
        86.60387199155745,
        86.80401709771925,
        88.77241713000882,
        89.67313803395918,
        87.10282135009766,
        87.76094301285282,
        91.55074334913685,
        87.85136167464718,
        88.80582157258064,
        89.43811798095703,
        86.789792952999,
        87.17989693918535,
        87.99638095978767,
        87.04790152272871,
        88.17342893538937,
        88.08582133631552,
        86.71464292464718,
        88.51281762892201,
        87.52380494148501,
        89.98958932199785,
        86.83238367880544,
        88.67345453077748,
        88.58684884348223,
        88.02746951195502,
        88.09655466387349,
        87.98904812720514,
        87.45601309499433,
        87.76460536833733,
        87.23133308656755,
        87.53807215536794,
        88.29713833716607,
        88.30802006875315,
        87.46854474467617,
        88.1294907600649,
        87.03879891672442,
        87.76072323706842,
        87.40111394082346,
        87.33997960244456,
        87.27342593285346,
        87.28533837103075,
        87.78156083629978,
        87.58376829085812,
        87.41893915976247,
        87.85184355705015,
        88.35343391664567,
        86.69641482445502,
        87.9968507828251,
        86.4986591954385,
        87.48109386813256,
        87.18057127921811
    ],
    "valid_losses": [
        297.1457066689768,
        297.1457066689768,
        103.19544195359752,
        96.12591725011026,
        94.38810680758569,
        90.57008706369707,
        89.94651326825542,
        88.98223089402721,
        87.88346419795867,
        88.80247891333795,
        87.36026247086063,
        86.36583562051096,
        86.06060077298072,
        86.10499548142955,
        86.36520828739289,
        87.08204552435106,
        87.42062500984439,
        87.1830569851783,
        86.0808856102728,
        86.80476994668284,
        85.81585471860824,
        85.85016779745779,
        85.66559945383379,
        85.32928442185924,
        85.48219520814958,
        87.09825454219695,
        85.86730587866998,
        85.25630754040134,
        87.44697669244582,
        85.8065697454637,
        85.20645436932963,
        86.75570604878087,
        85.94256936350176,
        85.28921730287614,
        86.9207256686303,
        85.29491892168599,
        85.79333717592301,
        85.35100653863722,
        85.42326281147618,
        85.17477121660787,
        85.71990449966923,
        85.36791056971396,
        84.51714595671623,
        88.65459491360572,
        86.9660147390058,
        85.6532469718687,
        85.62650052962765,
        85.69693288495463,
        89.11197342411164,
        85.4203636415543,
        85.64928805443549,
        85.15230486469883,
        84.99068992368636,
        86.63065190469065,
        87.62257729807207,
        85.13214800434727,
        86.59759423040575,
        89.57734581731981,
        86.40494069745463,
        87.41759195635396,
        88.35794042771862,
        85.32876340804562,
        85.75084046394595,
        85.71810986918788,
        85.0835701727098,
        86.35042695076235,
        86.33601600893083,
        84.81429979878087,
        86.47640375937185,
        85.22538215883317,
        88.0103033742597,
        85.3024141865392,
        87.01497010261782,
        86.87168835055444,
        86.27927644791141,
        86.77820390270603,
        86.07004104122039,
        85.39292538550592,
        85.94068194973853,
        85.46792750204763,
        85.50222630654612,
        85.99183851672757,
        86.2475337366904,
        85.58432351389239,
        86.19029506560295,
        85.20461223971459,
        85.29557603405368,
        85.35643620644846,
        85.38066519460371,
        85.69952909408077,
        85.90710793772051,
        85.79528537873298,
        86.05686876850743,
        85.99355242329258,
        85.88144240840789,
        86.33414951447517,
        84.67604237218058,
        87.08322020499936,
        84.75382626441217,
        85.46524293961063,
        85.53408838087513
    ],