{
    "testproblem": "mnist_2c2d",
    "batch_size": 128,
    "num_epochs": 1,
    "random_seed": 42,
    "weight_decay": null,
    "optimizer_name": "PreconditionedSGDlog",
    "optimizer_hyperparams": {
        "lr": null
    },
    "training_params": {},
    "train_losses": [
        2.3819066194387584,
        0.35664724635008055
    ],
    "valid_losses": [
        2.38106399621719,
        0.36660333569997394
    ],
    "test_losses": [
        2.389372174556439,
        0.34305247654899573
    ],
    "minibatch_train_losses": [
        2.3661463260650635,
        2.4389448165893555,
        2.1867260932922363,
        1.7743815183639526,
        1.7543319463729858,
        1.4754589796066284,
        1.3475358486175537,
        1.1833298206329346,
        0.9811763167381287,
        0.8885689377784729,
        0.8425024151802063,
        0.8022348284721375,
        0.6191120743751526,
        0.7324607372283936,
        0.6801521182060242,
        0.5905489921569824,
        0.5514835119247437,
        0.5209522843360901,
        0.4757090210914612,
        0.5207111835479736,
        0.3656563460826874,
        0.47972649335861206,
        0.4001087546348572,
        0.43309730291366577,
        0.46522536873817444,
        0.4234638810157776,
        0.3810730278491974,
        0.4395220875740051,
        0.4096340537071228,
        0.48406410217285156,
        0.31939780712127686,
        0.5286497473716736,
        0.257525771856308,
        0.4168173670768738,
        0.36179986596107483,
        0.3489864766597748,
        0.44402843713760376,
        0.43858790397644043,
        0.35441622138023376
    ],
    "train_accuracies": [
        0.061197916666666664,
        0.901542467948718
    ],
    "valid_accuracies": [
        0.06290064102564102,
        0.8982371794871795
    ],
    "test_accuracies": [
        0.056790865384615384,
        0.9067508012820513
    ],
    "grad_norms": [
        28.76996612548828,
        22.811193466186523,
        30.43719482421875,
        25.746976852416992,
        31.315536499023438,
        41.56056594848633,
        43.25226593017578,
        31.823945999145508,
        38.53598403930664,
        26.28124237060547,
        2.4472107887268066,
        4.767389297485352,
        400.528564453125,
        455.7143859863281,
        1.4454381465911865,
        1.9334443807601929,
        1.5645159482955933,
        1.7032405138015747,
        1.3950742483139038,
        1.4442139863967896,
        1.6861374378204346,
        1.6446726322174072,
        1.4214156866073608,
        1.6173720359802246,
        1.6524736881256104,
        1.6834018230438232,
        1.9744853973388672,
        2.5215277671813965,
        3.1988472938537598,
        2.1722049713134766,
        0.0,
        50.716392517089844,
        34.42356872558594,
        43.431663513183594,
        22.799877166748047,
        32.246742248535156,
        69.61768341064453,
        32.56065368652344,
        45.67109298706055,
        42.67662048339844,
        26.149124145507812,
        296.19683837890625,
        61822.15234375,
        41801.93359375,
        1.6529133319854736,
        1.6885154247283936,
        2.3532021045684814,
        2.6348745822906494,
        2.7295327186584473,
        2.3121986389160156,
        2.3644018173217773,
        2.9168782234191895,
        3.5065958499908447,
        2.645305871963501,
        2.894402027130127,
        2.2911200523376465,
        2.355790138244629,
        4.11064338684082,
        4.226579189300537,
        5.059526443481445,
        0.0,
        529.8967895507812,
        513.8555908203125,
        660.0597534179688,
        418.95977783203125,
        421.3158264160156,
        504.13507080078125,
        659.5562133789062,
        680.8005981445312,
        559.9540405273438,
        6.770209312438965,
        12.460461616516113,
        1537.09814453125,
        17628.291015625,
        3.241617202758789,
        3.9455277919769287,
        2.8437559604644775,
        2.438777446746826,
        2.7180118560791016,
        2.7988319396972656,
        2.659977436065674,
        2.5202651023864746,
        2.4139034748077393,
        1.8982877731323242,
        2.2389638423919678,
        2.203494071960449,
        2.0913989543914795,
        2.3522932529449463,
        2.607527494430542,
        2.30230712890625,
        0.0,
        329.1326904296875,
        245.73406982421875,
        306.64422607421875,
        184.89512634277344,
        190.39012145996094,
        285.7716369628906,
        138.55772399902344,
        369.55712890625,
        137.71641540527344,
        4.161899566650391,
        93.21839141845703,
        991.8553466796875,
        8069.97607421875,
        2.0386273860931396,
        2.719575881958008,
        2.815180778503418,
        2.5987470149993896,
        2.4540233612060547,
        2.4486801624298096,
        2.877275228500366,
        3.1304709911346436,
        2.9803388118743896,
        2.9180550575256348,
        2.7053842544555664,
        2.207735776901245,
        2.2768874168395996,
        3.154099464416504,
        3.2336864471435547,
        1.8526250123977661,
        0.0,
        324.05230712890625,
        378.1850891113281,
        140.6607666015625,
        191.3917236328125,
        161.0702667236328,
        265.4679260253906,
        142.27639770507812,
        169.35345458984375,
        173.10975646972656,
        7.339550018310547,
        19125.6953125,
        71931.2734375,
        159242.296875,
        1.5929542779922485,
        2.510867118835449,
        2.60433030128479,
        1.949123501777649,
        2.124945640563965,
        2.602515459060669,
        2.127830982208252,
        1.8568449020385742,
        3.9578073024749756,
        3.0954415798187256,
        2.2921884059906006,
        1.7741730213165283,
        2.2819807529449463,
        2.330963611602783,
        1.7682960033416748,
        1.761873722076416,
        0.0,
        175.23731994628906,
        215.5163116455078,
        215.90213012695312,
        279.6319885253906,
        313.0874938964844,
        136.47518920898438,
        295.40264892578125,
        181.5480499267578,
        223.89035034179688,
        11.755001068115234,
        22108.65234375,
        121566.6171875,
        906035.9375,
        1.4082411527633667,
        1.597527265548706,
        1.992909550666809,
        1.933571696281433,
        1.2489004135131836,
        1.3294750452041626,
        1.767523169517517,
        1.6998350620269775,
        1.7717496156692505,
        1.8051576614379883,
        1.919109582901001,
        2.89684796333313,
        2.303419589996338,
        2.314321279525757,
        2.125669002532959,
        1.9805138111114502,
        0.0,
        273.17193603515625,
        233.09255981445312,
        424.93084716796875,
        154.96739196777344,
        377.89715576171875,
        123.6894760131836,
        442.022705078125,
        174.7278594970703,
        202.6964111328125,
        5.884683132171631,
        98.77777862548828,
        4103.7763671875,
        2756.274658203125,
        2.0636119842529297,
        2.6204254627227783,
        2.3889317512512207,
        2.94846248626709,
        3.517069101333618,
        2.757794141769409,
        1.6722991466522217,
        2.0333502292633057,
        2.8846960067749023,
        2.324079751968384,
        2.3664727210998535,
        2.8092968463897705,
        2.8436532020568848,
        2.240305185317993,
        2.2030975818634033,
        1.5889536142349243,
        0.0,
        237.72813415527344,
        423.4116516113281,
        230.66209411621094,
        255.15464782714844,
        228.25411987304688,
        417.74627685546875,
        601.2459106445312,
        207.70538330078125,
        347.3341369628906,
        5.2930216789245605,
        4.387046813964844,
        1274.8912353515625,
        13778.6533203125,
        1.662666916847229,
