{
    "testproblem": "mnist_2c2d",
    "batch_size": 128,
    "num_epochs": 1,
    "random_seed": 42,
    "weight_decay": null,
    "optimizer_name": "PreconditionedSGDlog",
    "optimizer_hyperparams": {
        "lr": null
    },
    "training_params": {},
    "train_losses": [
        2.3819066194387584,
        0.29701605229041517
    ],
    "valid_losses": [
        2.38106399621719,
        0.30762432783077925
    ],
    "test_losses": [
        2.389372174556439,
        0.285254276668032
    ],
    "minibatch_train_losses": [
        2.3661463260650635,
        2.4389448165893555,
        2.1867260932922363,
        1.7743815183639526,
        1.231665015220642,
        1.245328664779663,
        1.148950219154358,
        0.8677035570144653,
        0.6991455554962158,
        0.7322682738304138,
        0.6920427083969116,
        0.6712157130241394,
        0.4968748092651367,
        0.5587998628616333,
        0.513477087020874,
        0.4787750244140625,
        0.43077555298805237,
        0.40446609258651733,
        0.3851350247859955,
        0.40525728464126587,
        0.2911275029182434,
        0.382124662399292,
        0.2987433969974518,
        0.3235516846179962,
        0.36637571454048157,
        0.3417610824108124,
        0.26969534158706665,
        0.3559936285018921,
        0.31700003147125244,
        0.40566307306289673,
        0.2395648956298828,
        0.46241626143455505,
        0.19171783328056335,
        0.35767123103141785,
        0.2970268130302429,
        0.25075438618659973,
        0.368904709815979,
        0.3346443176269531,
        0.3088071346282959
    ],
    "train_accuracies": [
        0.061197916666666664,
        0.9114583333333334
    ],
    "valid_accuracies": [
        0.06290064102564102,
        0.9086538461538461
    ],
    "test_accuracies": [
        0.056790865384615384,
        0.917167467948718
    ],
    "grad_norms": [
        28.76996612548828,
        22.811193466186523,
        30.43719482421875,
        25.746976852416992,
        31.315536499023438,
        41.56056594848633,
        43.25226593017578,
        31.823945999145508,
        38.53598403930664,
        26.28124237060547,
        2.4472107887268066,
        4.767389297485352,
        400.528564453125,
        455.7143859863281,
        1.4454381465911865,
        1.9334443807601929,
        1.5645159482955933,
        1.7032405138015747,
        1.3950742483139038,
        1.4442139863967896,
        1.6861374378204346,
        1.6446726322174072,
        1.4214156866073608,
        1.6173720359802246,
        1.6524736881256104,
        1.6834018230438232,
        1.9744853973388672,
        2.5215277671813965,
        3.1988472938537598,
        2.1722049713134766,
        1.9108686447143555,
        2.633521556854248,
        3.047534227371216,
        2.9227685928344727,
        3.822544574737549,
        3.405449390411377,
        3.163365364074707,
        3.349665403366089,
        2.5781052112579346,
        2.7185049057006836,
        2.9624862670898438,
        3.027367115020752,
        4.181619644165039,
        3.4577574729919434,
        3.732168197631836,
        0.0,
        552.36572265625,
        585.12255859375,
        450.5802307128906,
        550.1631469726562,
        641.97412109375,
        628.7060546875,
        623.705078125,
        556.162109375,
        592.6962280273438,
        5.828092575073242,
        14.74610710144043,
        153.44281005859375,
        527.0884399414062,
        3.0104715824127197,
        3.1432366371154785,
        3.1452345848083496,
        2.338001251220703,
        2.37636137008667,
        2.416214942932129,
        2.0211119651794434,
        2.353158712387085,
        2.238365411758423,
        2.4154253005981445,
        1.7019927501678467,
        3.1161792278289795,
        2.642486810684204,
        1.835131049156189,
        1.4216468334197998,
        2.3411669731140137,
        2.5376319885253906,
        1.8742740154266357,
        1.768855333328247,
        1.684468150138855,
        1.9711319208145142,
        1.9714632034301758,
        1.8240848779678345,
        2.285250425338745,
        1.258097529411316,
        1.9658393859863281,
        1.4990044832229614,
        1.8713140487670898,
        1.8553646802902222,
        1.9125659465789795,
        1.8571330308914185,
        0.0,
        106.16499328613281,
        117.26333618164062,
        172.58677673339844,
        139.72181701660156,
        133.42745971679688,
        108.97213745117188,
        91.5013198852539,
        122.53529357910156,
        90.5877914428711,
        3.396599531173706,
        31.637659072875977,
        501.41900634765625,
        2627.151123046875,
        1.9212729930877686,
        2.4523913860321045,
        2.3637564182281494,
        2.14648175239563,
        2.2606401443481445,
        2.40189266204834,
        2.7336819171905518,
        2.7475740909576416,
        3.0196378231048584,
        2.662590265274048,
        2.654144525527954,
        1.7393821477890015,
        1.774528980255127,
        3.1016011238098145,
        3.167600631713867,
        1.7217767238616943,
        3.446990489959717,
        4.426803112030029,
        4.532835006713867,
        2.210649013519287,
        1.609043002128601,
        1.2989227771759033,
        1.3614065647125244,
        1.167104721069336,
        1.916809320449829,
        2.071889877319336,
        1.5793235301971436,
        2.061105251312256,
        2.4810543060302734,
        1.8015326261520386,
        1.7618216276168823,
        0.0,
        210.43113708496094,
        158.0649871826172,
        212.59661865234375,
        203.3575439453125,
        320.0353088378906,
        197.94964599609375,
        354.9879455566406,
        253.29188537597656,
        139.29696655273438,
        2.8085789680480957,
        3.301743745803833,
        4523.27099609375,
        10019.5576171875,
        1.5892542600631714,
        1.744162917137146,
        2.0349462032318115,
        1.4712942838668823,
        1.875238299369812,
        2.2238523960113525,
        1.8961881399154663,
        2.011920928955078,
        1.5154160261154175,
        1.7048078775405884,
        2.3065402507781982,
        1.678704023361206,
        2.421792984008789,
        1.4009411334991455,
        1.754571795463562,
        1.6413226127624512,
        1.329068899154663,
        1.730499505996704,
        1.8691494464874268,
        1.1365658044815063,
        1.0825902223587036,
        1.4562325477600098,
        1.4410984516143799,
        1.6958855390548706,
        1.069237470626831,
        1.967637538909912,
        2.5956201553344727,
        1.69585120677948,
        2.0195298194885254,
        2.2539100646972656,
        2.082787036895752,
        0.0,
        196.47842407226562,
        224.48068237304688,
        255.5634307861328,
        102.46163177490234,
        240.7080841064453,
        73.5772933959961,
        347.12353515625,
        115.09642028808594,
        94.28687286376953,
        4.769504070281982,
        367.93853759765625,
        1094.744873046875,
        1301.5711669921875,
        1.8373388051986694,
        2.2576329708099365,
        1.987043857574463,
        1.8816978931427002,
        3.478569269180298,
        2.3579020500183105,
        1.583008885383606,
        1.9490430355072021,
        1.744642972946167,
        1.6558053493499756,
        2.1846911907196045,
        2.8257100582122803,
        2.3519701957702637,
        1.7606432437896729,
        1.7690221071243286,
        1.7656309604644775,
        2.714390516281128,
        2.3075056076049805,
        1.3391071557998657,
        1.8278255462646484,
        1.6715219020843506,
        1.4962331056594849,
        2.165687084197998,
        1.0093026161193848,
        1.4574341773986816,
        2.1944830417633057,
        1.6304810047149658,
        2.6269049644470215,
        1.5883997678756714,
