{
    "testproblem": "mnist_2c2d",
    "batch_size": 128,
    "num_epochs": 1,
    "random_seed": 42,
    "weight_decay": null,
    "optimizer_name": "PreconditionedSGDlog",
    "optimizer_hyperparams": {
        "lr": null
    },
    "training_params": {},
    "train_losses": [
        2.3819066194387584,
        0.2611864604629003
    ],
    "valid_losses": [
        2.38106399621719,
        0.2725873746168919
    ],
    "test_losses": [
        2.389372174556439,
        0.24987686005158302
    ],
    "minibatch_train_losses": [
        2.3661463260650635,
        2.4389448165893555,
        2.1867260932922363,
        1.7743815183639526,
        1.231665015220642,
        1.245328664779663,
        1.148950219154358,
        0.8677035570144653,
        0.6991455554962158,
        0.7322682738304138,
        0.6384759545326233,
        0.6307294368743896,
        0.4835655987262726,
        0.5754354596138,
        0.5108933448791504,
        0.48670291900634766,
        0.4195874333381653,
        0.40508654713630676,
        0.3858720362186432,
        0.37618011236190796,
        0.2776970863342285,
        0.35481444001197815,
        0.2903038263320923,
        0.30539920926094055,
        0.3344835042953491,
        0.33479374647140503,
        0.2448473572731018,
        0.33838948607444763,
        0.29603540897369385,
        0.3704843819141388,
        0.2154485434293747,
        0.4337913990020752,
        0.16492953896522522,
        0.3245934844017029,
        0.25464802980422974,
        0.23665419220924377,
        0.350999653339386,
        0.3010144531726837,
        0.2749948501586914
    ],
    "train_accuracies": [
        0.061197916666666664,
        0.9256810897435898
    ],
    "valid_accuracies": [
        0.06290064102564102,
        0.9215745192307693
    ],
    "test_accuracies": [
        0.056790865384615384,
        0.9321915064102564
    ],
    "grad_norms": [
        28.76996612548828,
        22.811193466186523,
        30.43719482421875,
        25.746976852416992,
        31.315536499023438,
        41.56056594848633,
        43.25226593017578,
        31.823945999145508,
        38.53598403930664,
        26.28124237060547,
        2.4472107887268066,
        4.767389297485352,
        400.528564453125,
        455.7143859863281,
        1.4454381465911865,
        1.9334443807601929,
        1.5645159482955933,
        1.7032405138015747,
        1.3950742483139038,
        1.4442139863967896,
        1.6861374378204346,
        1.6446726322174072,
        1.4214156866073608,
        1.6173720359802246,
        1.6524736881256104,
        1.6834018230438232,
        1.9744853973388672,
        2.5215277671813965,
        3.1988472938537598,
        2.1722049713134766,
        1.9108686447143555,
        2.633521556854248,
        3.047534227371216,
        2.9227685928344727,
        3.822544574737549,
        3.405449390411377,
        3.163365364074707,
        3.349665403366089,
        2.5781052112579346,
        2.7185049057006836,
        2.9624862670898438,
        3.027367115020752,
        4.181619644165039,
        3.4577574729919434,
        3.732168197631836,
        0.0,
        552.36572265625,
        585.12255859375,
        450.5802307128906,
        550.1631469726562,
        641.97412109375,
        628.7060546875,
        623.705078125,
        556.162109375,
        592.6962280273438,
        5.828092575073242,
        14.74610710144043,
        153.44281005859375,
        527.0884399414062,
        3.0104715824127197,
        3.1432366371154785,
        3.1452345848083496,
        2.338001251220703,
        2.37636137008667,
        2.416214942932129,
        2.0211119651794434,
        2.353158712387085,
        2.238365411758423,
        2.4154253005981445,
        1.7019927501678467,
        3.1161792278289795,
        2.642486810684204,
        1.835131049156189,
        1.4216468334197998,
        2.3411669731140137,
        2.5376319885253906,
        1.8742740154266357,
        1.768855333328247,
        1.684468150138855,
        1.9711319208145142,
        1.9714632034301758,
        1.8240848779678345,
        2.285250425338745,
        1.258097529411316,
        1.9658393859863281,
        1.4990044832229614,
        1.8713140487670898,
        1.8553646802902222,
        1.9125659465789795,
        1.8571330308914185,
        1.727338433265686,
        1.8568023443222046,
        2.105910301208496,
        2.236694812774658,
        2.395394802093506,
        1.709986686706543,
        1.6429049968719482,
        2.1984193325042725,
        1.6245241165161133,
        1.5891766548156738,
        1.3223340511322021,
        2.2988240718841553,
        1.7998733520507812,
        1.4477717876434326,
        1.7508465051651,
        2.2951250076293945,
        1.9706772565841675,
        1.7550753355026245,
        1.8881587982177734,
        1.9254813194274902,
        2.9602198600769043,
        2.6143102645874023,
        2.4331867694854736,
        2.32892107963562,
        2.0438992977142334,
        1.8206872940063477,
        1.6927013397216797,
        2.540480136871338,
        2.0551390647888184,
        1.471118450164795,
        2.9585821628570557,
        3.338268756866455,
        2.4986228942871094,
        1.847347378730774,
        1.4692655801773071,
        1.3905227184295654,
        1.6361124515533447,
        1.2346667051315308,
        1.8635025024414062,
        1.562620759010315,
        1.3492035865783691,
        1.9028400182724,
        2.403439998626709,
        1.7405915260314941,
        1.305413007736206,
        2.2148048877716064,
        2.0116989612579346,
        1.4637396335601807,
        1.7796257734298706,
        2.404188394546509,
        2.052506923675537,
        1.595945954322815,
        3.106264352798462,
        2.4870383739471436,
        1.6832184791564941,
        1.6848126649856567,
        1.798943281173706,
        1.516953468322754,
        1.1904280185699463,
        1.4206578731536865,
        1.8042837381362915,
        1.7226948738098145,
        1.4762606620788574,
        1.8021148443222046,
        1.9964029788970947,
        1.8523995876312256,
        1.8113821744918823,
        1.2325307130813599,
        1.479673981666565,
        2.1203627586364746,
        1.3194010257720947,
        2.136777639389038,
        1.2220313549041748,
        1.6668016910552979,
        1.643322467803955,
        1.2785670757293701,
        1.7113616466522217,
        1.738830327987671,
        1.1045044660568237,
        1.0856257677078247,
        1.3615167140960693,
        1.3834664821624756,
        1.5069124698638916,
        1.2264606952667236,
        1.5627837181091309,
        2.422910690307617,
        1.6444498300552368,
        1.8263155221939087,
        1.686791181564331,
        1.532243013381958,
        1.6312646865844727,
        1.7800424098968506,
        2.504486322402954,
        2.351940631866455,
        1.3913743495941162,
        1.4501951932907104,
        1.2670131921768188,
        1.8547794818878174,
        1.943387746810913,
        1.6394373178482056,
        2.057408094406128,
        1.781278133392334,
        2.516145706176758,
        1.5421686172485352,
        1.5363279581069946,
        1.5528675317764282,
        1.6028233766555786,
        1.9490532875061035,
        2.4996042251586914,
        2.281655788421631,
        1.536377191543579,
        1.4918041229248047,
        2.516969680786133,
        1.582265019416809,
        1.8249174356460571,
        2.786407232284546,
        1.9408788681030273,
        2.2639527320861816,
        1.8207507133483887,
        1.6034423112869263,
        2.1966350078582764,
        2.0322675704956055,
        1.2924551963806152,
        1.698023796081543,
        1.457466959953308,
        1.8395122289657593,
        2.143191337585449,
        1.2631160020828247,
        1.4204858541488647,
        2.0660998821258545,
        1.687766432762146,
