{
    "testproblem": "mnist_2c2d",
    "batch_size": 128,
    "num_epochs": 1,
    "random_seed": 42,
    "weight_decay": null,
    "optimizer_name": "PreconditionedSGDlog",
    "optimizer_hyperparams": {
        "lr": null
    },
    "training_params": {},
    "train_losses": [
        2.3819066194387584,
        0.13770401888550857
    ],
    "valid_losses": [
        2.38106399621719,
        0.14795658794733194
    ],
    "test_losses": [
        2.389372174556439,
        0.1276011529068152
    ],
    "minibatch_train_losses": [
        2.3661463260650635,
        2.4389448165893555,
        2.2156243324279785,
        1.8204295635223389,
        1.2835429906845093,
        0.8480470180511475,
        0.8665742874145508,
        0.5724039673805237,
        0.3829209804534912,
        0.3886209726333618,
        0.4023358225822449,
        0.34193119406700134,
        0.2650804817676544,
        0.31370559334754944,
        0.2479911744594574,
        0.2941267192363739,
        0.2116786539554596,
        0.18829528987407684,
        0.1829531341791153,
        0.1588832587003708,
        0.12976831197738647,
        0.1914794147014618,
        0.10797996073961258,
        0.17687076330184937,
        0.18450379371643066,
        0.21990598738193512,
        0.08794957399368286,
        0.23660209774971008,
        0.11717239767313004,
        0.2358739674091339,
        0.10941871255636215,
        0.2554565370082855,
        0.07494983077049255,
        0.22195406258106232,
        0.11336012929677963,
        0.10816951096057892,
        0.20634868741035461,
        0.11285415291786194,
        0.1373688280582428
    ],
    "train_accuracies": [
        0.061197916666666664,
        0.9547275641025641
    ],
    "valid_accuracies": [
        0.06290064102564102,
        0.9543269230769231
    ],
    "test_accuracies": [
        0.056790865384615384,
        0.9592347756410257
    ],
    "grad_norms": [
        28.76996612548828,
        22.811193466186523,
        30.43719482421875,
        25.746976852416992,
        31.315536499023438,
        41.56056594848633,
        43.25226593017578,
        31.823945999145508,
        38.53598403930664,
        26.28124237060547,
        2.4472107887268066,
        4.767389297485352,
        400.528564453125,
        455.7143859863281,
        1.762342095375061,
        1.6174110174179077,
        1.5878905057907104,
        1.7248027324676514,
        1.3675824403762817,
        1.4286367893218994,
        1.657565951347351,
        1.5941970348358154,
        1.3883405923843384,
        1.5955740213394165,
        1.6151058673858643,
        1.6271103620529175,
        1.9023563861846924,
        2.4177663326263428,
        2.9977166652679443,
        2.0070104598999023,
        1.8450968265533447,
        2.547564744949341,
        2.9228875637054443,
        2.7763679027557373,
        3.5600321292877197,
        3.1752448081970215,
        2.9235150814056396,
        3.1794211864471436,
        2.504187822341919,
        2.72483229637146,
        2.938424587249756,
        3.0387160778045654,
        4.163256645202637,
        3.466338634490967,
        3.7025227546691895,
        5.682495594024658,
        4.714500904083252,
        4.625638961791992,
        4.239865779876709,
        3.286370038986206,
        2.734332323074341,
        3.584974527359009,
        4.627178192138672,
        4.155026435852051,
        4.578577995300293,
        3.389198064804077,
        3.184701442718506,
        3.2783055305480957,
        2.483412981033325,
        3.1108219623565674,
        6.4225754737854,
        6.40018367767334,
        4.3637518882751465,
        2.9404776096343994,
        1.9554089307785034,
        2.0820977687835693,
        2.61588716506958,
        3.3274569511413574,
        2.8800618648529053,
        2.004544496536255,
        2.585693359375,
        5.287217617034912,
        6.477265357971191,
        4.759856224060059,
        2.3153529167175293,
        3.364887237548828,
        2.667734146118164,
        2.3651022911071777,
        1.1258662939071655,
        1.8512017726898193,
        2.6164376735687256,
        2.9983465671539307,
        3.769484519958496,
        3.2251482009887695,
        1.8404150009155273,
        2.61578106880188,
        2.6946754455566406,
        1.7060551643371582,
        1.6575566530227661,
        1.9750347137451172,
        2.315180778503418,
        2.3111212253570557,
        2.3449184894561768,
        2.974721670150757,
        4.451788902282715,
        3.367936849594116,
        4.412421226501465,
        4.148838996887207,
        4.204981327056885,
        3.6586813926696777,
        1.5923553705215454,
        1.845516562461853,
        2.212830066680908,
        2.0847108364105225,
        2.1467487812042236,
        2.1664843559265137,
        1.7693666219711304,
        1.2614622116088867,
        1.3624441623687744,
        1.3755549192428589,
        1.8852078914642334,
        2.362856149673462,
        3.011777400970459,
        3.1033871173858643,
        3.2385551929473877,
        2.6375982761383057,
        1.336218237876892,
        1.6713536977767944,
        2.0592269897460938,
        1.6289726495742798,
        2.715520143508911,
        2.8794548511505127,
        3.3700406551361084,
        2.366478681564331,
        2.8312246799468994,
        2.3424313068389893,
        1.2507115602493286,
        0.9849615097045898,
        1.2523150444030762,
        1.0145338773727417,
        1.2880316972732544,
        2.2951395511627197,
        2.2694661617279053,
        1.6995282173156738,
        1.737649917602539,
        1.6765176057815552,
        1.865801453590393,
        1.1450613737106323,
        1.3700966835021973,
        2.3023979663848877,
        2.1521799564361572,
        2.2202236652374268,
        2.6063311100006104,
        2.538414239883423,
        1.2350040674209595,
        0.916864275932312,
        1.6829991340637207,
        1.8976294994354248,
        1.6009724140167236,
        1.7918756008148193,
        2.157560110092163,
        2.3710074424743652,
        1.609198808670044,
        1.4375954866409302,
        1.583310604095459,
        1.9607044458389282,
        1.8108683824539185,
        1.6303752660751343,
        1.80756676197052,
        2.052800178527832,
        1.2850998640060425,
        2.0011227130889893,
        1.425362467765808,
        0.8135624527931213,
        1.084873080253601,
        1.4098557233810425,
        1.7865078449249268,
        2.3883092403411865,
        1.3927615880966187,
        1.0399603843688965,
        0.9497013688087463,
        1.1264421939849854,
        1.4670653343200684,
        1.0145173072814941,
        1.6832013130187988,
        2.4707717895507812,
        3.0502490997314453,
        1.1746279001235962,
        1.5483909845352173,
        1.6500754356384277,
        1.2016565799713135,
        1.8163994550704956,
        1.643390417098999,
        1.9114302396774292,
        1.2711535692214966,
        0.7014360427856445,
        0.9606724977493286,
        1.542870283126831,
        2.024864435195923,
        1.64590585231781,
        0.831574022769928,
        1.48527193069458,
        1.9905282258987427,
        1.7270387411117554,
        1.2533873319625854,
        1.579135537147522,
        1.5857570171356201,
        1.4646629095077515,
        2.6401867866516113,
        2.0192501544952393,
        1.152174949645996,
        1.3370047807693481,
        1.294592261314392,
        1.1014673709869385,
        0.782295286655426,
        1.4010807275772095,
        1.0152246952056885,
        1.5465807914733887,
        1.620539903640747,
        1.1833972930908203,
        1.6450738906860352,
        1.3781975507736206,
        0.9807774424552917,
        0.8793580532073975,
        1.0420671701431274,
        1.522412896156311,
        2.1786303520202637,
        1.5432473421096802,
        0.9734808206558228,
