{
    "testproblem": "mnist_2c2d",
    "batch_size": 128,
    "num_epochs": 1,
    "random_seed": 42,
    "weight_decay": null,
    "optimizer_name": "PreconditionedSGDlog",
    "optimizer_hyperparams": {
        "lr": null
    },
    "training_params": {},
    "train_losses": [
        2.3819066194387584,
        0.26026380367768115
    ],
    "valid_losses": [
        2.38106399621719,
        0.2711953266690939
    ],
    "test_losses": [
        2.389372174556439,
        0.24878870137035847
    ],
    "minibatch_train_losses": [
        2.3661463260650635,
        2.4389448165893555,
        2.2156243324279785,
        1.8204295635223389,
        1.2835429906845093,
        1.2617387771606445,
        1.2327344417572021,
        0.9106555581092834,
        0.752417266368866,
        0.7724899649620056,
        0.6636453866958618,
        0.6446350812911987,
        0.5169180631637573,
        0.5838463306427002,
        0.5171706676483154,
        0.4851517081260681,
        0.44043126702308655,
        0.40287861227989197,
        0.3860498070716858,
        0.3731217086315155,
        0.2830526530742645,
        0.3605048954486847,
        0.28190648555755615,
        0.32710012793540955,
        0.32806500792503357,
        0.3345741629600525,
        0.23961083590984344,
        0.33824652433395386,
        0.2941912114620209,
        0.37588804960250854,
        0.2120317667722702,
        0.41822659969329834,
        0.16237618029117584,
        0.3318234980106354,
        0.25207188725471497,
        0.24149088561534882,
        0.34256666898727417,
        0.29927414655685425,
        0.2742709517478943
    ],
    "train_accuracies": [
        0.061197916666666664,
        0.9252804487179487
    ],
    "valid_accuracies": [
        0.06290064102564102,
        0.9231770833333334
    ],
    "test_accuracies": [
        0.056790865384615384,
        0.9320913461538461
    ],
    "grad_norms": [
        28.76996612548828,
        22.811193466186523,
        30.43719482421875,
        25.746976852416992,
        31.315536499023438,
        41.56056594848633,
        43.25226593017578,
        31.823945999145508,
        38.53598403930664,
        26.28124237060547,
        2.4472107887268066,
        4.767389297485352,
        400.528564453125,
        455.7143859863281,
        1.762342095375061,
        1.6174110174179077,
        1.5878905057907104,
        1.7248027324676514,
        1.3675824403762817,
        1.4286367893218994,
        1.657565951347351,
        1.5941970348358154,
        1.3883405923843384,
        1.5955740213394165,
        1.6151058673858643,
        1.6271103620529175,
        1.9023563861846924,
        2.4177663326263428,
        2.9977166652679443,
        2.0070104598999023,
        1.8450968265533447,
        2.547564744949341,
        2.9228875637054443,
        2.7763679027557373,
        3.5600321292877197,
        3.1752448081970215,
        2.9235150814056396,
        3.1794211864471436,
        2.504187822341919,
        2.72483229637146,
        2.938424587249756,
        3.0387160778045654,
        4.163256645202637,
        3.466338634490967,
        3.7025227546691895,
        0.0,
        491.0450134277344,
        526.0445556640625,
        393.8956604003906,
        481.0721130371094,
        576.0259399414062,
        568.7605590820312,
        551.0927124023438,
        485.6160888671875,
        527.5136108398438,
        5.481805324554443,
        25.343111038208008,
        216.97840881347656,
        527.383544921875,
        5.581191062927246,
        5.089308261871338,
        3.5124189853668213,
        1.9146149158477783,
        1.9474557638168335,
        2.2834737300872803,
        1.711862564086914,
        2.5986595153808594,
        2.0444047451019287,
        2.4662184715270996,
        1.5737236738204956,
        2.7929861545562744,
        2.441526174545288,
        1.8687206506729126,
        1.4788683652877808,
        2.4694111347198486,
        2.588520050048828,
        1.6148573160171509,
        1.8236446380615234,
        1.6238590478897095,
        2.1602096557617188,
        2.1001715660095215,
        1.9027719497680664,
        2.3055999279022217,
        1.392116904258728,
        2.062800645828247,
        1.7944988012313843,
        1.9235965013504028,
        1.8456696271896362,
        2.016261339187622,
        2.068608522415161,
        1.840576171875,
        1.924599528312683,
        2.0086886882781982,
        2.486464738845825,
        2.68030047416687,
        2.0651886463165283,
        1.8932865858078003,
        2.337327718734741,
        1.7500522136688232,
        1.5809534788131714,
        1.5807616710662842,
        2.442671298980713,
        1.8140826225280762,
        2.448460817337036,
        2.111539840698242,
        2.2789721488952637,
        1.973663330078125,
        1.7687416076660156,
        2.012478828430176,
        2.0652079582214355,
        2.9536497592926025,
        2.6133310794830322,
        2.562577962875366,
        2.4858524799346924,
        2.2481980323791504,
        1.8646175861358643,
        1.6684150695800781,
        2.48953914642334,
        2.216324806213379,
        1.6444414854049683,
        3.48384428024292,
        3.44107723236084,
        3.110062837600708,
        2.0439350605010986,
        1.8947266340255737,
        1.3320304155349731,
        1.5818549394607544,
        1.2126266956329346,
        1.8965846300125122,
        1.6138889789581299,
        1.5208675861358643,
        1.9256658554077148,
        2.4742629528045654,
        2.190314769744873,
        1.3215404748916626,
        2.1777148246765137,
        2.1269798278808594,
        1.6168999671936035,
        1.8934381008148193,
        2.4505252838134766,
        1.9198132753372192,
        1.6214659214019775,
        3.457751989364624,
        2.6483700275421143,
        2.14237380027771,
        1.770142674446106,
        1.9379087686538696,
        1.9915297031402588,
        1.20805025100708,
        1.4830381870269775,
        1.8222004175186157,
        1.9240121841430664,
        1.5219591856002808,
        2.1761462688446045,
        2.4345901012420654,
        1.9220596551895142,
        2.110557794570923,
        1.45119047164917,
        2.0166614055633545,
        1.9685032367706299,
        2.2366161346435547,
        2.484572410583496,
        1.4026745557785034,
        1.6665698289871216,
        1.8354121446609497,
        1.8639092445373535,
        1.951246738433838,
        1.847937822341919,
        1.1462944746017456,
        1.0993878841400146,
        1.4187865257263184,
        1.2920680046081543,
        1.6210225820541382,
        1.2657935619354248,
        1.7502673864364624,
        2.7628180980682373,
        2.16032338142395,
        1.94259512424469,
        1.8040541410446167,
        1.5293688774108887,
        1.9015729427337646,
        2.1219937801361084,
        2.8931655883789062,
        3.4645397663116455,
        1.576263189315796,
        1.5046952962875366,
        1.414286732673645,
        2.2301418781280518,
        2.307368278503418,
        1.7851505279541016,
        1.8828953504562378,
        1.8922051191329956,
        2.657120704650879,
        1.5572233200073242,
        1.5592668056488037,
        1.6528445482254028,
        1.7621413469314575,
        2.0563225746154785,
        3.2213940620422363,
        2.6741065979003906,
        1.606958031654358,
        1.6574811935424805,
        2.2198710441589355,
        1.6079541444778442,
        2.096445083618164,
        2.67724347114563,
        2.3774006366729736,
        1.973003625869751,
        2.0913493633270264,
        1.7137625217437744,
        2.408787488937378,
        2.1010067462921143,
        1.2324780225753784,
        1.759736180305481,
        1.497849941253662,
        2.0204808712005615,
        2.4426567554473877,
        1.9052355289459229,
        1.8229655027389526,
        2.1217844486236572,
