{
    "testproblem": "mnist_2c2d",
    "batch_size": 128,
    "num_epochs": 1,
    "random_seed": 42,
    "weight_decay": null,
    "optimizer_name": "PreconditionedSGDlog",
    "optimizer_hyperparams": {
        "lr": null
    },
    "training_params": {},
    "train_losses": [
        2.3819066194387584,
        0.1365327650728898
    ],
    "valid_losses": [
        2.38106399621719,
        0.14695022928600127
    ],
    "test_losses": [
        2.389372174556439,
        0.1269990629874743
    ],
    "minibatch_train_losses": [
        2.3661463260650635,
        2.4389448165893555,
        2.1867260932922363,
        1.7743815183639526,
        1.231665015220642,
        0.8081974983215332,
        0.7488672733306885,
        0.5602541565895081,
        0.3716373145580292,
        0.3848680257797241,
        0.39535433053970337,
        0.34215936064720154,
        0.25610819458961487,
        0.3124576210975647,
        0.23564264178276062,
        0.2872227430343628,
        0.2120082527399063,
        0.18627066910266876,
        0.18316145241260529,
        0.15830238163471222,
        0.12659746408462524,
        0.19213531911373138,
        0.10766859352588654,
        0.17789986729621887,
        0.18218091130256653,
        0.21678701043128967,
        0.08798612654209137,
        0.23273272812366486,
        0.11417703330516815,
        0.2333393692970276,
        0.10880859196186066,
        0.24758747220039368,
        0.07206030189990997,
        0.22770246863365173,
        0.11574703454971313,
        0.10966870933771133,
        0.20419272780418396,
        0.1168212965130806,
        0.1305631697177887
    ],
    "train_accuracies": [
        0.061197916666666664,
        0.9557291666666666
    ],
    "valid_accuracies": [
        0.06290064102564102,
        0.9547275641025641
    ],
    "test_accuracies": [
        0.056790865384615384,
        0.9591346153846154
    ],
    "grad_norms": [
        28.76996612548828,
        22.811193466186523,
        30.43719482421875,
        25.746976852416992,
        31.315536499023438,
        41.56056594848633,
        43.25226593017578,
        31.823945999145508,
        38.53598403930664,
        26.28124237060547,
        2.4472107887268066,
        4.767389297485352,
        400.528564453125,
        455.7143859863281,
        1.4454381465911865,
        1.9334443807601929,
        1.5645159482955933,
        1.7032405138015747,
        1.3950742483139038,
        1.4442139863967896,
        1.6861374378204346,
        1.6446726322174072,
        1.4214156866073608,
        1.6173720359802246,
        1.6524736881256104,
        1.6834018230438232,
        1.9744853973388672,
        2.5215277671813965,
        3.1988472938537598,
        2.1722049713134766,
        1.9108686447143555,
        2.633521556854248,
        3.047534227371216,
        2.9227685928344727,
        3.822544574737549,
        3.405449390411377,
        3.163365364074707,
        3.349665403366089,
        2.5781052112579346,
        2.7185049057006836,
        2.9624862670898438,
        3.027367115020752,
        4.181619644165039,
        3.4577574729919434,
        3.732168197631836,
        6.088655471801758,
        4.8320817947387695,
        4.651620864868164,
        3.9153692722320557,
        3.007544994354248,
        2.521697759628296,
        3.4063382148742676,
        4.396840572357178,
        4.214672565460205,
        4.922841548919678,
        3.4081497192382812,
        3.075589656829834,
        3.183307409286499,
        2.294649600982666,
        2.703623056411743,
        5.520953178405762,
        5.819318771362305,
        4.038719654083252,
        2.6220176219940186,
        1.9324077367782593,
        2.260956048965454,
        3.2154266834259033,
        3.809678077697754,
        3.106879711151123,
        2.106438398361206,
        2.55696177482605,
        5.279223918914795,
        6.349642276763916,
        4.59842586517334,
        2.3992552757263184,
        3.415647029876709,
        2.878966808319092,
        2.4967517852783203,
        1.1116549968719482,
        1.7350852489471436,
        2.5910933017730713,
        2.9990785121917725,
        3.8129682540893555,
        3.2875988483428955,
        1.8926442861557007,
        2.617807626724243,
        2.6016862392425537,
        1.6578961610794067,
        1.6320680379867554,
        1.9535269737243652,
        2.267162561416626,
        2.238543748855591,
        2.2935290336608887,
        2.9279024600982666,
        4.416023254394531,
        3.333996534347534,
        4.482450008392334,
        4.233728885650635,
        4.176698207855225,
        3.6447324752807617,
        1.5604543685913086,
        1.8585447072982788,
        2.3164515495300293,
        2.176152467727661,
        2.157775640487671,
        2.154148578643799,
        1.7207554578781128,
        1.2225338220596313,
        1.3346877098083496,
        1.3157328367233276,
        1.885759711265564,
        2.3949592113494873,
        3.004323720932007,
        2.9892122745513916,
        3.075174331665039,
        2.5720443725585938,
        1.3089476823806763,
        1.6707226037979126,
        2.0385804176330566,
        1.5466368198394775,
        2.606847047805786,
        2.763523578643799,
        3.2121200561523438,
        2.3006765842437744,
        2.83920955657959,
        2.4250028133392334,
        1.315214991569519,
        1.0433450937271118,
        1.2836676836013794,
        1.0046355724334717,
        1.3200563192367554,
        2.260321617126465,
        2.179119348526001,
        1.5807983875274658,
        1.6871503591537476,
        1.6508162021636963,
        1.8569464683532715,
        1.122657299041748,
        1.3035262823104858,
        2.256476402282715,
        2.0444490909576416,
        2.0370428562164307,
        2.4556164741516113,
        2.448275089263916,
        1.2628933191299438,
        0.9412475228309631,
        1.6570889949798584,
        1.9082523584365845,
        1.6080478429794312,
        1.7470322847366333,
        2.1518540382385254,
        2.3730905055999756,
        1.5951756238937378,
        1.4112797975540161,
        1.5807183980941772,
        1.9968544244766235,
        1.873395562171936,
        1.6253879070281982,
        1.7812352180480957,
        2.0817906856536865,
        1.2925810813903809,
        1.9992244243621826,
        1.387161135673523,
        0.7862421870231628,
        1.1450823545455933,
        1.4201953411102295,
        1.8388537168502808,
        2.4035117626190186,
        1.3431202173233032,
        1.0126490592956543,
        0.9255458116531372,
        1.1463626623153687,
        1.4171932935714722,
        1.047571063041687,
        1.737252116203308,
        2.5028488636016846,
        3.069861650466919,
        1.2367141246795654,
        1.6040600538253784,
        1.6101652383804321,
        1.235782265663147,
        1.8351378440856934,
        1.6295616626739502,
        1.885798454284668,
        1.2598117589950562,
        0.7132514715194702,
        0.9601980447769165,
        1.520668387413025,
        1.9239717721939087,
        1.5920952558517456,
        0.8403194546699524,
        1.5120437145233154,
        1.9706515073776245,
        1.6438592672348022,
        1.2018563747406006,
        1.63062584400177,
        1.6208579540252686,
        1.4166853427886963,
        2.5775370597839355,
        2.0187597274780273,
        1.1278495788574219,
        1.3060855865478516,
        1.2774384021759033,
        1.0850499868392944,
        0.7854890823364258,
        1.4269049167633057,
        1.067585825920105,
        1.569354772567749,
        1.7046533823013306,
        1.160461187362671,
        1.666338324546814,
        1.320820927619934,
        1.0056555271148682,
        0.9005676507949829,
        1.0476593971252441,
        1.468310832977295,
        2.148310661315918,
        1.571784496307373,
        1.0208512544631958,
