{
    "testproblem": "quadratic_deep",
    "batch_size": 32,
    "num_epochs": 100,
    "random_seed": 43,
    "weight_decay": null,
    "optimizer_name": "SGD",
    "optimizer_hyperparams": {
        "lr": 1e-290
    },
    "training_params": {},
    "train_losses": [
        299.81140038274947,
        300.3489389727193,
        300.19190732894407,
        300.22052149618827,
        300.16136513986896,
        300.22652902910784,
        299.9936060751638,
        300.46114521641886,
        300.42149697580646,
        300.4150636734501,
        299.9445288873488,
        300.24876157699094,
        299.8846061460433,
        300.2487044795867,
        300.29441784274195,
        299.90759769562754,
        300.439937468498,
        300.3836728988155,
        299.8507493542087,
        300.01421922253024,
        300.03924363659274,
        300.46393019153226,
        299.93395011655747,
        300.4097644436744,
        300.4461236769153,
        300.4967986076109,
        299.91532356508316,
        300.1996617471018,
        300.5134740029612,
        299.91246574155747,
        300.3809154879662,
        300.095711000504,
        300.03591032951107,
        300.45121026808215,
        300.0656472482989,
        299.68496802545366,
        300.3255319902974,
        299.9041688980595,
        300.5607437626008,
        299.9890392672631,
        299.63203971616684,
        300.52371609595514,
        299.97471864761843,
        300.1220122306578,
        300.11803313224544,
        300.5581527217742,
        300.8018720073085,
        299.85623562720514,
        299.9865968765751,
        300.1761415543095,
        300.25352035030244,
        300.4673796622984,
        300.30656285439767,
        299.8170727145287,
        299.8868644468246,
        300.2718811035156,
        300.37460031817034,
        300.28548997448337,
        300.38621471774195,
        299.82444713961695,
        300.5823029548891,
        300.69654304750503,
        300.2398405997984,
        300.36045197517643,
        300.1294220955141,
        300.5452093308972,
        299.8789525185862,
        300.6073273689516,
        299.74035546087447,
        300.2012978830645,
        300.1164068406628,
        299.9314378307712,
        300.0285122779108,
        299.9554423670615,
        300.0327443768901,
        300.20664928805445,
        300.5998259513609,
        300.1162335795741,
        300.0524666078629,
        300.21301367975053,
        300.1737316500756,
        300.2275804088962,
        300.60680069461944,
        300.00015652564264,
        300.2150051978327,
        299.7894749795237,
        300.2227300828503,
        300.3150713520665,
        300.0011675434728,
        299.80395212481096,
        300.3020265640751,
        300.1633576423891,
        300.6548107516381,
        300.20806490990424,
        299.8330343923261,
        300.0020771641885,
        300.3650591450353,
        300.4627744613155,
        300.4240269814768,
        300.42407521893904,
        300.3706674883443
    ],
    "valid_losses": [
        301.7827886766003,
        301.7827886766003,
        301.7827886766003,
        301.7827886766003,
        301.7827886766003,
        301.7827886766003,
        301.7827886766003,
        301.7827886766003,
        301.7827886766003,
        301.7827886766003,
        301.7827886766003,
        301.7827886766003,
        301.7827886766003,
        301.7827886766003,
        301.7827886766003,
        301.7827886766003,
        301.7827886766003,
        301.7827886766003,
        301.7827886766003,
        301.7827886766003,
        301.7827886766003,
        301.7827886766003,
        301.7827886766003,
        301.7827886766003,
        301.7827886766003,
        301.7827886766003,
        301.7827886766003,
        301.7827886766003,
        301.7827886766003,
        301.7827886766003,
        301.7827886766003,
        301.7827886766003,
        301.7827886766003,
        301.7827886766003,
        301.7827886766003,
        301.7827886766003,
        301.7827886766003,
        301.7827886766003,
        301.7827886766003,
        301.7827886766003,
        301.7827886766003,
        301.7827886766003,
        301.7827886766003,
        301.7827886766003,
        301.7827886766003,
        301.7827886766003,
        301.7827886766003,
        301.7827886766003,
        301.7827886766003,
        301.7827886766003,
        301.7827886766003,
        301.7827886766003,
        301.7827886766003,
        301.7827886766003,
        301.7827886766003,
        301.7827886766003,
        301.7827886766003,
        301.7827886766003,
        301.7827886766003,
        301.7827886766003,
        301.7827886766003,
        301.7827886766003,
        301.7827886766003,
        301.7827886766003,
        301.7827886766003,
        301.7827886766003,
        301.7827886766003,
        301.7827886766003,
        301.7827886766003,
        301.7827886766003,
        301.7827886766003,
        301.7827886766003,
        301.7827886766003,
        301.7827886766003,
        301.7827886766003,
        301.7827886766003,
        301.7827886766003,
        301.7827886766003,
        301.7827886766003,
        301.7827886766003,
        301.7827886766003,
        301.7827886766003,
        301.7827886766003,
        301.7827886766003,
        301.7827886766003,
        301.7827886766003,
        301.7827886766003,
        301.7827886766003,
        301.7827886766003,
        301.7827886766003,
        301.7827886766003,
        301.7827886766003,
        301.7827886766003,
        301.7827886766003,
        301.7827886766003,
        301.7827886766003,
        301.7827886766003,
        301.7827886766003,
        301.7827886766003,
        301.7827886766003,
        301.7827886766003
    ],