{
    "testproblem": "quadratic_deep",
    "batch_size": 32,
    "num_epochs": 20,
    "random_seed": 42,
    "weight_decay": null,
    "optimizer_name": "Preconditioner",
    "optimizer_hyperparams": {},
    "training_params": {},
    "train_losses": [
        225.06795772429436,
        106.06080184444305,
        98.80389650406376,
        93.6237054640247,
        92.57191516507056,
        90.57581501622354,
        89.55651141751197,
        88.09025303010017,
        89.12457447667276,
        86.8077904485887,
        87.45488025296119,
        86.62279879662299,
        86.39374123850176,
        86.57505798339844,
        85.8721938594695,
        85.9789303195092,
        85.85995138845136,
        86.85062236170614,
        85.91910282258064,
        86.86257491573211,
        85.31336482878655
    ],
    "valid_losses": [
        230.73556026335686,
        109.37448095506237,
        101.9521216115644,
        96.71097687752017,
        95.25791832708543,
        93.57529006465789,
        92.87848220332977,
        91.23880915487966,
        91.62558131064138,
        89.93661720521989,
        90.87638239706716,
        89.82447175056704,
        89.66245688161543,
        89.71771117179624,
        88.48459649855091,
        88.8851333125945,
        89.32396427277595,
        90.44949857650265,
        89.27056909376576,
        90.27622345955142,
        88.65197458574849
    ],
    "test_losses": [
        228.7590573218561,
        107.86114526564076,
        101.2953621648973,
        95.48646791519657,
        94.48294067382812,
        92.51001518003402,
        91.83224708803239,
        90.14887335992628,
        90.56880655596333,
        89.01123219151651,
        89.4403086016255,
        88.62451737926853,
        88.25125663511214,
        89.03729961764428,
        87.93081615817162,
        88.00612566548008,
        88.36943054199219,
        89.05362258418914,
        88.15295656265751,
        88.68804045646421,
        87.5203377508348
    ],
    "minibatch_train_losses": [
        228.04931640625,
        205.78448486328125,
        141.01602172851562,
        111.03694152832031,
        88.75209045410156,
        104.89495849609375,
        110.25633239746094,
        108.66852569580078,
        100.77879333496094,
        98.94669342041016,
        90.75847625732422,
        90.09742736816406,
        98.81558990478516,
        82.15390014648438,
        82.18901062011719,
        93.82002258300781,
        89.43499755859375,
        93.56414031982422,
        85.92231750488281,
        87.39511108398438,
        78.15497589111328,
        83.68324279785156,
        95.20352172851562,
        81.2938461303711,
        89.14668273925781,
        103.14750671386719,
        81.199951171875,
        92.46463012695312,
        96.28472137451172,
        83.07677459716797,
        75.64330291748047,
        96.21480560302734,
        89.00160217285156,
        95.99039459228516,
        80.57054901123047,
        80.41163635253906,
        79.39813995361328,
        93.1295394897461,
        86.72581481933594,
        78.83314514160156,
        72.48056030273438,
        97.90829467773438,
        80.41161346435547,
        101.59317779541016,
        86.54322814941406,
        94.74873352050781,
        85.17619323730469,
        83.50220489501953,
        85.51422119140625,
        81.1875228881836,
        90.82491302490234,
        85.31587219238281,
        88.8841323852539,
        81.72283172607422,
        97.45924377441406,
        91.23998260498047,
        93.75227355957031,
        81.47740936279297,
        95.8223648071289,
        80.666015625,
        101.3288345336914,
        86.38140106201172,
        84.52281951904297,
        78.8772964477539,
        92.90213012695312,
        83.10506439208984,
        86.05325317382812,
        78.47146606445312,
        73.87516784667969,
        96.01602935791016,
        81.6674575805664,
        79.20768737792969,
        88.44639587402344,
        79.45259094238281,
        86.04652404785156,
        87.16523742675781,
        84.43190002441406,
        76.13064575195312,
        85.07095336914062,
        85.70941925048828
    ]
}