{
    "training_params": {},
    "random_seed": 43,
    "optimizer_name": "PreconditionedSGD",
    "valid_losses": [
        3.5827115713021693,
        2.654124745955834,
        2.3276591897010803,
        2.143466286170177,
        2.0773007418864813,
        1.9910862239507527
    ],
    "weight_decay": null,
    "minibatch_train_losses": [
        3.584573540932093,
        3.579401969909668,
        3.6142425537109375,
        3.5239763259887695,
        3.506796360015869,
        3.4093074798583984,
        3.4021568298339844,
        3.462958335876465,
        3.237522602081299,
        3.261333465576172,
        3.2159323692321777,
        3.4817452430725098,
        3.2438435554504395,
        3.342667579650879,
        3.2369184494018555,
        3.276461124420166,
        3.1279191970825195,
        3.2975950241088867,
        3.140026569366455,
        3.027395725250244,
        3.0995430946350098,
        3.1444053649902344,
        2.9341254234313965,
        3.043294906616211,
        2.982363224029541,
        3.0132408142089844,
        3.1619629859924316,
        3.0661230087280273,
        3.0927724838256836,
        3.027808427810669,
        2.953040599822998,
        2.951331615447998,
        3.067185878753662,
        2.9336280822753906,
        2.990157127380371,
        2.9258270263671875,
        2.944166421890259,
        2.825409412384033,
        2.7725670337677,
        3.0179386138916016,
        2.7132325172424316,
        2.838374614715576,
        2.659252643585205,
        2.7497029304504395,
        2.6007328033447266,
        2.781519889831543,
        3.042574882507324,
        2.747908592224121,
        2.7275092601776123,
        2.8355894088745117,
        2.7772231101989746,
        3.027677059173584,
        2.757169723510742,
        2.568358898162842,
        2.980935573577881,
        2.9066805839538574,
        2.647897243499756,
        2.8434388637542725,
        2.8289897441864014,
        2.6146488189697266,
        2.820587158203125,
        2.7273850440979004,
        2.732104778289795,
        2.6210269927978516,
        2.7418816486994424,
        2.544275999069214,
        2.533341407775879,
        2.4739151000976562,
        2.6852941513061523,
        2.680832862854004,
        2.6725382804870605,
        2.3708577156066895,
        2.5202202796936035,
        2.6216795444488525,
        2.523313283920288,
        2.643110513687134,
        2.680130958557129,
        2.668050527572632,
        2.4613139629364014,
        2.572324514389038,
        2.404675006866455,
        2.5092458724975586,
        2.503549337387085,
        2.4910783767700195,
        2.4576752185821533,
        2.4357941150665283,
        2.484278917312622,
        2.560389518737793,
        2.5579497814178467,
        2.5425972938537598,
        2.5148916244506836,
        2.3995087146759033,
        2.5198099613189697,
        2.428117036819458,
        2.5099987983703613,
        2.421755790710449,
        2.343158721923828,
        2.457198143005371,
        2.600590229034424,
        2.4842376708984375,
        2.5112709999084473,
        2.7979769706726074,
        2.474405288696289,
        2.468780040740967,
        2.3254852294921875,
        2.3691868782043457,
        2.592172145843506,
        2.303035259246826,
        2.55352783203125,
        2.4724063873291016,
        2.433870315551758,
        2.6982412338256836,
        2.496184825897217,
        2.4079394340515137,
        2.4371800422668457,
        2.4196505546569824,
        2.44417142868042,
        2.4994802474975586,
        2.488217830657959,
        2.299720525741577,
        2.2082061767578125,
        2.2988357543945312,
        2.4999237060546875,
        2.2727596759796143,
        2.503312110900879,
        2.35493540763855,
        2.3565268516540527,
        2.3010735511779785,
        2.4004380840521593,
        2.297449827194214,
        2.2724297046661377,
        2.4312705993652344,
        2.3504161834716797,
        2.24068284034729,
        2.5378193855285645,
        2.260128974914551,
        2.412578821182251,
        2.0764732360839844,
        2.595458984375,
        2.4073171615600586,
        2.171360731124878,
        2.2079572677612305,
        2.395491600036621,
        2.330901622772217,
        2.2421834468841553,
        2.176332473754883,
        2.5443544387817383,
        2.3466873168945312,
        2.4122114181518555,
        2.179425001144409,
        2.2081642150878906,
        2.177180767059326,
        2.4721879959106445,
        2.249177932739258,
        2.3628792762756348,
        2.344172716140747,
        2.1514010429382324,
        2.452421188354492,
        2.2486929893493652,
        2.34554123878479,
        2.5100977420806885,
        2.2039475440979004,
        2.2905399799346924,
        2.1018576622009277,
        2.1907663345336914,
        2.422301769256592,
        2.42556095123291,
        2.328494071960449,
        2.3463969230651855,
        2.139141082763672,
        2.3128867149353027,
        2.1156201362609863,
        2.183117389678955,
        2.2966322898864746,
        2.2974438667297363,
        1.993278980255127,
        2.207174301147461,
        2.3846359252929688,
        2.1014161109924316,
        2.3901846408843994,
        2.2007339000701904,
        2.3127543926239014,
        2.1006884574890137,
        2.2235889434814453,
        2.098599910736084,
        2.345487117767334,
        2.3121161460876465,
        2.4152164459228516,
        2.080176591873169,
        2.2662439346313477,
        2.3011059761047363,
        2.2170886993408203,
        2.2039939172756977,
        2.105991840362549,
        2.3220267295837402,
        2.2201526165008545,
        2.101011276245117,
        2.4803738594055176,
        2.179762363433838,
        2.253788948059082,
        2.0497570037841797,
        2.325565814971924,
        2.0250601768493652,
        2.286065101623535,
        2.171600341796875,
        2.243849039077759,
        2.230325698852539,
        2.330719470977783,
        2.248713254928589,
        1.9185309410095215,
        1.9244165420532227,
        2.182983875274658,
        2.1976304054260254,
        2.2425856590270996,
        2.251213550567627,
        2.1416378021240234,
        2.3711252212524414,
        2.1675400733947754,
        2.3866629600524902,
        2.1790647506713867,
        2.2141313552856445,
        2.284085988998413,
        2.2115478515625,
        2.1639132499694824,
        2.205111265182495,
        2.2457056045532227,
        2.0425281524658203,
        2.140207529067993,
        2.1815550327301025,
        2.1062307357788086,
        2.0280356407165527,
        1.9887375831604004,
        2.0490775108337402,
        2.2299704551696777,
        2.4331860542297363,
        2.0549473762512207,
        2.1205573081970215,
        2.113147735595703,
        2.11683988571167,
        2.301996946334839,
        2.1706383228302,
        1.881885290145874,
        2.035259246826172,
        2.083070755004883,
        2.097365379333496,
        2.16597056388855,
        2.249202251434326,
        2.3223743438720703,
        2.405832052230835,
        2.3198537826538086,
        2.2049269676208496,
        1.8882319927215576,
        1.9997413158416748,
        2.1999340057373047,
        2.158421277999878,
        2.211792230606079,
        2.1277891107094593,
        1.9598716497421265,
        1.9847087860107422,
        1.994621753692627,
        2.2152392864227295,
        1.9032691717147827,
        2.0931544303894043,
        1.992095708847046,
        2.0678372383117676,
        2.0687522888183594,
        2.0712757110595703,
        2.1273884773254395,
        2.2384417057037354,
        2.487215518951416,
        2.002349853515625,
        2.0434722900390625,
        2.1834726333618164,
        1.9521691799163818,
        2.055004596710205,
        2.253862142562866,
        2.2052390575408936,
        2.171062469482422,
