{
    "optimizer_hyperparams": {
        "lr": null
    },
    "train_losses": [
        3.578844440289033,
        2.6565753404910746,
        2.247188762976573,
        2.117464079306676,
        1.9544956974494152,
        1.883353936366546
    ],
    "test_losses": [
        3.5731342358466907,
        2.533743914885399,
        2.177403057232881,
        2.038934479921292,
        1.885824339512067,
        1.8310563686566474
    ],
    "testproblem": "cifar10_3c3d",
    "minibatch_train_losses": [
        3.578844440289033,
        3.5933403968811035,
        3.594247817993164,
        3.556248903274536,
        3.4476852416992188,
        3.4845657348632812,
        3.3576745986938477,
        3.145575523376465,
        3.362135648727417,
        3.311859607696533,
        3.1413917541503906,
        3.242466449737549,
        3.4239888191223145,
        3.1704835891723633,
        3.1371490955352783,
        3.1363837718963623,
        3.2733230590820312,
        3.209041118621826,
        3.0556836128234863,
        3.146958827972412,
        3.0139241218566895,
        3.229252815246582,
        2.998342514038086,
        3.0915040969848633,
        3.0460262298583984,
        3.0317444801330566,
        2.933526039123535,
        3.050875663757324,
        3.051758289337158,
        3.0695343017578125,
        3.0424089431762695,
        2.923063278198242,
        2.8802082538604736,
        3.0671331882476807,
        2.9291272163391113,
        2.78275465965271,
        2.8238525390625,
        2.9396603107452393,
        2.858243942260742,
        2.9952855110168457,
        2.9803357124328613,
        2.8307595252990723,
        2.8317930698394775,
        3.0455708503723145,
        2.792184829711914,
        2.7709994316101074,
        2.5739707946777344,
        2.7976150512695312,
        2.9038920402526855,
        2.682950496673584,
        3.1891274452209473,
        2.762162685394287,
        2.570608615875244,
        2.792811393737793,
        2.6209235191345215,
        2.6373214721679688,
        2.7380316257476807,
        2.586472988128662,
        2.8168811798095703,
        2.830392360687256,
        2.7883119583129883,
        2.6978278160095215,
        2.5267226696014404,
        2.5301647186279297,
        2.6565753404910746,
        2.71596097946167,
        2.780308723449707,
        2.6327710151672363,
        2.6493310928344727,
        2.4651551246643066,
        2.7925050258636475,
        2.6261610984802246,
        2.2388100624084473,
        2.639753818511963,
        2.321742534637451,
        2.3026697635650635,
        2.5720105171203613,
        2.450968027114868,
        2.292386770248413,
        2.3793258666992188,
        2.597996234893799,
        2.479358196258545,
        2.4809741973876953,
        2.2601640224456787,
        2.557286262512207,
        2.4173247814178467,
        2.3768327236175537,
        2.7976231575012207,
        2.35629940032959,
        2.472916603088379,
        2.589881658554077,
        2.536092758178711,
        2.3960227966308594,
        2.4558866024017334,
        2.2728962898254395,
        2.500621795654297,
        2.264540195465088,
        2.58607816696167,
        2.276428699493408,
        2.234417676925659,
        2.4653549194335938,
        2.349903106689453,
        2.562197208404541,
        2.468979835510254,
        2.3746871948242188,
        2.3853836059570312,
        2.4321060180664062,
        2.323448896408081,
        2.2221086025238037,
        2.259735584259033,
        2.627199649810791,
        2.2933266162872314,
        2.293529510498047,
        2.2784461975097656,
        2.405813217163086,
        2.250275135040283,
        2.412806510925293,
        2.1756482124328613,
        2.3840365409851074,
        2.3492934703826904,
        2.3050332069396973,
        2.472618579864502,
        2.575119733810425,
        2.3311357498168945,
        2.1743760108947754,
        2.0736937522888184,
        2.472529649734497,
        2.305424213409424,
        2.247188762976573,
        2.3398542404174805,
        2.388143539428711,
        2.4435911178588867,
        2.3597769737243652,
        2.2954890727996826,
        2.150864601135254,
        2.1152424812316895,
        2.350550651550293,
        2.17439603805542,
        2.4570064544677734,
        2.056352376937866,
        2.1778759956359863,
        2.1440439224243164,
        2.356090545654297,
        2.2138302326202393,
        2.0603158473968506,
        2.13124680519104,
        2.289215564727783,
        2.2749762535095215,
        2.307307243347168,
        2.119832992553711,
        2.3201589584350586,
        2.2663328647613525,
        2.3078479766845703,
        2.1687488555908203,
        2.044861316680908,
        2.083005428314209,
        2.010983467102051,
        2.2736661434173584,
        2.0804879665374756,
        2.2198543548583984,
        2.3137941360473633,
        2.3698244094848633,
        1.9453520774841309,
        2.2256722450256348,
        2.0482606887817383,
        2.116339683532715,
        2.2178521156311035,
        2.091872453689575,
        2.2544193267822266,
        2.148650884628296,
        2.025411605834961,
        2.1227951049804688,
        2.3084564208984375,
        2.2960939407348633,
        2.176436185836792,
        2.2364182472229004,
        1.991398811340332,
        1.9005718231201172,
        2.1927528381347656,
        1.9923101663589478,
        2.0111732482910156,
        2.17376708984375,
        2.0742344856262207,
        1.98891282081604,
        2.1972362995147705,
        2.1387410163879395,
        1.942518711090088,
        2.213214874267578,
        2.1205077171325684,
        2.024688482284546,
        1.9305412769317627,
        2.109569549560547,
        2.117464079306676,
        1.9990835189819336,
        2.102792739868164,
        2.236292839050293,
        2.170029640197754,
        1.9568116664886475,
        1.9406085014343262,
        1.9347679615020752,
        2.121640205383301,
        2.2196435928344727,
        1.941300392150879,
        2.067521333694458,
        1.9674859046936035,
        2.079829692840576,
        2.0984344482421875,
        2.3039183616638184,
        2.2835850715637207,
        2.2522902488708496,
        2.069314479827881,
        1.9322775602340698,
        1.8459630012512207,
        2.1241421699523926,
        2.1281588077545166,
        1.9672434329986572,
        2.0938663482666016,
        1.9820380210876465,
        1.8679773807525635,
        2.082484722137451,
        1.9010982513427734,
        2.079690933227539,
        2.1802380084991455,
        2.1285953521728516,
        1.985905647277832,
        1.9415974617004395,
        1.946040391921997,
        1.9737143516540527,
        1.7739862203598022,
        1.8896210193634033,
        2.4150545597076416,
        2.1545629501342773,
        2.158207893371582,
        1.983351707458496,
        1.86722731590271,
        1.8702070713043213,
        1.8455758094787598,
        1.9487460851669312,
        1.953331470489502,
        1.9276063442230225,
        2.182671070098877,
        2.0682995319366455,
        1.905689001083374,
        1.9444239139556885,
        2.0610604286193848,
        2.2424368858337402,
        1.9566123485565186,
        2.0788917541503906,
        1.944082498550415,
        2.1469194889068604,
        2.1123147010803223,
        2.108109712600708,
        1.734919548034668,
        1.8698631525039673,
        1.8330676555633545,
        2.1740951538085938,
        1.9544956974494152,
        2.3478143215179443,
        1.9488391876220703,
        2.2463154792785645,
        2.090193271636963,
        1.9590399265289307,
        1.9930739402770996,
        1.7459800243377686,
        1.9059109687805176,
        1.753745675086975,
        2.1653542518615723,
        1.9301210641860962,
        1.9513916969299316,
        1.8947128057479858,
        1.7715716361999512,
