{
    "training_params": {},
    "valid_accuracies": [
        0.1273036858974359,
        0.4791666666666667,
        0.5795272435897436,
        0.6069711538461539,
        0.6539463141025641,
        0.6794871794871795
    ],
    "optimizer_hyperparams": {
        "lr": null
    },
    "train_accuracies": [
        0.12429887820512821,
        0.46664663461538464,
        0.5588942307692307,
        0.5819310897435898,
        0.6365184294871795,
        0.66015625
    ],
    "train_losses": [
        3.576287636390099,
        2.687209126276848,
        2.2794396930780167,
        2.161465585995943,
        2.001656947227625,
        1.903427616908
    ],
    "optimizer_name": "PreconditionedSGD",
    "test_accuracies": [
        0.12860576923076922,
        0.49429086538461536,
        0.5876402243589743,
        0.6133814102564102,
        0.6605568910256411,
        0.6818910256410257
    ],
    "random_seed": 51,
    "weight_decay": null,
    "batch_size": 64,
    "minibatch_train_losses": [
        3.576287636390099,
        3.583615303039551,
        3.556419849395752,
        3.5353808403015137,
        3.430494785308838,
        3.3884754180908203,
        3.360560417175293,
        3.5861425399780273,
        3.290964126586914,
        3.3052890300750732,
        3.1601576805114746,
        3.34559965133667,
        3.372894763946533,
        3.10172176361084,
        3.191854953765869,
        3.245664596557617,
        3.068695545196533,
        3.199033737182617,
        3.1772913932800293,
        3.060908079147339,
        3.0893301963806152,
        3.140979766845703,
        3.473600149154663,
        3.0367443561553955,
        2.9950881004333496,
        3.099666118621826,
        3.0410497188568115,
        3.026639938354492,
        2.9737744331359863,
        2.901045799255371,
        3.117086887359619,
        3.0854299068450928,
        2.9642539024353027,
        3.086106777191162,
        2.9582037925720215,
        2.8922019004821777,
        2.917847156524658,
        2.892702579498291,
        3.131000518798828,
        3.0247135162353516,
        2.750656843185425,
        2.9090445041656494,
        2.9541244506835938,
        2.9398348331451416,
        2.887871742248535,
        2.6085009574890137,
        2.9075422286987305,
        2.914980888366699,
        2.8669238090515137,
        2.7189061641693115,
        2.853456497192383,
        2.780653953552246,
        2.917365074157715,
        2.802928924560547,
        2.693024158477783,
        3.3107035160064697,
        2.665531635284424,
        2.642218828201294,
        2.753856658935547,
        2.6699752807617188,
        2.609842300415039,
        2.7641749382019043,
        2.9523606300354004,
        2.630066156387329,
        2.687209126276848,
        2.6072826385498047,
        2.5126771926879883,
        2.451542854309082,
        2.6140670776367188,
        2.8585686683654785,
        2.5829339027404785,
        2.5062031745910645,
        2.518430233001709,
        2.6970953941345215,
        2.4188101291656494,
        2.203673839569092,
        2.6428661346435547,
        2.3713698387145996,
        2.477184295654297,
        2.6565053462982178,
        2.6473629474639893,
        2.8267383575439453,
        2.5824198722839355,
        2.6307566165924072,
        2.6695194244384766,
        2.5046792030334473,
        2.5235483646392822,
        2.4419291019439697,
        2.4440624713897705,
        2.4534566402435303,
        2.431847095489502,
        2.5044851303100586,
        2.334057092666626,
        2.5530614852905273,
        2.5226800441741943,
        2.5886518955230713,
        2.5623879432678223,
        2.489161968231201,
        2.511322021484375,
        2.5918729305267334,
        2.52463960647583,
        2.3637824058532715,
        2.279067039489746,
        2.3777194023132324,
        2.5016183853149414,
        2.7418808937072754,
        2.358694076538086,
        2.264111042022705,
        2.213120222091675,
        2.4518723487854004,
        2.36704158782959,
        2.384068250656128,
        2.524043083190918,
        2.46337628364563,
        2.523768186569214,
        2.220649242401123,
        2.386974334716797,
        2.537783145904541,
        2.410435199737549,
        2.3382716178894043,
        2.3849618434906006,
        2.527174472808838,
        2.161576986312866,
        2.5515670776367188,
        2.4061453342437744,
        2.4253108501434326,
        2.5221409797668457,
        2.5002028942108154,
        2.2794396930780167,
        2.129152774810791,
        2.316053867340088,
        2.496486186981201,
        2.202482223510742,
        2.4926319122314453,
        2.164915084838867,
        2.2763772010803223,
        2.2307980060577393,
        2.203814744949341,
        2.1665656566619873,
        2.265815496444702,
        2.5776124000549316,
        2.1617298126220703,
        2.1959686279296875,
        2.104154586791992,
        2.3090596199035645,
        2.2869386672973633,
        2.088446855545044,
        2.2272794246673584,
        2.3370203971862793,
        2.307328701019287,
        2.1571898460388184,
        2.4321913719177246,
        2.2095937728881836,
        2.07905650138855,
        2.375701904296875,
        2.0341317653656006,
        2.2619690895080566,
        2.4500327110290527,
        2.3773553371429443,
        1.9731886386871338,
        2.0228147506713867,
        2.3052120208740234,
        2.2297861576080322,
        2.130936861038208,
        2.2149839401245117,
        2.3625948429107666,
        2.371659278869629,
        2.365649700164795,
        2.2867608070373535,
        2.0167574882507324,
        2.15889310836792,
        2.1863467693328857,
        2.2256500720977783,
        2.4154605865478516,
        2.101409912109375,
        2.2731246948242188,
        2.254558801651001,
        2.290372371673584,
        2.099090099334717,
        2.299272298812866,
        2.135667562484741,
        2.01277232170105,
        2.0599582195281982,
        2.0987133979797363,
        1.9535932540893555,
        2.2407386302948,
        2.223865032196045,
        2.0322604179382324,
        2.164588212966919,
        2.303783416748047,
        2.069689989089966,
        2.242332935333252,
        2.161465585995943,
        2.2121126651763916,
        2.4402401447296143,
        2.224804639816284,
        1.8415186405181885,
        1.9793529510498047,
        2.1935391426086426,
        1.9161112308502197,
        2.1218924522399902,
        2.1020872592926025,
        2.158217430114746,
        2.0558409690856934,
        2.1407203674316406,
        1.8145442008972168,
        2.125044345855713,
        2.2165231704711914,
        2.183797597885132,
        2.2003402709960938,
        1.961320161819458,
        2.1756033897399902,
        2.0805416107177734,
        2.1469709873199463,
        1.9878196716308594,
        1.8602499961853027,
        1.9000756740570068,
        1.981467604637146,
        2.037705183029175,
        2.0045928955078125,
        2.1247406005859375,
        2.203829526901245,
        1.995179295539856,
        1.9108736515045166,
        1.988743543624878,
        1.9894921779632568,
        2.0760319232940674,
        2.0504918098449707,
        1.8796342611312866,
        2.19476318359375,
        2.1068572998046875,
        1.8162109851837158,
        2.0244202613830566,
        2.022489547729492,
        2.0091817378997803,
        2.0519418716430664,
        1.9228841066360474,
        1.9858760833740234,
        2.1341359615325928,
        2.19807505607605,
        2.0344104766845703,
        1.930795669555664,
        2.048633098602295,
        1.9419000148773193,
        1.9231486320495605,
        2.0853826999664307,
        2.1923298835754395,
        2.0048227310180664,
        1.9753111600875854,
        1.8248238563537598,
        1.7096799612045288,
        1.9889307022094727,
        1.9089465141296387,
