{
    "testproblem": "quadratic_deep",
    "batch_size": 32,
    "num_epochs": 100,
    "random_seed": 49,
    "weight_decay": null,
    "optimizer_name": "Preconditioner",
    "optimizer_hyperparams": {
        "lr": 1e-05
    },
    "training_params": {},
    "train_losses": [
        581.9255056073589,
        580.7518054592994,
        106.2672864852413,
        98.53979270688949,
        95.66546286306074,
        93.81589631111392,
        91.80018443446005,
        92.91125857445502,
        89.59081317532447,
        89.12912897909841,
        89.48368146342617,
        89.12659355901903,
        89.62562757922757,
        88.90189927624118,
        89.02899686751827,
        88.64139655328566,
        87.72082839473602,
        87.84534626622354,
        87.199709000126,
        87.84116658856792,
        87.32237489761845,
        88.61783575242565,
        88.27819356610698,
        88.59575825352823,
        89.61764058759135,
        87.85810236777029,
        87.24801143523186,
        87.95821060672883,
        88.69566000661543,
        87.8479990805349,
        87.27613190681704,
        87.33250944076046,
        87.65652908817414,
        87.39031539424774,
        89.21294353854272,
        87.99629260647681,
        86.67630792433216,
        87.44104422292402,
        89.50161718553112,
        87.16724937192855,
        88.99463112123551,
        87.06760554159841,
        87.88945425710371,
        88.31864067815965,
        88.15184783935547,
        86.29718116021925,
        88.05440127465033,
        88.85302488265499,
        87.3179213000882,
        88.63806423064202,
        87.18925525296119,
        89.68493037069997,
        87.36144798032699,
        88.7873291507844,
        87.69570676742062,
        88.88494085496471,
        87.70626954109439,
        88.67820469025642,
        87.09336656139743,
        87.38258927868259,
        88.04022561350176,
        87.02168495424333,
        88.97032263971144,
        87.47743791149509,
        86.54151202786353,
        86.76170964394846,
        88.64969585787865,
        87.09588180049774,
        88.74877068304247,
        88.80321724184098,
        86.96369220364478,
        87.94525195706275,
        87.13241897090789,
        88.40512232626638,
        87.9227046351279,
        86.70866049489668,
        88.66650759789252,
        86.82022488501764,
        87.62242200297695,
        87.77174869660408,
        88.63069743494833,
        87.45445276075795,
        86.60742507442352,
        88.59681430939705,
        86.67190699423513,
        88.92373608004662,
        88.39620725570187,
        88.9206781694966,
        87.19102748747795,
        88.40890625984439,
        88.10877867667905,
        87.55603568784652,
        88.12885382867628,
        87.0782222132529,
        87.32837923111454,
        88.36832920197517,
        86.56063129055885,
        90.15259945777154,
        87.4200670796056,
        87.70115907730595,
        88.36229262813445
    ],
    "valid_losses": [
        578.1544701360887,
        577.1103220293598,
        104.27341682680192,
        96.04233895578692,
        94.0179453203755,
        91.39364722467238,
        89.85677066926033,
        90.949950679656,
        87.18346429640248,
        87.31440218033329,
        87.49610531714654,
        87.16919560586253,
        87.95221414873677,
        87.50838470458984,
        87.13719940185547,
        87.10972816713395,
        85.01947070706275,
        85.28482941658267,
        84.98826082291141,
        85.38419711205268,
        85.41581110800466,
        86.40238903414819,
        85.91534522271925,
        86.7338628461284,
        88.35445797827936,
        86.01888545866936,
        84.9510018133348,
        86.30705039731917,
        86.30903797764933,
        85.42227566626764,
        85.11729751094695,
        84.68298019901398,
        85.42729925340221,
        85.40468868132561,
        87.34483362013295,
        85.82825814524004,
        84.6626953617219,
        85.32847275272492,
        88.23803169496598,
        84.81423827140561,
        86.7937496554467,
        84.59925670008505,
        85.57401152580015,
        85.65459245251071,
        86.40752927718624,
        84.31654825518208,
        85.75940507458103,
        87.30079355547505,
        84.70897896059098,
        86.59163616549584,
        84.84985130063949,
        87.83060824486518,
        85.00055202361077,
        86.16980275800151,
        85.72036669331212,
        86.61705213977444,
        85.28354718608242,
        86.95735513010332,
        84.99462619904548,
        85.28082029281124,
        85.22622656053112,
        84.7372074742471,
        86.65332523469002,
        84.8671136671497,
        84.12645524547946,
        84.5189440327306,
        86.6302960303522,
        84.3293208460654,
        86.83829965899068,
        85.91118720269972,
        84.73619276477444,
        85.78135016656691,
        85.22432954849735,
        85.64275581605973,
        85.63926721388295,
        84.38646328833795,
        85.90845071115801,
        84.48001492408014,
        85.70767605689264,
        85.14034517349735,
        86.54053448092553,
        85.1927005398658,
        84.62840197163243,
        85.8894279233871,
        84.5102054226783,
        86.13747873613912,
        86.55084573068926,
        87.54198751141948,
        84.88650906470514,
        85.57816905360067,
        85.72556551041141,
        85.64124125819052,
        86.16650661345452,
        85.0664293842931,
        85.28362618723223,
        86.62526309105658,
        84.62377683577999,
        88.30082579581968,
        84.73214795512538,
        85.83213658486643,
        86.66952440815587
    ],