{
    "testproblem": "quadratic_deep",
    "batch_size": 32,
    "num_epochs": 100,
    "random_seed": 51,
    "weight_decay": null,
    "optimizer_name": "Preconditioner",
    "optimizer_hyperparams": {
        "lr": 1e-05
    },
    "training_params": {},
    "train_losses": [
        245.88656222435736,
        245.08233494912423,
        103.79462506694179,
        101.06254676080519,
        96.44427194902974,
        94.18854867258379,
        92.17237854003906,
        89.9832283758348,
        91.28511195028982,
        89.47879643594065,
        88.67089080810547,
        89.50063004032258,
        88.73833908573273,
        87.95969686200542,
        87.21337472238848,
        87.24079993463332,
        88.01499889742944,
        87.57831155100176,
        88.17508279123614,
        87.90479844616306,
        87.11506652832031,
        86.50374972435736,
        87.6324691772461,
        86.8544683148784,
        87.74334642964024,
        86.89687667354461,
        86.91598166188886,
        87.5351326234879,
        87.49664651193926,
        88.5268077235068,
        87.0491453601468,
        88.60636754189768,
        87.5103274929908,
        87.13236950289819,
        87.38753361855784,
        86.95969661589592,
        86.6170673985635,
        86.71586313555318,
        86.46722289054624,
        87.29867775209489,
        87.92897402855658,
        86.59831040905368,
        86.96647077991116,
        87.49850636143839,
        86.20622154974168,
        86.34702374858242,
        86.51821924025013,
        87.01338884907383,
        87.64892258182648,
        86.34205479775706,
        86.76103358114919,
        86.62035320651147,
        87.94575500488281,
        86.63750531596523,
        87.01005037369266,
        86.3213651103358,
        88.48951991911858,
        87.34457840458039,
        86.33783303537676,
        87.93039260372039,
        87.58720004174018,
        87.13822051017515,
        89.16797465662802,
        88.9489979897776,
        88.45966634442729,
        87.14540493872857,
        88.78296267601752,
        87.44950276036417,
        86.8266338225334,
        88.91695477885585,
        86.6729477913149,
        87.08350150815902,
        87.62845660794166,
        86.90209887104649,
        87.36418939405873,
        88.14553759174962,
        86.32896743282195,
        87.67544211110761,
        89.37450359713647,
        88.12188745314076,
        86.29294660014492,
        87.98352592222152,
        87.16882742604902,
        86.74198888963268,
        86.74575485721711,
        87.81159874700731,
        87.18808377173639,
        86.18738580519154,
        88.70950932656565,
        88.22927044283959,
        88.58018395208543,
        86.71388096963206,
        86.7919178624307,
        88.25191866966986,
        88.0643300702495,
        87.55999411306074,
        89.07194248322517,
        86.67031688074911,
        86.94796875984439,
        87.46005741242439,
        86.67997397145918
    ],
    "valid_losses": [
        244.339596656061,
        244.0438768940587,
        104.42943326888546,
        101.55851573328817,
        97.42615164479902,
        94.93059835126323,
        93.29842524374685,
        91.20683140908518,
        92.68281875118133,
        90.85434156848538,
        89.48133923930507,
        90.57373022264049,
        89.86332850302419,
        88.99211637435421,
        87.85543380245086,
        88.43995641892955,
        89.57555315571446,
        88.53599991336945,
        88.84703679238596,
        88.71041550174836,
        88.26898414857926,
        87.29452268538937,
        88.37269075455204,
        87.8245849609375,
        89.31174198273689,
        88.50846838182018,
        88.36655795189643,
        88.0746578093498,
        89.15289848081527,
        89.33146618258569,
        88.32065163889239,
        90.06370101436492,
        88.44778737714213,
        88.50448682231288,
        88.42088317871094,
        87.32623364848476,
        87.5290268928774,
        87.27142752370527,
        87.37196989982358,
        88.00667448966733,
        88.23033585086945,
        87.97820208149571,
        87.45668226672757,
        88.39216982933783,
        87.37118456440587,
        87.66658758348034,
        87.57121252244518,
        88.02629729240171,
        88.52432374031314,
        87.45902375252017,
        87.78903690461189,
        86.91003122637349,
        88.86875251031691,
        87.55393317437941,
        87.57172689130229,
        87.1649169921875,
        88.61270633820564,
        87.83148685578377,
        87.36927573911605,
        88.75809601814517,
        89.13711474018712,
        88.26061445666897,
        89.56566619873047,
        90.5124009655368,
        89.11903701290008,
        87.85679749519595,
        89.5627680132466,
        88.41764068603516,
        88.01327662314138,
        89.8699217765562,
        87.76976800733998,
        88.47269956527218,
        88.61851501464844,
        87.2051768149099,
        87.69788926647556,
        89.1659887990644,
        87.07730324037614,
        88.82843854350429,
        90.59942208566973,
        88.72369310932774,
        87.42284368699596,
        89.51485098561933,
        88.50760527580015,
        87.80565347979146,
        88.2323984945974,
        89.53945602909211,
        88.77036999117944,
        87.5232915570659,
        89.59862296811995,
        89.37264423985636,
        89.62221182546308,
        87.25306677049205,
        87.8321523358745,
        89.48956569548577,
        89.26548028761341,
        88.88312875070879,
        90.70282179309476,
        88.17715011104461,
        87.71078245101437,
        87.93784922938192,
        87.78250269736013
    ],