{
    "testproblem": "quadratic_deep",
    "batch_size": 32,
    "num_epochs": 100,
    "random_seed": 48,
    "weight_decay": null,
    "optimizer_name": "Preconditioner",
    "optimizer_hyperparams": {
        "lr": 1e-05
    },
    "training_params": {},
    "train_losses": [
        463.6609959756174,
        462.4446263467112,
        104.16602965324155,
        99.55008106846964,
        97.9967998381584,
        95.01867848057901,
        92.6172123570596,
        92.82428544567478,
        90.93461707330519,
        92.19707636679372,
        90.05667040424962,
        90.75385087536228,
        89.40358241911858,
        89.33422334732548,
        89.73870160502773,
        91.8390372491652,
        89.82420546008694,
        89.22554213000882,
        89.99965126283708,
        88.65985525808027,
        89.86657468734249,
        89.44708621117377,
        89.65532831991872,
        88.49982083228326,
        90.59967385568926,
        89.89236474806263,
        90.06391857516381,
        90.12711851058468,
        89.30128626669607,
        89.71505909581339,
        88.40723763742754,
        88.69971367620653,
        93.44249996062248,
        90.97161373015373,
        90.41517220774004,
        89.27364521641886,
        88.8967553415606,
        89.35822493030179,
        88.55138224940146,
        88.2652602657195,
        89.84387576195502,
        89.90402000181136,
        89.38511386994392,
        89.90907705983808,
        89.06499776532573,
        88.71231226767263,
        89.28771529659149,
        88.37937435027092,
        89.88860444099673,
        92.70920858075542,
        89.26151570966167,
        88.65034780194682,
        89.06842385568926,
        89.11986984745148,
        89.11351923788747,
        89.10580395114037,
        89.38595974829889,
        89.53918924639302,
        88.50861973916331,
        89.20943475538685,
        88.68715987666961,
        88.65659799883443,
        91.01267439319241,
        88.76385202715474,
        89.22857296851373,
        90.59059241510207,
        89.06410020397556,
        88.67021006922567,
        88.98912983555948,
        88.64449261080834,
        89.12408594931325,
        89.33142335953251,
        89.08178489438949,
        88.4369142593876,
        89.03904404178742,
        88.70919332196635,
        91.91562898697391,
        89.53005587670111,
        89.60678199029738,
        90.28065687610257,
        89.54986695320376,
        88.17918076053742,
        90.36878622731855,
        88.87516637002268,
        89.503418953188,
        90.66794044740739,
        89.12682982413999,
        90.51252229752079,
        89.94884490966797,
        90.23105178340789,
        88.40694895098287,
        89.21615009923136,
        88.86825438468686,
        89.11932323824975,
        90.23518913022933,
        90.73823941138482,
        87.81068100467805,
        89.27271443028604,
        88.67798220726752,
        89.23926741077054,
        90.81696221136278
    ],
    "valid_losses": [
        454.9857886529738,
        454.2354303175403,
        100.51990828975555,
        96.98058540590348,
        96.13978158274004,
        92.28761955999559,
        90.01748977168914,
        90.31534502583165,
        88.6401854484312,
        89.6696312196793,
        87.08161089497227,
        88.39932078699911,
        86.65185251543599,
        86.56730504189768,
        86.57528760356288,
        88.8973622475901,
        86.77789454306325,
        86.10535726239604,
        87.26691559822329,
        85.8427015735257,
        87.16930881623298,
        86.81422793480658,
        86.00486903036794,
        86.01429207094255,
        87.52564707110005,
        86.48462455503402,
        88.40975066154233,
        87.48584944202054,
        86.31593002811555,
        86.89756454959992,
        85.70343017578125,
        85.86813625212639,
        90.4865951538086,
        86.92965427521736,
        87.32545520413306,
        86.2970928069084,
        86.22029162991431,
        86.61702851326235,
        85.82325080133253,
        85.66915425946635,
        87.44237444477696,
        87.70556566792149,
        86.14896934263167,
        87.10424041748047,
        85.52700362666961,
        86.10006098593435,
        86.11322587536228,
        85.81480260049143,
        86.51524746802545,
        89.29894404257497,
        85.86336468112084,
        85.69991499377835,
        85.98965577156314,
        86.65050703479397,
        86.50772045504662,
        86.00409575431577,
        86.8038593415291,
        86.1745839272776,
        85.52256208850491,
        86.65958798316217,
        85.9552732898343,
        85.7098895657447,
        88.37844528690461,
        86.23773956298828,
        86.97593369022492,
        87.9007583125945,
        85.57940206220073,
        86.07656737296811,
        87.10434009182838,
        85.57987065469065,
        86.02064194217805,
        86.4555395803144,
        85.91181798135081,
        85.14711466143208,
        86.48197666291267,
        86.03547520791331,
        88.89244497975996,
        87.07483746928554,
        87.06281009797127,
        86.88378364809098,
        86.27702233099168,
        85.41126571163055,
        87.95197369975429,
        86.3541528024981,
        87.34634005638861,
        88.5361812960717,
        86.84063006985572,
        87.39216736824282,
        87.4505615234375,
        86.9332280312815,
        85.75506394909274,
        85.79717869912425,
        85.87113632694367,
        86.33279492778163,
        87.72310195430633,
        87.9454355547505,
        84.95902498306766,
        86.62367593088457,
        86.03333159415952,
        86.04022487517327,
        87.6986824773973
    ],