{
    "testproblem": "quadratic_deep",
    "batch_size": 32,
    "num_epochs": 100,
    "random_seed": 52,
    "weight_decay": null,
    "optimizer_name": "Preconditioner",
    "optimizer_hyperparams": {
        "lr": 1e-05
    },
    "training_params": {},
    "train_losses": [
        378.5742433609501,
        377.72989876039566,
        105.61156414401147,
        98.69995141798451,
        95.4953130906628,
        95.6045647898028,
        92.37121065201298,
        90.71143611784905,
        90.11310134395477,
        90.28189529911164,
        91.50979220482611,
        89.7508316040039,
        89.75305692611202,
        89.62511985532699,
        88.43485604563067,
        88.34475978728264,
        89.10612487792969,
        88.82053153745589,
        88.13122533982799,
        88.7035874397524,
        88.50784104870212,
        90.19247190413937,
        88.7377444851783,
        89.52310426773563,
        88.09174100814327,
        88.23014634655368,
        88.09373203400642,
        88.10377379386655,
        87.69943114249936,
        88.37130491195187,
        89.0531020625945,
        89.34387797694052,
        88.35165380662487,
        88.09187612225932,
        87.71311483075542,
        90.2872789444462,
        88.2169915476153,
        88.88988962481099,
        89.12074698171308,
        88.12548754292149,
        88.33155822753906,
        88.47749500889933,
        89.05874338457662,
        88.30697434948337,
        88.73782717797064,
        87.99806164157006,
        88.59264619888798,
        87.73947365053239,
        88.63020866147933,
        87.75453382922757,
        87.75032437232232,
        87.49004240958921,
        87.28104646744266,
        87.56961970175466,
        88.96899807837701,
        88.82046311901462,
        87.95560947541267,
        88.07897776942099,
        88.36316582464403,
        88.13032876291582,
        87.29128019271359,
        87.38794585197202,
        87.88482223018524,
        88.7390633859942,
        88.45667808286605,
        87.00273944485572,
        87.97152537684286,
        89.66639217253655,
        87.54306104106288,
        88.13643424741683,
        89.12825307538432,
        87.39207704605595,
        88.04397459953061,
        91.06603093301096,
        87.3017314787834,
        88.59117544850996,
        91.10418824226626,
        87.37314654934791,
        88.53755557152533,
        87.92631530761719,
        89.96688645885837,
        88.63003220096711,
        88.15340472805885,
        87.96442044165826,
        87.36915342269405,
        87.64408554569367,
        88.28706581361833,
        87.94834924513295,
        88.54789635442918,
        89.66265893751576,
        89.79498660179877,
        87.88111040669102,
        87.71156729421308,
        87.38070309546686,
        88.19942055979082,
        89.36649962394468,
        88.76934912896925,
        90.23383257465977,
        88.26082537251133,
        87.79681593371976,
        87.4765142625378
    ],
    "valid_losses": [
        375.7962105043473,
        375.2279820596018,
        104.01348606232673,
        96.56914495652721,
        93.39267976822391,
        93.84318271760017,
        90.75464654737904,
        89.03104425245716,
        88.52260318879158,
        88.86873208322832,
        89.71263787054247,
        87.87455528013167,
        87.49454252181515,
        87.92859969600555,
        86.88014861076108,
        87.10337214316091,
        87.34090398973034,
        87.39432304136214,
        86.49173170520413,
        86.74297431207472,
        86.80419429655998,
        89.27443621235508,
        87.2683861024918,
        88.08595275878906,
        86.15867516302293,
        86.46622122487715,
        86.60801352224043,
        86.40963105232485,
        85.72932975522933,
        86.5723891719695,
        86.9192625476468,
        87.71618061680948,
        87.18174374488092,
        86.76197125834804,
        86.25039820517263,
        89.39667560208228,
        86.82120858469317,
        87.59989363147366,
        86.98444981728831,
        86.36349118140436,
        87.13240248157132,
        87.28374481201172,
        87.96891218616116,
        86.82371890160346,
        87.6776831842238,
        86.95945739746094,
        87.01723972443611,
        85.82642389112904,
        86.44742190453314,
        86.06261444091797,
        86.42596312492124,
        85.61863388553742,
        85.33533280895603,
        85.68760951872795,
        87.18919200281942,
        87.67229633946573,
        86.02530743998867,
        85.92977536109186,
        86.1968509304908,
        85.79950566445628,
        85.34344211701423,
        85.71925550891507,
        86.61637460031817,
        86.75422693067982,
        86.17370580857799,
        85.33776289416897,
        86.3332034695533,
        87.61717174899194,
        86.17247969104397,
        87.15360087733114,
        87.4825193343624,
        85.3229276595577,
        86.23249103176978,
        90.59018239667338,
        85.95521274689705,
        87.1946790141444,
        90.27049599924395,
        86.02718648602885,
        87.06024366809476,
        86.25079493368825,
        88.38324442217427,
        86.48317521618259,
        87.03977990919545,
        86.25604617211127,
        85.72198412495274,
        85.51277972805885,
        86.78739732311618,
        86.21475884222215,
        86.62934309436429,
        87.22526254961568,
        88.26235100530809,
        85.92323721608808,
        85.73039713213521,
        85.70237682711694,
        86.56604126961001,
        88.08114624023438,
        86.73420739942982,
        87.59033523067352,
        86.32689494471396,
        85.78596595025832,
        85.77150430986958
    ],