{
    "testproblem": "quadratic_deep",
    "batch_size": 32,
    "num_epochs": 100,
    "random_seed": 46,
    "weight_decay": null,
    "optimizer_name": "Preconditioner",
    "optimizer_hyperparams": {
        "lr": 1e-05
    },
    "training_params": {},
    "train_losses": [
        331.58020905525456,
        331.4550318564138,
        107.48899398311492,
        99.96920431813886,
        98.45284788070187,
        95.84550082299018,
        93.67828221474925,
        93.57766748243763,
        92.8790763116652,
        92.0967060212166,
        92.00668334960938,
        91.48116154824534,
        93.07994497975996,
        90.53898768271169,
        90.45621933475617,
        91.26595897059286,
        92.3023686562815,
        90.77175854098412,
        91.05818225491431,
        90.40228517593876,
        89.332275390625,
        90.94007971978957,
        90.8854483327558,
        90.28581188571069,
        90.07785231067288,
        88.79100430396295,
        90.00797296339466,
        89.2406973069714,
        89.57765000866306,
        88.73559348813949,
        90.07234954833984,
        94.41491945328251,
        89.66026847593245,
        90.27632707165134,
        89.47902999385711,
        90.2097638037897,
        89.2913584555349,
        92.67749195714151,
        89.35689470844883,
        90.24579768027029,
        89.88962333433089,
        90.12123427852508,
        89.65348102200416,
        89.95283508300781,
        89.87652095671623,
        90.09167209748298,
        90.49300163022933,
        89.09173460929624,
        90.15001801521548,
        89.45469763971144,
        90.63007650067729,
        90.01144606067288,
        89.00163958149571,
        90.08956318516886,
        90.69935435633505,
        90.95472225066155,
        89.51893221947455,
        89.2554217923072,
        89.89368635608304,
        89.10700004331527,
        88.78655193698022,
        90.42319734634891,
        90.01945397161668,
        93.42735019806892,
        91.64828614265689,
        89.93382903068296,
        90.5724342100082,
        89.98655922182145,
        90.00237766388923,
        90.31851393176663,
        91.94166023500505,
        88.98015619093373,
        89.77707721341041,
        89.27674742667905,
        90.54965259182838,
        90.37298288652974,
        90.34603709559286,
        89.06468692902595,
        89.36512830180507,
        90.04659837292087,
        89.21636544504473,
        88.97892047512916,
        89.56124804096837,
        90.14432205692414,
        90.99901408533896,
        88.70386012907952,
        88.78113506686303,
        88.84869606264176,
        91.0671615600586,
        89.87544865762034,
        88.67902054325226,
        88.90420679892263,
        89.61673219742313,
        89.67467818721649,
        89.93856023973034,
        89.01906019641507,
        88.80322831676853,
        89.4744142101657,
        90.21359228318737,
        90.04602838331654,
        89.93077358122795
    ],
    "valid_losses": [
        327.4473936019405,
        326.9422528666835,
        105.94425595191217,
        98.54620361328125,
        97.57106633340159,
        94.80175608973349,
        92.90869386734501,
        92.37526653658959,
        91.39159097979146,
        91.52128379575667,
        91.2324450092931,
        89.92981178529801,
        92.6038062803207,
        89.5175301336473,
        88.9833743187689,
        89.70968455653036,
        90.41895072690902,
        89.06592879756805,
        90.37890600389049,
        89.91680514427924,
        88.2458998157132,
        90.03709411621094,
        89.71816573604461,
        88.76080051545173,
        88.79729658557522,
        87.33137979815083,
        88.76140840591923,
        87.99237601987777,
        88.1989268641318,
        87.35667714764995,
        88.23238741966986,
        93.01429379370904,
        87.97484490179247,
        89.26171579668599,
        88.78115647838962,
        88.25872433570123,
        88.11401071856099,
        92.02369443831905,
        88.22836525209489,
        88.45154645366054,
        88.95940522224673,
        89.22461552773753,
        89.53709928451046,
        88.7211180656187,
        88.49996800576487,
        88.23318678332913,
        89.10389291086504,
        87.18465989635837,
        89.23074537707913,
        88.42878624700731,
        88.30446255591607,
        88.77172679285849,
        87.56726787936303,
        89.45572957684917,
        90.03529308688256,
        89.89889083370086,
        88.78382356705204,
        88.20018596033896,
        88.21278947399509,
        87.82326212236958,
        87.5699457968435,
        89.7566890101279,
        88.46107359855405,
        92.2661593037267,
        90.36258549844065,
        88.22654847175845,
        89.36623825565461,
        88.0069570233745,
        89.16141829952117,
        89.18611046575731,
        90.17595672607422,
        87.81986728791267,
        88.6257572789346,
        87.96680253551853,
        88.67564416700795,
        88.1678447108115,
        88.42612875661543,
        87.28190760458669,
        88.24165762624433,
        88.37330602830455,
        87.94515154438633,
        87.72064332039126,
        88.97236584078881,
        89.01927258891445,
        89.64356305522304,
        87.37564726798765,
        87.72851291779548,
        87.57508899319556,
        89.25095711984942,
        88.87762648059476,
        87.29867824431389,
        87.6636229484312,
        88.14018963229272,
        88.20471609792402,
        89.05609155470326,
        87.81367738785282,
        87.33937121975806,
        87.99032814271989,
        89.38159794961253,
        89.11691431845388,
        87.80797330794796
    ],