{
    "testproblem": "quadratic_deep",
    "batch_size": 64,
    "num_epochs": 20,
    "random_seed": 42,
    "weight_decay": null,
    "optimizer_name": "PreconditionedSGDlog",
    "optimizer_hyperparams": {
        "lr": null
    },
    "training_params": {},
    "train_losses": [
        224.16629028320312,
        225.3234832763672,
        103.82633260091146,
        99.33712666829427,
        98.2668965657552,
        98.40507456461589,
        98.55293273925781,
        98.97515614827473,
        99.26119689941406,
        99.09263509114584,
        99.5756098429362,
        99.35080057779948,
        98.85015869140625,
        99.80525512695313,
        98.87525482177735,
        99.61162821451823,
        98.7238555908203,
        98.3953847249349,
        97.59041137695313,
        97.16498311360677,
        97.4972640991211
    ],
    "valid_losses": [
        230.56002400716145,
        230.56002400716145,
        107.75622049967448,
        101.74422149658203,
        101.58147277832032,
        101.50654856363933,
        101.61354115804036,
        101.58922780354818,
        101.93785349527995,
        102.35361175537109,
        102.35361175537109,
        102.25057830810547,
        102.04336954752604,
        102.10763956705729,
        101.75242919921875,
        101.24511057535807,
        100.67245534261068,
        100.54813893636067,
        99.90284678141276,
        99.69412180582682,
        99.76375732421874
    ],
    "test_losses": [
        228.1525105794271,
        228.1525105794271,
        106.37586110432943,
        100.78192036946615,
        100.7114990234375,
        100.73791707356771,
        100.80689748128255,
        101.13304697672525,
        101.45979817708333,
        101.698464457194,
        101.698464457194,
        101.8255111694336,
        101.42085520426433,
        101.64327494303386,
        100.90372873942057,
        100.38328552246094,
        100.00924936930339,
        100.1821065266927,
        99.51375020345053,
        99.21702880859375,
        99.51766204833984
    ],
    "minibatch_train_losses": [
        241.82269287109375,
        225.32485961914062,
        236.77249145507812,
        110.2516098022461,
        100.78501892089844,
        95.03628540039062,
        102.90835571289062,
        93.77436828613281,
        93.42158508300781,
        94.20299530029297,
        91.1916275024414,
        98.06561279296875,
        99.26851654052734,
        96.22572326660156,
        100.13935852050781,
        90.99658966064453,
        96.08100128173828,
        97.52368927001953,
        101.06314086914062,
        97.94837951660156,
        93.26183319091797,
        100.50198364257812,
        101.42493438720703,
        103.4803466796875,
        97.38836669921875,
        99.25704193115234,
        96.69548797607422,
        99.73336791992188,
        105.31291961669922,
        105.69893646240234,
        109.26923370361328,
        95.25543975830078,
        104.49720001220703,
        102.49048614501953,
        96.32317352294922,
        95.15011596679688,
        96.0841293334961,
        93.27157592773438,
        95.41641235351562,
        96.1661605834961
    ],
    "grad_norms": [
        5761.6025390625,
        5548.4482421875,
        5721.7412109375,
        5694.69921875,
        5677.85791015625,
        5274.8662109375,
        5398.33837890625,
        5586.49267578125,
        5191.3603515625,
        5282.89013671875,
        213.7140350341797,
        213.64663696289062,
        225.96109008789062,
        216.62680053710938,
        105.24575805664062,
        20.096511840820312,
        18.59650230407715,
        18.104511260986328,
        18.341703414916992,
        17.290576934814453,
        14.431756973266602,
        15.468282699584961,
        12.469452857971191,
        11.68525505065918,
        15.873435020446777,
        15.193800926208496,
        11.966318130493164,
        15.906243324279785,
        15.171277046203613,
        16.19628143310547,
        14.309370994567871,
        13.22119140625,
        12.134306907653809,
        11.452485084533691,
        12.933940887451172,
        15.418392181396484,
        14.55128288269043,
        10.215852737426758,
        10.518394470214844,
        0.0,
        390.73309326171875,
        580.3463745117188,
        965.8475952148438,
        550.6223754882812,
        898.6582641601562,
        702.2240600585938,
        691.4666748046875,
        793.0447387695312,
        701.2867431640625,
        33.090599060058594,
        28.563180923461914,
        20.59260368347168,
        30.749374389648438,
        13.455526351928711,
        5.212442874908447,
        0.0,
        717.2654418945312,
        1019.7691040039062,
        567.8719482421875,
        427.2097473144531,
        533.3598022460938,
        692.284912109375,
        563.68505859375,
        447.25555419921875,
        753.5762939453125,
        26.60602378845215,
        26.087968826293945,
        22.133447647094727,
        17.057327270507812,
        13.876049995422363,
        8.467223167419434,
        0.0,
        712.5925903320312,
        707.751708984375,
        438.96533203125,
        561.5595092773438,
        608.8506469726562,
        610.9863891601562,
        530.1629028320312,
        653.4794311523438,
        537.4238891601562,
        37.289615631103516,
        32.22173309326172,
        27.211713790893555,
        24.92709732055664,
        14.31387710571289,
        8.920223236083984,
        0.0,
        913.2990112304688,
        508.167724609375,
        781.599853515625,
        674.8969116210938,
        857.3920288085938,
        792.1279296875,
        807.9957885742188,
        557.5315551757812,
        726.4002685546875,
        21.05191421508789,
        28.158143997192383,
        21.811532974243164,
        29.363319396972656,
        15.310052871704102,
        8.892325401306152,
        0.0,
        822.7593383789062,
        759.97119140625,
        791.3865356445312,
        1096.609619140625,
        805.2003173828125,
        625.8262939453125,
        443.2216491699219,
        622.335205078125,
        975.7669677734375,
        39.98121643066406,
        24.1798152923584,
        28.92291831970215,
        32.918758392333984,
        26.026723861694336,
        11.840285301208496,
        0.0,
        758.3067626953125,
        882.5630493164062,
        857.7453002929688,
        1035.6346435546875,
        842.2767333984375,
        674.6229858398438,
        729.8942260742188,
        791.7515258789062,
        815.5159301757812,
        16.547666549682617,
        41.7508430480957,
        36.76755142211914,
        43.10494613647461,
        18.95292854309082,
        8.922792434692383,
        0.0,
        709.9166259765625,
        1081.6751708984375,
        998.791015625,
        702.730224609375,
        936.7775268554688,
        792.583251953125,
        1059.12744140625,
        1009.167236328125,
        592.1908569335938,
        25.724674224853516,
        37.00468444824219,
        27.114870071411133,
        22.419757843017578,
        16.052621841430664,
        8.108410835266113,
        0.0,
        972.4801635742188,
        732.4330444335938,
        947.8936157226562,
        976.7085571289062,
        885.701904296875,
        932.5413208007812,
        883.1384887695312,
        976.2938232421875,
        913.9915161132812,
        45.214813232421875,
        37.87771224975586,
        34.764034271240234,
        28.843896865844727,
        16.825111389160156,
        9.589616775512695,
        0.0,
        977.02880859375,
        821.5225830078125,
        762.092529296875,
        1040.5462646484375,
        737.1990356445312,
        1052.9346923828125,
        929.5096435546875,
        1139.156494140625,
        578.3092041015625,
        37.194461822509766,
        34.170005798339844,
        45.394718170166016,
        47.635520935058594,
