{
    "testproblem": "quadratic_deep",
    "batch_size": 64,
    "num_epochs": 20,
    "random_seed": 42,
    "weight_decay": null,
    "optimizer_name": "PreconditionedSGDlog",
    "optimizer_hyperparams": {
        "lr": null
    },
    "training_params": {},
    "train_losses": [
        224.16629028320312,
        225.3234832763672,
        103.82633260091146,
        98.04047342936198,
        97.24511973063152,
        97.02944793701172,
        97.36573486328125,
        97.94365081787109,
        97.45288899739583,
        96.57982025146484,
        97.29958953857422,
        97.63014780680338,
        98.07616221110025,
        98.00439860026042,
        97.39710439046225,
        96.88467763264974,
        96.51584065755209,
        96.49032897949219,
        96.78500366210938,
        93.19688873291015,
        93.10735270182292
    ],
    "valid_losses": [
        230.56002400716145,
        230.56002400716145,
        107.75622049967448,
        101.22469940185547,
        101.24532216389974,
        100.81170298258463,
        100.81170298258463,
        101.18306681315104,
        100.80378112792968,
        99.77586212158204,
        100.14641571044922,
        100.91391092936198,
        102.02533162434896,
        101.78422495524089,
        101.31652374267578,
        99.5668940226237,
        99.63357391357422,
        99.63357391357422,
        99.90098063151042,
        96.58597564697266,
        96.55702056884766
    ],
    "test_losses": [
        228.1525105794271,
        228.1525105794271,
        106.37586110432943,
        100.00203501383463,
        100.11072692871093,
        99.7297373453776,
        99.7297373453776,
        100.32740325927735,
        99.87174784342447,
        99.16068776448567,
        99.09733123779297,
        99.44510142008464,
        100.35410512288412,
        100.0424087524414,
        99.67180480957032,
        98.52403717041015,
        98.42547200520833,
        98.42547200520833,
        98.69068247477213,
        95.6822992960612,
        95.8270477294922
    ],
    "minibatch_train_losses": [
        241.82269287109375,
        225.32485961914062,
        236.77249145507812,
        110.2516098022461,
        100.78501892089844,
        95.80313873291016,
        100.82193756103516,
        94.12159729003906,
        92.94767761230469,
        93.94310760498047,
        89.83529663085938,
        97.60238647460938,
        97.81950378417969,
        95.9625473022461,
        98.2724609375,
        89.82426452636719,
        95.1073226928711,
        94.81694030761719,
        97.73172760009766,
        97.76828002929688,
        89.95484924316406,
        99.1859359741211,
        98.98475646972656,
        103.38075256347656,
        94.8932876586914,
        97.41931915283203,
        95.20569610595703,
        99.04547119140625,
        103.96849822998047,
        100.81346893310547,
        105.93167114257812,
        91.78253936767578,
        100.76030731201172,
        98.53767395019531,
        90.14561462402344,
        92.56082916259766,
        92.87359619140625,
        90.72827911376953,
        91.87539672851562,
        92.39069366455078
    ],
    "grad_norms": [
        5761.6025390625,
        5548.4482421875,
        5721.7412109375,
        5694.69921875,
        5677.85791015625,
        5274.8662109375,
        5398.33837890625,
        5586.49267578125,
        5191.3603515625,
        5282.89013671875,
        213.7140350341797,
        213.64663696289062,
        225.96109008789062,
        216.62680053710938,
        105.24575805664062,
        20.096511840820312,
        18.59650230407715,
        18.104511260986328,
        18.341703414916992,
        17.290576934814453,
        14.431756973266602,
        15.468282699584961,
        12.469452857971191,
        11.68525505065918,
        15.873435020446777,
        15.193800926208496,
        11.966318130493164,
        15.906243324279785,
        15.171277046203613,
        16.19628143310547,
        14.309370994567871,
        13.22119140625,
        12.134306907653809,
        11.452485084533691,
        12.933940887451172,
        15.418392181396484,
        14.55128288269043,
        10.215852737426758,
        10.518394470214844,
        15.948393821716309,
        12.75187873840332,
        7.0501484870910645,
        9.427934646606445,
        0.0,
        598.2930908203125,
        459.7918395996094,
        573.138671875,
        462.2832336425781,
        526.3250122070312,
        651.3222045898438,
        575.4447021484375,
        526.1178588867188,
        725.5375366210938,
        29.153911590576172,
        21.53913688659668,
        28.12795639038086,
        37.27096176147461,
        19.257326126098633,
        7.564798831939697,
        0.0,
        737.6964721679688,
        479.5830993652344,
        476.7191467285156,
        689.55029296875,
        587.755615234375,
        563.0463256835938,
        715.0744018554688,
        529.5397338867188,
        778.1782836914062,
        29.968185424804688,
        28.522890090942383,
        30.565187454223633,
        22.544546127319336,
        15.479382514953613,
        6.388727188110352,
        0.0,
        761.184326171875,
        490.4023742675781,
        684.9962158203125,
        355.75823974609375,
        545.7172241210938,
        541.628662109375,
        695.063720703125,
        765.5128784179688,
        618.6096801757812,
        32.73051071166992,
        22.818511962890625,
        31.802860260009766,
        18.40886116027832,
        12.701383590698242,
        9.473687171936035,
        0.0,
        1027.3592529296875,
        908.565185546875,
        661.179931640625,
        881.0980834960938,
        605.2098388671875,
        625.1552734375,
        489.2201232910156,
        754.6870727539062,
        809.9599609375,
        27.633880615234375,
        44.08632278442383,
        24.191858291625977,
        26.234296798706055,
        12.553655624389648,
        7.765512943267822,
        0.0,
        739.4473266601562,
        555.9521484375,
        954.9530029296875,
        586.8305053710938,
        561.8389282226562,
        731.3184204101562,
        839.7936401367188,
        697.1761474609375,
        550.0993041992188,
        33.65591812133789,
        29.432695388793945,
        25.24122428894043,
        31.451068878173828,
        10.226634979248047,
        7.643192291259766,
        8.905021667480469,
        10.106449127197266,
        10.455355644226074,
        0.0,
        823.8021240234375,
        814.333251953125,
        866.04638671875,
        824.8263549804688,
        585.9166870117188,
        711.518798828125,
        1046.780517578125,
        356.5718078613281,
        709.9098510742188,
        24.406137466430664,
        37.27619934082031,
        23.861675262451172,
        25.099191665649414,
        17.26778221130371,
        8.846734046936035,
        0.0,
        878.5652465820312,
        477.3309631347656,
        868.2614135742188,
        740.0245971679688,
        488.1413269042969,
        469.6009826660156,
        705.2548828125,
        414.8398132324219,
        584.0047607421875,
        32.06195068359375,
        26.52777099609375,
        30.261945724487305,
        32.541072845458984,
        13.20937728881836,
        11.503077507019043,
        0.0,
        877.7721557617188,
        839.5638427734375,
        834.1500854492188,
        746.5206909179688,
        882.8812866210938,
        581.9368286132812,
        536.521728515625,
        1020.2506103515625,
        642.9783935546875,
        38.819984436035156,
        26.20250129699707,
        36.26654052734375,
        37.27951431274414,
        14.619583129882812,
        12.694466590881348,
        0.0,
        1201.2265625,
        923.6597290039062,
        1218.35205078125,
        722.4698486328125,
        976.1357421875,
        1061.435546875,
        686.0242309570312,
