{
    "testproblem": "quadratic_deep",
    "batch_size": 64,
    "num_epochs": 20,
    "random_seed": 42,
    "weight_decay": null,
    "optimizer_name": "PreconditionedSGDlog",
    "optimizer_hyperparams": {
        "lr": null
    },
    "training_params": {},
    "train_losses": [
        224.16629028320312,
        225.3234832763672,
        103.82633260091146,
        97.65826721191407,
        96.16047617594401,
        93.30140126546225,
        91.6388682047526,
        92.15983378092447,
        91.47940673828126,
        90.98115692138671,
        88.92649841308594,
        88.54919026692708,
        87.34760996500651,
        87.86405893961589,
        86.78729451497396,
        88.64051564534505,
        87.07925059000651,
        86.30360972086588,
        86.79129587809244,
        86.04820454915365,
        86.7727559407552
    ],
    "valid_losses": [
        230.56002400716145,
        230.56002400716145,
        107.75622049967448,
        100.26804606119792,
        99.95811309814454,
        96.82572530110677,
        94.94955088297526,
        95.11096852620443,
        94.43978627522786,
        94.426340230306,
        91.68883666992187,
        91.76684773763021,
        90.59412384033203,
        90.32199249267578,
        89.7559336344401,
        90.88228607177734,
        89.79219665527344,
        89.46015014648438,
        89.91183420817057,
        89.06421305338542,
        90.22778015136718
    ],
    "test_losses": [
        228.1525105794271,
        228.1525105794271,
        106.37586110432943,
        99.51410675048828,
        98.3969212849935,
        95.59180399576823,
        93.77132415771484,
        94.0668467203776,
        93.51286417643229,
        93.44432169596354,
        90.84904479980469,
        91.2379643758138,
        89.88993326822917,
        89.80489298502604,
        89.06227010091146,
        89.94480489095052,
        88.89688262939453,
        88.35975545247396,
        88.92312774658203,
        88.28367207845052,
        89.41964772542318
    ],
    "minibatch_train_losses": [
        241.82269287109375,
        225.32485961914062,
        236.77249145507812,
        110.2516098022461,
        100.78501892089844,
        95.80313873291016,
        101.49210357666016,
        93.09600830078125,
        91.44297790527344,
        91.22987365722656,
        85.90771484375,
        92.27459716796875,
        91.40240478515625,
        89.95454406738281,
        93.03189849853516,
        83.48173522949219,
        89.34664916992188,
        90.48818969726562,
        92.563232421875,
        90.05923461914062,
        83.13321685791016,
        89.18444061279297,
        90.63948059082031,
        92.06088256835938,
        83.03488159179688,
        87.25749969482422,
        85.025146484375,
        86.38397979736328,
        93.6708755493164,
        94.57936096191406,
        98.85829162597656,
        83.09347534179688,
        92.7280044555664,
        89.08058166503906,
        81.83609771728516,
        85.30072784423828,
        83.94490051269531,
        84.31607818603516,
        84.07136535644531,
        86.08658599853516
    ],
    "grad_norms": [
        5761.6025390625,
        5548.4482421875,
        5721.7412109375,
        5694.69921875,
        5677.85791015625,
        5274.8662109375,
        5398.33837890625,
        5586.49267578125,
        5191.3603515625,
        5282.89013671875,
        213.7140350341797,
        213.64663696289062,
        225.96109008789062,
        216.62680053710938,
        105.24575805664062,
        20.096511840820312,
        18.59650230407715,
        18.104511260986328,
        18.341703414916992,
        17.290576934814453,
        14.431756973266602,
        15.468282699584961,
        12.469452857971191,
        11.68525505065918,
        15.873435020446777,
        15.193800926208496,
        11.966318130493164,
        15.906243324279785,
        15.171277046203613,
        16.19628143310547,
        14.309370994567871,
        13.22119140625,
        12.134306907653809,
        11.452485084533691,
        12.933940887451172,
        15.418392181396484,
        14.55128288269043,
        10.215852737426758,
        10.518394470214844,
        15.948393821716309,
        12.75187873840332,
        7.0501484870910645,
        9.427934646606445,
        15.220026969909668,
        12.513345718383789,
        14.234114646911621,
        14.568622589111328,
        8.481133460998535,
        13.215458869934082,
        0.0,
        572.7830810546875,
        699.2157592773438,
        743.3064575195312,
        824.38916015625,
        676.15673828125,
        730.6979370117188,
        943.5,
        832.9227294921875,
        580.48388671875,
        32.91967010498047,
        26.212759017944336,
        23.89863395690918,
        21.05493927001953,
        14.902634620666504,
        11.513999938964844,
        13.274374961853027,
        10.731201171875,
        14.919671058654785,
        15.574699401855469,
        11.269566535949707,
        8.990493774414062,
        15.132658958435059,
        14.344244003295898,
        7.885923385620117,
        8.504959106445312,
        6.444775581359863,
        11.194558143615723,
        13.55428695678711,
        9.02255630493164,
        11.853270530700684,
        8.9454345703125,
        11.701852798461914,
        16.906784057617188,
        11.775381088256836,
        8.022562980651855,
        13.08316707611084,
        11.827241897583008,
        10.472421646118164,
        16.043516159057617,
        13.843545913696289,
        11.541646957397461,
        14.181431770324707,
        13.026703834533691,
        14.754460334777832,
        0.0,
        809.3948974609375,
        627.4506225585938,
        738.9948120117188,
        953.5076293945312,
        639.5599365234375,
        740.2664794921875,
        695.0565795898438,
        870.2803344726562,
        826.0303344726562,
        23.593631744384766,
        26.187421798706055,
        29.983917236328125,
        28.27095603942871,
        13.93641471862793,
        7.036013603210449,
        10.979351997375488,
        11.792823791503906,
        9.061635971069336,
        12.12320613861084,
        9.878808975219727,
        10.698567390441895,
        14.655776023864746,
        0.0,
        850.3759155273438,
        574.5302124023438,
        849.2164916992188,
        772.4924926757812,
        507.2620544433594,
        725.7891235351562,
        921.322021484375,
        711.1004638671875,
        537.3380126953125,
        36.93788528442383,
        30.177288055419922,
        35.56028747558594,
        42.33475112915039,
        11.896740913391113,
        7.946708679199219,
        12.06651782989502,
        16.133834838867188,
        13.094977378845215,
        12.227139472961426,
        12.62166976928711,
        15.921117782592773,
        10.113511085510254,
        12.57726001739502,
        11.702688217163086,
        14.14630126953125,
        10.142054557800293,
        11.902737617492676,
        12.510551452636719,
        14.237375259399414,
        8.04189395904541,
        6.978669166564941,
        6.958044528961182,
        9.834388732910156,
        9.362855911254883,
        12.35175609588623,
        11.808028221130371,
        13.73239517211914,
        9.14919662475586,
        11.05646800994873,
        10.080360412597656,
        14.645393371582031,
        15.178791046142578,
        10.089385032653809,
        16.54743766784668,
        8.545578956604004,
        10.063620567321777,
        11.360580444335938,
        11.202570915222168,
        11.789166450500488,
        15.125744819641113,
        10.300604820251465,
        10.154650688171387,
        9.656769752502441,
        10.874704360961914,
        8.389020919799805,
        13.659916877746582,
        12.086490631103516,
        14.45175552368164,
        13.924346923828125,
        13.301565170288086,
