{
    "testproblem": "quadratic_deep",
    "batch_size": 64,
    "num_epochs": 20,
    "random_seed": 42,
    "weight_decay": null,
    "optimizer_name": "PreconditionedSGDlog",
    "optimizer_hyperparams": {
        "lr": null
    },
    "training_params": {},
    "train_losses": [
        224.16629028320312,
        225.3234832763672,
        224.80038045247395,
        103.74927215576172,
        96.66883036295573,
        92.88468933105469,
        90.76496734619141,
        89.59731801350911,
        88.27628428141276,
        87.12571512858072,
        86.86202697753906,
        87.05482889811198,
        86.29625905354818,
        85.73023579915365,
        85.52405242919922,
        86.62144673665365,
        86.51310831705729,
        85.32975514729817,
        85.10356852213542,
        85.17640533447266,
        84.76317901611328
    ],
    "valid_losses": [
        230.56002400716145,
        230.56002400716145,
        230.56002400716145,
        106.56461029052734,
        99.72262878417969,
        96.11197306315104,
        94.06563873291016,
        92.81776072184245,
        91.29609578450521,
        90.49622497558593,
        89.65122731526692,
        90.24473673502604,
        89.57781219482422,
        89.02040659586588,
        88.68338521321614,
        88.9659901936849,
        89.06411895751953,
        88.49616088867188,
        88.14480183919271,
        88.08307596842448,
        88.11785990397135
    ],
    "test_losses": [
        228.1525105794271,
        228.1525105794271,
        228.1525105794271,
        105.62793324788412,
        99.16250305175781,
        95.23108673095703,
        92.97727610270182,
        91.70254007975261,
        90.45327301025391,
        89.47471720377604,
        88.86754302978515,
        89.65448862711588,
        88.89746856689453,
        88.01873881022135,
        87.83657582600911,
        88.0192143758138,
        88.20110371907552,
        87.38653157552083,
        87.26580556233723,
        87.26082204182943,
        87.32637329101563
    ],
    "minibatch_train_losses": [
        241.82269287109375,
        225.32485961914062,
        236.77249145507812,
        228.45236206054688,
        215.43507385253906,
        106.04450988769531,
        106.69227600097656,
        95.84154510498047,
        92.84649658203125,
        90.89225006103516,
        85.60917663574219,
        91.83849334716797,
        90.78872680664062,
        87.04194641113281,
        90.8741455078125,
        80.89897155761719,
        85.84274291992188,
        86.60076904296875,
        88.42733001708984,
        87.9473876953125,
        80.9627685546875,
        88.28843688964844,
        89.44015502929688,
        90.70683288574219,
        81.83535766601562,
        85.47080993652344,
        81.8198013305664,
        85.32939910888672,
        92.100341796875,
        93.39154052734375,
        97.04742431640625,
        81.18443298339844,
        92.33980560302734,
        88.17668914794922,
        80.48045349121094,
        83.02842712402344,
        81.83656311035156,
        82.88714599609375,
        83.44266510009766,
        83.68870544433594
    ],
    "grad_norms": [
        5761.6025390625,
        5548.4482421875,
        5721.7412109375,
        5694.69921875,
        5677.85791015625,
        5274.8662109375,
        5398.33837890625,
        5586.49267578125,
        5191.3603515625,
        5282.89013671875,
        213.7140350341797,
        213.64663696289062,
        225.96109008789062,
        216.62680053710938,
        105.24575805664062,
        0.0,
        5561.6787109375,
        5729.283203125,
        5284.89111328125,
        5554.50341796875,
        5507.681640625,
        5677.1298828125,
        5566.3369140625,
        5783.81298828125,
        5445.841796875,
        219.38229370117188,
        205.97430419921875,
        208.68040466308594,
        208.04147338867188,
        105.17646789550781,
        20.208301544189453,
        18.09813117980957,
        17.362703323364258,
        17.857969284057617,
        15.887771606445312,
        14.654457092285156,
        16.440492630004883,
        12.380378723144531,
        13.174273490905762,
        16.400909423828125,
        13.507284164428711,
        8.95109748840332,
        9.962081909179688,
        18.520174026489258,
        13.799659729003906,
        13.148392677307129,
        14.969799041748047,
        10.357159614562988,
        13.329991340637207,
        18.482603073120117,
        10.845845222473145,
        11.184514045715332,
        10.449522972106934,
        13.88596248626709,
        14.925273895263672,
        17.426973342895508,
        9.459076881408691,
        22.774263381958008,
        16.389577865600586,
        11.790596008300781,
        14.581131935119629,
        11.696711540222168,
        7.843815803527832,
        10.168915748596191,
        15.038907051086426,
        12.457620620727539,
        10.680621147155762,
        10.754863739013672,
        11.252387046813965,
        11.554793357849121,
        13.455811500549316,
        9.779481887817383,
        10.409344673156738,
        8.103225708007812,
        8.814050674438477,
        8.58166217803955,
        11.878800392150879,
        12.695175170898438,
        7.191110134124756,
        11.976590156555176,
        9.67410659790039,
        7.732133865356445,
        9.021492004394531,
        10.822805404663086,
        7.623220920562744,
        13.853760719299316,
        11.180570602416992,
        9.93714427947998,
        16.236854553222656,
        12.742512702941895,
        11.971658706665039,
        14.59040355682373,
        11.031418800354004,
        6.393383979797363,
        10.565839767456055,
        12.195252418518066,
        13.882294654846191,
        11.695230484008789,
        12.17927360534668,
        10.61268138885498,
        10.092166900634766,
        11.888340950012207,
        13.031595230102539,
        17.57621955871582,
        10.450591087341309,
        10.282859802246094,
        16.516366958618164,
        11.392499923706055,
        8.97347354888916,
        11.958176612854004,
        10.905350685119629,
        11.00314998626709,
        9.205989837646484,
        8.917601585388184,
        12.295492172241211,
        9.095843315124512,
        14.992789268493652,
        19.38490104675293,
        12.700346946716309,
        9.3597993850708,
        10.911812782287598,
        14.432306289672852,
        8.254471778869629,
        8.549375534057617,
        14.217127799987793,
        14.438136100769043,
        9.74203109741211,
        11.917787551879883,
        14.273883819580078,
        12.310103416442871,
        13.756988525390625,
        8.531050682067871,
        7.388833045959473,
        17.552278518676758,
        11.823983192443848,
        10.129034042358398,
        11.19571304321289,
        9.559718132019043,
        13.960593223571777,
        9.82218074798584,
        13.621599197387695,
        10.294716835021973,
        13.405848503112793,
        9.511398315429688,
        9.585076332092285,
        13.046924591064453,
        13.421274185180664,
        7.362500190734863,
        7.719458103179932,
        4.634171485900879,
        8.960957527160645,
        10.164743423461914,
        9.839322090148926,
        10.696383476257324,
        14.409664154052734,
        8.991209983825684,
        9.868556022644043,
        15.007898330688477,
        13.685617446899414,
        12.503652572631836,
        12.808723449707031,
        14.095059394836426,
        7.880065441131592,
        8.989294052124023,
        9.35269832611084,
        12.343611717224121,
        8.630833625793457,
        12.315055847167969,
        12.905227661132812,
        12.326650619506836,
        10.817829132080078,
        11.600255012512207,
        8.64846420288086,
        12.286545753479004,
        11.421875953674316,
        11.40621566772461,
