{
    "testproblem": "quadratic_deep",
    "batch_size": 64,
    "num_epochs": 20,
    "random_seed": 42,
    "weight_decay": null,
    "optimizer_name": "PreconditionedSGDlog",
    "optimizer_hyperparams": {
        "lr": null
    },
    "training_params": {},
    "train_losses": [
        224.16629028320312,
        225.3234832763672,
        224.80038045247395,
        225.9232432047526,
        225.55712381998697,
        225.1289855957031,
        225.68610127766928,
        226.27343241373697,
        225.3022196451823,
        225.68033752441406,
        225.66135864257814,
        225.82491251627604,
        225.30433858235676,
        225.48141682942708,
        224.5985850016276,
        226.32843526204428,
        225.4137227376302,
        224.5663808186849,
        225.25256754557293,
        225.05171813964844,
        224.80772501627604
    ],
    "valid_losses": [
        230.56002400716145,
        230.56002400716145,
        230.56002400716145,
        230.56002400716145,
        230.56002400716145,
        230.56002400716145,
        230.56002400716145,
        230.56002400716145,
        230.56002400716145,
        230.56002400716145,
        230.56002400716145,
        230.56002400716145,
        230.56002400716145,
        230.56002400716145,
        230.56002400716145,
        230.56002400716145,
        230.56002400716145,
        230.56002400716145,
        230.56002400716145,
        230.56002400716145,
        230.56002400716145
    ],
    "test_losses": [
        228.1525105794271,
        228.1525105794271,
        228.1525105794271,
        228.1525105794271,
        228.1525105794271,
        228.1525105794271,
        228.1525105794271,
        228.1525105794271,
        228.1525105794271,
        228.1525105794271,
        228.1525105794271,
        228.1525105794271,
        228.1525105794271,
        228.1525105794271,
        228.1525105794271,
        228.1525105794271,
        228.1525105794271,
        228.1525105794271,
        228.1525105794271,
        228.1525105794271,
        228.1525105794271
    ],
    "minibatch_train_losses": [
        241.82269287109375,
        225.32485961914062,
        236.77249145507812,
        228.45236206054688,
        215.43507385253906,
        213.86654663085938,
        222.45437622070312,
        217.98423767089844,
        213.1369171142578,
        225.3878936767578,
        216.96127319335938,
        230.7076873779297,
        213.957275390625,
        219.12554931640625,
        233.02996826171875,
        214.65977478027344,
        223.70875549316406,
        240.61093139648438,
        226.6745147705078,
        219.76712036132812,
        218.06275939941406,
        219.18875122070312,
        222.36505126953125,
        246.3628692626953,
        231.8653564453125,
        229.62925720214844,
        222.44900512695312,
        238.49761962890625,
        237.51730346679688,
        229.22344970703125,
        241.59669494628906,
        215.3341827392578,
        232.58831787109375,
        222.03250122070312,
        218.0198974609375,
        221.78121948242188,
        217.81089782714844,
        231.66378784179688,
        222.13832092285156,
        214.12149047851562
    ],
    "grad_norms": [
        5761.6025390625,
        5548.4482421875,
        5721.7412109375,
        5694.69921875,
        5677.85791015625,
        5274.8662109375,
        5398.33837890625,
        5586.49267578125,
        5191.3603515625,
        5282.89013671875,
        213.7140350341797,
        213.64663696289062,
        225.96109008789062,
        216.62680053710938,
        105.24575805664062,
        5928.57666015625,
        5561.6787109375,
        5729.283203125,
        5284.89111328125,
        5554.50341796875,
        5507.681640625,
        5677.1298828125,
        5566.3369140625,
        5783.81298828125,
        5445.841796875,
        219.3251953125,
        205.9209442138672,
        208.6261444091797,
        207.98751831054688,
        105.17646789550781,
        5249.67724609375,
        5369.849609375,
        5725.0478515625,
        5771.67822265625,
        5425.806640625,
        5409.38818359375,
        5410.5576171875,
        5770.9951171875,
        5201.3857421875,
        5529.3388671875,
        206.74978637695312,
        215.15768432617188,
        222.77264404296875,
        219.7052459716797,
        112.96282196044922,
        5252.20263671875,
        5556.3251953125,
        5634.4482421875,
        5524.751953125,
        5515.6435546875,
        5590.38671875,
        5311.26123046875,
        5326.32861328125,
        5679.07568359375,
        5553.78662109375,
        212.37179565429688,
        210.79185485839844,
        235.80690002441406,
        214.345458984375,
        102.83898162841797,
        5275.4375,
        5432.26025390625,
        5589.31640625,
        5419.93603515625,
        5672.4892578125,
        5634.63671875,
        5789.4619140625,
        5285.52978515625,
        5484.32275390625,
        5450.298828125,
        218.75823974609375,
        194.28396606445312,
        215.05833435058594,
        222.13934326171875,
        108.08907318115234,
        5453.03076171875,
        5646.3359375,
        5459.314453125,
        5724.68212890625,
        5536.26318359375,
        5498.85205078125,
        5936.16162109375,
        5396.77734375,
        5389.7822265625,
        5680.953125,
        218.61192321777344,
        214.19264221191406,
        209.73858642578125,
        209.75987243652344,
        103.20355987548828,
        5292.70703125,
        5471.8037109375,
        5937.35009765625,
        5815.25439453125,
        5471.12109375,
        5320.27978515625,
        5538.17626953125,
        5319.76953125,
        5209.638671875,
        5505.19677734375,
        211.91146850585938,
        216.29580688476562,
        218.88450622558594,
        215.05459594726562,
        108.88471984863281,
        5653.22314453125,
        5552.64599609375,
        6095.8994140625,
        5556.53271484375,
        5272.56884765625,
        5358.7587890625,
        5353.64599609375,
        5627.56640625,
        5361.88037109375,
        5278.78564453125,
        212.92489624023438,
        210.69854736328125,
        225.91696166992188,
        205.76568603515625,
        109.16820526123047,
        5498.880859375,
        5452.03759765625,
        5441.43701171875,
        5505.21044921875,
        5727.3857421875,
        5314.28173828125,
        5467.4423828125,
        5765.1630859375,
        5442.92431640625,
        5076.08154296875,
        231.1987762451172,
        218.6681365966797,
        217.73300170898438,
        226.2937774658203,
        101.30706024169922,
        5612.5498046875,
        5461.826171875,
        5895.302734375,
        5617.28369140625,
        5320.90380859375,
        5618.9990234375,
        5403.009765625,
        5779.533203125,
        5739.53271484375,
        5364.9443359375,
        208.07073974609375,
        209.2970428466797,
        200.8118896484375,
        206.3994140625,
        107.52326965332031,
        5454.3779296875,
        5380.0576171875,
        5737.3671875,
        5572.404296875,
        5421.71923828125,
        5804.6337890625,
        5601.02392578125,
        5313.1103515625,
        5573.494140625,
        5287.44970703125,
        207.6596221923828,
        216.27711486816406,
        218.49868774414062,
        216.00393676757812,
        105.61754608154297,
        5372.90966796875,
        5637.18017578125,
        5356.1328125,
        5690.443359375,
        5429.31396484375,
        5363.18603515625,
        5487.2109375,
        5501.32470703125,
        5226.17822265625,
        5357.80810546875,
        231.91224670410156,
        211.5626220703125,
        226.47998046875,
        211.37222290039062,
        107.79544830322266,
        5797.6865234375,
        5373.39599609375,
        5626.78271484375,
