{
    "testproblem": "quadratic_deep",
    "batch_size": 64,
    "num_epochs": 20,
    "random_seed": 42,
    "weight_decay": null,
    "optimizer_name": "PreconditionedSGDlog",
    "optimizer_hyperparams": {
        "lr": null
    },
    "training_params": {},
    "train_losses": [
        224.16629028320312,
        225.3234832763672,
        103.82633260091146,
        97.65826721191407,
        92.96292877197266,
        90.60226491292318,
        89.11361083984374,
        88.46691182454427,
        87.57999369303386,
        86.70144805908203,
        86.52249806722006,
        86.88962249755859,
        85.9223861694336,
        85.5333760579427,
        85.38448791503906,
        86.30313517252604,
        85.97301483154297,
        85.21949310302735,
        85.10493672688803,
        85.11480000813802,
        84.71247914632161
    ],
    "valid_losses": [
        230.56002400716145,
        230.56002400716145,
        107.75622049967448,
        100.26804606119792,
        95.9984608968099,
        93.8163584391276,
        92.44664408365885,
        91.7016367594401,
        90.57432454427084,
        90.00445912679037,
        89.36138509114583,
        90.06719767252604,
        89.22057698567708,
        88.80669759114583,
        88.54943135579427,
        88.65679321289062,
        88.5453109741211,
        88.43485972086589,
        88.17815450032552,
        87.98307851155599,
        88.07308705647786
    ],
    "test_losses": [
        228.1525105794271,
        228.1525105794271,
        106.37586110432943,
        99.51410675048828,
        95.41012471516927,
        92.97271169026693,
        91.38187408447266,
        90.5897699991862,
        89.77449035644531,
        89.07948659261068,
        88.52827962239583,
        89.52306111653645,
        88.47320810953777,
        87.83521474202475,
        87.67088063557942,
        87.67373148600261,
        87.629860941569,
        87.24206848144532,
        87.26416931152343,
        87.23206736246745,
        87.28659108479818
    ],
    "minibatch_train_losses": [
        241.82269287109375,
        225.32485961914062,
        236.77249145507812,
        110.2516098022461,
        100.78501892089844,
        95.80313873291016,
        101.49210357666016,
        92.15409851074219,
        88.54736328125,
        88.22062683105469,
        83.50481414794922,
        89.61842346191406,
        88.98585510253906,
        85.64871978759766,
        89.81512451171875,
        80.08393859863281,
        85.4156723022461,
        85.50224304199219,
        88.16119384765625,
        87.16902160644531,
        80.77787780761719,
        87.99911499023438,
        89.13468933105469,
        90.40486907958984,
        81.39141082763672,
        85.45036315917969,
        81.65338897705078,
        85.20086669921875,
        91.99644470214844,
        93.06098937988281,
        96.65326690673828,
        81.18303680419922,
        91.96379852294922,
        88.29352569580078,
        81.3890380859375,
        82.42729949951172,
        81.76577758789062,
        82.84197998046875,
        83.31140899658203,
        83.57887268066406
    ],
    "grad_norms": [
        5761.6025390625,
        5548.4482421875,
        5721.7412109375,
        5694.69921875,
        5677.85791015625,
        5274.8662109375,
        5398.33837890625,
        5586.49267578125,
        5191.3603515625,
        5282.89013671875,
        213.7140350341797,
        213.64663696289062,
        225.96109008789062,
        216.62680053710938,
        105.24575805664062,
        20.096511840820312,
        18.59650230407715,
        18.104511260986328,
        18.341703414916992,
        17.290576934814453,
        14.431756973266602,
        15.468282699584961,
        12.469452857971191,
        11.68525505065918,
        15.873435020446777,
        15.193800926208496,
        11.966318130493164,
        15.906243324279785,
        15.171277046203613,
        16.19628143310547,
        14.309370994567871,
        13.22119140625,
        12.134306907653809,
        11.452485084533691,
        12.933940887451172,
        15.418392181396484,
        14.55128288269043,
        10.215852737426758,
        10.518394470214844,
        15.948393821716309,
        12.75187873840332,
        7.0501484870910645,
        9.427934646606445,
        15.220026969909668,
        12.513345718383789,
        14.234114646911621,
        14.568622589111328,
        8.481133460998535,
        13.215458869934082,
        17.88529396057129,
        11.173824310302734,
        10.75516414642334,
        11.359724044799805,
        14.503454208374023,
        15.398815155029297,
        17.60637664794922,
        9.170938491821289,
        20.218769073486328,
        13.421356201171875,
        10.79478931427002,
        11.274666786193848,
        11.250699043273926,
        8.07703971862793,
        8.945387840270996,
        14.650065422058105,
        12.403630256652832,
        10.69899845123291,
        11.326238632202148,
        13.64903450012207,
        11.32005500793457,
        13.156729698181152,
        8.692877769470215,
        10.204959869384766,
        8.239757537841797,
        8.731121063232422,
        9.45014762878418,
        11.605489730834961,
        13.34164047241211,
        7.318751811981201,
        10.049432754516602,
        7.889630317687988,
        5.665722846984863,
        10.81920337677002,
        10.7094087600708,
        7.533463478088379,
        11.240602493286133,
        10.914690971374512,
        9.866098403930664,
        11.259780883789062,
        6.340109348297119,
        11.237451553344727,
        14.640450477600098,
        12.426898002624512,
        15.068851470947266,
        16.541521072387695,
        12.490257263183594,
        13.266077995300293,
        11.595355987548828,
        11.597082138061523,
        10.64902114868164,
        8.97567367553711,
        11.99056339263916,
        12.263789176940918,
        17.21552848815918,
        10.854331016540527,
        10.284904479980469,
        16.19500160217285,
        11.354660987854004,
        8.782373428344727,
        11.4685697555542,
        10.44605827331543,
        11.01877498626709,
        11.117647171020508,
        10.588325500488281,
        12.85889720916748,
        9.340222358703613,
        13.320777893066406,
        18.91095733642578,
        10.02499008178711,
        9.379008293151855,
        12.399163246154785,
        13.688822746276855,
        10.36494255065918,
        8.463484764099121,
        15.767908096313477,
        14.585542678833008,
        10.459614753723145,
        12.582374572753906,
        14.334575653076172,
        11.36468505859375,
        13.301669120788574,
        8.635254859924316,
        7.979531764984131,
        12.85738754272461,
        11.406038284301758,
        10.124370574951172,
        9.170166969299316,
        10.606466293334961,
        14.49410629272461,
        8.152338981628418,
        13.1884183883667,
        10.404655456542969,
        3.4103620052337646,
        8.14739990234375,
        9.807948112487793,
        12.464818954467773,
        14.211347579956055,
        8.3064603805542,
        7.413383483886719,
        5.992950916290283,
        9.634472846984863,
        10.072970390319824,
        9.763766288757324,
        11.29808235168457,
        14.599878311157227,
        8.870355606079102,
        9.16688346862793,
        11.206491470336914,
        14.426802635192871,
        11.193866729736328,
        13.18912124633789,
        15.622811317443848,
        7.726109981536865,
        9.800806999206543,
        11.321615219116211,
        12.237810134887695,
        10.320635795593262,
        10.776979446411133,
        13.399765014648438,
        12.512627601623535,
        9.854440689086914,
        11.673270225524902,
        8.666590690612793,
        13.448077201843262,
        12.966805458068848,
        11.160883903503418,
